ambiguity_risk,default_semantics,enum_domain,field_name,field_path,fingerprint_participation,historical_availability,historical_version,institutional_decision_participation,model,nullable,point_in_time_source,policy_dependency,producer,required,serialization_format,source_file,source_sha256,trade_plan_participation,type
HIGH,DECLARED_MODEL_DEFAULT,,metadata,recommendation.metadata,true,RECONSTRUCTABLE_FOR_DSI002_ONLY,CURRENT_MODEL_BOUND_TO_DSI002_SOURCE,true,RecommendationReport,false,versioned producer metadata,PRODUCER_CONTRACT,RecommendationEngine._build_one,false,CANONICAL_JSON_V1,alpha/recommendation_intelligence/models.py,262f6d805c9342bce2d1d9330ac5c1995bfdae77b51eb6f972c47ac4b22f93e3,false,"collections.abc.Mapping[str, str]"
LOW,DECLARED_MODEL_DEFAULT,,average_gain,recommendation.trade_setup.average_gain,true,RECONSTRUCTABLE_FOR_DSI002_ONLY,CURRENT_MODEL_BOUND_TO_DSI002_SOURCE,true,TradeSetupAssessment,true,recommendation producer input,PRODUCER_CONTRACT,RecommendationEngine._build_one,false,CANONICAL_JSON_V1,alpha/recommendation_intelligence/models.py,262f6d805c9342bce2d1d9330ac5c1995bfdae77b51eb6f972c47ac4b22f93e3,false,decimal.Decimal | None
LOW,DECLARED_MODEL_DEFAULT,,average_hold_period_days,recommendation.trade_setup.average_hold_period_days,true,RECONSTRUCTABLE_FOR_DSI002_ONLY,CURRENT_MODEL_BOUND_TO_DSI002_SOURCE,true,TradeSetupAssessment,true,recommendation producer input,PRODUCER_CONTRACT,RecommendationEngine._build_one,false,CANONICAL_JSON_V1,alpha/recommendation_intelligence/models.py,262f6d805c9342bce2d1d9330ac5c1995bfdae77b51eb6f972c47ac4b22f93e3,false,decimal.Decimal | None
LOW,DECLARED_MODEL_DEFAULT,,average_loss,recommendation.trade_setup.average_loss,true,RECONSTRUCTABLE_FOR_DSI002_ONLY,CURRENT_MODEL_BOUND_TO_DSI002_SOURCE,true,TradeSetupAssessment,true,recommendation producer input,PRODUCER_CONTRACT,RecommendationEngine._build_one,false,CANONICAL_JSON_V1,alpha/recommendation_intelligence/models.py,262f6d805c9342bce2d1d9330ac5c1995bfdae77b51eb6f972c47ac4b22f93e3,false,decimal.Decimal | None
LOW,DECLARED_MODEL_DEFAULT,,breakout_setup_points,recommendation.score_breakdown.breakout_setup_points,true,RECONSTRUCTABLE_FOR_DSI002_ONLY,CURRENT_MODEL_BOUND_TO_DSI002_SOURCE,true,RecommendationScoreBreakdown,false,point-in-time technical evidence,RECOMMENDATION_POLICY,RecommendationEngine._build_one,false,CANONICAL_JSON_V1,alpha/recommendation_intelligence/models.py,262f6d805c9342bce2d1d9330ac5c1995bfdae77b51eb6f972c47ac4b22f93e3,false,<class 'decimal.Decimal'>
LOW,DECLARED_MODEL_DEFAULT,,candle_pattern_points,recommendation.score_breakdown.candle_pattern_points,true,RECONSTRUCTABLE_FOR_DSI002_ONLY,CURRENT_MODEL_BOUND_TO_DSI002_SOURCE,true,RecommendationScoreBreakdown,false,point-in-time technical evidence,RECOMMENDATION_POLICY,RecommendationEngine._build_one,false,CANONICAL_JSON_V1,alpha/recommendation_intelligence/models.py,262f6d805c9342bce2d1d9330ac5c1995bfdae77b51eb6f972c47ac4b22f93e3,false,<class 'decimal.Decimal'>
LOW,DECLARED_MODEL_DEFAULT,,candle_weight,recommendation.score_breakdown.candle_weight,true,RECONSTRUCTABLE_FOR_DSI002_ONLY,CURRENT_MODEL_BOUND_TO_DSI002_SOURCE,true,RecommendationScoreBreakdown,false,point-in-time technical evidence,RECOMMENDATION_POLICY,RecommendationEngine._build_one,false,CANONICAL_JSON_V1,alpha/recommendation_intelligence/models.py,262f6d805c9342bce2d1d9330ac5c1995bfdae77b51eb6f972c47ac4b22f93e3,false,<class 'decimal.Decimal'>
LOW,DECLARED_MODEL_DEFAULT,,conflict_penalty_points,recommendation.score_breakdown.conflict_penalty_points,true,RECONSTRUCTABLE_FOR_DSI002_ONLY,CURRENT_MODEL_BOUND_TO_DSI002_SOURCE,true,RecommendationScoreBreakdown,false,point-in-time technical evidence,RECOMMENDATION_POLICY,RecommendationEngine._build_one,false,CANONICAL_JSON_V1,alpha/recommendation_intelligence/models.py,262f6d805c9342bce2d1d9330ac5c1995bfdae77b51eb6f972c47ac4b22f93e3,false,<class 'decimal.Decimal'>
LOW,DECLARED_MODEL_DEFAULT,,expected_holding_period,recommendation.trade_setup.expected_holding_period,true,RECONSTRUCTABLE_FOR_DSI002_ONLY,CURRENT_MODEL_BOUND_TO_DSI002_SOURCE,true,TradeSetupAssessment,false,recommendation producer input,PRODUCER_CONTRACT,RecommendationEngine._build_one,false,CANONICAL_JSON_V1,alpha/recommendation_intelligence/models.py,262f6d805c9342bce2d1d9330ac5c1995bfdae77b51eb6f972c47ac4b22f93e3,false,<class 'str'>
LOW,DECLARED_MODEL_DEFAULT,,expected_value,recommendation.trade_setup.expected_value,true,RECONSTRUCTABLE_FOR_DSI002_ONLY,CURRENT_MODEL_BOUND_TO_DSI002_SOURCE,true,TradeSetupAssessment,true,recommendation producer input,PRODUCER_CONTRACT,RecommendationEngine._build_one,false,CANONICAL_JSON_V1,alpha/recommendation_intelligence/models.py,262f6d805c9342bce2d1d9330ac5c1995bfdae77b51eb6f972c47ac4b22f93e3,false,decimal.Decimal | None
LOW,DECLARED_MODEL_DEFAULT,,historical_win_rate,recommendation.trade_setup.historical_win_rate,true,RECONSTRUCTABLE_FOR_DSI002_ONLY,CURRENT_MODEL_BOUND_TO_DSI002_SOURCE,true,TradeSetupAssessment,true,recommendation producer input,PRODUCER_CONTRACT,RecommendationEngine._build_one,false,CANONICAL_JSON_V1,alpha/recommendation_intelligence/models.py,262f6d805c9342bce2d1d9330ac5c1995bfdae77b51eb6f972c47ac4b22f93e3,false,decimal.Decimal | None
LOW,DECLARED_MODEL_DEFAULT,,holding_period_basis,recommendation.trade_setup.holding_period_basis,true,RECONSTRUCTABLE_FOR_DSI002_ONLY,CURRENT_MODEL_BOUND_TO_DSI002_SOURCE,true,TradeSetupAssessment,false,recommendation producer input,PRODUCER_CONTRACT,RecommendationEngine._build_one,false,CANONICAL_JSON_V1,alpha/recommendation_intelligence/models.py,262f6d805c9342bce2d1d9330ac5c1995bfdae77b51eb6f972c47ac4b22f93e3,false,<class 'str'>
LOW,DECLARED_MODEL_DEFAULT,,market_regime_points,recommendation.score_breakdown.market_regime_points,true,RECONSTRUCTABLE_FOR_DSI002_ONLY,CURRENT_MODEL_BOUND_TO_DSI002_SOURCE,true,RecommendationScoreBreakdown,false,point-in-time technical evidence,RECOMMENDATION_POLICY,RecommendationEngine._build_one,false,CANONICAL_JSON_V1,alpha/recommendation_intelligence/models.py,262f6d805c9342bce2d1d9330ac5c1995bfdae77b51eb6f972c47ac4b22f93e3,false,<class 'decimal.Decimal'>
LOW,DECLARED_MODEL_DEFAULT,,maximum_holding_period,recommendation.trade_setup.maximum_holding_period,true,RECONSTRUCTABLE_FOR_DSI002_ONLY,CURRENT_MODEL_BOUND_TO_DSI002_SOURCE,true,TradeSetupAssessment,true,recommendation producer input,PRODUCER_CONTRACT,RecommendationEngine._build_one,false,CANONICAL_JSON_V1,alpha/recommendation_intelligence/models.py,262f6d805c9342bce2d1d9330ac5c1995bfdae77b51eb6f972c47ac4b22f93e3,false,int | None
LOW,DECLARED_MODEL_DEFAULT,,minimum_holding_period,recommendation.trade_setup.minimum_holding_period,true,RECONSTRUCTABLE_FOR_DSI002_ONLY,CURRENT_MODEL_BOUND_TO_DSI002_SOURCE,true,TradeSetupAssessment,true,recommendation producer input,PRODUCER_CONTRACT,RecommendationEngine._build_one,false,CANONICAL_JSON_V1,alpha/recommendation_intelligence/models.py,262f6d805c9342bce2d1d9330ac5c1995bfdae77b51eb6f972c47ac4b22f93e3,false,int | None
LOW,DECLARED_MODEL_DEFAULT,,profit_factor,recommendation.trade_setup.profit_factor,true,RECONSTRUCTABLE_FOR_DSI002_ONLY,CURRENT_MODEL_BOUND_TO_DSI002_SOURCE,true,TradeSetupAssessment,true,recommendation producer input,PRODUCER_CONTRACT,RecommendationEngine._build_one,false,CANONICAL_JSON_V1,alpha/recommendation_intelligence/models.py,262f6d805c9342bce2d1d9330ac5c1995bfdae77b51eb6f972c47ac4b22f93e3,false,decimal.Decimal | None
LOW,DECLARED_MODEL_DEFAULT,,rationale,recommendation.trade_setup.rationale,true,RECONSTRUCTABLE_FOR_DSI002_ONLY,CURRENT_MODEL_BOUND_TO_DSI002_SOURCE,true,TradeSetupAssessment,false,recommendation producer input,PRODUCER_CONTRACT,RecommendationEngine._build_one,false,CANONICAL_JSON_V1,alpha/recommendation_intelligence/models.py,262f6d805c9342bce2d1d9330ac5c1995bfdae77b51eb6f972c47ac4b22f93e3,false,<class 'str'>
LOW,DECLARED_MODEL_DEFAULT,,readiness_reason,recommendation.trade_setup.readiness_reason,true,RECONSTRUCTABLE_FOR_DSI002_ONLY,CURRENT_MODEL_BOUND_TO_DSI002_SOURCE,true,TradeSetupAssessment,false,recommendation producer input,PRODUCER_CONTRACT,RecommendationEngine._build_one,false,CANONICAL_JSON_V1,alpha/recommendation_intelligence/models.py,262f6d805c9342bce2d1d9330ac5c1995bfdae77b51eb6f972c47ac4b22f93e3,false,<class 'str'>
LOW,DECLARED_MODEL_DEFAULT,,regime_adjustment_points,recommendation.score_breakdown.regime_adjustment_points,true,RECONSTRUCTABLE_FOR_DSI002_ONLY,CURRENT_MODEL_BOUND_TO_DSI002_SOURCE,true,RecommendationScoreBreakdown,false,point-in-time technical evidence,RECOMMENDATION_POLICY,RecommendationEngine._build_one,false,CANONICAL_JSON_V1,alpha/recommendation_intelligence/models.py,262f6d805c9342bce2d1d9330ac5c1995bfdae77b51eb6f972c47ac4b22f93e3,false,<class 'decimal.Decimal'>
LOW,DECLARED_MODEL_DEFAULT,,relative_strength_points,recommendation.score_breakdown.relative_strength_points,true,RECONSTRUCTABLE_FOR_DSI002_ONLY,CURRENT_MODEL_BOUND_TO_DSI002_SOURCE,true,RecommendationScoreBreakdown,false,point-in-time technical evidence,RECOMMENDATION_POLICY,RecommendationEngine._build_one,false,CANONICAL_JSON_V1,alpha/recommendation_intelligence/models.py,262f6d805c9342bce2d1d9330ac5c1995bfdae77b51eb6f972c47ac4b22f93e3,false,<class 'decimal.Decimal'>
LOW,DECLARED_MODEL_DEFAULT,,retracement_points,recommendation.score_breakdown.retracement_points,true,RECONSTRUCTABLE_FOR_DSI002_ONLY,CURRENT_MODEL_BOUND_TO_DSI002_SOURCE,true,RecommendationScoreBreakdown,false,point-in-time technical evidence,RECOMMENDATION_POLICY,RecommendationEngine._build_one,false,CANONICAL_JSON_V1,alpha/recommendation_intelligence/models.py,262f6d805c9342bce2d1d9330ac5c1995bfdae77b51eb6f972c47ac4b22f93e3,false,<class 'decimal.Decimal'>
LOW,DECLARED_MODEL_DEFAULT,,retracement_weight,recommendation.score_breakdown.retracement_weight,true,RECONSTRUCTABLE_FOR_DSI002_ONLY,CURRENT_MODEL_BOUND_TO_DSI002_SOURCE,true,RecommendationScoreBreakdown,false,point-in-time technical evidence,RECOMMENDATION_POLICY,RecommendationEngine._build_one,false,CANONICAL_JSON_V1,alpha/recommendation_intelligence/models.py,262f6d805c9342bce2d1d9330ac5c1995bfdae77b51eb6f972c47ac4b22f93e3,false,<class 'decimal.Decimal'>
LOW,DECLARED_MODEL_DEFAULT,,sector_strength_points,recommendation.score_breakdown.sector_strength_points,true,RECONSTRUCTABLE_FOR_DSI002_ONLY,CURRENT_MODEL_BOUND_TO_DSI002_SOURCE,true,RecommendationScoreBreakdown,false,point-in-time technical evidence,RECOMMENDATION_POLICY,RecommendationEngine._build_one,false,CANONICAL_JSON_V1,alpha/recommendation_intelligence/models.py,262f6d805c9342bce2d1d9330ac5c1995bfdae77b51eb6f972c47ac4b22f93e3,false,<class 'decimal.Decimal'>
LOW,DECLARED_MODEL_DEFAULT,,trade_strategies,recommendation.trade_strategies,true,RECONSTRUCTABLE_FOR_DSI002_ONLY,CURRENT_MODEL_BOUND_TO_DSI002_SOURCE,false,RecommendationReport,false,recommendation producer input,PRODUCER_CONTRACT,RecommendationEngine._build_one,false,CANONICAL_JSON_V1,alpha/recommendation_intelligence/models.py,262f6d805c9342bce2d1d9330ac5c1995bfdae77b51eb6f972c47ac4b22f93e3,false,"tuple[alpha.recommendation_intelligence.models.TradeStrategyPlaybook, ...]"
LOW,DECLARED_MODEL_DEFAULT,,trend_structure_points,recommendation.score_breakdown.trend_structure_points,true,RECONSTRUCTABLE_FOR_DSI002_ONLY,CURRENT_MODEL_BOUND_TO_DSI002_SOURCE,true,RecommendationScoreBreakdown,false,point-in-time technical evidence,RECOMMENDATION_POLICY,RecommendationEngine._build_one,false,CANONICAL_JSON_V1,alpha/recommendation_intelligence/models.py,262f6d805c9342bce2d1d9330ac5c1995bfdae77b51eb6f972c47ac4b22f93e3,false,<class 'decimal.Decimal'>
LOW,DECLARED_MODEL_DEFAULT,,volume_confirmation_points,recommendation.score_breakdown.volume_confirmation_points,true,RECONSTRUCTABLE_FOR_DSI002_ONLY,CURRENT_MODEL_BOUND_TO_DSI002_SOURCE,true,RecommendationScoreBreakdown,false,point-in-time technical evidence,RECOMMENDATION_POLICY,RecommendationEngine._build_one,false,CANONICAL_JSON_V1,alpha/recommendation_intelligence/models.py,262f6d805c9342bce2d1d9330ac5c1995bfdae77b51eb6f972c47ac4b22f93e3,false,<class 'decimal.Decimal'>
LOW,NO_DEFAULT,,adjusted_allocation_percent,recommendation.allocation.adjusted_allocation_percent,true,RECONSTRUCTABLE_FOR_DSI002_ONLY,CURRENT_MODEL_BOUND_TO_DSI002_SOURCE,false,AllocationAdjustment,false,recommendation producer input,PORTFOLIO_POLICY,RecommendationEngine._build_one,true,CANONICAL_JSON_V1,alpha/recommendation_intelligence/models.py,262f6d805c9342bce2d1d9330ac5c1995bfdae77b51eb6f972c47ac4b22f93e3,false,<class 'decimal.Decimal'>
LOW,NO_DEFAULT,,adjustment_points,recommendation.allocation.adjustment_points,true,RECONSTRUCTABLE_FOR_DSI002_ONLY,CURRENT_MODEL_BOUND_TO_DSI002_SOURCE,false,AllocationAdjustment,false,recommendation producer input,PORTFOLIO_POLICY,RecommendationEngine._build_one,true,CANONICAL_JSON_V1,alpha/recommendation_intelligence/models.py,262f6d805c9342bce2d1d9330ac5c1995bfdae77b51eb6f972c47ac4b22f93e3,false,<class 'decimal.Decimal'>
LOW,NO_DEFAULT,,aggressive_entry,recommendation.trade_setup.aggressive_entry,true,RECONSTRUCTABLE_FOR_DSI002_ONLY,CURRENT_MODEL_BOUND_TO_DSI002_SOURCE,true,TradeSetupAssessment,true,recommendation producer input,PRODUCER_CONTRACT,RecommendationEngine._build_one,true,CANONICAL_JSON_V1,alpha/recommendation_intelligence/models.py,262f6d805c9342bce2d1d9330ac5c1995bfdae77b51eb6f972c47ac4b22f93e3,false,decimal.Decimal | None
LOW,NO_DEFAULT,,allocation,recommendation.allocation,true,RECONSTRUCTABLE_FOR_DSI002_ONLY,CURRENT_MODEL_BOUND_TO_DSI002_SOURCE,false,RecommendationReport,false,recommendation producer input,PORTFOLIO_POLICY,RecommendationEngine._build_one,true,CANONICAL_JSON_V1,alpha/recommendation_intelligence/models.py,262f6d805c9342bce2d1d9330ac5c1995bfdae77b51eb6f972c47ac4b22f93e3,false,<class 'alpha.recommendation_intelligence.models.AllocationAdjustment'>
LOW,NO_DEFAULT,,atr_trail,recommendation.trade_setup.atr_trail,true,RECONSTRUCTABLE_FOR_DSI002_ONLY,CURRENT_MODEL_BOUND_TO_DSI002_SOURCE,true,TradeSetupAssessment,false,recommendation producer input,PRODUCER_CONTRACT,RecommendationEngine._build_one,true,CANONICAL_JSON_V1,alpha/recommendation_intelligence/models.py,262f6d805c9342bce2d1d9330ac5c1995bfdae77b51eb6f972c47ac4b22f93e3,false,<class 'str'>
LOW,NO_DEFAULT,,average_drawdown,recommendation.trade_strategies.edge_stats.average_drawdown,true,RECONSTRUCTABLE_FOR_DSI002_ONLY,CURRENT_MODEL_BOUND_TO_DSI002_SOURCE,false,StrategyEdgeStats,true,recommendation producer input,PRODUCER_CONTRACT,RecommendationEngine._build_one,true,CANONICAL_JSON_V1,alpha/recommendation_intelligence/models.py,262f6d805c9342bce2d1d9330ac5c1995bfdae77b51eb6f972c47ac4b22f93e3,false,decimal.Decimal | None
LOW,NO_DEFAULT,,average_return,recommendation.trade_strategies.edge_stats.average_return,true,RECONSTRUCTABLE_FOR_DSI002_ONLY,CURRENT_MODEL_BOUND_TO_DSI002_SOURCE,false,StrategyEdgeStats,true,recommendation producer input,PRODUCER_CONTRACT,RecommendationEngine._build_one,true,CANONICAL_JSON_V1,alpha/recommendation_intelligence/models.py,262f6d805c9342bce2d1d9330ac5c1995bfdae77b51eb6f972c47ac4b22f93e3,false,decimal.Decimal | None
LOW,NO_DEFAULT,,base_allocation_percent,recommendation.allocation.base_allocation_percent,true,RECONSTRUCTABLE_FOR_DSI002_ONLY,CURRENT_MODEL_BOUND_TO_DSI002_SOURCE,false,AllocationAdjustment,false,recommendation producer input,PORTFOLIO_POLICY,RecommendationEngine._build_one,true,CANONICAL_JSON_V1,alpha/recommendation_intelligence/models.py,262f6d805c9342bce2d1d9330ac5c1995bfdae77b51eb6f972c47ac4b22f93e3,false,<class 'decimal.Decimal'>
LOW,NO_DEFAULT,,better_candidates,recommendation.opportunity_cost.better_candidates,true,RECONSTRUCTABLE_FOR_DSI002_ONLY,CURRENT_MODEL_BOUND_TO_DSI002_SOURCE,false,OpportunityCostAssessment,false,recommendation producer input,PRODUCER_CONTRACT,RecommendationEngine._build_one,true,CANONICAL_JSON_V1,alpha/recommendation_intelligence/models.py,262f6d805c9342bce2d1d9330ac5c1995bfdae77b51eb6f972c47ac4b22f93e3,false,"tuple[alpha.recommendation_intelligence.models.CandidateComparison, ...]"
LOW,NO_DEFAULT,,candidate_count,recommendation.opportunity_cost.candidate_count,true,RECONSTRUCTABLE_FOR_DSI002_ONLY,CURRENT_MODEL_BOUND_TO_DSI002_SOURCE,false,OpportunityCostAssessment,false,recommendation producer input,PRODUCER_CONTRACT,RecommendationEngine._build_one,true,CANONICAL_JSON_V1,alpha/recommendation_intelligence/models.py,262f6d805c9342bce2d1d9330ac5c1995bfdae77b51eb6f972c47ac4b22f93e3,false,<class 'int'>
LOW,NO_DEFAULT,,confirmation_entry,recommendation.trade_setup.confirmation_entry,true,RECONSTRUCTABLE_FOR_DSI002_ONLY,CURRENT_MODEL_BOUND_TO_DSI002_SOURCE,true,TradeSetupAssessment,true,recommendation producer input,PRODUCER_CONTRACT,RecommendationEngine._build_one,true,CANONICAL_JSON_V1,alpha/recommendation_intelligence/models.py,262f6d805c9342bce2d1d9330ac5c1995bfdae77b51eb6f972c47ac4b22f93e3,false,decimal.Decimal | None
LOW,NO_DEFAULT,,description,recommendation.trade_strategies.entry_zone_basis.description,true,RECONSTRUCTABLE_FOR_DSI002_ONLY,CURRENT_MODEL_BOUND_TO_DSI002_SOURCE,false,EntryZoneBasis,false,recommendation producer input,PRODUCER_CONTRACT,RecommendationEngine._build_one,true,CANONICAL_JSON_V1,alpha/recommendation_intelligence/models.py,262f6d805c9342bce2d1d9330ac5c1995bfdae77b51eb6f972c47ac4b22f93e3,false,<class 'str'>
LOW,NO_DEFAULT,,edge_stats,recommendation.trade_strategies.edge_stats,true,RECONSTRUCTABLE_FOR_DSI002_ONLY,CURRENT_MODEL_BOUND_TO_DSI002_SOURCE,false,TradeStrategyPlaybook,true,recommendation producer input,PRODUCER_CONTRACT,RecommendationEngine._build_one,true,CANONICAL_JSON_V1,alpha/recommendation_intelligence/models.py,262f6d805c9342bce2d1d9330ac5c1995bfdae77b51eb6f972c47ac4b22f93e3,false,alpha.recommendation_intelligence.models.StrategyEdgeStats | None
LOW,NO_DEFAULT,,entry_high,recommendation.trade_strategies.entry_high,true,RECONSTRUCTABLE_FOR_DSI002_ONLY,CURRENT_MODEL_BOUND_TO_DSI002_SOURCE,false,TradeStrategyPlaybook,true,recommendation producer input,PRODUCER_CONTRACT,RecommendationEngine._build_one,true,CANONICAL_JSON_V1,alpha/recommendation_intelligence/models.py,262f6d805c9342bce2d1d9330ac5c1995bfdae77b51eb6f972c47ac4b22f93e3,false,decimal.Decimal | None
LOW,NO_DEFAULT,,entry_low,recommendation.trade_strategies.entry_low,true,RECONSTRUCTABLE_FOR_DSI002_ONLY,CURRENT_MODEL_BOUND_TO_DSI002_SOURCE,false,TradeStrategyPlaybook,true,recommendation producer input,PRODUCER_CONTRACT,RecommendationEngine._build_one,true,CANONICAL_JSON_V1,alpha/recommendation_intelligence/models.py,262f6d805c9342bce2d1d9330ac5c1995bfdae77b51eb6f972c47ac4b22f93e3,false,decimal.Decimal | None
LOW,NO_DEFAULT,,entry_ready,recommendation.trade_setup.entry_ready,true,RECONSTRUCTABLE_FOR_DSI002_ONLY,CURRENT_MODEL_BOUND_TO_DSI002_SOURCE,true,TradeSetupAssessment,false,recommendation producer input,PRODUCER_CONTRACT,RecommendationEngine._build_one,true,CANONICAL_JSON_V1,alpha/recommendation_intelligence/models.py,262f6d805c9342bce2d1d9330ac5c1995bfdae77b51eb6f972c47ac4b22f93e3,false,<class 'bool'>
LOW,NO_DEFAULT,,entry_zone_basis,recommendation.trade_strategies.entry_zone_basis,true,RECONSTRUCTABLE_FOR_DSI002_ONLY,CURRENT_MODEL_BOUND_TO_DSI002_SOURCE,false,TradeStrategyPlaybook,false,recommendation producer input,PRODUCER_CONTRACT,RecommendationEngine._build_one,true,CANONICAL_JSON_V1,alpha/recommendation_intelligence/models.py,262f6d805c9342bce2d1d9330ac5c1995bfdae77b51eb6f972c47ac4b22f93e3,false,"tuple[alpha.recommendation_intelligence.models.EntryZoneBasis, ...]"
LOW,NO_DEFAULT,,expectancy,recommendation.trade_strategies.edge_stats.expectancy,true,RECONSTRUCTABLE_FOR_DSI002_ONLY,CURRENT_MODEL_BOUND_TO_DSI002_SOURCE,false,StrategyEdgeStats,true,recommendation producer input,PRODUCER_CONTRACT,RecommendationEngine._build_one,true,CANONICAL_JSON_V1,alpha/recommendation_intelligence/models.py,262f6d805c9342bce2d1d9330ac5c1995bfdae77b51eb6f972c47ac4b22f93e3,false,decimal.Decimal | None
LOW,NO_DEFAULT,,expected_drawdown,recommendation.expected_value.expected_drawdown,true,RECONSTRUCTABLE_FOR_DSI002_ONLY,CURRENT_MODEL_BOUND_TO_DSI002_SOURCE,false,ExpectedValueAssessment,false,recommendation producer input,PRODUCER_CONTRACT,RecommendationEngine._build_one,true,CANONICAL_JSON_V1,alpha/recommendation_intelligence/models.py,262f6d805c9342bce2d1d9330ac5c1995bfdae77b51eb6f972c47ac4b22f93e3,false,<class 'decimal.Decimal'>
LOW,NO_DEFAULT,,expected_drawdown,recommendation.opportunity_cost.better_candidates.expected_drawdown,true,RECONSTRUCTABLE_FOR_DSI002_ONLY,CURRENT_MODEL_BOUND_TO_DSI002_SOURCE,false,CandidateComparison,false,recommendation producer input,PRODUCER_CONTRACT,RecommendationEngine._build_one,true,CANONICAL_JSON_V1,alpha/recommendation_intelligence/models.py,262f6d805c9342bce2d1d9330ac5c1995bfdae77b51eb6f972c47ac4b22f93e3,false,<class 'decimal.Decimal'>
LOW,NO_DEFAULT,,expected_holding_period,recommendation.trade_strategies.expected_holding_period,true,RECONSTRUCTABLE_FOR_DSI002_ONLY,CURRENT_MODEL_BOUND_TO_DSI002_SOURCE,false,TradeStrategyPlaybook,false,recommendation producer input,PRODUCER_CONTRACT,RecommendationEngine._build_one,true,CANONICAL_JSON_V1,alpha/recommendation_intelligence/models.py,262f6d805c9342bce2d1d9330ac5c1995bfdae77b51eb6f972c47ac4b22f93e3,false,<class 'str'>
LOW,NO_DEFAULT,,expected_holding_period_days,recommendation.expected_value.expected_holding_period_days,true,RECONSTRUCTABLE_FOR_DSI002_ONLY,CURRENT_MODEL_BOUND_TO_DSI002_SOURCE,false,ExpectedValueAssessment,false,recommendation producer input,PRODUCER_CONTRACT,RecommendationEngine._build_one,true,CANONICAL_JSON_V1,alpha/recommendation_intelligence/models.py,262f6d805c9342bce2d1d9330ac5c1995bfdae77b51eb6f972c47ac4b22f93e3,false,<class 'decimal.Decimal'>
LOW,NO_DEFAULT,,expected_return,recommendation.expected_value.expected_return,true,RECONSTRUCTABLE_FOR_DSI002_ONLY,CURRENT_MODEL_BOUND_TO_DSI002_SOURCE,false,ExpectedValueAssessment,false,recommendation producer input,PRODUCER_CONTRACT,RecommendationEngine._build_one,true,CANONICAL_JSON_V1,alpha/recommendation_intelligence/models.py,262f6d805c9342bce2d1d9330ac5c1995bfdae77b51eb6f972c47ac4b22f93e3,false,<class 'decimal.Decimal'>
LOW,NO_DEFAULT,,expected_return,recommendation.opportunity_cost.better_candidates.expected_return,true,RECONSTRUCTABLE_FOR_DSI002_ONLY,CURRENT_MODEL_BOUND_TO_DSI002_SOURCE,false,CandidateComparison,false,recommendation producer input,PRODUCER_CONTRACT,RecommendationEngine._build_one,true,CANONICAL_JSON_V1,alpha/recommendation_intelligence/models.py,262f6d805c9342bce2d1d9330ac5c1995bfdae77b51eb6f972c47ac4b22f93e3,false,<class 'decimal.Decimal'>
LOW,NO_DEFAULT,,expected_value,recommendation.expected_value,true,RECONSTRUCTABLE_FOR_DSI002_ONLY,CURRENT_MODEL_BOUND_TO_DSI002_SOURCE,false,RecommendationReport,false,recommendation producer input,PRODUCER_CONTRACT,RecommendationEngine._build_one,true,CANONICAL_JSON_V1,alpha/recommendation_intelligence/models.py,262f6d805c9342bce2d1d9330ac5c1995bfdae77b51eb6f972c47ac4b22f93e3,false,<class 'alpha.recommendation_intelligence.models.ExpectedValueAssessment'>
LOW,NO_DEFAULT,,expected_wait_days,recommendation.trade_strategies.expected_wait_days,true,RECONSTRUCTABLE_FOR_DSI002_ONLY,CURRENT_MODEL_BOUND_TO_DSI002_SOURCE,false,TradeStrategyPlaybook,true,recommendation producer input,PRODUCER_CONTRACT,RecommendationEngine._build_one,true,CANONICAL_JSON_V1,alpha/recommendation_intelligence/models.py,262f6d805c9342bce2d1d9330ac5c1995bfdae77b51eb6f972c47ac4b22f93e3,false,int | None
LOW,NO_DEFAULT,,explanation,recommendation.explanation,true,RECONSTRUCTABLE_FOR_DSI002_ONLY,CURRENT_MODEL_BOUND_TO_DSI002_SOURCE,false,RecommendationReport,false,recommendation producer input,PRODUCER_CONTRACT,RecommendationEngine._build_one,true,CANONICAL_JSON_V1,alpha/recommendation_intelligence/models.py,262f6d805c9342bce2d1d9330ac5c1995bfdae77b51eb6f972c47ac4b22f93e3,false,"tuple[str, ...]"
LOW,NO_DEFAULT,,explanation,recommendation.trade_strategies.explanation,true,RECONSTRUCTABLE_FOR_DSI002_ONLY,CURRENT_MODEL_BOUND_TO_DSI002_SOURCE,false,TradeStrategyPlaybook,false,recommendation producer input,PRODUCER_CONTRACT,RecommendationEngine._build_one,true,CANONICAL_JSON_V1,alpha/recommendation_intelligence/models.py,262f6d805c9342bce2d1d9330ac5c1995bfdae77b51eb6f972c47ac4b22f93e3,false,<class 'str'>
LOW,NO_DEFAULT,,fill_probability,recommendation.trade_strategies.edge_stats.fill_probability,true,RECONSTRUCTABLE_FOR_DSI002_ONLY,CURRENT_MODEL_BOUND_TO_DSI002_SOURCE,false,StrategyEdgeStats,true,recommendation producer input,PRODUCER_CONTRACT,RecommendationEngine._build_one,true,CANONICAL_JSON_V1,alpha/recommendation_intelligence/models.py,262f6d805c9342bce2d1d9330ac5c1995bfdae77b51eb6f972c47ac4b22f93e3,false,decimal.Decimal | None
LOW,NO_DEFAULT,,fill_window_days,recommendation.trade_strategies.edge_stats.fill_window_days,true,RECONSTRUCTABLE_FOR_DSI002_ONLY,CURRENT_MODEL_BOUND_TO_DSI002_SOURCE,false,StrategyEdgeStats,true,recommendation producer input,PRODUCER_CONTRACT,RecommendationEngine._build_one,true,CANONICAL_JSON_V1,alpha/recommendation_intelligence/models.py,262f6d805c9342bce2d1d9330ac5c1995bfdae77b51eb6f972c47ac4b22f93e3,false,int | None
LOW,NO_DEFAULT,,final_exit,recommendation.trade_setup.final_exit,true,RECONSTRUCTABLE_FOR_DSI002_ONLY,CURRENT_MODEL_BOUND_TO_DSI002_SOURCE,true,TradeSetupAssessment,true,recommendation producer input,PRODUCER_CONTRACT,RecommendationEngine._build_one,true,CANONICAL_JSON_V1,alpha/recommendation_intelligence/models.py,262f6d805c9342bce2d1d9330ac5c1995bfdae77b51eb6f972c47ac4b22f93e3,false,decimal.Decimal | None
LOW,NO_DEFAULT,,initial_stop,recommendation.trade_setup.initial_stop,true,RECONSTRUCTABLE_FOR_DSI002_ONLY,CURRENT_MODEL_BOUND_TO_DSI002_SOURCE,true,TradeSetupAssessment,true,recommendation producer input,PRODUCER_CONTRACT,RecommendationEngine._build_one,true,CANONICAL_JSON_V1,alpha/recommendation_intelligence/models.py,262f6d805c9342bce2d1d9330ac5c1995bfdae77b51eb6f972c47ac4b22f93e3,false,decimal.Decimal | None
LOW,NO_DEFAULT,,label,recommendation.trade_strategies.strategy_rank.label,true,RECONSTRUCTABLE_FOR_DSI002_ONLY,CURRENT_MODEL_BOUND_TO_DSI002_SOURCE,false,StrategyRank,false,recommendation producer input,PRODUCER_CONTRACT,RecommendationEngine._build_one,true,CANONICAL_JSON_V1,alpha/recommendation_intelligence/models.py,262f6d805c9342bce2d1d9330ac5c1995bfdae77b51eb6f972c47ac4b22f93e3,false,<class 'str'>
LOW,NO_DEFAULT,,level,recommendation.trade_strategies.entry_zone_basis.level,true,RECONSTRUCTABLE_FOR_DSI002_ONLY,CURRENT_MODEL_BOUND_TO_DSI002_SOURCE,false,EntryZoneBasis,true,recommendation producer input,PRODUCER_CONTRACT,RecommendationEngine._build_one,true,CANONICAL_JSON_V1,alpha/recommendation_intelligence/models.py,262f6d805c9342bce2d1d9330ac5c1995bfdae77b51eb6f972c47ac4b22f93e3,false,decimal.Decimal | None
LOW,NO_DEFAULT,,liquidity_points,recommendation.score_breakdown.liquidity_points,true,RECONSTRUCTABLE_FOR_DSI002_ONLY,CURRENT_MODEL_BOUND_TO_DSI002_SOURCE,true,RecommendationScoreBreakdown,false,point-in-time technical evidence,RECOMMENDATION_POLICY,RecommendationEngine._build_one,true,CANONICAL_JSON_V1,alpha/recommendation_intelligence/models.py,262f6d805c9342bce2d1d9330ac5c1995bfdae77b51eb6f972c47ac4b22f93e3,false,<class 'decimal.Decimal'>
LOW,NO_DEFAULT,,market_intelligence_points,recommendation.score_breakdown.market_intelligence_points,true,RECONSTRUCTABLE_FOR_DSI002_ONLY,CURRENT_MODEL_BOUND_TO_DSI002_SOURCE,true,RecommendationScoreBreakdown,false,point-in-time technical evidence,RECOMMENDATION_POLICY,RecommendationEngine._build_one,true,CANONICAL_JSON_V1,alpha/recommendation_intelligence/models.py,262f6d805c9342bce2d1d9330ac5c1995bfdae77b51eb6f972c47ac4b22f93e3,false,<class 'decimal.Decimal'>
LOW,NO_DEFAULT,,maximum_chase_price,recommendation.trade_setup.maximum_chase_price,true,RECONSTRUCTABLE_FOR_DSI002_ONLY,CURRENT_MODEL_BOUND_TO_DSI002_SOURCE,true,TradeSetupAssessment,true,recommendation producer input,PRODUCER_CONTRACT,RecommendationEngine._build_one,true,CANONICAL_JSON_V1,alpha/recommendation_intelligence/models.py,262f6d805c9342bce2d1d9330ac5c1995bfdae77b51eb6f972c47ac4b22f93e3,false,decimal.Decimal | None
LOW,NO_DEFAULT,,median_holding_period_days,recommendation.trade_strategies.edge_stats.median_holding_period_days,true,RECONSTRUCTABLE_FOR_DSI002_ONLY,CURRENT_MODEL_BOUND_TO_DSI002_SOURCE,false,StrategyEdgeStats,true,recommendation producer input,PRODUCER_CONTRACT,RecommendationEngine._build_one,true,CANONICAL_JSON_V1,alpha/recommendation_intelligence/models.py,262f6d805c9342bce2d1d9330ac5c1995bfdae77b51eb6f972c47ac4b22f93e3,false,int | None
LOW,NO_DEFAULT,,median_return,recommendation.trade_strategies.edge_stats.median_return,true,RECONSTRUCTABLE_FOR_DSI002_ONLY,CURRENT_MODEL_BOUND_TO_DSI002_SOURCE,false,StrategyEdgeStats,true,recommendation producer input,PRODUCER_CONTRACT,RecommendationEngine._build_one,true,CANONICAL_JSON_V1,alpha/recommendation_intelligence/models.py,262f6d805c9342bce2d1d9330ac5c1995bfdae77b51eb6f972c47ac4b22f93e3,false,decimal.Decimal | None
LOW,NO_DEFAULT,,move_stop_to_breakeven,recommendation.trade_setup.move_stop_to_breakeven,true,RECONSTRUCTABLE_FOR_DSI002_ONLY,CURRENT_MODEL_BOUND_TO_DSI002_SOURCE,true,TradeSetupAssessment,true,recommendation producer input,PRODUCER_CONTRACT,RecommendationEngine._build_one,true,CANONICAL_JSON_V1,alpha/recommendation_intelligence/models.py,262f6d805c9342bce2d1d9330ac5c1995bfdae77b51eb6f972c47ac4b22f93e3,false,decimal.Decimal | None
LOW,NO_DEFAULT,,name,recommendation.trade_strategies.name,true,RECONSTRUCTABLE_FOR_DSI002_ONLY,CURRENT_MODEL_BOUND_TO_DSI002_SOURCE,false,TradeStrategyPlaybook,false,recommendation producer input,PRODUCER_CONTRACT,RecommendationEngine._build_one,true,CANONICAL_JSON_V1,alpha/recommendation_intelligence/models.py,262f6d805c9342bce2d1d9330ac5c1995bfdae77b51eb6f972c47ac4b22f93e3,false,<class 'str'>
LOW,NO_DEFAULT,,observed_on,recommendation.observed_on,true,RECONSTRUCTABLE_FOR_DSI002_ONLY,CURRENT_MODEL_BOUND_TO_DSI002_SOURCE,false,RecommendationReport,false,recommendation producer input,PRODUCER_CONTRACT,RecommendationEngine._build_one,true,CANONICAL_JSON_V1,alpha/recommendation_intelligence/models.py,262f6d805c9342bce2d1d9330ac5c1995bfdae77b51eb6f972c47ac4b22f93e3,false,<class 'datetime.date'>
LOW,NO_DEFAULT,,opportunity_cost,recommendation.opportunity_cost,true,RECONSTRUCTABLE_FOR_DSI002_ONLY,CURRENT_MODEL_BOUND_TO_DSI002_SOURCE,false,RecommendationReport,false,recommendation producer input,PRODUCER_CONTRACT,RecommendationEngine._build_one,true,CANONICAL_JSON_V1,alpha/recommendation_intelligence/models.py,262f6d805c9342bce2d1d9330ac5c1995bfdae77b51eb6f972c47ac4b22f93e3,false,<class 'alpha.recommendation_intelligence.models.OpportunityCostAssessment'>
LOW,NO_DEFAULT,,opportunity_cost_points,recommendation.opportunity_cost.opportunity_cost_points,true,RECONSTRUCTABLE_FOR_DSI002_ONLY,CURRENT_MODEL_BOUND_TO_DSI002_SOURCE,false,OpportunityCostAssessment,false,recommendation producer input,PRODUCER_CONTRACT,RecommendationEngine._build_one,true,CANONICAL_JSON_V1,alpha/recommendation_intelligence/models.py,262f6d805c9342bce2d1d9330ac5c1995bfdae77b51eb6f972c47ac4b22f93e3,false,<class 'decimal.Decimal'>
LOW,NO_DEFAULT,,opportunity_cost_points,recommendation.score_breakdown.opportunity_cost_points,true,RECONSTRUCTABLE_FOR_DSI002_ONLY,CURRENT_MODEL_BOUND_TO_DSI002_SOURCE,true,RecommendationScoreBreakdown,false,point-in-time technical evidence,RECOMMENDATION_POLICY,RecommendationEngine._build_one,true,CANONICAL_JSON_V1,alpha/recommendation_intelligence/models.py,262f6d805c9342bce2d1d9330ac5c1995bfdae77b51eb6f972c47ac4b22f93e3,false,<class 'decimal.Decimal'>
LOW,NO_DEFAULT,,partial_exit,recommendation.trade_setup.partial_exit,true,RECONSTRUCTABLE_FOR_DSI002_ONLY,CURRENT_MODEL_BOUND_TO_DSI002_SOURCE,true,TradeSetupAssessment,true,recommendation producer input,PRODUCER_CONTRACT,RecommendationEngine._build_one,true,CANONICAL_JSON_V1,alpha/recommendation_intelligence/models.py,262f6d805c9342bce2d1d9330ac5c1995bfdae77b51eb6f972c47ac4b22f93e3,false,decimal.Decimal | None
LOW,NO_DEFAULT,,percentile,recommendation.opportunity_cost.percentile,true,RECONSTRUCTABLE_FOR_DSI002_ONLY,CURRENT_MODEL_BOUND_TO_DSI002_SOURCE,false,OpportunityCostAssessment,false,recommendation producer input,PRODUCER_CONTRACT,RecommendationEngine._build_one,true,CANONICAL_JSON_V1,alpha/recommendation_intelligence/models.py,262f6d805c9342bce2d1d9330ac5c1995bfdae77b51eb6f972c47ac4b22f93e3,false,<class 'decimal.Decimal'>
LOW,NO_DEFAULT,,portfolio_adjustment_points,recommendation.score_breakdown.portfolio_adjustment_points,true,RECONSTRUCTABLE_FOR_DSI002_ONLY,CURRENT_MODEL_BOUND_TO_DSI002_SOURCE,true,RecommendationScoreBreakdown,false,point-in-time technical evidence,RECOMMENDATION_POLICY,RecommendationEngine._build_one,true,CANONICAL_JSON_V1,alpha/recommendation_intelligence/models.py,262f6d805c9342bce2d1d9330ac5c1995bfdae77b51eb6f972c47ac4b22f93e3,false,<class 'decimal.Decimal'>
LOW,NO_DEFAULT,,position_size_multiplier,recommendation.trade_strategies.position_size_multiplier,true,RECONSTRUCTABLE_FOR_DSI002_ONLY,CURRENT_MODEL_BOUND_TO_DSI002_SOURCE,false,TradeStrategyPlaybook,false,recommendation producer input,PRODUCER_CONTRACT,RecommendationEngine._build_one,true,CANONICAL_JSON_V1,alpha/recommendation_intelligence/models.py,262f6d805c9342bce2d1d9330ac5c1995bfdae77b51eb6f972c47ac4b22f93e3,false,<class 'decimal.Decimal'>
LOW,NO_DEFAULT,,preferred_entry,recommendation.trade_setup.preferred_entry,true,RECONSTRUCTABLE_FOR_DSI002_ONLY,CURRENT_MODEL_BOUND_TO_DSI002_SOURCE,true,TradeSetupAssessment,true,recommendation producer input,PRODUCER_CONTRACT,RecommendationEngine._build_one,true,CANONICAL_JSON_V1,alpha/recommendation_intelligence/models.py,262f6d805c9342bce2d1d9330ac5c1995bfdae77b51eb6f972c47ac4b22f93e3,false,decimal.Decimal | None
LOW,NO_DEFAULT,,probability_points,recommendation.score_breakdown.probability_points,true,RECONSTRUCTABLE_FOR_DSI002_ONLY,CURRENT_MODEL_BOUND_TO_DSI002_SOURCE,true,RecommendationScoreBreakdown,false,point-in-time technical evidence,RECOMMENDATION_POLICY,RecommendationEngine._build_one,true,CANONICAL_JSON_V1,alpha/recommendation_intelligence/models.py,262f6d805c9342bce2d1d9330ac5c1995bfdae77b51eb6f972c47ac4b22f93e3,false,<class 'decimal.Decimal'>
LOW,NO_DEFAULT,,rank,recommendation.opportunity_cost.better_candidates.rank,true,RECONSTRUCTABLE_FOR_DSI002_ONLY,CURRENT_MODEL_BOUND_TO_DSI002_SOURCE,false,CandidateComparison,false,recommendation producer input,PRODUCER_CONTRACT,RecommendationEngine._build_one,true,CANONICAL_JSON_V1,alpha/recommendation_intelligence/models.py,262f6d805c9342bce2d1d9330ac5c1995bfdae77b51eb6f972c47ac4b22f93e3,false,<class 'int'>
LOW,NO_DEFAULT,,rank,recommendation.opportunity_cost.rank,true,RECONSTRUCTABLE_FOR_DSI002_ONLY,CURRENT_MODEL_BOUND_TO_DSI002_SOURCE,false,OpportunityCostAssessment,false,recommendation producer input,PRODUCER_CONTRACT,RecommendationEngine._build_one,true,CANONICAL_JSON_V1,alpha/recommendation_intelligence/models.py,262f6d805c9342bce2d1d9330ac5c1995bfdae77b51eb6f972c47ac4b22f93e3,false,<class 'int'>
LOW,NO_DEFAULT,,rank,recommendation.trade_strategies.strategy_rank.rank,true,RECONSTRUCTABLE_FOR_DSI002_ONLY,CURRENT_MODEL_BOUND_TO_DSI002_SOURCE,false,StrategyRank,true,recommendation producer input,PRODUCER_CONTRACT,RecommendationEngine._build_one,true,CANONICAL_JSON_V1,alpha/recommendation_intelligence/models.py,262f6d805c9342bce2d1d9330ac5c1995bfdae77b51eb6f972c47ac4b22f93e3,false,int | None
LOW,NO_DEFAULT,,rationale,recommendation.trade_strategies.strategy_rank.rationale,true,RECONSTRUCTABLE_FOR_DSI002_ONLY,CURRENT_MODEL_BOUND_TO_DSI002_SOURCE,false,StrategyRank,false,recommendation producer input,PRODUCER_CONTRACT,RecommendationEngine._build_one,true,CANONICAL_JSON_V1,alpha/recommendation_intelligence/models.py,262f6d805c9342bce2d1d9330ac5c1995bfdae77b51eb6f972c47ac4b22f93e3,false,<class 'str'>
LOW,NO_DEFAULT,,reasons,recommendation.allocation.reasons,true,RECONSTRUCTABLE_FOR_DSI002_ONLY,CURRENT_MODEL_BOUND_TO_DSI002_SOURCE,false,AllocationAdjustment,false,recommendation producer input,PORTFOLIO_POLICY,RecommendationEngine._build_one,true,CANONICAL_JSON_V1,alpha/recommendation_intelligence/models.py,262f6d805c9342bce2d1d9330ac5c1995bfdae77b51eb6f972c47ac4b22f93e3,false,"tuple[str, ...]"
LOW,NO_DEFAULT,,reasons,recommendation.expected_value.reasons,true,RECONSTRUCTABLE_FOR_DSI002_ONLY,CURRENT_MODEL_BOUND_TO_DSI002_SOURCE,false,ExpectedValueAssessment,false,recommendation producer input,PRODUCER_CONTRACT,RecommendationEngine._build_one,true,CANONICAL_JSON_V1,alpha/recommendation_intelligence/models.py,262f6d805c9342bce2d1d9330ac5c1995bfdae77b51eb6f972c47ac4b22f93e3,false,"tuple[str, ...]"
LOW,NO_DEFAULT,,reasons,recommendation.opportunity_cost.reasons,true,RECONSTRUCTABLE_FOR_DSI002_ONLY,CURRENT_MODEL_BOUND_TO_DSI002_SOURCE,false,OpportunityCostAssessment,false,recommendation producer input,PRODUCER_CONTRACT,RecommendationEngine._build_one,true,CANONICAL_JSON_V1,alpha/recommendation_intelligence/models.py,262f6d805c9342bce2d1d9330ac5c1995bfdae77b51eb6f972c47ac4b22f93e3,false,"tuple[str, ...]"
LOW,NO_DEFAULT,,reward_to_risk,recommendation.expected_value.reward_to_risk,true,RECONSTRUCTABLE_FOR_DSI002_ONLY,CURRENT_MODEL_BOUND_TO_DSI002_SOURCE,false,ExpectedValueAssessment,false,recommendation producer input,PRODUCER_CONTRACT,RecommendationEngine._build_one,true,CANONICAL_JSON_V1,alpha/recommendation_intelligence/models.py,262f6d805c9342bce2d1d9330ac5c1995bfdae77b51eb6f972c47ac4b22f93e3,false,<class 'decimal.Decimal'>
LOW,NO_DEFAULT,,risk_points,recommendation.score_breakdown.risk_points,true,RECONSTRUCTABLE_FOR_DSI002_ONLY,CURRENT_MODEL_BOUND_TO_DSI002_SOURCE,true,RecommendationScoreBreakdown,false,point-in-time technical evidence,RECOMMENDATION_POLICY,RecommendationEngine._build_one,true,CANONICAL_JSON_V1,alpha/recommendation_intelligence/models.py,262f6d805c9342bce2d1d9330ac5c1995bfdae77b51eb6f972c47ac4b22f93e3,false,<class 'decimal.Decimal'>
LOW,NO_DEFAULT,,risk_reward,recommendation.trade_strategies.risk_reward,true,RECONSTRUCTABLE_FOR_DSI002_ONLY,CURRENT_MODEL_BOUND_TO_DSI002_SOURCE,false,TradeStrategyPlaybook,true,recommendation producer input,PRODUCER_CONTRACT,RecommendationEngine._build_one,true,CANONICAL_JSON_V1,alpha/recommendation_intelligence/models.py,262f6d805c9342bce2d1d9330ac5c1995bfdae77b51eb6f972c47ac4b22f93e3,false,decimal.Decimal | None
LOW,NO_DEFAULT,,sample_size,recommendation.trade_strategies.edge_stats.sample_size,true,RECONSTRUCTABLE_FOR_DSI002_ONLY,CURRENT_MODEL_BOUND_TO_DSI002_SOURCE,false,StrategyEdgeStats,false,recommendation producer input,PRODUCER_CONTRACT,RecommendationEngine._build_one,true,CANONICAL_JSON_V1,alpha/recommendation_intelligence/models.py,262f6d805c9342bce2d1d9330ac5c1995bfdae77b51eb6f972c47ac4b22f93e3,false,<class 'int'>
LOW,NO_DEFAULT,,score,recommendation.expected_value.score,true,RECONSTRUCTABLE_FOR_DSI002_ONLY,CURRENT_MODEL_BOUND_TO_DSI002_SOURCE,true,ExpectedValueAssessment,false,point-in-time technical evidence,RECOMMENDATION_POLICY,RecommendationEngine._build_one,true,CANONICAL_JSON_V1,alpha/recommendation_intelligence/models.py,262f6d805c9342bce2d1d9330ac5c1995bfdae77b51eb6f972c47ac4b22f93e3,false,<class 'decimal.Decimal'>
LOW,NO_DEFAULT,,score,recommendation.opportunity_cost.better_candidates.score,true,RECONSTRUCTABLE_FOR_DSI002_ONLY,CURRENT_MODEL_BOUND_TO_DSI002_SOURCE,true,CandidateComparison,false,point-in-time technical evidence,RECOMMENDATION_POLICY,RecommendationEngine._build_one,true,CANONICAL_JSON_V1,alpha/recommendation_intelligence/models.py,262f6d805c9342bce2d1d9330ac5c1995bfdae77b51eb6f972c47ac4b22f93e3,false,<class 'decimal.Decimal'>
LOW,NO_DEFAULT,,score,recommendation.score,true,RECONSTRUCTABLE_FOR_DSI002_ONLY,CURRENT_MODEL_BOUND_TO_DSI002_SOURCE,true,RecommendationReport,false,point-in-time technical evidence,RECOMMENDATION_POLICY,RecommendationEngine._build_one,true,CANONICAL_JSON_V1,alpha/recommendation_intelligence/models.py,262f6d805c9342bce2d1d9330ac5c1995bfdae77b51eb6f972c47ac4b22f93e3,false,<class 'decimal.Decimal'>
LOW,NO_DEFAULT,,score_breakdown,recommendation.score_breakdown,true,RECONSTRUCTABLE_FOR_DSI002_ONLY,CURRENT_MODEL_BOUND_TO_DSI002_SOURCE,true,RecommendationReport,false,point-in-time technical evidence,RECOMMENDATION_POLICY,RecommendationEngine._build_one,true,CANONICAL_JSON_V1,alpha/recommendation_intelligence/models.py,262f6d805c9342bce2d1d9330ac5c1995bfdae77b51eb6f972c47ac4b22f93e3,false,<class 'alpha.recommendation_intelligence.models.RecommendationScoreBreakdown'>
LOW,NO_DEFAULT,,setup_category,recommendation.trade_setup.setup_category,true,RECONSTRUCTABLE_FOR_DSI002_ONLY,CURRENT_MODEL_BOUND_TO_DSI002_SOURCE,true,TradeSetupAssessment,false,recommendation producer input,PRODUCER_CONTRACT,RecommendationEngine._build_one,true,CANONICAL_JSON_V1,alpha/recommendation_intelligence/models.py,262f6d805c9342bce2d1d9330ac5c1995bfdae77b51eb6f972c47ac4b22f93e3,false,<class 'str'>
LOW,NO_DEFAULT,,setup_confidence,recommendation.trade_setup.setup_confidence,true,RECONSTRUCTABLE_FOR_DSI002_ONLY,CURRENT_MODEL_BOUND_TO_DSI002_SOURCE,true,TradeSetupAssessment,false,recommendation producer input,PRODUCER_CONTRACT,RecommendationEngine._build_one,true,CANONICAL_JSON_V1,alpha/recommendation_intelligence/models.py,262f6d805c9342bce2d1d9330ac5c1995bfdae77b51eb6f972c47ac4b22f93e3,false,<class 'decimal.Decimal'>
LOW,NO_DEFAULT,,setup_name,recommendation.trade_setup.setup_name,true,RECONSTRUCTABLE_FOR_DSI002_ONLY,CURRENT_MODEL_BOUND_TO_DSI002_SOURCE,true,TradeSetupAssessment,false,recommendation producer input,PRODUCER_CONTRACT,RecommendationEngine._build_one,true,CANONICAL_JSON_V1,alpha/recommendation_intelligence/models.py,262f6d805c9342bce2d1d9330ac5c1995bfdae77b51eb6f972c47ac4b22f93e3,false,<class 'str'>
LOW,NO_DEFAULT,,setup_quality,recommendation.trade_setup.setup_quality,true,RECONSTRUCTABLE_FOR_DSI002_ONLY,CURRENT_MODEL_BOUND_TO_DSI002_SOURCE,true,TradeSetupAssessment,false,recommendation producer input,PRODUCER_CONTRACT,RecommendationEngine._build_one,true,CANONICAL_JSON_V1,alpha/recommendation_intelligence/models.py,262f6d805c9342bce2d1d9330ac5c1995bfdae77b51eb6f972c47ac4b22f93e3,false,<class 'str'>
LOW,NO_DEFAULT,,setup_stage,recommendation.trade_setup.setup_stage,true,RECONSTRUCTABLE_FOR_DSI002_ONLY,CURRENT_MODEL_BOUND_TO_DSI002_SOURCE,true,TradeSetupAssessment,false,recommendation producer input,PRODUCER_CONTRACT,RecommendationEngine._build_one,true,CANONICAL_JSON_V1,alpha/recommendation_intelligence/models.py,262f6d805c9342bce2d1d9330ac5c1995bfdae77b51eb6f972c47ac4b22f93e3,false,<class 'str'>
LOW,NO_DEFAULT,,stop_chase_price,recommendation.trade_setup.stop_chase_price,true,RECONSTRUCTABLE_FOR_DSI002_ONLY,CURRENT_MODEL_BOUND_TO_DSI002_SOURCE,true,TradeSetupAssessment,true,recommendation producer input,PRODUCER_CONTRACT,RecommendationEngine._build_one,true,CANONICAL_JSON_V1,alpha/recommendation_intelligence/models.py,262f6d805c9342bce2d1d9330ac5c1995bfdae77b51eb6f972c47ac4b22f93e3,false,decimal.Decimal | None
LOW,NO_DEFAULT,,stop_loss,recommendation.trade_strategies.stop_loss,true,RECONSTRUCTABLE_FOR_DSI002_ONLY,CURRENT_MODEL_BOUND_TO_DSI002_SOURCE,false,TradeStrategyPlaybook,true,recommendation producer input,PRODUCER_CONTRACT,RecommendationEngine._build_one,true,CANONICAL_JSON_V1,alpha/recommendation_intelligence/models.py,262f6d805c9342bce2d1d9330ac5c1995bfdae77b51eb6f972c47ac4b22f93e3,false,decimal.Decimal | None
LOW,NO_DEFAULT,,stop_loss_hit_rate,recommendation.trade_strategies.edge_stats.stop_loss_hit_rate,true,RECONSTRUCTABLE_FOR_DSI002_ONLY,CURRENT_MODEL_BOUND_TO_DSI002_SOURCE,false,StrategyEdgeStats,true,recommendation producer input,PRODUCER_CONTRACT,RecommendationEngine._build_one,true,CANONICAL_JSON_V1,alpha/recommendation_intelligence/models.py,262f6d805c9342bce2d1d9330ac5c1995bfdae77b51eb6f972c47ac4b22f93e3,false,decimal.Decimal | None
LOW,NO_DEFAULT,,stop_rule,recommendation.trade_strategies.stop_rule,true,RECONSTRUCTABLE_FOR_DSI002_ONLY,CURRENT_MODEL_BOUND_TO_DSI002_SOURCE,false,TradeStrategyPlaybook,false,recommendation producer input,PRODUCER_CONTRACT,RecommendationEngine._build_one,true,CANONICAL_JSON_V1,alpha/recommendation_intelligence/models.py,262f6d805c9342bce2d1d9330ac5c1995bfdae77b51eb6f972c47ac4b22f93e3,false,<class 'str'>
LOW,NO_DEFAULT,,strategy_points,recommendation.score_breakdown.strategy_points,true,RECONSTRUCTABLE_FOR_DSI002_ONLY,CURRENT_MODEL_BOUND_TO_DSI002_SOURCE,true,RecommendationScoreBreakdown,false,point-in-time technical evidence,RECOMMENDATION_POLICY,RecommendationEngine._build_one,true,CANONICAL_JSON_V1,alpha/recommendation_intelligence/models.py,262f6d805c9342bce2d1d9330ac5c1995bfdae77b51eb6f972c47ac4b22f93e3,false,<class 'decimal.Decimal'>
LOW,NO_DEFAULT,,strategy_rank,recommendation.trade_strategies.strategy_rank,true,RECONSTRUCTABLE_FOR_DSI002_ONLY,CURRENT_MODEL_BOUND_TO_DSI002_SOURCE,false,TradeStrategyPlaybook,false,recommendation producer input,PRODUCER_CONTRACT,RecommendationEngine._build_one,true,CANONICAL_JSON_V1,alpha/recommendation_intelligence/models.py,262f6d805c9342bce2d1d9330ac5c1995bfdae77b51eb6f972c47ac4b22f93e3,false,<class 'alpha.recommendation_intelligence.models.StrategyRank'>
LOW,NO_DEFAULT,,symbol,recommendation.expected_value.symbol,true,RECONSTRUCTABLE_FOR_DSI002_ONLY,CURRENT_MODEL_BOUND_TO_DSI002_SOURCE,true,ExpectedValueAssessment,false,recommendation producer input,PRODUCER_CONTRACT,RecommendationEngine._build_one,true,CANONICAL_JSON_V1,alpha/recommendation_intelligence/models.py,262f6d805c9342bce2d1d9330ac5c1995bfdae77b51eb6f972c47ac4b22f93e3,false,<class 'str'>
LOW,NO_DEFAULT,,symbol,recommendation.opportunity_cost.better_candidates.symbol,true,RECONSTRUCTABLE_FOR_DSI002_ONLY,CURRENT_MODEL_BOUND_TO_DSI002_SOURCE,true,CandidateComparison,false,recommendation producer input,PRODUCER_CONTRACT,RecommendationEngine._build_one,true,CANONICAL_JSON_V1,alpha/recommendation_intelligence/models.py,262f6d805c9342bce2d1d9330ac5c1995bfdae77b51eb6f972c47ac4b22f93e3,false,<class 'str'>
LOW,NO_DEFAULT,,symbol,recommendation.opportunity_cost.symbol,true,RECONSTRUCTABLE_FOR_DSI002_ONLY,CURRENT_MODEL_BOUND_TO_DSI002_SOURCE,true,OpportunityCostAssessment,false,recommendation producer input,PRODUCER_CONTRACT,RecommendationEngine._build_one,true,CANONICAL_JSON_V1,alpha/recommendation_intelligence/models.py,262f6d805c9342bce2d1d9330ac5c1995bfdae77b51eb6f972c47ac4b22f93e3,false,<class 'str'>
LOW,NO_DEFAULT,,symbol,recommendation.symbol,true,RECONSTRUCTABLE_FOR_DSI002_ONLY,CURRENT_MODEL_BOUND_TO_DSI002_SOURCE,true,RecommendationReport,false,recommendation producer input,PRODUCER_CONTRACT,RecommendationEngine._build_one,true,CANONICAL_JSON_V1,alpha/recommendation_intelligence/models.py,262f6d805c9342bce2d1d9330ac5c1995bfdae77b51eb6f972c47ac4b22f93e3,false,<class 'str'>
LOW,NO_DEFAULT,,target_1,recommendation.trade_strategies.target_1,true,RECONSTRUCTABLE_FOR_DSI002_ONLY,CURRENT_MODEL_BOUND_TO_DSI002_SOURCE,false,TradeStrategyPlaybook,true,recommendation producer input,PRODUCER_CONTRACT,RecommendationEngine._build_one,true,CANONICAL_JSON_V1,alpha/recommendation_intelligence/models.py,262f6d805c9342bce2d1d9330ac5c1995bfdae77b51eb6f972c47ac4b22f93e3,false,decimal.Decimal | None
LOW,NO_DEFAULT,,target_1_hit_rate,recommendation.trade_strategies.edge_stats.target_1_hit_rate,true,RECONSTRUCTABLE_FOR_DSI002_ONLY,CURRENT_MODEL_BOUND_TO_DSI002_SOURCE,false,StrategyEdgeStats,true,recommendation producer input,PRODUCER_CONTRACT,RecommendationEngine._build_one,true,CANONICAL_JSON_V1,alpha/recommendation_intelligence/models.py,262f6d805c9342bce2d1d9330ac5c1995bfdae77b51eb6f972c47ac4b22f93e3,false,decimal.Decimal | None
LOW,NO_DEFAULT,,target_2,recommendation.trade_strategies.target_2,true,RECONSTRUCTABLE_FOR_DSI002_ONLY,CURRENT_MODEL_BOUND_TO_DSI002_SOURCE,false,TradeStrategyPlaybook,true,recommendation producer input,PRODUCER_CONTRACT,RecommendationEngine._build_one,true,CANONICAL_JSON_V1,alpha/recommendation_intelligence/models.py,262f6d805c9342bce2d1d9330ac5c1995bfdae77b51eb6f972c47ac4b22f93e3,false,decimal.Decimal | None
LOW,NO_DEFAULT,,target_2_hit_rate,recommendation.trade_strategies.edge_stats.target_2_hit_rate,true,RECONSTRUCTABLE_FOR_DSI002_ONLY,CURRENT_MODEL_BOUND_TO_DSI002_SOURCE,false,StrategyEdgeStats,true,recommendation producer input,PRODUCER_CONTRACT,RecommendationEngine._build_one,true,CANONICAL_JSON_V1,alpha/recommendation_intelligence/models.py,262f6d805c9342bce2d1d9330ac5c1995bfdae77b51eb6f972c47ac4b22f93e3,false,decimal.Decimal | None
LOW,NO_DEFAULT,,target_3,recommendation.trade_strategies.target_3,true,RECONSTRUCTABLE_FOR_DSI002_ONLY,CURRENT_MODEL_BOUND_TO_DSI002_SOURCE,false,TradeStrategyPlaybook,true,recommendation producer input,PRODUCER_CONTRACT,RecommendationEngine._build_one,true,CANONICAL_JSON_V1,alpha/recommendation_intelligence/models.py,262f6d805c9342bce2d1d9330ac5c1995bfdae77b51eb6f972c47ac4b22f93e3,false,decimal.Decimal | None
LOW,NO_DEFAULT,,target_3_hit_rate,recommendation.trade_strategies.edge_stats.target_3_hit_rate,true,RECONSTRUCTABLE_FOR_DSI002_ONLY,CURRENT_MODEL_BOUND_TO_DSI002_SOURCE,false,StrategyEdgeStats,true,recommendation producer input,PRODUCER_CONTRACT,RecommendationEngine._build_one,true,CANONICAL_JSON_V1,alpha/recommendation_intelligence/models.py,262f6d805c9342bce2d1d9330ac5c1995bfdae77b51eb6f972c47ac4b22f93e3,false,decimal.Decimal | None
LOW,NO_DEFAULT,,trade_setup,recommendation.trade_setup,true,RECONSTRUCTABLE_FOR_DSI002_ONLY,CURRENT_MODEL_BOUND_TO_DSI002_SOURCE,true,RecommendationReport,false,recommendation producer input,PRODUCER_CONTRACT,RecommendationEngine._build_one,true,CANONICAL_JSON_V1,alpha/recommendation_intelligence/models.py,262f6d805c9342bce2d1d9330ac5c1995bfdae77b51eb6f972c47ac4b22f93e3,false,<class 'alpha.recommendation_intelligence.models.TradeSetupAssessment'>
LOW,NO_DEFAULT,,trend_invalidation_reference,recommendation.trade_strategies.trend_invalidation_reference,true,RECONSTRUCTABLE_FOR_DSI002_ONLY,CURRENT_MODEL_BOUND_TO_DSI002_SOURCE,false,TradeStrategyPlaybook,true,recommendation producer input,PRODUCER_CONTRACT,RecommendationEngine._build_one,true,CANONICAL_JSON_V1,alpha/recommendation_intelligence/models.py,262f6d805c9342bce2d1d9330ac5c1995bfdae77b51eb6f972c47ac4b22f93e3,false,str | None
LOW,NO_DEFAULT,,trigger_text,recommendation.trade_strategies.trigger_text,true,RECONSTRUCTABLE_FOR_DSI002_ONLY,CURRENT_MODEL_BOUND_TO_DSI002_SOURCE,false,TradeStrategyPlaybook,false,recommendation producer input,PRODUCER_CONTRACT,RecommendationEngine._build_one,true,CANONICAL_JSON_V1,alpha/recommendation_intelligence/models.py,262f6d805c9342bce2d1d9330ac5c1995bfdae77b51eb6f972c47ac4b22f93e3,false,<class 'str'>
LOW,NO_DEFAULT,ACCUMULATE|AVOID|BUY|HOLD|REDUCE|SELL,action,recommendation.action,true,RECONSTRUCTABLE_FOR_DSI002_ONLY,CURRENT_MODEL_BOUND_TO_DSI002_SOURCE,false,RecommendationReport,false,recommendation producer input,PRODUCER_CONTRACT,RecommendationEngine._build_one,true,CANONICAL_JSON_V1,alpha/recommendation_intelligence/models.py,262f6d805c9342bce2d1d9330ac5c1995bfdae77b51eb6f972c47ac4b22f93e3,false,<enum 'RecommendationAction'>
LOW,NO_DEFAULT,AGGRESSIVE_ACCUMULATION|MOMENTUM_BREAKOUT|NO_TRADE|PULLBACK_ENTRY|RETEST_HOLD,strategy_type,recommendation.trade_strategies.strategy_type,true,RECONSTRUCTABLE_FOR_DSI002_ONLY,CURRENT_MODEL_BOUND_TO_DSI002_SOURCE,false,TradeStrategyPlaybook,false,recommendation producer input,PRODUCER_CONTRACT,RecommendationEngine._build_one,true,CANONICAL_JSON_V1,alpha/recommendation_intelligence/models.py,262f6d805c9342bce2d1d9330ac5c1995bfdae77b51eb6f972c47ac4b22f93e3,false,<enum 'TradeStrategyType'>
LOW,NO_DEFAULT,ATR_BAND|BREAKOUT_LEVEL|FIBONACCI_RETRACEMENT|MOVING_AVERAGE_20|MOVING_AVERAGE_50|PRIOR_RESISTANCE|RECENT_CLOSE|SUPPORT|SWING_LOW|UNKNOWN|VOLUME_DEMAND_ZONE,basis_type,recommendation.trade_strategies.entry_zone_basis.basis_type,true,RECONSTRUCTABLE_FOR_DSI002_ONLY,CURRENT_MODEL_BOUND_TO_DSI002_SOURCE,false,EntryZoneBasis,false,recommendation producer input,PRODUCER_CONTRACT,RecommendationEngine._build_one,true,CANONICAL_JSON_V1,alpha/recommendation_intelligence/models.py,262f6d805c9342bce2d1d9330ac5c1995bfdae77b51eb6f972c47ac4b22f93e3,false,<enum 'EntryZoneBasisType'>
LOW,NO_DEFAULT,AVOID|BUY_NOW|HOLD_EXISTING|WAIT_FOR_CONFIRMATION|WAIT_FOR_DEEP_PULLBACK|WAIT_FOR_PULLBACK|WAIT_FOR_RETEST,action,recommendation.trade_strategies.action,true,RECONSTRUCTABLE_FOR_DSI002_ONLY,CURRENT_MODEL_BOUND_TO_DSI002_SOURCE,false,TradeStrategyPlaybook,false,recommendation producer input,PRODUCER_CONTRACT,RecommendationEngine._build_one,true,CANONICAL_JSON_V1,alpha/recommendation_intelligence/models.py,262f6d805c9342bce2d1d9330ac5c1995bfdae77b51eb6f972c47ac4b22f93e3,false,<enum 'TradeStrategyAction'>
LOW,NO_DEFAULT,AVOID|BUY|HOLD|SELL|STRONG_BUY|WATCHLIST,decision,recommendation.decision,true,RECONSTRUCTABLE_FOR_DSI002_ONLY,CURRENT_MODEL_BOUND_TO_DSI002_SOURCE,true,RecommendationReport,false,recommendation producer input,RECOMMENDATION_POLICY,RecommendationEngine._build_one,true,CANONICAL_JSON_V1,alpha/recommendation_intelligence/models.py,262f6d805c9342bce2d1d9330ac5c1995bfdae77b51eb6f972c47ac4b22f93e3,false,<enum 'RecommendationDecision'>
LOW,NO_DEFAULT,EXCELLENT|FAIR|GOOD|NOT_SUITABLE|SPECULATIVE,quality,recommendation.trade_strategies.strategy_rank.quality,true,RECONSTRUCTABLE_FOR_DSI002_ONLY,CURRENT_MODEL_BOUND_TO_DSI002_SOURCE,false,StrategyRank,false,recommendation producer input,PRODUCER_CONTRACT,RecommendationEngine._build_one,true,CANONICAL_JSON_V1,alpha/recommendation_intelligence/models.py,262f6d805c9342bce2d1d9330ac5c1995bfdae77b51eb6f972c47ac4b22f93e3,false,<enum 'StrategyQuality'>
LOW,NO_DEFAULT,HIGH|INSUFFICIENT_DATA|LOW|MEDIUM,confidence,recommendation.trade_strategies.edge_stats.confidence,true,RECONSTRUCTABLE_FOR_DSI002_ONLY,CURRENT_MODEL_BOUND_TO_DSI002_SOURCE,false,StrategyEdgeStats,false,recommendation producer input,PRODUCER_CONTRACT,RecommendationEngine._build_one,true,CANONICAL_JSON_V1,alpha/recommendation_intelligence/models.py,262f6d805c9342bce2d1d9330ac5c1995bfdae77b51eb6f972c47ac4b22f93e3,false,<enum 'EdgeConfidence'>
MEDIUM,DECLARED_MODEL_DEFAULT,,average_gain,recommendation.evidence_assessment.historical_expectancy.average_gain,true,RECONSTRUCTABLE_FOR_DSI002_ONLY,CURRENT_MODEL_BOUND_TO_DSI002_SOURCE,false,HistoricalExpectancy,true,point-in-time technical evidence,PRODUCER_CONTRACT,RecommendationEngine._build_one,false,CANONICAL_JSON_V1,alpha/recommendation_intelligence/models.py,262f6d805c9342bce2d1d9330ac5c1995bfdae77b51eb6f972c47ac4b22f93e3,false,decimal.Decimal | None
MEDIUM,DECLARED_MODEL_DEFAULT,,average_hold_period_days,recommendation.evidence_assessment.historical_expectancy.average_hold_period_days,true,RECONSTRUCTABLE_FOR_DSI002_ONLY,CURRENT_MODEL_BOUND_TO_DSI002_SOURCE,false,HistoricalExpectancy,true,point-in-time technical evidence,PRODUCER_CONTRACT,RecommendationEngine._build_one,false,CANONICAL_JSON_V1,alpha/recommendation_intelligence/models.py,262f6d805c9342bce2d1d9330ac5c1995bfdae77b51eb6f972c47ac4b22f93e3,false,decimal.Decimal | None
MEDIUM,DECLARED_MODEL_DEFAULT,,average_loss,recommendation.evidence_assessment.historical_expectancy.average_loss,true,RECONSTRUCTABLE_FOR_DSI002_ONLY,CURRENT_MODEL_BOUND_TO_DSI002_SOURCE,false,HistoricalExpectancy,true,point-in-time technical evidence,PRODUCER_CONTRACT,RecommendationEngine._build_one,false,CANONICAL_JSON_V1,alpha/recommendation_intelligence/models.py,262f6d805c9342bce2d1d9330ac5c1995bfdae77b51eb6f972c47ac4b22f93e3,false,decimal.Decimal | None
MEDIUM,DECLARED_MODEL_DEFAULT,,evidence_points,recommendation.score_breakdown.evidence_points,true,RECONSTRUCTABLE_FOR_DSI002_ONLY,CURRENT_MODEL_BOUND_TO_DSI002_SOURCE,true,RecommendationScoreBreakdown,false,point-in-time technical evidence,RECOMMENDATION_POLICY,RecommendationEngine._build_one,false,CANONICAL_JSON_V1,alpha/recommendation_intelligence/models.py,262f6d805c9342bce2d1d9330ac5c1995bfdae77b51eb6f972c47ac4b22f93e3,false,<class 'decimal.Decimal'>
MEDIUM,DECLARED_MODEL_DEFAULT,,expected_value,recommendation.evidence_assessment.historical_expectancy.expected_value,true,RECONSTRUCTABLE_FOR_DSI002_ONLY,CURRENT_MODEL_BOUND_TO_DSI002_SOURCE,false,HistoricalExpectancy,true,point-in-time technical evidence,PRODUCER_CONTRACT,RecommendationEngine._build_one,false,CANONICAL_JSON_V1,alpha/recommendation_intelligence/models.py,262f6d805c9342bce2d1d9330ac5c1995bfdae77b51eb6f972c47ac4b22f93e3,false,decimal.Decimal | None
MEDIUM,DECLARED_MODEL_DEFAULT,,override_reasons,recommendation.evidence_assessment.price_volume.override_reasons,true,RECONSTRUCTABLE_FOR_DSI002_ONLY,CURRENT_MODEL_BOUND_TO_DSI002_SOURCE,false,PriceVolumeAssessment,false,point-in-time technical evidence,PRODUCER_CONTRACT,RecommendationEngine._build_one,false,CANONICAL_JSON_V1,alpha/recommendation_intelligence/models.py,262f6d805c9342bce2d1d9330ac5c1995bfdae77b51eb6f972c47ac4b22f93e3,false,"tuple[str, ...]"
MEDIUM,DECLARED_MODEL_DEFAULT,,win_rate,recommendation.evidence_assessment.historical_expectancy.win_rate,true,RECONSTRUCTABLE_FOR_DSI002_ONLY,CURRENT_MODEL_BOUND_TO_DSI002_SOURCE,false,HistoricalExpectancy,true,point-in-time technical evidence,PRODUCER_CONTRACT,RecommendationEngine._build_one,false,CANONICAL_JSON_V1,alpha/recommendation_intelligence/models.py,262f6d805c9342bce2d1d9330ac5c1995bfdae77b51eb6f972c47ac4b22f93e3,false,decimal.Decimal | None
MEDIUM,NO_DEFAULT,,accumulation_score,recommendation.evidence_assessment.price_volume.volume_evidence.accumulation_score,true,RECONSTRUCTABLE_FOR_DSI002_ONLY,CURRENT_MODEL_BOUND_TO_DSI002_SOURCE,false,VolumeEvidence,false,point-in-time technical evidence,RECOMMENDATION_POLICY,RecommendationEngine._build_one,true,CANONICAL_JSON_V1,alpha/recommendation_intelligence/models.py,262f6d805c9342bce2d1d9330ac5c1995bfdae77b51eb6f972c47ac4b22f93e3,false,<class 'decimal.Decimal'>
MEDIUM,NO_DEFAULT,,aggressive_entry,recommendation.trade_plan.aggressive_entry,true,RECONSTRUCTABLE_FOR_DSI002_ONLY,CURRENT_MODEL_BOUND_TO_DSI002_SOURCE,true,RecommendationTradePlan,true,"point-in-time price, volatility and setup state",ENTRY_AND_TRADE_PLAN_POLICY,RecommendationEngine._build_one,true,CANONICAL_JSON_V1,alpha/recommendation_intelligence/models.py,262f6d805c9342bce2d1d9330ac5c1995bfdae77b51eb6f972c47ac4b22f93e3,true,decimal.Decimal | None
MEDIUM,NO_DEFAULT,,atr_trail,recommendation.trade_plan.atr_trail,true,RECONSTRUCTABLE_FOR_DSI002_ONLY,CURRENT_MODEL_BOUND_TO_DSI002_SOURCE,true,RecommendationTradePlan,false,"point-in-time price, volatility and setup state",ENTRY_AND_TRADE_PLAN_POLICY,RecommendationEngine._build_one,true,CANONICAL_JSON_V1,alpha/recommendation_intelligence/models.py,262f6d805c9342bce2d1d9330ac5c1995bfdae77b51eb6f972c47ac4b22f93e3,true,<class 'str'>
MEDIUM,NO_DEFAULT,,atr_value,recommendation.trade_plan.atr_value,true,RECONSTRUCTABLE_FOR_DSI002_ONLY,CURRENT_MODEL_BOUND_TO_DSI002_SOURCE,true,RecommendationTradePlan,true,"point-in-time price, volatility and setup state",ENTRY_AND_TRADE_PLAN_POLICY,RecommendationEngine._build_one,true,CANONICAL_JSON_V1,alpha/recommendation_intelligence/models.py,262f6d805c9342bce2d1d9330ac5c1995bfdae77b51eb6f972c47ac4b22f93e3,true,decimal.Decimal | None
MEDIUM,NO_DEFAULT,,breakout_state,recommendation.evidence_assessment.price_volume.price_evidence.breakout_state,true,RECONSTRUCTABLE_FOR_DSI002_ONLY,CURRENT_MODEL_BOUND_TO_DSI002_SOURCE,false,PriceEvidence,false,point-in-time technical evidence,PRODUCER_CONTRACT,RecommendationEngine._build_one,true,CANONICAL_JSON_V1,alpha/recommendation_intelligence/models.py,262f6d805c9342bce2d1d9330ac5c1995bfdae77b51eb6f972c47ac4b22f93e3,false,<class 'str'>
MEDIUM,NO_DEFAULT,,breakout_volume_confirmation,recommendation.evidence_assessment.price_volume.volume_evidence.breakout_volume_confirmation,true,RECONSTRUCTABLE_FOR_DSI002_ONLY,CURRENT_MODEL_BOUND_TO_DSI002_SOURCE,false,VolumeEvidence,false,point-in-time technical evidence,PRODUCER_CONTRACT,RecommendationEngine._build_one,true,CANONICAL_JSON_V1,alpha/recommendation_intelligence/models.py,262f6d805c9342bce2d1d9330ac5c1995bfdae77b51eb6f972c47ac4b22f93e3,false,<class 'decimal.Decimal'>
MEDIUM,NO_DEFAULT,,candle_confirmation,recommendation.trade_plan.candle_confirmation,true,RECONSTRUCTABLE_FOR_DSI002_ONLY,CURRENT_MODEL_BOUND_TO_DSI002_SOURCE,true,RecommendationTradePlan,false,"point-in-time price, volatility and setup state",ENTRY_AND_TRADE_PLAN_POLICY,RecommendationEngine._build_one,true,CANONICAL_JSON_V1,alpha/recommendation_intelligence/models.py,262f6d805c9342bce2d1d9330ac5c1995bfdae77b51eb6f972c47ac4b22f93e3,true,<class 'str'>
MEDIUM,NO_DEFAULT,,candle_entry_trigger,recommendation.trade_plan.candle_entry_trigger,true,RECONSTRUCTABLE_FOR_DSI002_ONLY,CURRENT_MODEL_BOUND_TO_DSI002_SOURCE,true,RecommendationTradePlan,true,"point-in-time price, volatility and setup state",ENTRY_AND_TRADE_PLAN_POLICY,RecommendationEngine._build_one,true,CANONICAL_JSON_V1,alpha/recommendation_intelligence/models.py,262f6d805c9342bce2d1d9330ac5c1995bfdae77b51eb6f972c47ac4b22f93e3,true,decimal.Decimal | None
MEDIUM,NO_DEFAULT,,candle_explanation,recommendation.trade_plan.candle_explanation,true,RECONSTRUCTABLE_FOR_DSI002_ONLY,CURRENT_MODEL_BOUND_TO_DSI002_SOURCE,true,RecommendationTradePlan,false,"point-in-time price, volatility and setup state",ENTRY_AND_TRADE_PLAN_POLICY,RecommendationEngine._build_one,true,CANONICAL_JSON_V1,alpha/recommendation_intelligence/models.py,262f6d805c9342bce2d1d9330ac5c1995bfdae77b51eb6f972c47ac4b22f93e3,true,<class 'str'>
MEDIUM,NO_DEFAULT,,candle_invalidation_level,recommendation.trade_plan.candle_invalidation_level,true,RECONSTRUCTABLE_FOR_DSI002_ONLY,CURRENT_MODEL_BOUND_TO_DSI002_SOURCE,true,RecommendationTradePlan,true,"point-in-time price, volatility and setup state",ENTRY_AND_TRADE_PLAN_POLICY,RecommendationEngine._build_one,true,CANONICAL_JSON_V1,alpha/recommendation_intelligence/models.py,262f6d805c9342bce2d1d9330ac5c1995bfdae77b51eb6f972c47ac4b22f93e3,true,decimal.Decimal | None
MEDIUM,NO_DEFAULT,,candle_pattern,recommendation.evidence_assessment.candle_pattern,true,RECONSTRUCTABLE_FOR_DSI002_ONLY,CURRENT_MODEL_BOUND_TO_DSI002_SOURCE,false,EvidenceAssessment,false,point-in-time technical evidence,PRODUCER_CONTRACT,RecommendationEngine._build_one,true,CANONICAL_JSON_V1,alpha/recommendation_intelligence/models.py,262f6d805c9342bce2d1d9330ac5c1995bfdae77b51eb6f972c47ac4b22f93e3,false,<class 'alpha.recommendation_intelligence.models.CandlePatternAssessment'>
MEDIUM,NO_DEFAULT,,candle_pattern,recommendation.trade_plan.candle_pattern,true,RECONSTRUCTABLE_FOR_DSI002_ONLY,CURRENT_MODEL_BOUND_TO_DSI002_SOURCE,true,RecommendationTradePlan,false,"point-in-time price, volatility and setup state",ENTRY_AND_TRADE_PLAN_POLICY,RecommendationEngine._build_one,true,CANONICAL_JSON_V1,alpha/recommendation_intelligence/models.py,262f6d805c9342bce2d1d9330ac5c1995bfdae77b51eb6f972c47ac4b22f93e3,true,<class 'str'>
MEDIUM,NO_DEFAULT,,candle_score,recommendation.trade_plan.candle_score,true,RECONSTRUCTABLE_FOR_DSI002_ONLY,CURRENT_MODEL_BOUND_TO_DSI002_SOURCE,true,RecommendationTradePlan,false,"point-in-time price, volatility and setup state",ENTRY_AND_TRADE_PLAN_POLICY,RecommendationEngine._build_one,true,CANONICAL_JSON_V1,alpha/recommendation_intelligence/models.py,262f6d805c9342bce2d1d9330ac5c1995bfdae77b51eb6f972c47ac4b22f93e3,true,<class 'decimal.Decimal'>
MEDIUM,NO_DEFAULT,,candle_stop_level,recommendation.trade_plan.candle_stop_level,true,RECONSTRUCTABLE_FOR_DSI002_ONLY,CURRENT_MODEL_BOUND_TO_DSI002_SOURCE,true,RecommendationTradePlan,true,"point-in-time price, volatility and setup state",ENTRY_AND_TRADE_PLAN_POLICY,RecommendationEngine._build_one,true,CANONICAL_JSON_V1,alpha/recommendation_intelligence/models.py,262f6d805c9342bce2d1d9330ac5c1995bfdae77b51eb6f972c47ac4b22f93e3,true,decimal.Decimal | None
MEDIUM,NO_DEFAULT,,candle_weight,recommendation.trade_plan.candle_weight,true,RECONSTRUCTABLE_FOR_DSI002_ONLY,CURRENT_MODEL_BOUND_TO_DSI002_SOURCE,true,RecommendationTradePlan,false,"point-in-time price, volatility and setup state",ENTRY_AND_TRADE_PLAN_POLICY,RecommendationEngine._build_one,true,CANONICAL_JSON_V1,alpha/recommendation_intelligence/models.py,262f6d805c9342bce2d1d9330ac5c1995bfdae77b51eb6f972c47ac4b22f93e3,true,<class 'decimal.Decimal'>
MEDIUM,NO_DEFAULT,,classification,recommendation.evidence_assessment.setup_quality.classification,true,RECONSTRUCTABLE_FOR_DSI002_ONLY,CURRENT_MODEL_BOUND_TO_DSI002_SOURCE,false,SetupQualityAssessment,false,point-in-time technical evidence,PRODUCER_CONTRACT,RecommendationEngine._build_one,true,CANONICAL_JSON_V1,alpha/recommendation_intelligence/models.py,262f6d805c9342bce2d1d9330ac5c1995bfdae77b51eb6f972c47ac4b22f93e3,false,<class 'str'>
MEDIUM,NO_DEFAULT,,close_strength,recommendation.evidence_assessment.price_volume.price_evidence.close_strength,true,RECONSTRUCTABLE_FOR_DSI002_ONLY,CURRENT_MODEL_BOUND_TO_DSI002_SOURCE,false,PriceEvidence,false,point-in-time technical evidence,PRODUCER_CONTRACT,RecommendationEngine._build_one,true,CANONICAL_JSON_V1,alpha/recommendation_intelligence/models.py,262f6d805c9342bce2d1d9330ac5c1995bfdae77b51eb6f972c47ac4b22f93e3,false,<class 'decimal.Decimal'>
MEDIUM,NO_DEFAULT,,confidence,recommendation.trade_plan.confidence,true,RECONSTRUCTABLE_FOR_DSI002_ONLY,CURRENT_MODEL_BOUND_TO_DSI002_SOURCE,true,RecommendationTradePlan,false,"point-in-time price, volatility and setup state",ENTRY_AND_TRADE_PLAN_POLICY,RecommendationEngine._build_one,true,CANONICAL_JSON_V1,alpha/recommendation_intelligence/models.py,262f6d805c9342bce2d1d9330ac5c1995bfdae77b51eb6f972c47ac4b22f93e3,true,<class 'str'>
MEDIUM,NO_DEFAULT,,confidence_score,recommendation.evidence_assessment.confidence_score,true,RECONSTRUCTABLE_FOR_DSI002_ONLY,CURRENT_MODEL_BOUND_TO_DSI002_SOURCE,false,EvidenceAssessment,false,point-in-time technical evidence,RECOMMENDATION_POLICY,RecommendationEngine._build_one,true,CANONICAL_JSON_V1,alpha/recommendation_intelligence/models.py,262f6d805c9342bce2d1d9330ac5c1995bfdae77b51eb6f972c47ac4b22f93e3,false,<class 'decimal.Decimal'>
MEDIUM,NO_DEFAULT,,confirmation,recommendation.evidence_assessment.candle_pattern.confirmation,true,RECONSTRUCTABLE_FOR_DSI002_ONLY,CURRENT_MODEL_BOUND_TO_DSI002_SOURCE,false,CandlePatternAssessment,false,point-in-time technical evidence,PRODUCER_CONTRACT,RecommendationEngine._build_one,true,CANONICAL_JSON_V1,alpha/recommendation_intelligence/models.py,262f6d805c9342bce2d1d9330ac5c1995bfdae77b51eb6f972c47ac4b22f93e3,false,<class 'str'>
MEDIUM,NO_DEFAULT,,confirmation_entry,recommendation.trade_plan.confirmation_entry,true,RECONSTRUCTABLE_FOR_DSI002_ONLY,CURRENT_MODEL_BOUND_TO_DSI002_SOURCE,true,RecommendationTradePlan,true,"point-in-time price, volatility and setup state",ENTRY_AND_TRADE_PLAN_POLICY,RecommendationEngine._build_one,true,CANONICAL_JSON_V1,alpha/recommendation_intelligence/models.py,262f6d805c9342bce2d1d9330ac5c1995bfdae77b51eb6f972c47ac4b22f93e3,true,decimal.Decimal | None
MEDIUM,NO_DEFAULT,,conflict_penalty_points,recommendation.evidence_assessment.conflict_penalty_points,true,RECONSTRUCTABLE_FOR_DSI002_ONLY,CURRENT_MODEL_BOUND_TO_DSI002_SOURCE,false,EvidenceAssessment,false,point-in-time technical evidence,PRODUCER_CONTRACT,RecommendationEngine._build_one,true,CANONICAL_JSON_V1,alpha/recommendation_intelligence/models.py,262f6d805c9342bce2d1d9330ac5c1995bfdae77b51eb6f972c47ac4b22f93e3,false,<class 'decimal.Decimal'>
MEDIUM,NO_DEFAULT,,distribution_score,recommendation.evidence_assessment.price_volume.volume_evidence.distribution_score,true,RECONSTRUCTABLE_FOR_DSI002_ONLY,CURRENT_MODEL_BOUND_TO_DSI002_SOURCE,false,VolumeEvidence,false,point-in-time technical evidence,RECOMMENDATION_POLICY,RecommendationEngine._build_one,true,CANONICAL_JSON_V1,alpha/recommendation_intelligence/models.py,262f6d805c9342bce2d1d9330ac5c1995bfdae77b51eb6f972c47ac4b22f93e3,false,<class 'decimal.Decimal'>
MEDIUM,NO_DEFAULT,,dma_200,recommendation.trade_plan.dma_200,true,RECONSTRUCTABLE_FOR_DSI002_ONLY,CURRENT_MODEL_BOUND_TO_DSI002_SOURCE,true,RecommendationTradePlan,true,"point-in-time price, volatility and setup state",ENTRY_AND_TRADE_PLAN_POLICY,RecommendationEngine._build_one,true,CANONICAL_JSON_V1,alpha/recommendation_intelligence/models.py,262f6d805c9342bce2d1d9330ac5c1995bfdae77b51eb6f972c47ac4b22f93e3,true,decimal.Decimal | None
MEDIUM,NO_DEFAULT,,dma_20_invalidation,recommendation.trade_plan.dma_20_invalidation,true,RECONSTRUCTABLE_FOR_DSI002_ONLY,CURRENT_MODEL_BOUND_TO_DSI002_SOURCE,true,RecommendationTradePlan,true,"point-in-time price, volatility and setup state",ENTRY_AND_TRADE_PLAN_POLICY,RecommendationEngine._build_one,true,CANONICAL_JSON_V1,alpha/recommendation_intelligence/models.py,262f6d805c9342bce2d1d9330ac5c1995bfdae77b51eb6f972c47ac4b22f93e3,true,decimal.Decimal | None
MEDIUM,NO_DEFAULT,,dma_50,recommendation.trade_plan.dma_50,true,RECONSTRUCTABLE_FOR_DSI002_ONLY,CURRENT_MODEL_BOUND_TO_DSI002_SOURCE,true,RecommendationTradePlan,true,"point-in-time price, volatility and setup state",ENTRY_AND_TRADE_PLAN_POLICY,RecommendationEngine._build_one,true,CANONICAL_JSON_V1,alpha/recommendation_intelligence/models.py,262f6d805c9342bce2d1d9330ac5c1995bfdae77b51eb6f972c47ac4b22f93e3,true,decimal.Decimal | None
MEDIUM,NO_DEFAULT,,entry_price,recommendation.trade_plan.entry_price,true,RECONSTRUCTABLE_FOR_DSI002_ONLY,CURRENT_MODEL_BOUND_TO_DSI002_SOURCE,true,RecommendationTradePlan,true,"point-in-time price, volatility and setup state",ENTRY_AND_TRADE_PLAN_POLICY,RecommendationEngine._build_one,true,CANONICAL_JSON_V1,alpha/recommendation_intelligence/models.py,262f6d805c9342bce2d1d9330ac5c1995bfdae77b51eb6f972c47ac4b22f93e3,true,decimal.Decimal | None
MEDIUM,NO_DEFAULT,,entry_trigger,recommendation.evidence_assessment.candle_pattern.entry_trigger,true,RECONSTRUCTABLE_FOR_DSI002_ONLY,CURRENT_MODEL_BOUND_TO_DSI002_SOURCE,false,CandlePatternAssessment,true,point-in-time technical evidence,PRODUCER_CONTRACT,RecommendationEngine._build_one,true,CANONICAL_JSON_V1,alpha/recommendation_intelligence/models.py,262f6d805c9342bce2d1d9330ac5c1995bfdae77b51eb6f972c47ac4b22f93e3,false,decimal.Decimal | None
MEDIUM,NO_DEFAULT,,entry_zone_high,recommendation.trade_plan.entry_zone_high,true,RECONSTRUCTABLE_FOR_DSI002_ONLY,CURRENT_MODEL_BOUND_TO_DSI002_SOURCE,true,RecommendationTradePlan,true,"point-in-time price, volatility and setup state",ENTRY_AND_TRADE_PLAN_POLICY,RecommendationEngine._build_one,true,CANONICAL_JSON_V1,alpha/recommendation_intelligence/models.py,262f6d805c9342bce2d1d9330ac5c1995bfdae77b51eb6f972c47ac4b22f93e3,true,decimal.Decimal | None
MEDIUM,NO_DEFAULT,,entry_zone_low,recommendation.trade_plan.entry_zone_low,true,RECONSTRUCTABLE_FOR_DSI002_ONLY,CURRENT_MODEL_BOUND_TO_DSI002_SOURCE,true,RecommendationTradePlan,true,"point-in-time price, volatility and setup state",ENTRY_AND_TRADE_PLAN_POLICY,RecommendationEngine._build_one,true,CANONICAL_JSON_V1,alpha/recommendation_intelligence/models.py,262f6d805c9342bce2d1d9330ac5c1995bfdae77b51eb6f972c47ac4b22f93e3,true,decimal.Decimal | None
MEDIUM,NO_DEFAULT,,evidence_assessment,recommendation.evidence_assessment,true,RECONSTRUCTABLE_FOR_DSI002_ONLY,CURRENT_MODEL_BOUND_TO_DSI002_SOURCE,false,RecommendationReport,false,point-in-time technical evidence,PRODUCER_CONTRACT,RecommendationEngine._build_one,true,CANONICAL_JSON_V1,alpha/recommendation_intelligence/models.py,262f6d805c9342bce2d1d9330ac5c1995bfdae77b51eb6f972c47ac4b22f93e3,false,<class 'alpha.recommendation_intelligence.models.EvidenceAssessment'>
MEDIUM,NO_DEFAULT,,expected_holding_period,recommendation.trade_plan.expected_holding_period,true,RECONSTRUCTABLE_FOR_DSI002_ONLY,CURRENT_MODEL_BOUND_TO_DSI002_SOURCE,true,RecommendationTradePlan,false,"point-in-time price, volatility and setup state",ENTRY_AND_TRADE_PLAN_POLICY,RecommendationEngine._build_one,true,CANONICAL_JSON_V1,alpha/recommendation_intelligence/models.py,262f6d805c9342bce2d1d9330ac5c1995bfdae77b51eb6f972c47ac4b22f93e3,true,<class 'str'>
MEDIUM,NO_DEFAULT,,explanation,recommendation.evidence_assessment.candle_pattern.explanation,true,RECONSTRUCTABLE_FOR_DSI002_ONLY,CURRENT_MODEL_BOUND_TO_DSI002_SOURCE,false,CandlePatternAssessment,false,point-in-time technical evidence,PRODUCER_CONTRACT,RecommendationEngine._build_one,true,CANONICAL_JSON_V1,alpha/recommendation_intelligence/models.py,262f6d805c9342bce2d1d9330ac5c1995bfdae77b51eb6f972c47ac4b22f93e3,false,<class 'str'>
MEDIUM,NO_DEFAULT,,final_exit,recommendation.trade_plan.final_exit,true,RECONSTRUCTABLE_FOR_DSI002_ONLY,CURRENT_MODEL_BOUND_TO_DSI002_SOURCE,true,RecommendationTradePlan,true,"point-in-time price, volatility and setup state",ENTRY_AND_TRADE_PLAN_POLICY,RecommendationEngine._build_one,true,CANONICAL_JSON_V1,alpha/recommendation_intelligence/models.py,262f6d805c9342bce2d1d9330ac5c1995bfdae77b51eb6f972c47ac4b22f93e3,true,decimal.Decimal | None
MEDIUM,NO_DEFAULT,,final_score,recommendation.trade_plan.final_score,true,RECONSTRUCTABLE_FOR_DSI002_ONLY,CURRENT_MODEL_BOUND_TO_DSI002_SOURCE,true,RecommendationTradePlan,false,"point-in-time price, volatility and setup state",ENTRY_AND_TRADE_PLAN_POLICY,RecommendationEngine._build_one,true,CANONICAL_JSON_V1,alpha/recommendation_intelligence/models.py,262f6d805c9342bce2d1d9330ac5c1995bfdae77b51eb6f972c47ac4b22f93e3,true,<class 'decimal.Decimal'>
MEDIUM,NO_DEFAULT,,final_signal,recommendation.trade_plan.final_signal,true,RECONSTRUCTABLE_FOR_DSI002_ONLY,CURRENT_MODEL_BOUND_TO_DSI002_SOURCE,true,RecommendationTradePlan,false,"point-in-time price, volatility and setup state",ENTRY_AND_TRADE_PLAN_POLICY,RecommendationEngine._build_one,true,CANONICAL_JSON_V1,alpha/recommendation_intelligence/models.py,262f6d805c9342bce2d1d9330ac5c1995bfdae77b51eb6f972c47ac4b22f93e3,true,<class 'str'>
MEDIUM,NO_DEFAULT,,historical_bar_count,recommendation.trade_plan.historical_bar_count,true,RECONSTRUCTABLE_FOR_DSI002_ONLY,CURRENT_MODEL_BOUND_TO_DSI002_SOURCE,true,RecommendationTradePlan,false,"point-in-time price, volatility and setup state",ENTRY_AND_TRADE_PLAN_POLICY,RecommendationEngine._build_one,true,CANONICAL_JSON_V1,alpha/recommendation_intelligence/models.py,262f6d805c9342bce2d1d9330ac5c1995bfdae77b51eb6f972c47ac4b22f93e3,true,<class 'int'>
MEDIUM,NO_DEFAULT,,historical_expectancy,recommendation.evidence_assessment.historical_expectancy,true,RECONSTRUCTABLE_FOR_DSI002_ONLY,CURRENT_MODEL_BOUND_TO_DSI002_SOURCE,false,EvidenceAssessment,false,point-in-time technical evidence,PRODUCER_CONTRACT,RecommendationEngine._build_one,true,CANONICAL_JSON_V1,alpha/recommendation_intelligence/models.py,262f6d805c9342bce2d1d9330ac5c1995bfdae77b51eb6f972c47ac4b22f93e3,false,<class 'alpha.recommendation_intelligence.models.HistoricalExpectancy'>
MEDIUM,NO_DEFAULT,,holding_period_basis,recommendation.trade_plan.holding_period_basis,true,RECONSTRUCTABLE_FOR_DSI002_ONLY,CURRENT_MODEL_BOUND_TO_DSI002_SOURCE,true,RecommendationTradePlan,false,"point-in-time price, volatility and setup state",ENTRY_AND_TRADE_PLAN_POLICY,RecommendationEngine._build_one,true,CANONICAL_JSON_V1,alpha/recommendation_intelligence/models.py,262f6d805c9342bce2d1d9330ac5c1995bfdae77b51eb6f972c47ac4b22f93e3,true,<class 'str'>
MEDIUM,NO_DEFAULT,,initial_stop_loss,recommendation.trade_plan.initial_stop_loss,true,RECONSTRUCTABLE_FOR_DSI002_ONLY,CURRENT_MODEL_BOUND_TO_DSI002_SOURCE,true,RecommendationTradePlan,true,"point-in-time price, volatility and setup state",ENTRY_AND_TRADE_PLAN_POLICY,RecommendationEngine._build_one,true,CANONICAL_JSON_V1,alpha/recommendation_intelligence/models.py,262f6d805c9342bce2d1d9330ac5c1995bfdae77b51eb6f972c47ac4b22f93e3,true,decimal.Decimal | None
MEDIUM,NO_DEFAULT,,invalidation_level,recommendation.evidence_assessment.candle_pattern.invalidation_level,true,RECONSTRUCTABLE_FOR_DSI002_ONLY,CURRENT_MODEL_BOUND_TO_DSI002_SOURCE,false,CandlePatternAssessment,true,point-in-time technical evidence,PRODUCER_CONTRACT,RecommendationEngine._build_one,true,CANONICAL_JSON_V1,alpha/recommendation_intelligence/models.py,262f6d805c9342bce2d1d9330ac5c1995bfdae77b51eb6f972c47ac4b22f93e3,false,decimal.Decimal | None
MEDIUM,NO_DEFAULT,,invalidation_level,recommendation.trade_plan.invalidation_level,true,RECONSTRUCTABLE_FOR_DSI002_ONLY,CURRENT_MODEL_BOUND_TO_DSI002_SOURCE,true,RecommendationTradePlan,true,"point-in-time price, volatility and setup state",ENTRY_AND_TRADE_PLAN_POLICY,RecommendationEngine._build_one,true,CANONICAL_JSON_V1,alpha/recommendation_intelligence/models.py,262f6d805c9342bce2d1d9330ac5c1995bfdae77b51eb6f972c47ac4b22f93e3,true,decimal.Decimal | None
MEDIUM,NO_DEFAULT,,invalidation_reason,recommendation.trade_plan.invalidation_reason,true,RECONSTRUCTABLE_FOR_DSI002_ONLY,CURRENT_MODEL_BOUND_TO_DSI002_SOURCE,true,RecommendationTradePlan,false,"point-in-time price, volatility and setup state",ENTRY_AND_TRADE_PLAN_POLICY,RecommendationEngine._build_one,true,CANONICAL_JSON_V1,alpha/recommendation_intelligence/models.py,262f6d805c9342bce2d1d9330ac5c1995bfdae77b51eb6f972c47ac4b22f93e3,true,<class 'str'>
MEDIUM,NO_DEFAULT,,label,recommendation.evidence_assessment.signals.label,true,RECONSTRUCTABLE_FOR_DSI002_ONLY,CURRENT_MODEL_BOUND_TO_DSI002_SOURCE,false,EvidenceSignal,false,point-in-time technical evidence,PRODUCER_CONTRACT,RecommendationEngine._build_one,true,CANONICAL_JSON_V1,alpha/recommendation_intelligence/models.py,262f6d805c9342bce2d1d9330ac5c1995bfdae77b51eb6f972c47ac4b22f93e3,false,<class 'str'>
MEDIUM,NO_DEFAULT,,label,recommendation.opposing_evidence.label,true,RECONSTRUCTABLE_FOR_DSI002_ONLY,CURRENT_MODEL_BOUND_TO_DSI002_SOURCE,false,RecommendationRisk,false,point-in-time technical evidence,PRODUCER_CONTRACT,RecommendationEngine._build_one,true,CANONICAL_JSON_V1,alpha/recommendation_intelligence/models.py,262f6d805c9342bce2d1d9330ac5c1995bfdae77b51eb6f972c47ac4b22f93e3,false,<class 'str'>
MEDIUM,NO_DEFAULT,,label,recommendation.supporting_evidence.label,true,RECONSTRUCTABLE_FOR_DSI002_ONLY,CURRENT_MODEL_BOUND_TO_DSI002_SOURCE,false,RecommendationEvidence,false,point-in-time technical evidence,PRODUCER_CONTRACT,RecommendationEngine._build_one,true,CANONICAL_JSON_V1,alpha/recommendation_intelligence/models.py,262f6d805c9342bce2d1d9330ac5c1995bfdae77b51eb6f972c47ac4b22f93e3,false,<class 'str'>
MEDIUM,NO_DEFAULT,,max_points,recommendation.supporting_evidence.max_points,true,RECONSTRUCTABLE_FOR_DSI002_ONLY,CURRENT_MODEL_BOUND_TO_DSI002_SOURCE,false,RecommendationEvidence,false,point-in-time technical evidence,PRODUCER_CONTRACT,RecommendationEngine._build_one,true,CANONICAL_JSON_V1,alpha/recommendation_intelligence/models.py,262f6d805c9342bce2d1d9330ac5c1995bfdae77b51eb6f972c47ac4b22f93e3,false,<class 'decimal.Decimal'>
MEDIUM,NO_DEFAULT,,maximum_chase_price,recommendation.trade_plan.maximum_chase_price,true,RECONSTRUCTABLE_FOR_DSI002_ONLY,CURRENT_MODEL_BOUND_TO_DSI002_SOURCE,true,RecommendationTradePlan,true,"point-in-time price, volatility and setup state",ENTRY_AND_TRADE_PLAN_POLICY,RecommendationEngine._build_one,true,CANONICAL_JSON_V1,alpha/recommendation_intelligence/models.py,262f6d805c9342bce2d1d9330ac5c1995bfdae77b51eb6f972c47ac4b22f93e3,true,decimal.Decimal | None
MEDIUM,NO_DEFAULT,,maximum_holding_period,recommendation.trade_plan.maximum_holding_period,true,RECONSTRUCTABLE_FOR_DSI002_ONLY,CURRENT_MODEL_BOUND_TO_DSI002_SOURCE,true,RecommendationTradePlan,true,"point-in-time price, volatility and setup state",ENTRY_AND_TRADE_PLAN_POLICY,RecommendationEngine._build_one,true,CANONICAL_JSON_V1,alpha/recommendation_intelligence/models.py,262f6d805c9342bce2d1d9330ac5c1995bfdae77b51eb6f972c47ac4b22f93e3,true,int | None
MEDIUM,NO_DEFAULT,,minimum_holding_period,recommendation.trade_plan.minimum_holding_period,true,RECONSTRUCTABLE_FOR_DSI002_ONLY,CURRENT_MODEL_BOUND_TO_DSI002_SOURCE,true,RecommendationTradePlan,true,"point-in-time price, volatility and setup state",ENTRY_AND_TRADE_PLAN_POLICY,RecommendationEngine._build_one,true,CANONICAL_JSON_V1,alpha/recommendation_intelligence/models.py,262f6d805c9342bce2d1d9330ac5c1995bfdae77b51eb6f972c47ac4b22f93e3,true,int | None
MEDIUM,NO_DEFAULT,,move_stop_to_breakeven,recommendation.trade_plan.move_stop_to_breakeven,true,RECONSTRUCTABLE_FOR_DSI002_ONLY,CURRENT_MODEL_BOUND_TO_DSI002_SOURCE,true,RecommendationTradePlan,true,"point-in-time price, volatility and setup state",ENTRY_AND_TRADE_PLAN_POLICY,RecommendationEngine._build_one,true,CANONICAL_JSON_V1,alpha/recommendation_intelligence/models.py,262f6d805c9342bce2d1d9330ac5c1995bfdae77b51eb6f972c47ac4b22f93e3,true,decimal.Decimal | None
MEDIUM,NO_DEFAULT,,nearest_fibonacci_level,recommendation.trade_plan.nearest_fibonacci_level,true,RECONSTRUCTABLE_FOR_DSI002_ONLY,CURRENT_MODEL_BOUND_TO_DSI002_SOURCE,true,RecommendationTradePlan,true,"point-in-time price, volatility and setup state",ENTRY_AND_TRADE_PLAN_POLICY,RecommendationEngine._build_one,true,CANONICAL_JSON_V1,alpha/recommendation_intelligence/models.py,262f6d805c9342bce2d1d9330ac5c1995bfdae77b51eb6f972c47ac4b22f93e3,true,decimal.Decimal | None
MEDIUM,NO_DEFAULT,,opposing_evidence,recommendation.opposing_evidence,true,RECONSTRUCTABLE_FOR_DSI002_ONLY,CURRENT_MODEL_BOUND_TO_DSI002_SOURCE,false,RecommendationReport,false,point-in-time technical evidence,PRODUCER_CONTRACT,RecommendationEngine._build_one,true,CANONICAL_JSON_V1,alpha/recommendation_intelligence/models.py,262f6d805c9342bce2d1d9330ac5c1995bfdae77b51eb6f972c47ac4b22f93e3,false,"tuple[alpha.recommendation_intelligence.models.RecommendationRisk, ...]"
MEDIUM,NO_DEFAULT,,partial_exit,recommendation.trade_plan.partial_exit,true,RECONSTRUCTABLE_FOR_DSI002_ONLY,CURRENT_MODEL_BOUND_TO_DSI002_SOURCE,true,RecommendationTradePlan,true,"point-in-time price, volatility and setup state",ENTRY_AND_TRADE_PLAN_POLICY,RecommendationEngine._build_one,true,CANONICAL_JSON_V1,alpha/recommendation_intelligence/models.py,262f6d805c9342bce2d1d9330ac5c1995bfdae77b51eb6f972c47ac4b22f93e3,true,decimal.Decimal | None
MEDIUM,NO_DEFAULT,,pattern,recommendation.evidence_assessment.candle_pattern.pattern,true,RECONSTRUCTABLE_FOR_DSI002_ONLY,CURRENT_MODEL_BOUND_TO_DSI002_SOURCE,false,CandlePatternAssessment,false,point-in-time technical evidence,PRODUCER_CONTRACT,RecommendationEngine._build_one,true,CANONICAL_JSON_V1,alpha/recommendation_intelligence/models.py,262f6d805c9342bce2d1d9330ac5c1995bfdae77b51eb6f972c47ac4b22f93e3,false,<class 'str'>
MEDIUM,NO_DEFAULT,,penalty_points,recommendation.opposing_evidence.penalty_points,true,RECONSTRUCTABLE_FOR_DSI002_ONLY,CURRENT_MODEL_BOUND_TO_DSI002_SOURCE,false,RecommendationRisk,false,point-in-time technical evidence,PRODUCER_CONTRACT,RecommendationEngine._build_one,true,CANONICAL_JSON_V1,alpha/recommendation_intelligence/models.py,262f6d805c9342bce2d1d9330ac5c1995bfdae77b51eb6f972c47ac4b22f93e3,false,<class 'decimal.Decimal'>
MEDIUM,NO_DEFAULT,,points,recommendation.evidence_assessment.signals.points,true,RECONSTRUCTABLE_FOR_DSI002_ONLY,CURRENT_MODEL_BOUND_TO_DSI002_SOURCE,false,EvidenceSignal,false,point-in-time technical evidence,PRODUCER_CONTRACT,RecommendationEngine._build_one,true,CANONICAL_JSON_V1,alpha/recommendation_intelligence/models.py,262f6d805c9342bce2d1d9330ac5c1995bfdae77b51eb6f972c47ac4b22f93e3,false,<class 'decimal.Decimal'>
MEDIUM,NO_DEFAULT,,preferred_entry,recommendation.trade_plan.preferred_entry,true,RECONSTRUCTABLE_FOR_DSI002_ONLY,CURRENT_MODEL_BOUND_TO_DSI002_SOURCE,true,RecommendationTradePlan,true,"point-in-time price, volatility and setup state",ENTRY_AND_TRADE_PLAN_POLICY,RecommendationEngine._build_one,true,CANONICAL_JSON_V1,alpha/recommendation_intelligence/models.py,262f6d805c9342bce2d1d9330ac5c1995bfdae77b51eb6f972c47ac4b22f93e3,true,decimal.Decimal | None
MEDIUM,NO_DEFAULT,,price_evidence,recommendation.evidence_assessment.price_volume.price_evidence,true,RECONSTRUCTABLE_FOR_DSI002_ONLY,CURRENT_MODEL_BOUND_TO_DSI002_SOURCE,false,PriceVolumeAssessment,false,point-in-time technical evidence,PRODUCER_CONTRACT,RecommendationEngine._build_one,true,CANONICAL_JSON_V1,alpha/recommendation_intelligence/models.py,262f6d805c9342bce2d1d9330ac5c1995bfdae77b51eb6f972c47ac4b22f93e3,false,<class 'alpha.recommendation_intelligence.models.PriceEvidence'>
MEDIUM,NO_DEFAULT,,price_score,recommendation.evidence_assessment.price_volume.price_evidence.price_score,true,RECONSTRUCTABLE_FOR_DSI002_ONLY,CURRENT_MODEL_BOUND_TO_DSI002_SOURCE,false,PriceEvidence,false,point-in-time technical evidence,RECOMMENDATION_POLICY,RecommendationEngine._build_one,true,CANONICAL_JSON_V1,alpha/recommendation_intelligence/models.py,262f6d805c9342bce2d1d9330ac5c1995bfdae77b51eb6f972c47ac4b22f93e3,false,<class 'decimal.Decimal'>
MEDIUM,NO_DEFAULT,,price_volume,recommendation.evidence_assessment.price_volume,true,RECONSTRUCTABLE_FOR_DSI002_ONLY,CURRENT_MODEL_BOUND_TO_DSI002_SOURCE,false,EvidenceAssessment,false,point-in-time technical evidence,PRODUCER_CONTRACT,RecommendationEngine._build_one,true,CANONICAL_JSON_V1,alpha/recommendation_intelligence/models.py,262f6d805c9342bce2d1d9330ac5c1995bfdae77b51eb6f972c47ac4b22f93e3,false,<class 'alpha.recommendation_intelligence.models.PriceVolumeAssessment'>
MEDIUM,NO_DEFAULT,,rationale,recommendation.evidence_assessment.setup_quality.rationale,true,RECONSTRUCTABLE_FOR_DSI002_ONLY,CURRENT_MODEL_BOUND_TO_DSI002_SOURCE,false,SetupQualityAssessment,false,point-in-time technical evidence,PRODUCER_CONTRACT,RecommendationEngine._build_one,true,CANONICAL_JSON_V1,alpha/recommendation_intelligence/models.py,262f6d805c9342bce2d1d9330ac5c1995bfdae77b51eb6f972c47ac4b22f93e3,false,<class 'str'>
MEDIUM,NO_DEFAULT,,rationale,recommendation.evidence_assessment.signals.rationale,true,RECONSTRUCTABLE_FOR_DSI002_ONLY,CURRENT_MODEL_BOUND_TO_DSI002_SOURCE,false,EvidenceSignal,false,point-in-time technical evidence,PRODUCER_CONTRACT,RecommendationEngine._build_one,true,CANONICAL_JSON_V1,alpha/recommendation_intelligence/models.py,262f6d805c9342bce2d1d9330ac5c1995bfdae77b51eb6f972c47ac4b22f93e3,false,<class 'str'>
MEDIUM,NO_DEFAULT,,rationale,recommendation.opposing_evidence.rationale,true,RECONSTRUCTABLE_FOR_DSI002_ONLY,CURRENT_MODEL_BOUND_TO_DSI002_SOURCE,false,RecommendationRisk,false,point-in-time technical evidence,PRODUCER_CONTRACT,RecommendationEngine._build_one,true,CANONICAL_JSON_V1,alpha/recommendation_intelligence/models.py,262f6d805c9342bce2d1d9330ac5c1995bfdae77b51eb6f972c47ac4b22f93e3,false,<class 'str'>
MEDIUM,NO_DEFAULT,,rationale,recommendation.supporting_evidence.rationale,true,RECONSTRUCTABLE_FOR_DSI002_ONLY,CURRENT_MODEL_BOUND_TO_DSI002_SOURCE,false,RecommendationEvidence,false,point-in-time technical evidence,PRODUCER_CONTRACT,RecommendationEngine._build_one,true,CANONICAL_JSON_V1,alpha/recommendation_intelligence/models.py,262f6d805c9342bce2d1d9330ac5c1995bfdae77b51eb6f972c47ac4b22f93e3,false,<class 'str'>
MEDIUM,NO_DEFAULT,,regime_adjustment_points,recommendation.evidence_assessment.regime_adjustment_points,true,RECONSTRUCTABLE_FOR_DSI002_ONLY,CURRENT_MODEL_BOUND_TO_DSI002_SOURCE,false,EvidenceAssessment,false,point-in-time technical evidence,PRODUCER_CONTRACT,RecommendationEngine._build_one,true,CANONICAL_JSON_V1,alpha/recommendation_intelligence/models.py,262f6d805c9342bce2d1d9330ac5c1995bfdae77b51eb6f972c47ac4b22f93e3,false,<class 'decimal.Decimal'>
MEDIUM,NO_DEFAULT,,regime_reason,recommendation.evidence_assessment.regime_reason,true,RECONSTRUCTABLE_FOR_DSI002_ONLY,CURRENT_MODEL_BOUND_TO_DSI002_SOURCE,false,EvidenceAssessment,false,point-in-time technical evidence,PRODUCER_CONTRACT,RecommendationEngine._build_one,true,CANONICAL_JSON_V1,alpha/recommendation_intelligence/models.py,262f6d805c9342bce2d1d9330ac5c1995bfdae77b51eb6f972c47ac4b22f93e3,false,<class 'str'>
MEDIUM,NO_DEFAULT,,relative_volume,recommendation.trade_plan.relative_volume,true,RECONSTRUCTABLE_FOR_DSI002_ONLY,CURRENT_MODEL_BOUND_TO_DSI002_SOURCE,true,RecommendationTradePlan,true,"point-in-time price, volatility and setup state",ENTRY_AND_TRADE_PLAN_POLICY,RecommendationEngine._build_one,true,CANONICAL_JSON_V1,alpha/recommendation_intelligence/models.py,262f6d805c9342bce2d1d9330ac5c1995bfdae77b51eb6f972c47ac4b22f93e3,true,decimal.Decimal | None
MEDIUM,NO_DEFAULT,,retracement_score,recommendation.trade_plan.retracement_score,true,RECONSTRUCTABLE_FOR_DSI002_ONLY,CURRENT_MODEL_BOUND_TO_DSI002_SOURCE,true,RecommendationTradePlan,false,"point-in-time price, volatility and setup state",ENTRY_AND_TRADE_PLAN_POLICY,RecommendationEngine._build_one,true,CANONICAL_JSON_V1,alpha/recommendation_intelligence/models.py,262f6d805c9342bce2d1d9330ac5c1995bfdae77b51eb6f972c47ac4b22f93e3,true,<class 'decimal.Decimal'>
MEDIUM,NO_DEFAULT,,retracement_state,recommendation.evidence_assessment.price_volume.price_evidence.retracement_state,true,RECONSTRUCTABLE_FOR_DSI002_ONLY,CURRENT_MODEL_BOUND_TO_DSI002_SOURCE,false,PriceEvidence,false,point-in-time technical evidence,PRODUCER_CONTRACT,RecommendationEngine._build_one,true,CANONICAL_JSON_V1,alpha/recommendation_intelligence/models.py,262f6d805c9342bce2d1d9330ac5c1995bfdae77b51eb6f972c47ac4b22f93e3,false,<class 'str'>
MEDIUM,NO_DEFAULT,,retracement_weight,recommendation.trade_plan.retracement_weight,true,RECONSTRUCTABLE_FOR_DSI002_ONLY,CURRENT_MODEL_BOUND_TO_DSI002_SOURCE,true,RecommendationTradePlan,false,"point-in-time price, volatility and setup state",ENTRY_AND_TRADE_PLAN_POLICY,RecommendationEngine._build_one,true,CANONICAL_JSON_V1,alpha/recommendation_intelligence/models.py,262f6d805c9342bce2d1d9330ac5c1995bfdae77b51eb6f972c47ac4b22f93e3,true,<class 'decimal.Decimal'>
MEDIUM,NO_DEFAULT,,retracement_zone,recommendation.trade_plan.retracement_zone,true,RECONSTRUCTABLE_FOR_DSI002_ONLY,CURRENT_MODEL_BOUND_TO_DSI002_SOURCE,true,RecommendationTradePlan,false,"point-in-time price, volatility and setup state",ENTRY_AND_TRADE_PLAN_POLICY,RecommendationEngine._build_one,true,CANONICAL_JSON_V1,alpha/recommendation_intelligence/models.py,262f6d805c9342bce2d1d9330ac5c1995bfdae77b51eb6f972c47ac4b22f93e3,true,<class 'str'>
MEDIUM,NO_DEFAULT,,risk_reward_ratio,recommendation.trade_plan.risk_reward_ratio,true,RECONSTRUCTABLE_FOR_DSI002_ONLY,CURRENT_MODEL_BOUND_TO_DSI002_SOURCE,true,RecommendationTradePlan,true,"point-in-time price, volatility and setup state",ENTRY_AND_TRADE_PLAN_POLICY,RecommendationEngine._build_one,true,CANONICAL_JSON_V1,alpha/recommendation_intelligence/models.py,262f6d805c9342bce2d1d9330ac5c1995bfdae77b51eb6f972c47ac4b22f93e3,true,decimal.Decimal | None
MEDIUM,NO_DEFAULT,,score,recommendation.evidence_assessment.candle_pattern.score,true,RECONSTRUCTABLE_FOR_DSI002_ONLY,CURRENT_MODEL_BOUND_TO_DSI002_SOURCE,true,CandlePatternAssessment,false,point-in-time technical evidence,RECOMMENDATION_POLICY,RecommendationEngine._build_one,true,CANONICAL_JSON_V1,alpha/recommendation_intelligence/models.py,262f6d805c9342bce2d1d9330ac5c1995bfdae77b51eb6f972c47ac4b22f93e3,false,<class 'decimal.Decimal'>
MEDIUM,NO_DEFAULT,,score,recommendation.evidence_assessment.score,true,RECONSTRUCTABLE_FOR_DSI002_ONLY,CURRENT_MODEL_BOUND_TO_DSI002_SOURCE,true,EvidenceAssessment,false,point-in-time technical evidence,RECOMMENDATION_POLICY,RecommendationEngine._build_one,true,CANONICAL_JSON_V1,alpha/recommendation_intelligence/models.py,262f6d805c9342bce2d1d9330ac5c1995bfdae77b51eb6f972c47ac4b22f93e3,false,<class 'decimal.Decimal'>
MEDIUM,NO_DEFAULT,,score,recommendation.evidence_assessment.setup_quality.score,true,RECONSTRUCTABLE_FOR_DSI002_ONLY,CURRENT_MODEL_BOUND_TO_DSI002_SOURCE,true,SetupQualityAssessment,false,point-in-time technical evidence,RECOMMENDATION_POLICY,RecommendationEngine._build_one,true,CANONICAL_JSON_V1,alpha/recommendation_intelligence/models.py,262f6d805c9342bce2d1d9330ac5c1995bfdae77b51eb6f972c47ac4b22f93e3,false,<class 'decimal.Decimal'>
MEDIUM,NO_DEFAULT,,score,recommendation.evidence_assessment.signals.score,true,RECONSTRUCTABLE_FOR_DSI002_ONLY,CURRENT_MODEL_BOUND_TO_DSI002_SOURCE,true,EvidenceSignal,false,point-in-time technical evidence,RECOMMENDATION_POLICY,RecommendationEngine._build_one,true,CANONICAL_JSON_V1,alpha/recommendation_intelligence/models.py,262f6d805c9342bce2d1d9330ac5c1995bfdae77b51eb6f972c47ac4b22f93e3,false,<class 'decimal.Decimal'>
MEDIUM,NO_DEFAULT,,score_points,recommendation.supporting_evidence.score_points,true,RECONSTRUCTABLE_FOR_DSI002_ONLY,CURRENT_MODEL_BOUND_TO_DSI002_SOURCE,true,RecommendationEvidence,false,point-in-time technical evidence,RECOMMENDATION_POLICY,RecommendationEngine._build_one,true,CANONICAL_JSON_V1,alpha/recommendation_intelligence/models.py,262f6d805c9342bce2d1d9330ac5c1995bfdae77b51eb6f972c47ac4b22f93e3,false,<class 'decimal.Decimal'>
MEDIUM,NO_DEFAULT,,selloff_volume_penalty,recommendation.evidence_assessment.price_volume.volume_evidence.selloff_volume_penalty,true,RECONSTRUCTABLE_FOR_DSI002_ONLY,CURRENT_MODEL_BOUND_TO_DSI002_SOURCE,false,VolumeEvidence,false,point-in-time technical evidence,PRODUCER_CONTRACT,RecommendationEngine._build_one,true,CANONICAL_JSON_V1,alpha/recommendation_intelligence/models.py,262f6d805c9342bce2d1d9330ac5c1995bfdae77b51eb6f972c47ac4b22f93e3,false,<class 'decimal.Decimal'>
MEDIUM,NO_DEFAULT,,setup_category,recommendation.trade_plan.setup_category,true,RECONSTRUCTABLE_FOR_DSI002_ONLY,CURRENT_MODEL_BOUND_TO_DSI002_SOURCE,true,RecommendationTradePlan,false,"point-in-time price, volatility and setup state",ENTRY_AND_TRADE_PLAN_POLICY,RecommendationEngine._build_one,true,CANONICAL_JSON_V1,alpha/recommendation_intelligence/models.py,262f6d805c9342bce2d1d9330ac5c1995bfdae77b51eb6f972c47ac4b22f93e3,true,<class 'str'>
MEDIUM,NO_DEFAULT,,setup_confidence,recommendation.trade_plan.setup_confidence,true,RECONSTRUCTABLE_FOR_DSI002_ONLY,CURRENT_MODEL_BOUND_TO_DSI002_SOURCE,true,RecommendationTradePlan,false,"point-in-time price, volatility and setup state",ENTRY_AND_TRADE_PLAN_POLICY,RecommendationEngine._build_one,true,CANONICAL_JSON_V1,alpha/recommendation_intelligence/models.py,262f6d805c9342bce2d1d9330ac5c1995bfdae77b51eb6f972c47ac4b22f93e3,true,<class 'decimal.Decimal'>
MEDIUM,NO_DEFAULT,,setup_entry_ready,recommendation.trade_plan.setup_entry_ready,true,RECONSTRUCTABLE_FOR_DSI002_ONLY,CURRENT_MODEL_BOUND_TO_DSI002_SOURCE,true,RecommendationTradePlan,false,"point-in-time price, volatility and setup state",ENTRY_AND_TRADE_PLAN_POLICY,RecommendationEngine._build_one,true,CANONICAL_JSON_V1,alpha/recommendation_intelligence/models.py,262f6d805c9342bce2d1d9330ac5c1995bfdae77b51eb6f972c47ac4b22f93e3,true,<class 'bool'>
MEDIUM,NO_DEFAULT,,setup_expectancy_status,recommendation.trade_plan.setup_expectancy_status,true,RECONSTRUCTABLE_FOR_DSI002_ONLY,CURRENT_MODEL_BOUND_TO_DSI002_SOURCE,true,RecommendationTradePlan,false,"point-in-time price, volatility and setup state",ENTRY_AND_TRADE_PLAN_POLICY,RecommendationEngine._build_one,true,CANONICAL_JSON_V1,alpha/recommendation_intelligence/models.py,262f6d805c9342bce2d1d9330ac5c1995bfdae77b51eb6f972c47ac4b22f93e3,true,<class 'str'>
MEDIUM,NO_DEFAULT,,setup_name,recommendation.trade_plan.setup_name,true,RECONSTRUCTABLE_FOR_DSI002_ONLY,CURRENT_MODEL_BOUND_TO_DSI002_SOURCE,true,RecommendationTradePlan,false,"point-in-time price, volatility and setup state",ENTRY_AND_TRADE_PLAN_POLICY,RecommendationEngine._build_one,true,CANONICAL_JSON_V1,alpha/recommendation_intelligence/models.py,262f6d805c9342bce2d1d9330ac5c1995bfdae77b51eb6f972c47ac4b22f93e3,true,<class 'str'>
MEDIUM,NO_DEFAULT,,setup_quality,recommendation.evidence_assessment.setup_quality,true,RECONSTRUCTABLE_FOR_DSI002_ONLY,CURRENT_MODEL_BOUND_TO_DSI002_SOURCE,false,EvidenceAssessment,false,point-in-time technical evidence,PRODUCER_CONTRACT,RecommendationEngine._build_one,true,CANONICAL_JSON_V1,alpha/recommendation_intelligence/models.py,262f6d805c9342bce2d1d9330ac5c1995bfdae77b51eb6f972c47ac4b22f93e3,false,<class 'alpha.recommendation_intelligence.models.SetupQualityAssessment'>
MEDIUM,NO_DEFAULT,,setup_quality_label,recommendation.trade_plan.setup_quality_label,true,RECONSTRUCTABLE_FOR_DSI002_ONLY,CURRENT_MODEL_BOUND_TO_DSI002_SOURCE,true,RecommendationTradePlan,false,"point-in-time price, volatility and setup state",ENTRY_AND_TRADE_PLAN_POLICY,RecommendationEngine._build_one,true,CANONICAL_JSON_V1,alpha/recommendation_intelligence/models.py,262f6d805c9342bce2d1d9330ac5c1995bfdae77b51eb6f972c47ac4b22f93e3,true,<class 'str'>
MEDIUM,NO_DEFAULT,,setup_rationale,recommendation.trade_plan.setup_rationale,true,RECONSTRUCTABLE_FOR_DSI002_ONLY,CURRENT_MODEL_BOUND_TO_DSI002_SOURCE,true,RecommendationTradePlan,false,"point-in-time price, volatility and setup state",ENTRY_AND_TRADE_PLAN_POLICY,RecommendationEngine._build_one,true,CANONICAL_JSON_V1,alpha/recommendation_intelligence/models.py,262f6d805c9342bce2d1d9330ac5c1995bfdae77b51eb6f972c47ac4b22f93e3,true,<class 'str'>
MEDIUM,NO_DEFAULT,,setup_readiness_reason,recommendation.trade_plan.setup_readiness_reason,true,RECONSTRUCTABLE_FOR_DSI002_ONLY,CURRENT_MODEL_BOUND_TO_DSI002_SOURCE,true,RecommendationTradePlan,false,"point-in-time price, volatility and setup state",ENTRY_AND_TRADE_PLAN_POLICY,RecommendationEngine._build_one,true,CANONICAL_JSON_V1,alpha/recommendation_intelligence/models.py,262f6d805c9342bce2d1d9330ac5c1995bfdae77b51eb6f972c47ac4b22f93e3,true,<class 'str'>
MEDIUM,NO_DEFAULT,,setup_stage,recommendation.trade_plan.setup_stage,true,RECONSTRUCTABLE_FOR_DSI002_ONLY,CURRENT_MODEL_BOUND_TO_DSI002_SOURCE,true,RecommendationTradePlan,false,"point-in-time price, volatility and setup state",ENTRY_AND_TRADE_PLAN_POLICY,RecommendationEngine._build_one,true,CANONICAL_JSON_V1,alpha/recommendation_intelligence/models.py,262f6d805c9342bce2d1d9330ac5c1995bfdae77b51eb6f972c47ac4b22f93e3,true,<class 'str'>
MEDIUM,NO_DEFAULT,,setup_type,recommendation.evidence_assessment.setup_quality.setup_type,true,RECONSTRUCTABLE_FOR_DSI002_ONLY,CURRENT_MODEL_BOUND_TO_DSI002_SOURCE,false,SetupQualityAssessment,false,point-in-time technical evidence,PRODUCER_CONTRACT,RecommendationEngine._build_one,true,CANONICAL_JSON_V1,alpha/recommendation_intelligence/models.py,262f6d805c9342bce2d1d9330ac5c1995bfdae77b51eb6f972c47ac4b22f93e3,false,<class 'str'>
MEDIUM,NO_DEFAULT,,signals,recommendation.evidence_assessment.signals,true,RECONSTRUCTABLE_FOR_DSI002_ONLY,CURRENT_MODEL_BOUND_TO_DSI002_SOURCE,false,EvidenceAssessment,false,point-in-time technical evidence,PRODUCER_CONTRACT,RecommendationEngine._build_one,true,CANONICAL_JSON_V1,alpha/recommendation_intelligence/models.py,262f6d805c9342bce2d1d9330ac5c1995bfdae77b51eb6f972c47ac4b22f93e3,false,"tuple[alpha.recommendation_intelligence.models.EvidenceSignal, ...]"
MEDIUM,NO_DEFAULT,,stop_chase_price,recommendation.trade_plan.stop_chase_price,true,RECONSTRUCTABLE_FOR_DSI002_ONLY,CURRENT_MODEL_BOUND_TO_DSI002_SOURCE,true,RecommendationTradePlan,true,"point-in-time price, volatility and setup state",ENTRY_AND_TRADE_PLAN_POLICY,RecommendationEngine._build_one,true,CANONICAL_JSON_V1,alpha/recommendation_intelligence/models.py,262f6d805c9342bce2d1d9330ac5c1995bfdae77b51eb6f972c47ac4b22f93e3,true,decimal.Decimal | None
MEDIUM,NO_DEFAULT,,stop_level,recommendation.evidence_assessment.candle_pattern.stop_level,true,RECONSTRUCTABLE_FOR_DSI002_ONLY,CURRENT_MODEL_BOUND_TO_DSI002_SOURCE,false,CandlePatternAssessment,true,point-in-time technical evidence,PRODUCER_CONTRACT,RecommendationEngine._build_one,true,CANONICAL_JSON_V1,alpha/recommendation_intelligence/models.py,262f6d805c9342bce2d1d9330ac5c1995bfdae77b51eb6f972c47ac4b22f93e3,false,decimal.Decimal | None
MEDIUM,NO_DEFAULT,,structure_state,recommendation.evidence_assessment.price_volume.price_evidence.structure_state,true,RECONSTRUCTABLE_FOR_DSI002_ONLY,CURRENT_MODEL_BOUND_TO_DSI002_SOURCE,false,PriceEvidence,false,point-in-time technical evidence,PRODUCER_CONTRACT,RecommendationEngine._build_one,true,CANONICAL_JSON_V1,alpha/recommendation_intelligence/models.py,262f6d805c9342bce2d1d9330ac5c1995bfdae77b51eb6f972c47ac4b22f93e3,false,<class 'str'>
MEDIUM,NO_DEFAULT,,support_level_used,recommendation.trade_plan.support_level_used,true,RECONSTRUCTABLE_FOR_DSI002_ONLY,CURRENT_MODEL_BOUND_TO_DSI002_SOURCE,true,RecommendationTradePlan,true,"point-in-time price, volatility and setup state",ENTRY_AND_TRADE_PLAN_POLICY,RecommendationEngine._build_one,true,CANONICAL_JSON_V1,alpha/recommendation_intelligence/models.py,262f6d805c9342bce2d1d9330ac5c1995bfdae77b51eb6f972c47ac4b22f93e3,true,decimal.Decimal | None
MEDIUM,NO_DEFAULT,,support_resistance_state,recommendation.evidence_assessment.price_volume.price_evidence.support_resistance_state,true,RECONSTRUCTABLE_FOR_DSI002_ONLY,CURRENT_MODEL_BOUND_TO_DSI002_SOURCE,false,PriceEvidence,false,point-in-time technical evidence,PRODUCER_CONTRACT,RecommendationEngine._build_one,true,CANONICAL_JSON_V1,alpha/recommendation_intelligence/models.py,262f6d805c9342bce2d1d9330ac5c1995bfdae77b51eb6f972c47ac4b22f93e3,false,<class 'str'>
MEDIUM,NO_DEFAULT,,supporting_evidence,recommendation.supporting_evidence,true,RECONSTRUCTABLE_FOR_DSI002_ONLY,CURRENT_MODEL_BOUND_TO_DSI002_SOURCE,false,RecommendationReport,false,point-in-time technical evidence,PRODUCER_CONTRACT,RecommendationEngine._build_one,true,CANONICAL_JSON_V1,alpha/recommendation_intelligence/models.py,262f6d805c9342bce2d1d9330ac5c1995bfdae77b51eb6f972c47ac4b22f93e3,false,"tuple[alpha.recommendation_intelligence.models.RecommendationEvidence, ...]"
MEDIUM,NO_DEFAULT,,supports_buy,recommendation.evidence_assessment.price_volume.supports_buy,true,RECONSTRUCTABLE_FOR_DSI002_ONLY,CURRENT_MODEL_BOUND_TO_DSI002_SOURCE,false,PriceVolumeAssessment,false,point-in-time technical evidence,PRODUCER_CONTRACT,RecommendationEngine._build_one,true,CANONICAL_JSON_V1,alpha/recommendation_intelligence/models.py,262f6d805c9342bce2d1d9330ac5c1995bfdae77b51eb6f972c47ac4b22f93e3,false,<class 'bool'>
MEDIUM,NO_DEFAULT,,supports_sell,recommendation.evidence_assessment.price_volume.supports_sell,true,RECONSTRUCTABLE_FOR_DSI002_ONLY,CURRENT_MODEL_BOUND_TO_DSI002_SOURCE,false,PriceVolumeAssessment,false,point-in-time technical evidence,PRODUCER_CONTRACT,RecommendationEngine._build_one,true,CANONICAL_JSON_V1,alpha/recommendation_intelligence/models.py,262f6d805c9342bce2d1d9330ac5c1995bfdae77b51eb6f972c47ac4b22f93e3,false,<class 'bool'>
MEDIUM,NO_DEFAULT,,swing_high,recommendation.trade_plan.swing_high,true,RECONSTRUCTABLE_FOR_DSI002_ONLY,CURRENT_MODEL_BOUND_TO_DSI002_SOURCE,true,RecommendationTradePlan,true,"point-in-time price, volatility and setup state",ENTRY_AND_TRADE_PLAN_POLICY,RecommendationEngine._build_one,true,CANONICAL_JSON_V1,alpha/recommendation_intelligence/models.py,262f6d805c9342bce2d1d9330ac5c1995bfdae77b51eb6f972c47ac4b22f93e3,true,decimal.Decimal | None
MEDIUM,NO_DEFAULT,,swing_low,recommendation.trade_plan.swing_low,true,RECONSTRUCTABLE_FOR_DSI002_ONLY,CURRENT_MODEL_BOUND_TO_DSI002_SOURCE,true,RecommendationTradePlan,true,"point-in-time price, volatility and setup state",ENTRY_AND_TRADE_PLAN_POLICY,RecommendationEngine._build_one,true,CANONICAL_JSON_V1,alpha/recommendation_intelligence/models.py,262f6d805c9342bce2d1d9330ac5c1995bfdae77b51eb6f972c47ac4b22f93e3,true,decimal.Decimal | None
MEDIUM,NO_DEFAULT,,target_1,recommendation.trade_plan.target_1,true,RECONSTRUCTABLE_FOR_DSI002_ONLY,CURRENT_MODEL_BOUND_TO_DSI002_SOURCE,true,RecommendationTradePlan,true,"point-in-time price, volatility and setup state",ENTRY_AND_TRADE_PLAN_POLICY,RecommendationEngine._build_one,true,CANONICAL_JSON_V1,alpha/recommendation_intelligence/models.py,262f6d805c9342bce2d1d9330ac5c1995bfdae77b51eb6f972c47ac4b22f93e3,true,decimal.Decimal | None
MEDIUM,NO_DEFAULT,,target_2,recommendation.trade_plan.target_2,true,RECONSTRUCTABLE_FOR_DSI002_ONLY,CURRENT_MODEL_BOUND_TO_DSI002_SOURCE,true,RecommendationTradePlan,true,"point-in-time price, volatility and setup state",ENTRY_AND_TRADE_PLAN_POLICY,RecommendationEngine._build_one,true,CANONICAL_JSON_V1,alpha/recommendation_intelligence/models.py,262f6d805c9342bce2d1d9330ac5c1995bfdae77b51eb6f972c47ac4b22f93e3,true,decimal.Decimal | None
MEDIUM,NO_DEFAULT,,target_3,recommendation.trade_plan.target_3,true,RECONSTRUCTABLE_FOR_DSI002_ONLY,CURRENT_MODEL_BOUND_TO_DSI002_SOURCE,true,RecommendationTradePlan,true,"point-in-time price, volatility and setup state",ENTRY_AND_TRADE_PLAN_POLICY,RecommendationEngine._build_one,true,CANONICAL_JSON_V1,alpha/recommendation_intelligence/models.py,262f6d805c9342bce2d1d9330ac5c1995bfdae77b51eb6f972c47ac4b22f93e3,true,decimal.Decimal | None
MEDIUM,NO_DEFAULT,,trade_plan,recommendation.trade_plan,true,RECONSTRUCTABLE_FOR_DSI002_ONLY,CURRENT_MODEL_BOUND_TO_DSI002_SOURCE,true,RecommendationReport,false,"point-in-time price, volatility and setup state",ENTRY_AND_TRADE_PLAN_POLICY,RecommendationEngine._build_one,true,CANONICAL_JSON_V1,alpha/recommendation_intelligence/models.py,262f6d805c9342bce2d1d9330ac5c1995bfdae77b51eb6f972c47ac4b22f93e3,true,<class 'alpha.recommendation_intelligence.models.RecommendationTradePlan'>
MEDIUM,NO_DEFAULT,,trade_plan_explanation,recommendation.trade_plan.trade_plan_explanation,true,RECONSTRUCTABLE_FOR_DSI002_ONLY,CURRENT_MODEL_BOUND_TO_DSI002_SOURCE,true,RecommendationTradePlan,false,"point-in-time price, volatility and setup state",ENTRY_AND_TRADE_PLAN_POLICY,RecommendationEngine._build_one,true,CANONICAL_JSON_V1,alpha/recommendation_intelligence/models.py,262f6d805c9342bce2d1d9330ac5c1995bfdae77b51eb6f972c47ac4b22f93e3,true,<class 'str'>
MEDIUM,NO_DEFAULT,,trailing_stop_strategy,recommendation.trade_plan.trailing_stop_strategy,true,RECONSTRUCTABLE_FOR_DSI002_ONLY,CURRENT_MODEL_BOUND_TO_DSI002_SOURCE,true,RecommendationTradePlan,false,"point-in-time price, volatility and setup state",ENTRY_AND_TRADE_PLAN_POLICY,RecommendationEngine._build_one,true,CANONICAL_JSON_V1,alpha/recommendation_intelligence/models.py,262f6d805c9342bce2d1d9330ac5c1995bfdae77b51eb6f972c47ac4b22f93e3,true,<class 'str'>
MEDIUM,NO_DEFAULT,,trend_state,recommendation.evidence_assessment.price_volume.price_evidence.trend_state,true,RECONSTRUCTABLE_FOR_DSI002_ONLY,CURRENT_MODEL_BOUND_TO_DSI002_SOURCE,false,PriceEvidence,false,point-in-time technical evidence,PRODUCER_CONTRACT,RecommendationEngine._build_one,true,CANONICAL_JSON_V1,alpha/recommendation_intelligence/models.py,262f6d805c9342bce2d1d9330ac5c1995bfdae77b51eb6f972c47ac4b22f93e3,false,<class 'str'>
MEDIUM,NO_DEFAULT,,unavailable_reasons,recommendation.trade_plan.unavailable_reasons,true,RECONSTRUCTABLE_FOR_DSI002_ONLY,CURRENT_MODEL_BOUND_TO_DSI002_SOURCE,true,RecommendationTradePlan,false,"point-in-time price, volatility and setup state",ENTRY_AND_TRADE_PLAN_POLICY,RecommendationEngine._build_one,true,CANONICAL_JSON_V1,alpha/recommendation_intelligence/models.py,262f6d805c9342bce2d1d9330ac5c1995bfdae77b51eb6f972c47ac4b22f93e3,true,"tuple[str, ...]"
MEDIUM,NO_DEFAULT,,volatility_state,recommendation.evidence_assessment.price_volume.price_evidence.volatility_state,true,RECONSTRUCTABLE_FOR_DSI002_ONLY,CURRENT_MODEL_BOUND_TO_DSI002_SOURCE,false,PriceEvidence,false,point-in-time technical evidence,PRODUCER_CONTRACT,RecommendationEngine._build_one,true,CANONICAL_JSON_V1,alpha/recommendation_intelligence/models.py,262f6d805c9342bce2d1d9330ac5c1995bfdae77b51eb6f972c47ac4b22f93e3,false,<class 'str'>
MEDIUM,NO_DEFAULT,,volume_confirmed,recommendation.evidence_assessment.candle_pattern.volume_confirmed,true,RECONSTRUCTABLE_FOR_DSI002_ONLY,CURRENT_MODEL_BOUND_TO_DSI002_SOURCE,false,CandlePatternAssessment,false,point-in-time technical evidence,PRODUCER_CONTRACT,RecommendationEngine._build_one,true,CANONICAL_JSON_V1,alpha/recommendation_intelligence/models.py,262f6d805c9342bce2d1d9330ac5c1995bfdae77b51eb6f972c47ac4b22f93e3,false,<class 'bool'>
MEDIUM,NO_DEFAULT,,volume_dry_up_score,recommendation.evidence_assessment.price_volume.volume_evidence.volume_dry_up_score,true,RECONSTRUCTABLE_FOR_DSI002_ONLY,CURRENT_MODEL_BOUND_TO_DSI002_SOURCE,false,VolumeEvidence,false,point-in-time technical evidence,RECOMMENDATION_POLICY,RecommendationEngine._build_one,true,CANONICAL_JSON_V1,alpha/recommendation_intelligence/models.py,262f6d805c9342bce2d1d9330ac5c1995bfdae77b51eb6f972c47ac4b22f93e3,false,<class 'decimal.Decimal'>
MEDIUM,NO_DEFAULT,,volume_evidence,recommendation.evidence_assessment.price_volume.volume_evidence,true,RECONSTRUCTABLE_FOR_DSI002_ONLY,CURRENT_MODEL_BOUND_TO_DSI002_SOURCE,false,PriceVolumeAssessment,false,point-in-time technical evidence,PRODUCER_CONTRACT,RecommendationEngine._build_one,true,CANONICAL_JSON_V1,alpha/recommendation_intelligence/models.py,262f6d805c9342bce2d1d9330ac5c1995bfdae77b51eb6f972c47ac4b22f93e3,false,<class 'alpha.recommendation_intelligence.models.VolumeEvidence'>
MEDIUM,NO_DEFAULT,,volume_expansion_score,recommendation.evidence_assessment.price_volume.volume_evidence.volume_expansion_score,true,RECONSTRUCTABLE_FOR_DSI002_ONLY,CURRENT_MODEL_BOUND_TO_DSI002_SOURCE,false,VolumeEvidence,false,point-in-time technical evidence,RECOMMENDATION_POLICY,RecommendationEngine._build_one,true,CANONICAL_JSON_V1,alpha/recommendation_intelligence/models.py,262f6d805c9342bce2d1d9330ac5c1995bfdae77b51eb6f972c47ac4b22f93e3,false,<class 'decimal.Decimal'>
MEDIUM,NO_DEFAULT,,volume_score,recommendation.evidence_assessment.price_volume.volume_evidence.volume_score,true,RECONSTRUCTABLE_FOR_DSI002_ONLY,CURRENT_MODEL_BOUND_TO_DSI002_SOURCE,false,VolumeEvidence,false,point-in-time technical evidence,RECOMMENDATION_POLICY,RecommendationEngine._build_one,true,CANONICAL_JSON_V1,alpha/recommendation_intelligence/models.py,262f6d805c9342bce2d1d9330ac5c1995bfdae77b51eb6f972c47ac4b22f93e3,false,<class 'decimal.Decimal'>
MEDIUM,NO_DEFAULT,,volume_vs_average,recommendation.evidence_assessment.price_volume.volume_evidence.volume_vs_average,true,RECONSTRUCTABLE_FOR_DSI002_ONLY,CURRENT_MODEL_BOUND_TO_DSI002_SOURCE,false,VolumeEvidence,false,point-in-time technical evidence,PRODUCER_CONTRACT,RecommendationEngine._build_one,true,CANONICAL_JSON_V1,alpha/recommendation_intelligence/models.py,262f6d805c9342bce2d1d9330ac5c1995bfdae77b51eb6f972c47ac4b22f93e3,false,<class 'decimal.Decimal'>
MEDIUM,NO_DEFAULT,,weight,recommendation.evidence_assessment.candle_pattern.weight,true,RECONSTRUCTABLE_FOR_DSI002_ONLY,CURRENT_MODEL_BOUND_TO_DSI002_SOURCE,false,CandlePatternAssessment,false,point-in-time technical evidence,PRODUCER_CONTRACT,RecommendationEngine._build_one,true,CANONICAL_JSON_V1,alpha/recommendation_intelligence/models.py,262f6d805c9342bce2d1d9330ac5c1995bfdae77b51eb6f972c47ac4b22f93e3,false,<class 'decimal.Decimal'>
MEDIUM,NO_DEFAULT,,weight,recommendation.evidence_assessment.signals.weight,true,RECONSTRUCTABLE_FOR_DSI002_ONLY,CURRENT_MODEL_BOUND_TO_DSI002_SOURCE,false,EvidenceSignal,false,point-in-time technical evidence,PRODUCER_CONTRACT,RecommendationEngine._build_one,true,CANONICAL_JSON_V1,alpha/recommendation_intelligence/models.py,262f6d805c9342bce2d1d9330ac5c1995bfdae77b51eb6f972c47ac4b22f93e3,false,<class 'decimal.Decimal'>
MEDIUM,NO_DEFAULT,BEARISH|BULLISH|NEUTRAL,direction,recommendation.evidence_assessment.signals.direction,true,RECONSTRUCTABLE_FOR_DSI002_ONLY,CURRENT_MODEL_BOUND_TO_DSI002_SOURCE,false,EvidenceSignal,false,point-in-time technical evidence,PRODUCER_CONTRACT,RecommendationEngine._build_one,true,CANONICAL_JSON_V1,alpha/recommendation_intelligence/models.py,262f6d805c9342bce2d1d9330ac5c1995bfdae77b51eb6f972c47ac4b22f93e3,false,<enum 'EvidenceDirection'>
MEDIUM,NO_DEFAULT,BREAKOUT_WITH_VOLUME|CLOSE_ABOVE|CROSS_ABOVE|ENTER_IN_ZONE|PULLBACK_TO_LEVEL|RETEST_HOLD,entry_trigger_style,recommendation.trade_plan.entry_trigger_style,true,RECONSTRUCTABLE_FOR_DSI002_ONLY,CURRENT_MODEL_BOUND_TO_DSI002_SOURCE,true,RecommendationTradePlan,false,"point-in-time price, volatility and setup state",ENTRY_AND_TRADE_PLAN_POLICY,RecommendationEngine._build_one,true,CANONICAL_JSON_V1,alpha/recommendation_intelligence/models.py,262f6d805c9342bce2d1d9330ac5c1995bfdae77b51eb6f972c47ac4b22f93e3,true,<enum 'EntryTriggerStyle'>
MEDIUM,NO_DEFAULT,INVALID_OR_NOT_ACTIONABLE|TRIGGER_CONFIRMED|WAITING_FOR_CLOSE_ABOVE|WAITING_FOR_CROSS_ABOVE|WAITING_FOR_VOLUME_CONFIRMATION,trigger_status,recommendation.trade_plan.trigger_status,true,RECONSTRUCTABLE_FOR_DSI002_ONLY,CURRENT_MODEL_BOUND_TO_DSI002_SOURCE,true,RecommendationTradePlan,false,"point-in-time price, volatility and setup state",ENTRY_AND_TRADE_PLAN_POLICY,RecommendationEngine._build_one,true,CANONICAL_JSON_V1,alpha/recommendation_intelligence/models.py,262f6d805c9342bce2d1d9330ac5c1995bfdae77b51eb6f972c47ac4b22f93e3,true,<enum 'TriggerStatus'>
