allocation_decision,base_decision,candidate_arm_id,candidate_exclusion_reason,complete_stack_recorded,economic_candidate_id,final_signal,input_fingerprint,observed_on,point_in_time_valid,price_view,recommendation_score,setup_stage,source,stress_state,symbol,terminal_decision,trade_plan_state
SKIP,REJECT,0009fc5f4c6286c75b88012abf9cb2b14bc3fb9fe4009653ccbac8c70d610615,,true,a250dd6a0d3d25d5d776d8916feb759c270689c00ba2a48cb18e057586422267,SELL,9523651ddcdc6f49597afdfd8fd49f002990f02784b9d60874be594a8695cb88,2026-06-16,true,RAW,35.00,INVALID,B5|DSI001,NOT_APPLICABLE,NHPC,REJECT,NOT_APPLICABLE
SKIP,REJECT,00141a418d665a11d8f6ae40d11384bcd04b0446ac7a5b4a39d7810bb4b5a8b9,,true,13b1c6d14117c80bc6688c312778fdaa783f5b83c288e6447f7b074f2d801f1e,BUY,54ec47f0cfe5f1895f695a6ccd136b9f5f40422e45028162c2586962f6b57b15,2026-06-29,true,ADJUSTED,83.76,ENTRY_READY,B5|DSI001,NOT_APPLICABLE,YESBANK,REJECT,NOT_APPLICABLE
SKIP,REJECT,002dae96a0e890c7c7424521bdbd8d2110fdd9724031ea893b6f091bba8fe6b2,,true,037c3fc899dbf43f63c4e7d86dd1f3d7057f1b420ea98057e91ccb37c185851c,AVOID,9e04e11ae43f56ee59600dffee69695ec215c684204780cd3c4e44608d342626,2026-01-01,true,ADJUSTED,49.10,BUILDING,B5|DSI001,NOT_APPLICABLE,HINDCOPPER,REJECT,NOT_APPLICABLE
SKIP,REJECT,0036a016da5e336f86791538bf2c5658e6361b78ee3cebeaed9aa05f1056a9fb,,true,368a7f1a943dee3eaa3f6e60be2f3a0fdd51ae760c7fc843f4624a524c814f68,SELL,5229240bdc7098ebb4965786e1e34e46a5d61a8ee83895977565752828de3832,2026-03-09,true,RAW,35.00,INVALID,B5|DSI001,NOT_APPLICABLE,HDFCBANK,REJECT,NOT_APPLICABLE
SKIP,REJECT,007ab0df57645d512c2030a2624a974c21b6507458c7795cd05589679c3fe93c,,true,dea9873445809cab24c1d2dced0007d1362d9cd2a140653a120ad339e9d73065,WATCHLIST,b4b8e990f093978ab9b1b3cdc53e6f29ec1109e034716c25d1da51268ab4b5d6,2026-01-27,true,ADJUSTED,64.45,BUILDING,B5|DSI001,NOT_APPLICABLE,KARURVYSYA,REJECT,NOT_APPLICABLE
SKIP,REJECT,0095d30c2aed52bad12919ac884de981d413a3bb067eee3b32c6f3a55b5a0a5b,,true,2fec2282518671049280638ac8952a417ee08805a30e3daef9fcb9971ae5871b,AVOID,2dc07b97f831b159acb250cbd7658432b3ca9ccd4d3846eafc6eea207780febc,2026-02-17,true,ADJUSTED,40.84,BUILDING,B5|DSI001,NOT_APPLICABLE,TATAGOLD,REJECT,NOT_APPLICABLE
SKIP,REJECT,00a649482898873d2fc9b37093a6a6d48da2133455ea17d318aa8570edc73809,,true,e3c7a38ce109e7a5993b08de293bc95e6f8c6b5ea83caed9a3a9c3c2f18efe13,WATCHLIST,708420b8bcf102ff133330b7b3bb3195088b1261fbaae280833c60fee20e2087,2026-05-18,true,RAW,65.13,READY_FOR_CONFIRMATION,B5|DSI001,NOT_APPLICABLE,SILVERBEES,REJECT,NOT_APPLICABLE
SKIP,REJECT,00a967a626ee64da18bfe2ac7ff5d7551f304cad83eb6b371c0f5d75805c8d45,,true,ad61c44ebcd8aee8c7148ca78a30a50c00d910c27933a2edf9d54bb92dff6d40,WATCHLIST,bd48173deb2ad69d60c5a13bdb5b66ec754fe71809e547009f37b7318421a9ba,2026-02-16,true,ADJUSTED,67.79,ENTRY_READY,B5|DSI001,NOT_APPLICABLE,GMRAIRPORT,REJECT,NOT_APPLICABLE
SKIP,REJECT,00b7bcc4b926e93401359ae4878f0c0f29320a80d9880d5f24c5a4ec8f70286e,,true,23b0638f6bbf08c369d5fd01f54d55667c5fed892f912427007f629000e98251,WATCHLIST,b3b8f2fa5708fab1211f930a4ce63fdd8f1d3f33b610511ca9c9ac6fead05142,2026-07-03,true,RAW,60.34,BUILDING,B5|DSI001,NOT_APPLICABLE,BUTTERFLY,REJECT,NOT_APPLICABLE
SKIP,REJECT,00bac472a94ad71a66e4713aea6ffecc9fc905e215453ec287ed0f885ff3a974,,true,5b5ab674f82b1e889138a5a91b8cac0e87e054c5babcf58127232b7f02d23cf4,WATCHLIST,ae3ad75aafb75fe73cd1994ed0b6ba3032d6a866b4f718dbdcf94ed68d672584,2026-06-23,true,ADJUSTED,74.00,READY_FOR_CONFIRMATION,B5|DSI001,NOT_APPLICABLE,OLAELEC,REJECT,NOT_APPLICABLE
SKIP,REJECT,00d866569baa5050124d33a258c75f6421c813704041bc9bf583db6ae491f162,,true,f0c3bdb2103ca8affc6e7b6723e66edeb89bc5c146ae52ee596a7cfc5e7352aa,AVOID,ffb8b948509541f78cf83eaa90f0d597a9e9809bb6779da9a99002e614d7f107,2026-04-27,true,RAW,48.00,READY_FOR_CONFIRMATION,B5|DSI001,NOT_APPLICABLE,TATSILV,REJECT,NOT_APPLICABLE
SKIP,REJECT,00e2d210a605da891c202cff25f91f43621f9b23a6e09a658809b1a0d76139f0,,true,c899cdd9ffe6120dd528a62541b5d49bee349755bfbdf5f54150bbf9402d62c2,WATCHLIST,86ca5950845fd53a199162f85871c07c949cf2313ab3752ca84dea749ec28f16,2026-07-10,true,RAW,65.22,BUILDING,B5|DSI001,NOT_APPLICABLE,SAGILITY,REJECT,NOT_APPLICABLE
SKIP,REJECT,00f06b5769e9518151f30db65af7a3454b649827b4b2ab5d98bd3dda794fa0ad,,true,7b104b2db2647be82457bc6b08e2dffb7177bb29d112a982ba7445123b4577e1,BUY,facb03281f6b58b68e136e0268c72532d99e19847be073a0f34cb541e593e51e,2026-06-16,true,ADJUSTED,79.70,ENTRY_READY,B5|DSI001,NOT_APPLICABLE,MMTC,REJECT,NOT_APPLICABLE
SKIP,REJECT,00fb8aa550b8a20d5201ad431c7237abef3f1e37e527b23b78ce0fe74c65e653,,true,400d0f57dc992171c2dc6a50b2e8229899c80d32ddfb52f3849a17722f878ddf,BUY,4fcb4f9df267fd7857e781003f677914c8af22ef729a4ae2a125e2d306425b48,2026-05-20,true,ADJUSTED,86.59,ENTRY_READY,B5|DSI001,NOT_APPLICABLE,FCL,REJECT,NOT_APPLICABLE
SKIP,REJECT,011b7e30da38e9d97d11ac0e938dfdeef8b16259eba9058d5e45b35a78c07af0,,true,b14a44e5edb9288cc071834e4affa5c319434296b641ae259b81394395665c50,AVOID,593dd3ff2e91d15541fd7b95c6d84c2bd99a86412c27638d4981852458e38e85,2026-05-12,true,ADJUSTED,50.82,BUILDING,B5|DSI001,NOT_APPLICABLE,OIL,REJECT,NOT_APPLICABLE
SKIP,REJECT,0122102180e78304f8c5c3430d4760e594b4e6109489b2187c115b47843ce0db,,true,5bfae3f851be478b35c96ce4d26b3e4e2a537e3342f8406d866393784868111c,WATCHLIST,c9a24942c1fa02d0d6052988c4fed9aaf32953b22e7e4190c380a73227d06db9,2026-03-16,true,RAW,67.09,ENTRY_READY,B5|DSI001,NOT_APPLICABLE,ADANIPOWER,REJECT,NOT_APPLICABLE
SKIP,REJECT,0172f93e17855553f6ed1b14e4ad040aa51d4fc90b3eb660e161ea2c742f9a9c,,true,e9286d7e5433dcc88924b94d7b7392998d2ba304155a2df790d720ba081926a2,AVOID,381837f1613450ce8c1b3d36ccc3f64ba1345bfe3bad208ff3fcf86f05c6d3d9,2026-03-23,true,ADJUSTED,40.00,INVALID,B5|DSI001,NOT_APPLICABLE,YESBANK,REJECT,NOT_APPLICABLE
SKIP,REJECT,0178c291d4df872d5698b06f92e8b84aee97eab88ab31abdb9cf948e570ef2b7,,true,dddc61e6fdfab3f578aa50ce9617b8fad21579829f0286847cad2d2dc81faf97,BUY,cad112113a7b48caf65bf7cb99974aabb54f547f01ce98d3f4b1460fc0c8ce0d,2026-07-06,true,RAW,81.79,ENTRY_READY,B5|DSI001,NOT_APPLICABLE,MOTISONS,REJECT,NOT_APPLICABLE
SKIP,REJECT,018cf41fd7c47d3b74f846f0534f963b9106bd4aab099067276734119b27b29a,,true,6de1c6144824a9cf1cb180b7d76e3f4ff665aae67a8362804dac0ef3647d2dfa,AVOID,ba47727fc22d713e1ab52b97e063b9c900ae2ee72788d97443da452ac07eb913,2026-06-03,true,ADJUSTED,59.30,READY_FOR_CONFIRMATION,B5|DSI001,NOT_APPLICABLE,YESBANK,REJECT,NOT_APPLICABLE
SKIP,REJECT,01b3d680a1e0743d3faf956375d754eb2540689c3d53972788586dc2f8c5ccc8,,true,4f8ae69276e2cabb1b14cb13145a7dba9d5c83aff96fff307f236526e41d41d6,AVOID,6acbbe23e9315d489e428bc2a75c802d7e15e3a7cf7750d2fd302130148975c6,2026-02-26,true,ADJUSTED,50.24,READY_FOR_CONFIRMATION,B5|DSI001,NOT_APPLICABLE,TATAGOLD,REJECT,NOT_APPLICABLE
SKIP,REJECT,01d269abeac201febc1e39be450dbfda759b761155a874cc242370f4faf88d62,,true,b209c6566f5206a94fc37ffff4fe0acffc59b6e8755f5e379755035745cc924e,BUY,792b213cd9168d5a246f08b0f39f0efabb63ec4ce9db27088a78a9e4a9682a29,2026-06-02,true,ADJUSTED,78.30,ENTRY_READY,B5|DSI001,NOT_APPLICABLE,IFCI,REJECT,NOT_APPLICABLE
SKIP,REJECT,01f8b2395ec5e3d05702911d34efc5603d2ad8a89782532e9a69395e829dfc45,,true,f7cbc7e0e47469e8a77b01e3254fa9b30cf9dafb2cbbcce4394c370b9cf13914,WATCHLIST,8ab0f69ad61303ac66b1a7069fe1c8d8f849614beda03962edbdda5406139e49,2026-05-15,true,ADJUSTED,74.71,BUILDING,B5|DSI001,NOT_APPLICABLE,NAZARA,REJECT,NOT_APPLICABLE
SKIP,REJECT,01fbdb1b75d01dcfba827b78160c57d0ced9e82451892395e0ba2385e8f23056,,true,fccd1da5eb7a9de1441d908aecd0d46922f3faa6eea1a1e804e13d0a9ac6282a,AVOID,d3bbe28979836aecfe240947c3e0d208f8bce1f9c0ac7e79ea48cdb4d5858a00,2026-01-02,true,RAW,59.00,BUILDING,B5|DSI001,NOT_APPLICABLE,SILVERBEES,REJECT,NOT_APPLICABLE
SKIP,REJECT,022a4614887f38d9c81de3d5792af0c1c95da16cd1d9aa5c7d2beb6c28e73925,,true,6801d7cfb96b304882ead144504b0c87b5dd8d731935cae9fec5c2d87c415968,AVOID,bf8a451ffdc8d8df8fb4365ac9ec93cf46aa444e297008e2c76bc39017a65864,2026-02-12,true,ADJUSTED,41.95,READY_FOR_CONFIRMATION,B5|DSI001,NOT_APPLICABLE,GOLDBEES,REJECT,NOT_APPLICABLE
SKIP,REJECT,023a65d7caad8fe8c2114b9fde4f90abf5fb7f9c36e1293df3753a69e7296af9,,true,795a25073a89f80a63d6f3623a3f1d3f2038f92c7f31242415ad0d5e9dca15a7,AVOID,6ea1f6cd3d509a23c9a366c1b1f779f7cab3c083b00e44f632ea9cf102801c04,2026-05-11,true,ADJUSTED,46.72,INVALID,B5|DSI001,NOT_APPLICABLE,TATAGOLD,REJECT,NOT_APPLICABLE
SKIP,REJECT,02418feb87fd30d4dbc4e073f89ecb88e339a3ed12e9bb05df68555ffb17cf11,,true,800cb9c7755f63d592bd6f755efdd9449199f2a7c0034ef74d77d8db1e24ba72,SELL,8b0f741807df1177e7737e38ef1dbc5044e2c865b1d2b98b43200442c45f7d71,2026-03-19,true,ADJUSTED,35.00,INVALID,B5|DSI001,NOT_APPLICABLE,FINKURVE,REJECT,NOT_APPLICABLE
SKIP,REJECT,02b1b4b1160ccda6c432161df68c93326ef15795114658dd0f8387b699c50e8d,,true,4f0611c765086099b8e53086ca0fb153289e3a1f5b232f3f15bc2820907cea05,WATCHLIST,805e66353c7b70b2dc6dae7aff047e7be84309dbaf01d6ad2d0d11aef784541d,2026-05-13,true,RAW,61.06,ENTRY_READY,B5|DSI001,NOT_APPLICABLE,SILVERBEES,REJECT,NOT_APPLICABLE
SKIP,REJECT,02b3f7e3d0ee90f680b3e2306004e119e576500c34e0f940b0a51b60f31abb4c,,true,e1f7bee53ff28ba2d3559b75ecf1b1c3858f47db9722a797ec9919ef508f286d,BUY,38b30996452b4a6218d4751544a9dfa828c47a108fea1c942b8776266843f1ba,2026-01-07,true,ADJUSTED,75.05,ENTRY_READY,B5|DSI001,NOT_APPLICABLE,IEX,REJECT,NOT_APPLICABLE
SKIP,REJECT,02d54958b1b83f7f142cab1d53918cf39c01b353d5b3e4acac02d05b1708b7b3,,true,c507713b4303300e418d118a3f17b911de4f98508e986ae8b0fb689186cd676d,BUY,8c27114f739f38a9def73c1b78ab5377070a9d30d2da91423cb47f397d8f99fc,2026-01-21,true,RAW,76.32,ENTRY_READY,B5|DSI001,NOT_APPLICABLE,GOLDBEES,REJECT,NOT_APPLICABLE
SKIP,REJECT,02dfe2ff2e9d3ee12d960c2d9b51c01d3ba5f79b4c0788d73cce2aa15b4b5137,,true,4824a6f7caa135b243963ee66b2044a11eaeea1c23ae62ddfe9122cd85eb5ae8,AVOID,fc639e70b6fc2747975f28d7da2dbcb063733f4d0db1b7efa20c10c01562092c,2026-04-24,true,RAW,57.44,READY_FOR_CONFIRMATION,B5|DSI001,NOT_APPLICABLE,TATAGOLD,REJECT,NOT_APPLICABLE
SKIP,REJECT,0307945a1bb18843e4db347cacec322125d3e835c7f1ed20aefca8ada503c4e2,,true,96e5e58f2d56bd202617785a9d901816cec09a34ae0d192bd3270d41e221ba30,AVOID,a435c8ec0a8db7ebc2eb5c98dbbc73c707485ffbbeea92aae028d2abf2b894c7,2026-06-11,true,RAW,40.00,INVALID,B5|DSI001,NOT_APPLICABLE,YESBANK,REJECT,NOT_APPLICABLE
SKIP,REJECT,03236df53bcbe79e955f17daefafde54559efb5df6b3aaba9ef99e3c54215b54,,true,bb0a68fa2aadf751254fcacbd3ceac706666852a77e566fa398b069731afae21,AVOID,2fb6d2f7441dfb6ba0ae8a46188c3db88f82eb4dc07e6524ab1f8955c2365414,2026-06-05,true,RAW,54.72,READY_FOR_CONFIRMATION,B5|DSI001,NOT_APPLICABLE,CANBK,REJECT,NOT_APPLICABLE
SKIP,REJECT,03398cb2ef7cfee46186b997bc2070dd4699b464f02730ab231897bebeda9bd8,,true,8989fb5634f30cc3a16ded4ebaccde873d8a969b7033994f85254665de380a58,AVOID,b4901d1f11abce0ba836fff5f51c9927a2c0daff44f48e07c9191dcf9afe647f,2026-02-09,true,ADJUSTED,59.00,READY_FOR_CONFIRMATION,B5|DSI001,NOT_APPLICABLE,YESBANK,REJECT,NOT_APPLICABLE
SKIP,REJECT,0346f91dda94689be8118d2d778833896365e053a5bcfda5da52fb7dc5ec55cf,,true,dae0b7670e5a2d0b4ec973f3293b8b33947c9935f9f452b85d3a5f59cbe3a461,AVOID,d7bb95eb3385b4f16ec065a99ef745f7fc4184035fd1f5e364afdff1516a6cec,2026-01-08,true,RAW,48.08,BUILDING,B5|DSI001,NOT_APPLICABLE,GOLDBEES,REJECT,NOT_APPLICABLE
SKIP,REJECT,0383e4fc37e53827ca0f6756790ace9edb1b236001da9e3474e728e051d6d9e2,,true,a683492e9710ab4d4d561ca7ac7514ee219114d79e4ce6370123edf90bf85bc3,WATCHLIST,a413d1b63e342d8e14bf0ada8e97fa2f365a869b740d5ce28d5c4988b3e505e5,2026-06-22,true,ADJUSTED,69.21,READY_FOR_CONFIRMATION,B5|DSI001,NOT_APPLICABLE,YESBANK,REJECT,NOT_APPLICABLE
SKIP,REJECT,03c07e8bdd0957de8ac0dda4a24045b83b7891776d90b0dd87ac75857f19709d,,true,0d2e89048146a8e846f62bb22d449c34598a573b3f99a0a9c119e7ba5605ba78,WATCHLIST,df36734eecccd4a674ac58409c5d89a09765e437b4d92e96a33d1cca0466e643,2026-05-29,true,RAW,74.91,READY_FOR_CONFIRMATION,B5|DSI001,NOT_APPLICABLE,YESBANK,REJECT,NOT_APPLICABLE
SKIP,REJECT,03d53025f41e7b43d6650de5646502ced265c47cb845915eafe02e3fe93659f8,,true,ea59dc32e51446d804f226a69d354440b6b6382d701a90d3c8294206aa08926e,SELL,40805ef422df7be306bcba9e44c439c60a62fb13d0d8f8aff2e89cef64e8dbb1,2026-01-09,true,RAW,39.00,INVALID,B5|DSI001,NOT_APPLICABLE,IEX,REJECT,NOT_APPLICABLE
SKIP,REJECT,03f36a1e8ad70d82c3c0dbf42641e22f93027b991e922635e3275251e83376d9,,true,d15bac68a643008e4e5c27973675672aa59124f535bbfa34427ebdf0a077d03f,WATCHLIST,9b94269440fc4a676cdd6251fe6250a0ccaa2489034a260f4e99e9d78722463a,2026-02-18,true,RAW,72.80,BUILDING,B5|DSI001,NOT_APPLICABLE,TATASTEEL,REJECT,NOT_APPLICABLE
SKIP,REJECT,040fc85b99ef88a734a423e76130d47cf3a61da032362e2f3017e9c7410d0205,,true,9ffb6507a460287b08d30413f000d0e438ed1f07a3cd666dba6ffaed552e63dd,SELL,c82e93ef1418b8533dacf390bc207d4f706de8c294a20667c2249540f282e027,2026-05-15,true,ADJUSTED,39.72,BUILDING,B5|DSI001,NOT_APPLICABLE,YESBANK,REJECT,NOT_APPLICABLE
SKIP,REJECT,04439bd51d332f52040db50505998d5be08a9a760fb3415efbb0833e6f980bb1,,true,6d6f9eeb5537edd1199ece9c2404d0ce653cfaadfa1eccf510e7b677b64dd34a,WATCHLIST,6418583f0a8f622bd189ad9bcdcc9ca62e72c1c2247c77d2122058b9beb799f1,2026-04-09,true,RAW,70.04,BUILDING,B5|DSI001,NOT_APPLICABLE,PRECWIRE,REJECT,NOT_APPLICABLE
SKIP,REJECT,04551dbb6b3aa1c241cd37fd6f38d77afbcb15c74392769b28f9a10cfd37ef3c,,true,b37d81bc6ae02f844b28c3c1063dfc833b3d8becaad4ce52f6927a2e34309304,AVOID,89bb1dcf9f77cc732e19e2b4533ef3306e789a341f955f32d4c9fdb3e22b9a8e,2026-07-09,true,ADJUSTED,58.57,BUILDING,B5|DSI001,NOT_APPLICABLE,RADHIKAJWE,REJECT,NOT_APPLICABLE
SKIP,REJECT,04730f1c975503e29f286f7ae923046d47976043d88c32dc4284da878530aee4,,true,cd85ad01f1de9d26a18e027684b0432f4d8096821b55729e0e7d02cc0c53a301,BUY,c567deb36d4806a46ebb377023a161a99bd0c37d0347f901f7a86aaac2fc177c,2026-02-04,true,RAW,76.24,ENTRY_READY,B5|DSI001,NOT_APPLICABLE,TATAGOLD,REJECT,NOT_APPLICABLE
SKIP,REJECT,0478f93e32513268008bbf2f71bbb81ff2e04e1d93a0bfa4b29df360e4a9326c,,true,12c6e183805f2c35078a23fddeab42877bef97205122c686e82b3437fd6db077,SELL,38dbee7f24924cacc554480ee73eb803b032b97a024f88196b766dad74578398,2026-06-19,true,ADJUSTED,39.00,INVALID,B5|DSI001,NOT_APPLICABLE,MEESHO,REJECT,NOT_APPLICABLE
SKIP,REJECT,04a428ba6c2db5c5d3a00b02a5b35671f58d8ada7a1d5a77bb63b2e4a56b00e1,,true,a98cabc270beed4babf63fc24f3d006104d8c560476ef8db4bc6841187efccab,BUY,01f54e28d5d248be5785dc03c838dc2062fa8c038190e66f588d549f9afe7563,2026-01-21,true,ADJUSTED,82.42,ENTRY_READY,B5|DSI001,NOT_APPLICABLE,TATAGOLD,REJECT,NOT_APPLICABLE
SKIP,REJECT,04cba270cdf3c2f93162b43b85b48c8c6917e96a1aca108a34f055488cf63ce8,,true,a4fa69fa5ce6b844a3ac2ff44ed99b624c79fe78905cb1b30e988ea3848b7536,SELL,515bc214ec9e8370326b0d838c0bc5aef8d646c5f27cdf5c9dffa79d5a8ef6c8,2026-07-13,true,RAW,32.61,INVALID,B5|DSI001,NOT_APPLICABLE,TATASTEEL,REJECT,NOT_APPLICABLE
SKIP,REJECT,04ec254997098113ea35714affeac3ead8661dad2195b78f8b2e26e87c6ec457,,true,fa6a68cf2ae4b0eafda4f00861f341f463b5a3476b16093d717a29c86ce9814e,AVOID,a653386fb7483f203b26c5fd6342bc81dcacffc26808b0e5c205869e39e607eb,2026-06-16,true,RAW,59.70,READY_FOR_CONFIRMATION,B5|DSI001,NOT_APPLICABLE,OLAELEC,REJECT,NOT_APPLICABLE
SKIP,REJECT,04f2f667f77ee449aa19047cbaf37fab0d7eef1e3a308ec1ce038fc5df2834de,,true,1cceda7336f16b48b8576ce0ee16ca9b29d5a389de68f763f7e0cb4c54952b65,AVOID,0afb25f98bcea10275bd58fc1ece8fda4c5e34814f6d50da39850909bf030116,2026-02-06,true,RAW,55.47,BUILDING,B5|DSI001,NOT_APPLICABLE,SAIL,REJECT,NOT_APPLICABLE
SKIP,REJECT,05168f456ca295460678dbeb37bc3197546969efe0b76737e0f8ed92de812f96,,true,9287b63d35acbe999deb6e6ed8d590f7cf6e765cd566aad021bbe3ca7098d80f,AVOID,2d15aac92bd08a67acc8508cc9c7a292a17626c81f51f385f6468f7e20caa008,2026-07-07,true,ADJUSTED,53.64,BUILDING,B5|DSI001,NOT_APPLICABLE,JIOFIN,REJECT,NOT_APPLICABLE
SKIP,REJECT,051e2d38fce9ad85020ee5161ecabda696686a9bb9fa6e3b5d134e154c589866,,true,d5b74052756c38da62432de45115fb3e0750dfe13178d3cc9624415e2ec7459f,AVOID,651b428f41aee597615370a1f836225dff5fbe64d6c7d10822e11900c4d421a1,2026-06-09,true,ADJUSTED,59.00,BUILDING,B5|DSI001,NOT_APPLICABLE,GTLINFRA,REJECT,NOT_APPLICABLE
SKIP,REJECT,05712be40452b62bc4200543baaa78a41f9b16b4e1c7c30527afb4d42c93c8c3,,true,57a50767c645e8885ec9657cabf01f9c9a3aa945debe9829b4be000231044a53,AVOID,d6fd16d6b36a5b27710d80644542b1bcbff7dc7e3e5973278bce3e8772e2bb00,2026-03-11,true,ADJUSTED,40.00,INVALID,B5|DSI001,NOT_APPLICABLE,RPOWER,REJECT,NOT_APPLICABLE
SKIP,REJECT,05742f58d5631b892cbff28992d013abbc4c16408acca6dac04cece6ad1b129e,,true,642ad5b1c6a6a1f65ca52dd566cb883e3a06e06be722703e3152886411f599e3,AVOID,440c3524020ea14212309a3d99a6a5cd282006ec500efa55ecc466fc251435f8,2026-03-05,true,ADJUSTED,59.00,BUILDING,B5|DSI001,NOT_APPLICABLE,TATASTEEL,REJECT,NOT_APPLICABLE
SKIP,REJECT,057782fd0ab0abf9c9232ca7cc9c7d3b38c74efc7f6a31c769600cc03d0d6765,,true,84fc39a9a4dc893ae74768b419af49c1477f7dc3ba32e1f9e4a92962a7bdb83d,AVOID,62b81f59204f0573a6e02bc3333503bfa1fffb372461126dd33216e33e5a9511,2026-03-18,true,ADJUSTED,59.00,READY_FOR_CONFIRMATION,B5|DSI001,NOT_APPLICABLE,ETERNAL,REJECT,NOT_APPLICABLE
SKIP,REJECT,0583a4db380a418a47a38727d15bfe9d6b888ea881753fd0926992d24c8c5e64,,true,eca86bfca6ad900b7616609b1ccd84f902b32b8ea6a2c449b070716c8326f80d,AVOID,a5c0e71e12785fb74874549151e35efecb6709d5d5ab18ecf7183a4cd748efb1,2026-03-11,true,ADJUSTED,40.00,READY_FOR_CONFIRMATION,B5|DSI001,NOT_APPLICABLE,GOLDBEES,REJECT,NOT_APPLICABLE
SKIP,REJECT,0591c5f8035a8c13ca54f804cf6927f1eb26e1d17a4efb702d9144b6c7ea24dd,,true,0982a5b97b05d916eff88c6b19052d2728847eea7173105d59360d4e8176fb12,AVOID,7e2c0c194bc32b0f413040b925b85238c4e37c9a3d401dbd8fb02ae99f6bd978,2026-07-16,true,RAW,52.61,BUILDING,B5|DSI001,NOT_APPLICABLE,MOTHERSON,REJECT,NOT_APPLICABLE
SKIP,REJECT,05b25f8628f5e167fabf9e1bc28b534c39707d367cf2ba92c81f2802ae2a097b,,true,f84727d22910a754d2876ab99eeafdbf1756670e75ef43aa2f9a78b848595332,SELL,852207e966825127849ffcc706a7d7ec59a43eee80dbcda1f65ae03212918567,2026-01-02,true,ADJUSTED,39.00,INVALID,B5|DSI001,NOT_APPLICABLE,FILATFASH,REJECT,NOT_APPLICABLE
SKIP,REJECT,05c75eb0abfe720cd1d34c2c9f2ee7bcbcba6888f99e58ce41a698bf6b2e9763,,true,f85501a73904a0327ac1c7e179ba66717fb79d9fbf5bb58d96cec75334fba99e,AVOID,157c3d229472f2fffd4f9c77dc9a87594f04e067cb8de228909ad31b793c6642,2026-06-12,true,ADJUSTED,44.21,BUILDING,B5|DSI001,NOT_APPLICABLE,GOLDBEES,REJECT,NOT_APPLICABLE
SKIP,REJECT,05d3e248623e6fdd6c19ef4489176867ef157a97715dc92e1559c88d51ab2a25,,true,189b18edb9ab447b6db7d481b1c9c2db11a889bf6c377c91636713fbc73e2773,SELL,4c3f93b22ce0ade7350c19b84915734cfea2a6949ea16e23b62a11b3625fb22e,2026-02-17,true,ADJUSTED,39.00,INVALID,B5|DSI001,NOT_APPLICABLE,ITC,REJECT,NOT_APPLICABLE
SKIP,REJECT,05d7a8f03a334d07e9f5f3609b9abee3eb68252174816487203502aedc77a5ec,,true,922cb8cd37e6099a6c96babf7b768e142d2cc4483372cd37cfdd9d397346e355,STRONG_BUY,bfc6a86d2df0ce5c3e34593b78ffc45a14bd8c387fbafbdd773cbad4ccdb87ba,2026-05-04,true,RAW,92.29,ENTRY_READY,B5|DSI001,NOT_APPLICABLE,MEESHO,REJECT,NOT_APPLICABLE
SKIP,REJECT,05f7bd2ffb883908d694d6c1b9bdf7defc78d6e190857e809d6da48ca4ef24ee,,true,becfd24bbd1445c5bd9d2390dcac02fad2f8aae5bf55ab0233bc5539fa56fb59,SELL,127077eeff164f5a45d2e0db281f7f4ae01bd38894fd47b404a2fa730d1497b9,2026-03-25,true,ADJUSTED,35.00,INVALID,B5|DSI001,NOT_APPLICABLE,FILATFASH,REJECT,NOT_APPLICABLE
SKIP,REJECT,05fad570f021307733587195ebe31d0c9626ed897cddedd21436d5b6ca1eadad,,true,fa4b65c42994b227200a4d23626c4a338ae3a446d9b3377cc9b0535562513da0,SELL,fc149ce7b10515feb0df791ada299653ed36fee4abc8453ddd797cf0cf657d54,2026-06-11,true,ADJUSTED,35.96,INVALID,B5|DSI001,NOT_APPLICABLE,JPPOWER,REJECT,NOT_APPLICABLE
SKIP,REJECT,060c5af4c869fd48ba6a2f2f053ae308df725a5588f7e93faf58a15e0d1cd7b3,,true,3341f1d74ec5b4743034499f190509cf2ac09a7ce35096b25c447246c12f4b7c,AVOID,ccd88a2e21acae71333a6126d3df02cd927e7e336e7fde7d7262f9b53e4497a9,2026-02-19,true,RAW,59.00,READY_FOR_CONFIRMATION,B5|DSI001,NOT_APPLICABLE,TATAGOLD,REJECT,NOT_APPLICABLE
SKIP,REJECT,06131b185ddb7273eceacf939ceecc5607a3c736bf0ffa75e9db6059f89f8e5d,,true,27f5483374b00b098c634da59ad450095a2632fb78a7c448718fcdab4d6c8ccc,SELL,d8853d11ce028ab9dce86419002580e81bea37ac7bcc4e742d8178627fcce132,2026-03-13,true,ADJUSTED,39.00,INVALID,B5|DSI001,NOT_APPLICABLE,IFCI,REJECT,NOT_APPLICABLE
SKIP,REJECT,06177253a39fd18ae4688edcc3ff583275ec95cc1eca3641cdb2e1bd484f72a4,,true,ae9659b4e77d65a5eafd3cae3cc0535a1c3d70663e3a5eca34f436a9c4204e63,AVOID,a686931ffe96f4dc54bac64149f13e8489acd4cfb1b221df67bfd782706c47e2,2026-03-13,true,RAW,56.29,BUILDING,B5|DSI001,NOT_APPLICABLE,LIQUIDCASE,REJECT,NOT_APPLICABLE
SKIP,REJECT,066afc08122a8f6d857e71cf87b810d73118315497ec7b2007c90f17233b2941,,true,6fa7d592888b31835a250e19701c9356b64f9884d175d87ca94e7c5a0c823106,AVOID,0ff785c57f0f936907589f6d36f305098cf3ca9c545228643ec90752cf99df70,2026-07-09,true,RAW,56.15,BUILDING,B5|DSI001,NOT_APPLICABLE,MAPMYINDIA,REJECT,NOT_APPLICABLE
SKIP,REJECT,066f2b36ec1a3c5578eae0eb0db324dae99a95bf745c0ab0af00682947a9da2f,,true,f9cfef5f1736c7bacddd3924f6fe6f9743dc9ee2dd89ee18a35c19eeb951ff32,AVOID,cfd807e6c85e2c529f7e62a84050a53d4d3c85837399dfbaaf37e64fbb28d7b7,2026-07-03,true,ADJUSTED,53.64,BUILDING,B5|DSI001,NOT_APPLICABLE,SUMICHEM,REJECT,NOT_APPLICABLE
SKIP,REJECT,067fea7ecbe62c6d53f0521c15cbadad0585a49f3bed0d04308b5ff4e1b80d75,,true,e58620bfe5cecc46165f55cf2482ff73e0349e167ffe7078cc07f3247cb28e2b,AVOID,5642041bef29dfdc59ebfc2df7a1fed88838559e8dfe70265ec0a523843c92ae,2026-07-09,true,ADJUSTED,53.34,BUILDING,B5|DSI001,NOT_APPLICABLE,SWIGGY,REJECT,NOT_APPLICABLE
SKIP,REJECT,06a33fe397d5c7a1518cadd2412bac2f8ccf45c1a678d0377edb8113eb28483e,,true,ef3baefc32c1eb63dbb4e67d7d4b71bf2ba80f525f4fd78dcffea68b42c3801c,AVOID,e7c351b036be5232697ce39dd130d738f6312ca2ba704e8c115335ceb0a410e1,2026-04-15,true,RAW,46.00,READY_FOR_CONFIRMATION,B5|DSI001,NOT_APPLICABLE,TATAGOLD,REJECT,NOT_APPLICABLE
SKIP,REJECT,06a9d01a83d1ab81dd5b7a2db379e179b90359f892be64751ec5809b349b65dd,,true,1f07184aa8eee0154ded948e16d23c0710446e2eeb5c34e2ddb3bd62f39c4a95,AVOID,6a8d5433cfb6db60f82b912ff1c690f0691715250bacffdc83b8d02510f7ca2b,2026-04-06,true,RAW,46.55,BUILDING,B5|DSI001,NOT_APPLICABLE,LIQUIDCASE,REJECT,NOT_APPLICABLE
SKIP,REJECT,06bfe88887585db5fe2f1653defac8204f9e2da2c8804941d0e88c0aedd7d48b,,true,35cf2dd6844fd0cfea4d00fa0fdee34491b41229c43dfa313d2a64dd6d609357,SELL,f1171f584ef3883f59ae6d7671ce563bbb688ae54a9f96bd3067bd30d30f2f37,2026-02-26,true,ADJUSTED,35.00,INVALID,B5|DSI001,NOT_APPLICABLE,YESBANK,REJECT,NOT_APPLICABLE
SKIP,REJECT,06c67c69b52db07d5d5e73df49e0d75542742d1b8fce8bd1a74792fd2fc651cb,,true,24a64052c90b8af3119bb1182a6aa806a34987cefaf15895d5ee1855489b38c1,WATCHLIST,8baabca6c512fa38ff4997ff337a449d940181ce6df030e9bfb34f29105742b3,2026-05-15,true,ADJUSTED,68.84,BUILDING,B5|DSI001,NOT_APPLICABLE,APOLLOPIPE,REJECT,NOT_APPLICABLE
SKIP,REJECT,06cccb8298c88748d295b144824a7a74c91162be74a60412341eebac519a5028,,true,a6267f0975e3316be0404ddd016a043102e859bc1241b1424ae3f69da2473c72,WATCHLIST,6313c04b49d7293e8f55711533c5fdc855955364a0f921450d7e1624ecb9b88f,2026-05-13,true,ADJUSTED,60.54,READY_FOR_CONFIRMATION,B5|DSI001,NOT_APPLICABLE,TATAGOLD,REJECT,NOT_APPLICABLE
SKIP,REJECT,06ea708143bc552d7a540839fc4fe0a034121bbc385f7d6fb5df250f8d9283f2,,true,452fe227f2d4aa0cf7ab357e829c4482dc0d76620eaa7ad1f22b836338d70a78,WATCHLIST,636f8bb139d84b75ec5a9f6ac812d52332115f15b021a1d83e3be7a767f5dd23,2026-05-27,true,ADJUSTED,73.24,BUILDING,B5|DSI001,NOT_APPLICABLE,JINDALSAW,REJECT,NOT_APPLICABLE
SKIP,REJECT,06f090a08c12e101f6924e08fb240975856ac2d97d4a759b1cd5eee383090fbd,,true,c087126f52100d1cde3ddf983000c0e27dd2cc2331e116afdec815cbbb1ab791,SELL,b6df130b21752d7dccae5a2f5d043897ba71ac89282da841d86a8877a92b4c14,2026-03-16,true,RAW,35.00,INVALID,B5|DSI001,NOT_APPLICABLE,YESBANK,REJECT,NOT_APPLICABLE
SKIP,REJECT,06f405370dc54c31238f300060231c2df593106ae3dbf5143b2f7db3043235d6,,true,e7f659e3abe86695bd4f0f03721d2b404273d312a634d16189c6060d90b28bd1,AVOID,62592f58efa3a29971fc73daebf52b17b7a5b16fa66c2dccc16119b9cdcbf577,2026-07-15,true,RAW,41.61,BUILDING,B5|DSI001,NOT_APPLICABLE,OLAELEC,REJECT,NOT_APPLICABLE
SKIP,REJECT,070b53046eaa023e66be23e166a7b96a1ba6343eed4f8ad17cb0a9bbfb32903d,,true,15440e8e20c05fb8e79677eb901b85e21251c0f643ae45b87cec0ac2151da178,SELL,529c6044c09c36e54f45fada88081bb86d129195a9a29e1b7c922d1d4ae3a823,2026-03-13,true,ADJUSTED,35.00,INVALID,B5|DSI001,NOT_APPLICABLE,ICICIBANK,REJECT,NOT_APPLICABLE
SKIP,REJECT,073486b27faf124cbc4bb761e3be2b4879b88eb2d0f0c0ac6c53828faebed420,,true,795a25073a89f80a63d6f3623a3f1d3f2038f92c7f31242415ad0d5e9dca15a7,AVOID,6ea1f6cd3d509a23c9a366c1b1f779f7cab3c083b00e44f632ea9cf102801c04,2026-05-11,true,RAW,46.72,INVALID,B5|DSI001,NOT_APPLICABLE,TATAGOLD,REJECT,NOT_APPLICABLE
SKIP,REJECT,073ce6c1a3f077b84dfa26ef5dcc6f61f4294c20ea5909619d0b80a08935e8c5,,true,d3d07e99c009a69e986320d77497285686d492aeba381a957f557aadef486460,AVOID,2418c5384b9a4bbcfde2a55b70ec3e69fac441323a407bb4f876539571bae60a,2026-07-02,true,RAW,59.00,BUILDING,B5|DSI001,NOT_APPLICABLE,TATSILV,REJECT,NOT_APPLICABLE
SKIP,REJECT,075229bef621f76dfa76fea1aab5763956f2593a8f22e612ca894bb253aaadf1,,true,5b83e4e010ecdeea0b66fa91b75db256cba170d2a4adcdcfc99871fbebb2d85a,BUY,bd1e5293bd8e1cf75b0fc2a06006ac68061b4620384e0430556b08627415c5cb,2026-01-13,true,RAW,76.94,ENTRY_READY,B5|DSI001,NOT_APPLICABLE,SILVERBEES,REJECT,NOT_APPLICABLE
SKIP,REJECT,07716f89a2e0c9bdaeea472f56aa6747dbe3238f6619cd42e326d31946c75cd8,,true,dcc89c17de121fd1006463c3b3e101559c7bee84bdfb156fbef33f7fb78013e7,AVOID,05ccc05a0a1f104fca70b0a25e04c42c94b6e2831b94f5a2ef0778cc454feb14,2026-06-18,true,RAW,46.48,BUILDING,B5|DSI001,NOT_APPLICABLE,TATASTEEL,REJECT,NOT_APPLICABLE
SKIP,REJECT,07867e83143234a02d1693a4568bbbbb449e1d2b6419abe77d5fc05c13be5e25,,true,b0b2e0294ab1a40cc62b8fd7e5579b7832d07b0fbbfbf1cbca64353b770bb7ad,BUY,fc46393922c8b93e673bbafa8f9a50f98b93b1cc112d03c2ba2a1d22a280582d,2026-05-04,true,RAW,85.89,ENTRY_READY,B5|DSI001,NOT_APPLICABLE,HFCL,REJECT,NOT_APPLICABLE
SKIP,REJECT,078c12954bc9324b40dcd580393d593de9296b25cb5597d5733b72b180e9cc99,,true,2034d24c25d9c2ff87973a46f04ef59abcfe4ee7bb8c3ef74e8cd409f4214284,AVOID,0d8077231f0db1e106dd7963ab1ec9dc27a5591c187f8ddfd47c1dba3afc73ed,2026-01-05,true,ADJUSTED,40.00,BUILDING,B5|DSI001,NOT_APPLICABLE,LIQUIDCASE,REJECT,NOT_APPLICABLE
SKIP,REJECT,07b163e4ff51002fbf8453081f776e5374cfb08c4cf611180c4de798e35d23dd,,true,4dbe22d597aa519e85c7ef4d6ac066378fc793695aa38b02a63d689d0dcb5492,WATCHLIST,335b500de5bd96732b648217479a918ff2f0d25b3cec23f5a2a1dacc64c1b055,2026-06-17,true,ADJUSTED,70.42,READY_FOR_CONFIRMATION,B5|DSI001,NOT_APPLICABLE,UCOBANK,REJECT,NOT_APPLICABLE
SKIP,REJECT,07b93732e04fd782753443ec8c1050394453459a91ef1bf04016861f95cb62f7,,true,eed3e920f5c6af5010255344578dbcf73b57e88e9a409267b4c28c7b69a8b11f,BUY,2c834001150e07fb3a3370091c17ca27ff8c6632f222bc1d6d6d5503d2483445,2026-04-27,true,ADJUSTED,82.29,ENTRY_READY,B5|DSI001,NOT_APPLICABLE,IRMENERGY,REJECT,NOT_APPLICABLE
SKIP,REJECT,07dac6c63bdc99ed1ec5a00b02248caec1f4bc225d71283eb8032e57729cb6ac,,true,2247424ecad17beb1e6ec6b316633b0359092ddab06cbb00ccde9d8b6a26b3cc,AVOID,5b44ce0a32cbce9c7840344abb5fac7f057a2e4038d9a6556e2d39564d956435,2026-06-25,true,RAW,48.50,READY_FOR_CONFIRMATION,B5|DSI001,NOT_APPLICABLE,YESBANK,REJECT,NOT_APPLICABLE
SKIP,REJECT,07f1957f534176b7301db22ae894a8357453b2065915d9cd229eaec30e52d4a1,,true,ee07b4571b1dee0d19a9a4266b9e058029d5a669efaf89137c55ad9820ca6cc5,AVOID,1d9d9e5ae051edcb9f7daec424c341d35645a46f8a8aa333330f3fc76a0de823,2026-02-27,true,RAW,59.00,BUILDING,B5|DSI001,NOT_APPLICABLE,TATSILV,REJECT,NOT_APPLICABLE
SKIP,REJECT,07fb1bc3105c2489e53c180b75c12f8570f34fd0417e9bde68278340dc13d89f,,true,a5d45cac04261d3b4b81bbcf95904f08d855fe071f7b449f01befafcd05b3b95,AVOID,98c783cc8ddf1e845025e9b50d6ea47456377183ef93bd33255ebefd677bbc97,2026-01-22,true,ADJUSTED,49.84,INVALID,B5|DSI001,NOT_APPLICABLE,VIJIFIN,REJECT,NOT_APPLICABLE
SKIP,REJECT,0814c024c427080ef3cdbe10c80bc4849ba3cc6d2c59f81e4ca9fb9c8fc2627b,,true,3796e198afe28ad059c96830018e674d2e04f6b68aa53353e37cde7175b84283,AVOID,34c5b2bb3f38bde836499c2ac79f50d445051fe4453a47929d6ef58b7ca3246f,2026-05-21,true,ADJUSTED,55.61,READY_FOR_CONFIRMATION,B5|DSI001,NOT_APPLICABLE,JPPOWER,REJECT,NOT_APPLICABLE
SKIP,REJECT,08286be92f36d77d3ac09280d890ffee8d7b44a41a3b2fbfd576812e4eeb262e,,true,e8d2eb1e7c33e119c8ae7bfb91b22861fb165a45f346eda10576026af878919f,WATCHLIST,f0e62c1ab7fe5aa968452ca07ccee21affa2c1588517b2158b274dd41f3af617,2026-07-13,true,RAW,69.61,BUILDING,B5|DSI001,NOT_APPLICABLE,ITBEES,REJECT,NOT_APPLICABLE
SKIP,REJECT,08442caeeac88f71fe103a615527502e564421b730bce75505928461c24a475e,,true,cd9eaa7db6e098c18cdd436d42d4df0415b49ac5c563642475886bae34eb66f5,SELL,96eff145ff27eda0636b7e35cb9ad3dc5101452a0b247b96a48e12097fd6e016,2026-03-24,true,RAW,39.00,INVALID,B5|DSI001,NOT_APPLICABLE,BLS,REJECT,NOT_APPLICABLE
SKIP,REJECT,0852f711286ea0ed99a80b200fbbf953bdc09c7715ed2151284a6f01af5887b9,,true,f4ded8b8a28dd4f4140712560aa5c5fe7aac70c29836b13b9ff116c0dc4047da,AVOID,80f846cc3fbaa54dab136046bfd8657ca73797bfcc8592d096ffae17b5ff83f3,2026-02-23,true,RAW,59.00,READY_FOR_CONFIRMATION,B5|DSI001,NOT_APPLICABLE,TATAGOLD,REJECT,NOT_APPLICABLE
SKIP,REJECT,08911adea3dd21dab2b542f399a5cdd21718851f5a470e986bb942a292bc262a,,true,3499ec69cd279f68e1a663ae3c4b4c5bc7d6246276fa2bf41d196a9de4db10aa,WATCHLIST,4808ea8446ea9c9d3048802cd3eb1ea0bcdd333b5614b6e268436903524167ec,2026-02-03,true,RAW,74.00,READY_FOR_CONFIRMATION,B5|DSI001,NOT_APPLICABLE,TATAGOLD,REJECT,NOT_APPLICABLE
SKIP,REJECT,089a94e6d743cf726b81a797c00f959fd3b513392008ff89c708e8b8848cd1b9,,true,6d9047ba1fe636b182f16dbe8f855c97559de7e627f468003f24d2f1c5054620,AVOID,d8b819bc37aece03dc215d152e7242089172029d5a07e9985f791a8fb0280b06,2026-07-13,true,RAW,58.58,BUILDING,B5|DSI001,NOT_APPLICABLE,OLAELEC,REJECT,NOT_APPLICABLE
SKIP,REJECT,08a018c9930c8b32d063b333ccd4a0af6e16cad245817370f2e308fab6578a84,,true,959a3b9a4368ab9e57390c7dcdbad983ddf07e655fd04ae3f98a88a6618603f4,SELL,c962a31237fc2b120d9c84d0bbbf62c21b6eecb8ac19d05f176d581c719f7821,2026-02-26,true,RAW,39.00,INVALID,B5|DSI001,NOT_APPLICABLE,ETERNAL,REJECT,NOT_APPLICABLE
SKIP,REJECT,08b32322a8fc9cafffe076470a33c85c05f98ed8fc3604ddda24701b2c76b05c,,true,eb87e77c84a41b93660e93e60fa23a5e28f15f2f21e773d1e14c5b7786002206,BUY,362e30899d679cec116d8180270d4fce66f23bb0c021ca76a80d05b64a8a102e,2026-01-13,true,RAW,75.17,ENTRY_READY,B5|DSI001,NOT_APPLICABLE,DAVANGERE,REJECT,NOT_APPLICABLE
SKIP,REJECT,08c13f3b0e5bfc79fed6dd63c33627ebc4e845fe50eb864523ee274867951566,,true,774e55e4e795a76c6f97d781b08e2ea332fa2e4c37ba21c51256a194b8b17181,SELL,86a2f2c9a45bdfa37cb536efc35564db31899adbdf3e5a9f18d05ddeee3d07d9,2026-04-01,true,ADJUSTED,35.00,INVALID,B5|DSI001,NOT_APPLICABLE,OLAELEC,REJECT,NOT_APPLICABLE
SKIP,REJECT,08ec09e8829b6fba0fd8c1f3e0c0a33e60d44aba6f93026e23e9bf0d22629e95,,true,3fce704f0fa86b2473a4bd4c4d1171f18c3aadb9a278f95ab695e60e672471d3,AVOID,22e6f0a3ec2aca050ea20b650e7ed8234660061c375a0adaeacc06f77a2ea767,2026-05-07,true,RAW,53.06,BUILDING,B5|DSI001,NOT_APPLICABLE,GMRAIRPORT,REJECT,NOT_APPLICABLE
SKIP,REJECT,090b05ae98db14fe409a306a0eec9e9cad83d709a0b9076a422c7f69500d019c,,true,75aa3c3ab7e4db5bdf7e2946d313a7da6ea31126dd031152ef87465ce8bad0ab,SELL,87d145eb8fd479600061e9e7a7aa3da049ccecebbb562dd84297dbbc909eb3c3,2026-01-30,true,RAW,35.00,INVALID,B5|DSI001,NOT_APPLICABLE,RADAAN,REJECT,NOT_APPLICABLE
SKIP,REJECT,09337adbf118de388c8f34db388cda873e6cd9f4d642597fe9fde8a34a8d6c9f,,true,c07fe769cdc4bdad53441a719d0b796c2fb025422718b6822c6853ada3e42555,AVOID,bbf48893318bbfb424d4928b0414329ad57f50f4c717f36847b24b467eaef376,2026-02-27,true,ADJUSTED,40.00,INVALID,B5|DSI001,NOT_APPLICABLE,YESBANK,REJECT,NOT_APPLICABLE
SKIP,REJECT,093d810e3dc91f67d288773aec587b3c354404b437a2c7abdd3dd512080ca8fa,,true,f8740f209a8ad05017e07a43163fc1a10da7bc0cb0b90fe7a362253759c7fa16,WATCHLIST,73f8991c6d0596c100f0f6e2cf1a53b1352d78ffae04e6c1861ba7c963a5cc2c,2026-02-20,true,ADJUSTED,69.81,READY_FOR_CONFIRMATION,B5|DSI001,NOT_APPLICABLE,TATSILV,REJECT,NOT_APPLICABLE
SKIP,REJECT,09637ff9ab8d5e7e63ecfffc94b69ad4980dc8649859649cfc8a5560f45de7e8,,true,b48d030fbe0ba2232132454ca03b941bc3fa15d79839e9c1d5b31c24d1ef3ec2,SELL,3df0ab017982d14cbddc545584909a2b8a81f6e1dc41bc42ec31431c3365b80d,2026-01-23,true,RAW,35.00,INVALID,B5|DSI001,NOT_APPLICABLE,VIVIMEDLAB,REJECT,NOT_APPLICABLE
SKIP,REJECT,096b60a4b29b87b0852040cbe2e8d093993492c1ceb4a8f6666a0ad4088efc43,,true,c9066df0bccd1a9bcc44f8f0d24bf7a0ca6b5be097b370ddbbff694bde9ef61f,AVOID,26c6a56786278912e61f769d41d8a8e6fc252f09f6e45e717380327aef7fa4f1,2026-06-15,true,ADJUSTED,46.62,BUILDING,B5|DSI001,NOT_APPLICABLE,GOLDBEES,REJECT,NOT_APPLICABLE
SKIP,REJECT,09757eb7d2444aec4a8eef5db106092bbe7749dff7fd72866100659e3e1119c2,,true,8abddf4aaf49b9c3fd3374055074b95c120d5dfd3dcfce3ee217addca25dbf1a,SELL,c5e255827108087bfcf8557cfabe8ad61237207fb0e58ce70e990b4b8bf74568,2026-05-04,true,RAW,35.00,INVALID,B5|DSI001,NOT_APPLICABLE,VEDL,REJECT,NOT_APPLICABLE
SKIP,REJECT,099b3a27ae0f01ba093f8bcfa39d1b2d56e6a532f0aef1631b0813b6a8119daa,,true,06b139ed51b349379715a5879ced1f19c391fc06331fd57ece7698cf800ad16b,SELL,1afbce02634c5cea85941942d3878d205bf37bbda95a0650277b755ccec87378,2026-06-23,true,ADJUSTED,39.00,INVALID,B5|DSI001,NOT_APPLICABLE,VEDL,REJECT,NOT_APPLICABLE
SKIP,REJECT,09a5d36e1599d1ba11084faee140b11ff9a96ba42095dde7b3c66965964d8b4e,,true,a905b8289a9ef10bcafa5fce64fb2854e371e9018251f60e1e50e705800b3e28,AVOID,09acfe661ae4bb6664cdd6766f0c81400df677e8f09b8e72a19713609923c461,2026-01-23,true,ADJUSTED,47.99,READY_FOR_CONFIRMATION,B5|DSI001,NOT_APPLICABLE,SILVERBEES,REJECT,NOT_APPLICABLE
SKIP,REJECT,09b8447fef25ff034f8c1f12f502453028008caae95c51b1d3b319e0805cff07,,true,1571fe66593b08c2008fd437b4a85ab5897cc86095701f51d40dc26e3e63f899,AVOID,08c65fb6a8f5a0969e74aed3611058e1f5b7b87f5320063d5a021cfe74e7e14e,2026-05-14,true,ADJUSTED,59.00,READY_FOR_CONFIRMATION,B5|DSI001,NOT_APPLICABLE,YESBANK,REJECT,NOT_APPLICABLE
SKIP,REJECT,09ba57df0cc2422dd9091171f9d64b3b7de80dfbd7001e737201c077c9f9a23c,,true,cb14a74ebc3fae72d356f000207bcdcd0d1f288c6107e4ba43351530f95b1f55,WATCHLIST,8623f20da8b1cc73a0f2f3f22b64b02ef9aa0d8449403352b3977c599b356be4,2026-04-29,true,RAW,70.78,READY_FOR_CONFIRMATION,B5|DSI001,NOT_APPLICABLE,DEVYANI,REJECT,NOT_APPLICABLE
SKIP,REJECT,09d91c8c5864f73986324d4004a2799266fa926053d1989f9d7c842e11d2c66f,,true,ad087397c47544bae6fc2f446c135562313cf7e349052567967db5ed23374329,WATCHLIST,a89e436e856cad89347c91275f1f957a004b0ae5da407a29a0cdafb6fa578a03,2026-07-06,true,RAW,60.24,READY_FOR_CONFIRMATION,B5|DSI001,NOT_APPLICABLE,PCJEWELLER,REJECT,NOT_APPLICABLE
SKIP,REJECT,0a1257ef7c45b50ee1cd39cc757e3307cd82b39f186d2383a886f0eecf52bd61,,true,a745b93c3cbdb61da01fa49fe8bc82b3aa5ba8a92371d10ad4a590873bd3b227,BUY,eb39b238b432a296f81771bef20cd49d932682297b2a297b13dd3d2a3ed697bf,2026-01-20,true,RAW,88.48,ENTRY_READY,B5|DSI001,NOT_APPLICABLE,TATSILV,REJECT,NOT_APPLICABLE
SKIP,REJECT,0a223c148ec41fc4ed3517e74ed08e726b8f609a9ac99a315905938bb1886e34,,true,b1075cbb253fa917471b748de23aea4713caa699f4be6fd171f40569842e9ce0,WATCHLIST,1ee74b18518f1935396987c8f6af0fb51444bd281f5fb01494fbcd6b44ac112e,2026-02-06,true,ADJUSTED,64.86,READY_FOR_CONFIRMATION,B5|DSI001,NOT_APPLICABLE,TATAGOLD,REJECT,NOT_APPLICABLE
SKIP,REJECT,0a2a6a3fc30bc0d264908dab75bc6aa8f926b6503b6f599b5636b12645a8d612,,true,a582f7f56ec8db1fbd0ebbac65bb28b2a5bd52d8ba67b481cca372e4f87edba4,AVOID,2a9a4ca236d32fd371eb1a07d8338550126b9092675b457016ec5272879ca222,2026-04-10,true,ADJUSTED,51.98,BUILDING,B5|DSI001,NOT_APPLICABLE,HFCL,REJECT,NOT_APPLICABLE
SKIP,REJECT,0a2aac6efb4a96a8d4e51bb81fad36d34928731284a0ba2c9b35cad49868c1e5,,true,41efcda85f898a74f51ff6273abf6111bea750fb61ee629de2a4c6aaf9876769,AVOID,26dc97e0d54e0d614b4098ea7c65d09a9a0830b288706a8048ac02aece29eefa,2026-02-02,true,RAW,59.20,READY_FOR_CONFIRMATION,B5|DSI001,NOT_APPLICABLE,HINDZINC,REJECT,NOT_APPLICABLE
SKIP,REJECT,0a33272b109404316f8f583e74a9870d0b94b290f8721ca232443a67adccaf0b,,true,7a8eeabb5941df7819a72feb4eb7fee17a4d804ee4b77066adaf53d0e87565dc,SELL,3d1612837c20cbf095d62d1ce3f601f464c47c737759c0b8ae00e39fa86d38a5,2026-03-20,true,RAW,35.00,INVALID,B5|DSI001,NOT_APPLICABLE,HDFCBANK,REJECT,NOT_APPLICABLE
SKIP,REJECT,0a3a40ea7abf0fd654d6e18bc0aef1a0edc0cbaf1c9650fe41867371212561e2,,true,e5e16b57ef72c130ab76a535c7aba858ca435465ba678ffe0ec81199cbb19a1b,BUY,89f7e477c09ff1ecfe23cca1a908ca7d377593b5cf1cee3af6e0f79cf7596470,2026-01-13,true,ADJUSTED,88.98,ENTRY_READY,B5|DSI001,NOT_APPLICABLE,TATSILV,REJECT,NOT_APPLICABLE
SKIP,REJECT,0a3de5ec9a1042272eae5ff111c5105b5077fccd553137806bfb883a69100fc3,,true,da393a217c6b07dc29e06226ab575676cfbb42caefcbc845b28f36018627db33,SELL,435eb85e4e1230645cfbce8475143d2f049504c8ecbfd13e48c6be946cf6d5ad,2026-03-10,true,RAW,35.00,INVALID,B5|DSI001,NOT_APPLICABLE,HDFCBANK,REJECT,NOT_APPLICABLE
SKIP,REJECT,0a4959352547e622bfb3fc14d274e087370ee1dbfd89d88c7fa37fa0f7232c52,,true,e2def77d5de04e22b1a4f1f830c9a5c3c7516399282c95d45ac1abe1cd1e0063,SELL,5e2b1614e3346d077ad648efbaaa94410809c83d786864edd0623fbae9804ca6,2026-02-16,true,ADJUSTED,39.00,INVALID,B5|DSI001,NOT_APPLICABLE,OLAELEC,REJECT,NOT_APPLICABLE
SKIP,REJECT,0a5da113b9e53b641443c1648804a8cdcf672e129363eccf388f5806b84e9307,,true,7b03d82f66a544ec5d72d8257ab55d555369c4337f595d4c69ec86ecd1229663,SELL,5080be056d4e2c46cf54b0d2f86b22f8afe3708d995687fe7bed5b8dd5c7f981,2026-06-02,true,RAW,39.00,INVALID,B5|DSI001,NOT_APPLICABLE,NHPC,REJECT,NOT_APPLICABLE
SKIP,REJECT,0a6801399ab0941106dfb86d28a15547592da80578d4c622691a1aa2d5204049,,true,1341853c60dd59c00c2ff038e1888628d6d014a118d3188418197c32ed841759,WATCHLIST,a8ec793e5d8b015116ef1d0fae232ac4281430335000d1c27a2dd0e5a512db16,2026-07-17,true,RAW,73.13,READY_FOR_CONFIRMATION,B5|DSI001,NOT_APPLICABLE,FINOPB,REJECT,NOT_APPLICABLE
SKIP,REJECT,0a808e8d2750284033bb72f29ed30712c903ef2aad27ced70ba6dce44c913d4c,,true,f8c5cd13d4042be7e4c94e8e780f34e2c4367db216270ebcf7bbc9c530fbe43d,SELL,34b7e4189ddacfc267adaf24f58cdec5e03b17c40a711cccd6325b490300269b,2026-03-13,true,ADJUSTED,34.04,INVALID,B5|DSI001,NOT_APPLICABLE,ETERNAL,REJECT,NOT_APPLICABLE
SKIP,REJECT,0a812beded7cd7d7a536ca6086bce50c29125e9f2da12efea11497c586b6997c,,true,9c27923aa8803169baa5577e87e5dcd640ad641c753d440145ef1aa0f706438e,BUY,2b92218df345cbfffcd954058ef135d3ca3706dd4fccd09725c6573be3e09fd2,2026-05-20,true,ADJUSTED,79.98,ENTRY_READY,B5|DSI001,NOT_APPLICABLE,APOLLO,REJECT,NOT_APPLICABLE
SKIP,REJECT,0aa2016e780e7d291615c72617507a01f6e922e71f58d40f28fa70fc3fce9f0a,,true,642e4293b063e938903eeb6cb0a8c640ff102591cc5aaa6439113c301468fdcb,AVOID,e4a266dafa90a2e8aac6b774372d68e2257fa3e08b856e9177f373d57cdacd05,2026-05-21,true,RAW,59.00,BUILDING,B5|DSI001,NOT_APPLICABLE,TATAGOLD,REJECT,NOT_APPLICABLE
SKIP,REJECT,0ab3cd2a69e4590656206abfdfb72bdc74655c3acd0eeeef309156ca61738865,,true,e5e78058115dcbcd15aeaf7d9438cb920ab8bcc9e3ee39fb47d57efb975cbbc6,AVOID,760133c84beb228fbec055c51d0bd3d5860819e8702852b1f394ab8741a10e62,2026-07-08,true,ADJUSTED,54.36,BUILDING,B5|DSI001,NOT_APPLICABLE,DPABHUSHAN,REJECT,NOT_APPLICABLE
SKIP,REJECT,0ac0bcc03864741dbdc67b75115c53aceee7c49816846f9864360a7e1c4e2972,,true,a5141c43dcbdaedf3580508f5fed8a0edd84d046319987d7d086f1410970cc28,SELL,c44bf31f39a2fd1699ac98f8f8308dd7773581ed4b9643e987f31d23e205382d,2026-01-21,true,ADJUSTED,35.00,INVALID,B5|DSI001,NOT_APPLICABLE,YESBANK,REJECT,NOT_APPLICABLE
SKIP,REJECT,0ae978edca8d2c075143c48fb1171df0c3a23bbe5e4bedca89aead8ab3ff3908,,true,1cf0b04dc301fdd62aaeca50939db3966f08bf96e091cac032f873d750946a76,SELL,3f75f4a096e8274097a06e3087bf81f50efd5b18c0959ab09d320dd41b1048aa,2026-03-25,true,RAW,35.00,INVALID,B5|DSI001,NOT_APPLICABLE,RPOWER,REJECT,NOT_APPLICABLE
SKIP,REJECT,0b0bc18a910196769becbff32282cecd3822f2aa77e285e3252f119a5f099b62,,true,e6e5de53f93b15d713834afbf6a00b67bce55d77a22f2e610b5def77644efe32,STRONG_BUY,bfc6af7de02b002cf584c00d84c60b4b7536eb41d887f26f22866b07ded71b4b,2026-01-07,true,ADJUSTED,90.66,ENTRY_READY,B5|DSI001,NOT_APPLICABLE,YESBANK,REJECT,NOT_APPLICABLE
SKIP,REJECT,0b33bbd952073e0e14cd84c5353231575cc2c38530eab267636917cf752f963b,,true,4d313ce1d1fb356dcc03352168719e1bc394131b544e1b1d5f536917c9aaa29d,BUY,ac73aecb8333e4deeed32f9d37db8d7b50349aec4ba1722603ccfc7157a92cdb,2026-04-29,true,RAW,81.00,ENTRY_READY,B5|DSI001,NOT_APPLICABLE,BANDHANBNK,REJECT,NOT_APPLICABLE
SKIP,REJECT,0b39164256bbb3fe64be7687be46c8e99a945ed066bc6efcdb0d4500af5bec75,,true,652e9fc50b06fbcf0154f2909c2f0c30de7d5400816f7bb6db77e458f853c89c,AVOID,294ddfcd2ad337bfb61a669c6ce94f437f0c0a14fabe004415d254839e84b0a2,2026-06-02,true,ADJUSTED,57.93,READY_FOR_CONFIRMATION,B5|DSI001,NOT_APPLICABLE,HFCL,REJECT,NOT_APPLICABLE
SKIP,REJECT,0b9cdb4c9d19871073796d8696cae7e90f02f1ef88048c0884ddfc8ab2bfe838,,true,275111e89b0ebb3fb3b6c18d58c27fb4f2d27182e5d0b0f04dce1eb03b9c714b,AVOID,cf13018486282a21c1defb03899fe8109a2c04064f1728b034d7cc8fbd308c3c,2026-02-06,true,ADJUSTED,51.54,BUILDING,B5|DSI001,NOT_APPLICABLE,IDBI,REJECT,NOT_APPLICABLE
SKIP,REJECT,0ba1ea921c8e4b25c16e452878ecc0826fe6f9e35e079ba50080e47ff7bcf18b,,true,186c140487ef24e6d08bfc4f80b6b6920aec6acee7f4196690e814ba597f43ee,SELL,9cfa9723dea7e59a985ab9bd9627e6c1ba88778b49f4ea80333cb00ddad0d8ab,2026-04-06,true,ADJUSTED,35.00,INVALID,B5|DSI001,NOT_APPLICABLE,HDFCBANK,REJECT,NOT_APPLICABLE
SKIP,REJECT,0bcff1eb62731888226a0c228ce7d76c114e6a714462ab2c6236902f030630bd,,true,e4b4255b0be4a730ee995d0fec9100200c05cc9d4e7c8c76d0ddc2207f07ff5c,AVOID,aff050b8afca3cb9d2535f6dc873a90b9c3abec6747eaaa8ee48e6f0100f9e40,2026-05-12,true,ADJUSTED,42.09,READY_FOR_CONFIRMATION,B5|DSI001,NOT_APPLICABLE,YESBANK,REJECT,NOT_APPLICABLE
SKIP,REJECT,0bd1241aa23f4fe33da9566e9057ff3cdba82077f65a90a7b80a00b80a3ed6a6,,true,180cf71eaa5ac3ecfb2e7e72bcd86be430fc81a7568af004efca2ff2de7867e7,AVOID,a4f3f234441562e5c9519f9b250c4b364394848cb4de4f427ea0c3ff30897866,2026-05-13,true,RAW,59.00,READY_FOR_CONFIRMATION,B5|DSI001,NOT_APPLICABLE,YESBANK,REJECT,NOT_APPLICABLE
SKIP,REJECT,0bd883135c78f99b3c07451bfb1f7efc3f4d8edbbff508b302558a3a863989c9,,true,28ada798f578fd5f64b3b3e95268f65c0678ed10642e9a116af2f121b52f8725,AVOID,4a9bc4dd8590c7cec5513aa9a1408ff04f0b942c6aafa45e2b377de581a4fa04,2026-03-10,true,RAW,59.00,READY_FOR_CONFIRMATION,B5|DSI001,NOT_APPLICABLE,TATSILV,REJECT,NOT_APPLICABLE
SKIP,REJECT,0be742bc76ac71cf7be4464396ec899890a828c788d23b7928fd9fe019faf8a2,,true,d6d6e2041c89a53bc6fe45282cdcbac8a42f3a53f9a3e99853c730fd9c9514d1,WATCHLIST,7706c6e6fa2ea7d547ad570ba11ae7b30d855051b3f5060f0b6392916fa8c829,2026-02-19,true,ADJUSTED,60.00,READY_FOR_CONFIRMATION,B5|DSI001,NOT_APPLICABLE,EASEMYTRIP,REJECT,NOT_APPLICABLE
SKIP,REJECT,0bee9ace63b0b9100da601116fda702040d37149d95d65e329b07963d73f4da6,,true,83e91cbaf8b08fc5a6a7a62c9414f54638bc267d6a3c46d147409fce9ddd51a6,AVOID,38775b3a6a617674ebea97ec4a0c210560bface23553713077b89bff16b6a929,2026-04-10,true,ADJUSTED,59.00,BUILDING,B5|DSI001,NOT_APPLICABLE,LUXIND,REJECT,NOT_APPLICABLE
SKIP,REJECT,0c12703fca7b7038173201d40250d490a37b834dfaebf256fd6a7b2bbf92995e,,true,6ea65f5da25ffd906ae06685a1c66d9acbc8d7ca7c99d153bb0d119f3d93974a,WATCHLIST,31beead26819fc81ad5d87646682d4b7d20954dacfe449dddfadee1b33313b51,2026-05-18,true,ADJUSTED,70.03,READY_FOR_CONFIRMATION,B5|DSI001,NOT_APPLICABLE,TATAGOLD,REJECT,NOT_APPLICABLE
SKIP,REJECT,0c12a6a55c8932063b76329be92a196b1e9a501596db4847d8bc26ecaceb208d,,true,44f4cec1d4a433704795af2b7de6142124a206378005f7800503062296534ec0,SELL,3555dc53e50d6665e789024b18aa127378106e52004dfccd8df77cbf0577d7b1,2026-03-12,true,RAW,35.00,INVALID,B5|DSI001,NOT_APPLICABLE,JPPOWER,REJECT,NOT_APPLICABLE
SKIP,REJECT,0c30565ef12e883d2df4a180538750e270ac33aab5683043a39107a24f6cafc0,,true,9ef1c2cc94a36a7ebb9f19023a7ec35d42bb6182fd34f20cf3a95a7d2c7e9e12,BUY,240e6c9dc7ff76d225786535bdd20b9e5254e341f86cf10f71e8add64314bbf6,2026-05-13,true,ADJUSTED,83.37,ENTRY_READY,B5|DSI001,NOT_APPLICABLE,SAIL,REJECT,NOT_APPLICABLE
SKIP,REJECT,0c4be8676a12aec5e5eba0fcf975505a27ebacc63b92079330c708ba275c9b39,,true,9db7f2e669d6181f86f9f972552fdb73d61ad9b9c689c57d6698900155b3a890,SELL,583ff144d0fe7683631758ab823d9c3e40b2f2c3f92bbed864d90cbe957bba06,2026-03-04,true,ADJUSTED,35.00,READY_FOR_CONFIRMATION,B5|DSI001,NOT_APPLICABLE,YESBANK,REJECT,NOT_APPLICABLE
SKIP,REJECT,0c557c4fb1d8b7656b09101b7c7e6a8fddec3d0a473b409860ebfccd5cdd3891,,true,547978baa294626c0367abca983f7416d539fbf0f5955d0b06ea8cd76c991f61,AVOID,698255ed5c0cfe713de9b1539a8fe57b47783cf88c02a7556b5d7f01809f8110,2026-06-25,true,RAW,40.00,INVALID,B5|DSI001,NOT_APPLICABLE,HDFCBANK,REJECT,NOT_APPLICABLE
SKIP,REJECT,0c6684e2f71d37f111dcad2472546380d6c064362f6d4df393244ac95a3f1933,,true,8de9c5dcde04f61ab4dd8eccdc409ec9973b9309c4a4cbbb79c5427eb3fde261,AVOID,8ee32de34aaf242287334b6bab9a72942b40c4610c7f99aa5ecb17f31224976e,2026-06-12,true,RAW,50.12,BUILDING,B5|DSI001,NOT_APPLICABLE,HDFCBANK,REJECT,NOT_APPLICABLE
SKIP,REJECT,0c768829dc3c87ae4fd6363eb98a382f2a6980debec428562f6b64ee52a2ca57,,true,608fcab37c94e8d9f2ac28831bd0b0285dfafe6c7b7cc4fffbe785e1c31d4f27,WATCHLIST,bdc781d9ae9f9e589c66d5835172430f4b23d82de5f64b025764165892e18b61,2026-02-25,true,RAW,62.57,ENTRY_READY,B5|DSI001,NOT_APPLICABLE,MAHABANK,REJECT,NOT_APPLICABLE
SKIP,REJECT,0c7d0c2063f2268c539d875fa8a30d61754a5247e89b4e565579316e9ba8e945,,true,e46d3adc965f593170e94c3ce759c93e4d376080f7a91e092060892b1a47770a,AVOID,5f005e10366accda25a4de64e4a0257b5c2ddb35912287166928db31812f4e08,2026-02-02,true,RAW,46.44,READY_FOR_CONFIRMATION,B5|DSI001,NOT_APPLICABLE,SILVERBEES,REJECT,NOT_APPLICABLE
SKIP,REJECT,0c8f0625e11d9ef1d664af90de10586ae02595860074061a01e5a72b74946766,,true,58a7373ea9fac26d090d9eaa1564291b52db506a8e8b7014cb173c19445b4fc4,WATCHLIST,f65f99c256143bbf8618f9e3d05c8218d733d248b832cfda3bf949a0bb66b09b,2026-03-18,true,RAW,74.02,ENTRY_READY,B5|DSI001,NOT_APPLICABLE,URBANCO,REJECT,NOT_APPLICABLE
SKIP,REJECT,0ca670a3f28b4cf4a5df6c25cc1c5ce3e582164f0ef2757635abbe097b552b8d,,true,7239d7281c611ddad58243e02df6922a5d85d0876024bf209be06a021dfe73a0,WATCHLIST,60e8e92dd1cd24ba3bae1690b35653e3bd310738641cca0ee754691d769b72d4,2026-01-19,true,ADJUSTED,74.00,READY_FOR_CONFIRMATION,B5|DSI001,NOT_APPLICABLE,JINDALSAW,REJECT,NOT_APPLICABLE
SKIP,REJECT,0cdeb91b7859ffc51583528c6963924b48299cb58a05d63450e6fb4513221092,,true,440c7178986575829b3de56d72a1d28c52116855d58c61a2927f30952edbb648,WATCHLIST,1c91d5bfa927cb77d7dbf172e855efd6d554bdcb92b4c7450969dc2b9ad36680,2026-03-09,true,RAW,74.00,READY_FOR_CONFIRMATION,B5|DSI001,NOT_APPLICABLE,TATSILV,REJECT,NOT_APPLICABLE
SKIP,REJECT,0cfe002cc45d443025df0992127ac2a7805b7bd2c5598c16ccf49f679c86e637,,true,c1512519709b3be47ee8bcb3c9db1f0e43425d48893647aaa5481b335a68bcda,BUY,05e260a6b076a9eef82ce051e9076b781f19202b26f27392878b0b717f97585f,2026-01-20,true,RAW,81.58,ENTRY_READY,B5|DSI001,NOT_APPLICABLE,TATAGOLD,REJECT,NOT_APPLICABLE
SKIP,REJECT,0d30c377612b03cf3234b6fe241cf99debae5595f4d5e538b543e6fc22adbc32,,true,cabade916f626a7805b9ceb24c9ae686242b323ae8c25e45662a54ba6c84ad8a,SELL,29954c484749de86b099e8cd207e96213216e1c6e6da94b46ce5830cdd907f38,2026-05-18,true,ADJUSTED,35.00,INVALID,B5|DSI001,NOT_APPLICABLE,PNB,REJECT,NOT_APPLICABLE
SKIP,REJECT,0d578e96477a0e244a2452e41ba5f9ce48a929ed7e8f76cd57a3b3911ddd7b0d,,true,af621afa3d7175e0cad83358e14e2a903f6ac7a76656fbb6934eb3511339a39e,AVOID,ecaf07036c81e8ba53f7263dafa9efc51c85bc6389e1013d709885b3720fe31f,2026-01-13,true,RAW,52.80,BUILDING,B5|DSI001,NOT_APPLICABLE,LIQUIDCASE,REJECT,NOT_APPLICABLE
SKIP,REJECT,0d6a50c34c5bac1ec54766b275856eae3c3a6d744d4e0da2ad8863ddf43f8da4,,true,11c1fbd31fb77c1d76f51ba8d808506860d73ff042eec1221323194148d8e282,STRONG_BUY,0254db08c83fcbad39d16f94676036cf0fce237dd1f7f99d8d8ad9b930bb68b6,2026-05-27,true,ADJUSTED,91.26,ENTRY_READY,B5|DSI001,NOT_APPLICABLE,JPPOWER,REJECT,NOT_APPLICABLE
SKIP,REJECT,0d6dba4bef3eaf20f8085932037b908ad2a3d26c741948f60c14223a0fa5259a,,true,70c5ac26e2ae8c9ffc520209a6dff1a991b1634a32f79d11d1638c5f8f2179f1,BUY,142f80868f420ad4bb2016ed3bba6c956f0d6abca0ea10a4f175f4a6d166fe49,2026-05-26,true,RAW,79.41,ENTRY_READY,B5|DSI001,NOT_APPLICABLE,YESBANK,REJECT,NOT_APPLICABLE
SKIP,REJECT,0d808d99e5e5cd530b4e64c7166bca641dfee77f2544a25c0eade9a2ddc2e9c2,,true,adce0c9c82834fa6478e1600006abcb494b5b8374f67f5558fce242ab66af3e6,SELL,143cf239afa95868b1a0ada2a43af0387e2f597848fe99fb28e32f91218d4409,2026-03-04,true,ADJUSTED,35.00,INVALID,B5|DSI001,NOT_APPLICABLE,ETERNAL,REJECT,NOT_APPLICABLE
SKIP,REJECT,0da2104dbc1459f89611fedf4cc3d509ad0170f18abca3f64469707dfa461095,,true,58daeeb7838f3053c9c7e34fc0cbed5f2e978dea316e166dfaacf42395c78523,WATCHLIST,a9d2eec2183fcf29ae04bd634af0fc585dbc5ca3aa1bceb9976d6880640dcb97,2026-04-09,true,RAW,70.37,BUILDING,B5|DSI001,NOT_APPLICABLE,ITI,REJECT,NOT_APPLICABLE
SKIP,REJECT,0da7d9784cb9bb7adcaa63cf55219a5d5a50438e9466717a91caee570b2d7537,,true,1cceda7336f16b48b8576ce0ee16ca9b29d5a389de68f763f7e0cb4c54952b65,AVOID,0afb25f98bcea10275bd58fc1ece8fda4c5e34814f6d50da39850909bf030116,2026-02-06,true,ADJUSTED,55.47,BUILDING,B5|DSI001,NOT_APPLICABLE,SAIL,REJECT,NOT_APPLICABLE
SKIP,REJECT,0db06960013b84dd03aa92c810342c7e92af7bf9ab19e151baf54e390f9693d0,,true,35cbf0b9077ff4e0aa71374bb8fd33f26280d5589c42785d07fb4b104cf60b6b,SELL,71ae827d419a0cbd005c5312d98ff8f8814e39d4f33c1a10031f2f575ccee91c,2026-03-30,true,ADJUSTED,35.00,READY_FOR_CONFIRMATION,B5|DSI001,NOT_APPLICABLE,SILVERBEES,REJECT,NOT_APPLICABLE
SKIP,REJECT,0db80808f61ed6c84dae817aa4414bc81872c158bb30ebeca03a77905eb52fa5,,true,92f547030950b4f71299e0788e9d365b3b05fed10c515802abe344d04aad0632,WATCHLIST,c5c8a1e76538046c208d8497e547174950c5d3a7a44bffe2c0cc58ae6848737a,2026-06-10,true,ADJUSTED,67.89,BUILDING,B5|DSI001,NOT_APPLICABLE,ATALREAL,REJECT,NOT_APPLICABLE
SKIP,REJECT,0e1964d6623e7aa91be41d380f057f63f395253fc316561ee2656ab1582c61c3,,true,621a6c033091f654cba9581ab668bc34629e0aa627ccd2f2cc27b85d19fabc47,SELL,81cebc791ecb85cc10691e5d81f66d875af7352c6d7c7a3a76f1849b0a6cd3c6,2026-07-14,true,RAW,35.00,INVALID,B5|DSI001,NOT_APPLICABLE,TATSILV,REJECT,NOT_APPLICABLE
SKIP,REJECT,0e7476da5d2192803a33a31b9d74f7dc65552c9b3306422bddb6a0abc1ed6d79,,true,efca9cd13353b69409c1aaedb4d23169b54189dce3a9f906c3129f205292af03,AVOID,5246fd3aa2adab23f2f3d9f2c08715d8a79a449eadfcd275c78bbdfc65a8be2f,2026-03-06,true,ADJUSTED,40.00,READY_FOR_CONFIRMATION,B5|DSI001,NOT_APPLICABLE,GOLDBEES,REJECT,NOT_APPLICABLE
SKIP,REJECT,0e758f097106569c10181489e7ebadc1a74c0978574e4ea88d26bcb8f59a3d80,,true,679a01394378066ecd183c0cb91840ee91b29eb6cf888b9ad37b894da3b2ce2d,SELL,51f8400b04f49f69c23d62df7dc0c838d826ef3871e784632507a4c4cfde55a9,2026-02-25,true,RAW,35.00,INVALID,B5|DSI001,NOT_APPLICABLE,IDFCFIRSTB,REJECT,NOT_APPLICABLE
SKIP,REJECT,0e75f9fd843f58db922c6310f531218684cfa77a70bf21d593f7158f7a596fb5,,true,dae0b7670e5a2d0b4ec973f3293b8b33947c9935f9f452b85d3a5f59cbe3a461,AVOID,d7bb95eb3385b4f16ec065a99ef745f7fc4184035fd1f5e364afdff1516a6cec,2026-01-08,true,ADJUSTED,48.08,BUILDING,B5|DSI001,NOT_APPLICABLE,GOLDBEES,REJECT,NOT_APPLICABLE
SKIP,REJECT,0e9f427bf842710e26056bed62df5a8ed735bfe8232e73318ad63b21d479b0d0,,true,10b5b6fb8b608f372cf0baef11056903af30eaca529ecdfb02531e2aacda50e6,WATCHLIST,da892412e85320782ab2c77f86bffa019f40c46a9d11197f62ff18bf2bbbb8cb,2026-04-28,true,RAW,66.76,ENTRY_READY,B5|DSI001,NOT_APPLICABLE,ONGC,REJECT,NOT_APPLICABLE
SKIP,REJECT,0eaf772f9030d04034f8b6e09cd019c5683a7ca500620b17f3e42f4f6d98375f,,true,ba439ed432dcc647ec7d7423bbd69f82868f09c819b5dc43b9835cc5cbdbb030,WATCHLIST,3361b52a05121ac3ffecb0698f07880881e7ef862a50c61835047979993b3162,2026-07-16,true,RAW,74.44,READY_FOR_CONFIRMATION,B5|DSI001,NOT_APPLICABLE,PCJEWELLER,REJECT,NOT_APPLICABLE
SKIP,REJECT,0eb27884bad98125a9423382e79c04f4ee3e8b1d1d03b8025bb2e71548198ea5,,true,9831544145fd971ee2704240b2e1de762c5867fbcce1ebf718008edb32e49b02,AVOID,4db9e105a3c57fff95b1e3bbe2d0a8758900cde68a4e48631323ba350189ba7f,2026-01-28,true,RAW,59.60,BUILDING,B5|DSI001,NOT_APPLICABLE,BEL,REJECT,NOT_APPLICABLE
SKIP,REJECT,0ec05c21de82e1a5230355ce7b7b82946c13ac481ddc835793f7383c292e455a,,true,09e6cd16ec96fb33b718d76a7e1a1167a3704a669cf30123dad15bde2d121d7e,SELL,21661f3a841b22d101ab9f71d085e65e8d9480f89dee173c9b7f7adbf21a98d5,2026-01-22,true,RAW,39.00,INVALID,B5|DSI001,NOT_APPLICABLE,MODTHREAD,REJECT,NOT_APPLICABLE
SKIP,REJECT,0f4eb2dbf37ba081d4c8729b262393c2cdadd7ae60fbbe64eecc9b04a2c349f4,,true,26cce5900a99b27ab40f1a91bb4d631340a616f77e41613782a3665b8284ff65,AVOID,312cd65dca4b4f7ea3ae80eb9a99b42b38e942205403500fc238137179482ed2,2026-04-16,true,RAW,55.13,BUILDING,B5|DSI001,NOT_APPLICABLE,ETERNAL,REJECT,NOT_APPLICABLE
SKIP,REJECT,0f71ec88393367b0bdd0d4cd44c4a68f6bfe059e35bee677ca994351a543b644,,true,0190ebb730e2634867b72299f09691b037788eb945e121809be22b55a856be05,AVOID,30a03b0127d755ad472dcd55d378ff32f9346c14e1b3b64089334e7b2b695262,2026-04-13,true,ADJUSTED,59.00,BUILDING,B5|DSI001,NOT_APPLICABLE,GOLDBEES,REJECT,NOT_APPLICABLE
SKIP,REJECT,0f767143b36d8128367cb547df72db21f85e06f059fd9c7fbabeb542607e8bf6,,true,b5016f340333cbb527e405dba806de74d3a6edb879437a68b362fb4b20d0cf4a,WATCHLIST,b31dce586ce7197cd4987cb28f24830823e46e472736e3f32bb09a41f7b27826,2026-03-20,true,ADJUSTED,70.41,READY_FOR_CONFIRMATION,B5|DSI001,NOT_APPLICABLE,JPPOWER,REJECT,NOT_APPLICABLE
SKIP,REJECT,0f8410e28c4b5f2f589f59250afd73fb9027e1570ffcebd31749a78187f75ebe,,true,b20bf3fd03b2b6c18d18cac6228e4911063a0a43a9fdc6d90ed03f0cddc2d1f0,AVOID,1a1814b4779ff5efdc53a27fdfa400fa3777b8a3b3c58d51f48dd6cbd68bf70f,2026-07-20,true,RAW,59.00,READY_FOR_CONFIRMATION,B5|DSI001,NOT_APPLICABLE,PCJEWELLER,REJECT,NOT_APPLICABLE
SKIP,REJECT,0f868ff0d57d9e350315f818fbfa4a9174c75c890329f23b0caae26148aaf6af,,true,b0365f3acce6a2c13d1c7c8101c4e2534b904212fa12852c7c79930cf397cfd8,BUY,433d77341c5af0f54c46ef4dae6fce72907234553701d1d0fc79982e2aabdd96,2026-05-18,true,ADJUSTED,86.26,ENTRY_READY,B5|DSI001,NOT_APPLICABLE,FCL,REJECT,NOT_APPLICABLE
SKIP,REJECT,0f99206c19675c438a0e1d2fd941f52cabbf417382107c93a2e49b3e2c7c4b2e,,true,373933e404fe4bed05f5cfdf131630d8c74f025e2b63babdadd58a55334aef7c,SELL,4c7928d1989af9bba7a112477bd194385160473dbd5005f6ab7d290cbe26b579,2026-02-17,true,ADJUSTED,35.00,INVALID,B5|DSI001,NOT_APPLICABLE,YESBANK,REJECT,NOT_APPLICABLE
SKIP,REJECT,0fff89519ccaf995c528bc90f5b2fbeaa5853abf8da89f0cc02d5f047e895f41,,true,8a664d63d2624b0f5c05867ebfcef95c07cb9a283accad92133fc947d622f963,SELL,6b7ff485c8dc52d6bb72fa7659aebb2fa7eca00c67b5e0301e45a0a82bf20faf,2026-03-16,true,RAW,39.00,INVALID,B5|DSI001,NOT_APPLICABLE,IDBI,REJECT,NOT_APPLICABLE
SKIP,REJECT,10063489b5e99e415dd60bb6327a7121131dabfc92f950c9e83f03c7e45d8474,,true,609ea5c2097f2b3613ee003fdf199a89b9d027a31e8f5b3ed71e3eb60aa58520,SELL,2d76cd6a293fb87c04b7eea25be00d56582b824a3836abe1be07320fd70eb72f,2026-05-20,true,ADJUSTED,35.00,INVALID,B5|DSI001,NOT_APPLICABLE,IRB,REJECT,NOT_APPLICABLE
SKIP,REJECT,100efac5b31826f0de48dbd3641c9c0aebef06c7971cf61d826e31cf83f9dc41,,true,a0cc8b6e324a041308c8dc83502a71319887343706048ba673ff2b4877908838,WATCHLIST,34bdc7a4223b68b004e64f12802a4bc5710407f115485b9c40992e3ca8fe8958,2026-06-15,true,ADJUSTED,60.00,READY_FOR_CONFIRMATION,B5|DSI001,NOT_APPLICABLE,GTLINFRA,REJECT,NOT_APPLICABLE
SKIP,REJECT,101dac1c1a166495e329fd5e743831877f696defb651d66e249044e96877a0d7,,true,ec03b13e374e7f742dc784a6ed5a71d00a46e3ee478b6fda711dd5a27334bf11,AVOID,a569d4fc15dace6e21d32e3ead476dc7c2ab55a3164d9e54cfeddb9b8b7ab447,2026-04-06,true,RAW,59.00,READY_FOR_CONFIRMATION,B5|DSI001,NOT_APPLICABLE,TATAGOLD,REJECT,NOT_APPLICABLE
SKIP,REJECT,103db8dcce455992fc983f9a37b6bd3e201acd0e91a6aae553a101520113dbd1,,true,e2def77d5de04e22b1a4f1f830c9a5c3c7516399282c95d45ac1abe1cd1e0063,SELL,5e2b1614e3346d077ad648efbaaa94410809c83d786864edd0623fbae9804ca6,2026-02-16,true,RAW,39.00,INVALID,B5|DSI001,NOT_APPLICABLE,OLAELEC,REJECT,NOT_APPLICABLE
SKIP,REJECT,1049860150db186850dca309036c0ba66a1b03ba73765bdc802a883b2057ce8b,,true,a250dd6a0d3d25d5d776d8916feb759c270689c00ba2a48cb18e057586422267,SELL,9523651ddcdc6f49597afdfd8fd49f002990f02784b9d60874be594a8695cb88,2026-06-16,true,ADJUSTED,35.00,INVALID,B5|DSI001,NOT_APPLICABLE,NHPC,REJECT,NOT_APPLICABLE
SKIP,REJECT,1052f35789cfdc0184fc39edb324bb1466d816908aeff985da99bf2b40356454,,true,d52e08c625526397a10487b46ac9308904802e184f8bd02d00cd6858dbf84c29,WATCHLIST,f4c8d53af690c13941bde571ed7a1d6c44d42d50ed4d1dea7a73fc0b1bf6a26f,2026-04-09,true,RAW,66.56,BUILDING,B5|DSI001,NOT_APPLICABLE,STLTECH,REJECT,NOT_APPLICABLE
SKIP,REJECT,1069a555c693b168c15e17a01daaef70212f47f53df3a8aad69f77d6bb908c7d,,true,cfc6d1c99e78ff9b7f4a37328bbfda8650cd030e95301540d752d03bccbd1a44,AVOID,4ece54efab2f57d347e75047730fbf1bdcf249e2ab18e6f9e800c32d7e312371,2026-04-09,true,RAW,40.00,INVALID,B5|DSI001,NOT_APPLICABLE,TATAGOLD,REJECT,NOT_APPLICABLE
SKIP,REJECT,108d72e43bb98f585979b8c1c9be09e96656f5ae97998e06fcdfe1f8440cefd4,,true,6f3104c3e389d5a591ab891ff3f5f4c5db0b4bfcf844f15efe881bac642acdfe,WATCHLIST,582af4893ec6b2b513c080a51cd9b6eaa4ec79dad89b1b33ccdf8550c3a7764c,2026-07-09,true,RAW,74.00,READY_FOR_CONFIRMATION,B5|DSI001,NOT_APPLICABLE,PCJEWELLER,REJECT,NOT_APPLICABLE
SKIP,REJECT,109c0354c24878667ba8fb45d65e6e32abc4f1949c74bc799e25146ae36c5c38,,true,e7b6263a80a3d6b4c4893e11e4143649e21adc527bda54962b9ca18b274b7014,BUY,e644d4db622036469b9ce27988d44f858459d9c2d943af9be07d57b155a908e0,2026-04-13,true,ADJUSTED,75.97,ENTRY_READY,B5|DSI001,NOT_APPLICABLE,ADANIPOWER,REJECT,NOT_APPLICABLE
SKIP,REJECT,10a23ca5cb75a2c9511e8d6c30936d32580a3b16f2369d931b5ac6f06b86138a,,true,9c7b22a21e0310941afee56325736ae69c4af568ea2ddc2354f6161da824ea9a,SELL,33c490487fd93299c016193329071ceb711418749b4a1fb53224e502133899d2,2026-02-20,true,RAW,35.00,INVALID,B5|DSI001,NOT_APPLICABLE,FILATFASH,REJECT,NOT_APPLICABLE
SKIP,REJECT,10be136a5c877a1de5e86468efbb5faa50ad131dda0b8bb4d778a266cf7be0e5,,true,def8bead6032ea50bbd09e2e0cf622fee78d9b5991bd7e8bea2b0626d5b965e3,WATCHLIST,09487274fb958908a6bb12163a5812630e3b90a03f2850fdedb75c869bcde810,2026-07-17,true,RAW,73.45,BUILDING,B5|DSI001,NOT_APPLICABLE,FEDERALBNK,REJECT,NOT_APPLICABLE
SKIP,REJECT,10f6292c0f6adbee24307e1b4df74a4665d41e2eef5864fa3b349dc991722762,,true,da5368ed5a757b21994d12001a7f85431eec9fa58518f2ced1e5e6b45cc175f6,BUY,428c85eb016bb8a46ddf9bc4ece225c6d4d69408ed98c5e500294169ddb3f78a,2026-06-16,true,RAW,82.96,ENTRY_READY,B5|DSI001,NOT_APPLICABLE,YESBANK,REJECT,NOT_APPLICABLE
SKIP,REJECT,1105a908793f6925efb7d5603f891e80fc585505b127abd83060f297d78e3427,,true,612c04eeeaa54b1ecb2d31c5188dab344d351c626475c399ab41d6024808f47f,WATCHLIST,09de274c028a8d8f82b2bc0efbcbb735da065e879d704b1376f356eab8dca653,2026-07-13,true,ADJUSTED,61.44,BUILDING,B5|DSI001,NOT_APPLICABLE,UNIONBANK,REJECT,NOT_APPLICABLE
SKIP,REJECT,11198fa3c86c0ab8c689e4d6d620c07e19b96cec92c6f550ff99fd993ff76855,,true,f9ea617754d9c0c5242e4308bf5ee5e3f5137800e70624c63e0be37a6deed7f4,SELL,44a2bf1dc5d2f368ca98cb8916e438ca300c0b05472f5c69ee044667a53ac58f,2026-01-01,true,ADJUSTED,33.58,INVALID,B5|DSI001,NOT_APPLICABLE,YESBANK,REJECT,NOT_APPLICABLE
SKIP,REJECT,1163b426712e3dad5da93a1c98325577876beb66981ff103e57b72c6fda4612d,,true,535a50b2cfef9fca3d0788be4bee5ee44caabe2d6ebb088266525cea47049c0f,SELL,30e135d28f3559a2b62852960140bc3d91ce5cf13942da5a9d4ab6daf654f63b,2026-06-23,true,ADJUSTED,39.00,INVALID,B5|DSI001,NOT_APPLICABLE,TATSILV,REJECT,NOT_APPLICABLE
SKIP,REJECT,116f21f9799556853f6cd3036d42c971ab62095d6999e291dc14065fff8846d1,,true,4490b9d5b0c85d0684f24e11cfade0754acf9c1d77fa914e41fa1427a6413f30,AVOID,eb5741542f213f1b1e6c9b6c0e20cc101b08b7a99452f6f5322d909ab82a5a58,2026-02-13,true,ADJUSTED,59.00,READY_FOR_CONFIRMATION,B5|DSI001,NOT_APPLICABLE,ENGINERSIN,REJECT,NOT_APPLICABLE
SKIP,REJECT,1181bd35570054dff622dff8d57cfda6ce3bfc7d03270f68b242bd29b5531d18,,true,71cc529ad345250f302299a94eda12928562501d3e819e7db658d2a8ca7be4e7,AVOID,6b4a3b7087b4107235cec79c23ee58e34562f12de006a2421350c28adabff8f9,2026-03-10,true,RAW,46.99,READY_FOR_CONFIRMATION,B5|DSI001,NOT_APPLICABLE,TATAGOLD,REJECT,NOT_APPLICABLE
SKIP,REJECT,11b57d593f29597f5f23a23a1a7d3192cdfe08ef1f2da5b8d619cafc44e95ec9,,true,6a0dbe822c558929c978b240307d7cd0645caa6f46ad7d586772dbb53dc6503a,AVOID,c28622e02c5c1249d69b8dd8968593b4bfc0333a3f71f96cf2622c662718e716,2026-04-16,true,ADJUSTED,40.00,BUILDING,B5|DSI001,NOT_APPLICABLE,GOLDBEES,REJECT,NOT_APPLICABLE
SKIP,REJECT,11c068b28eb13003e60a52f41a4805d7d1f2df4205c236f6676db6c43741a4ca,,true,fdc67b9d4a82577799ddc30623b631c8e58eb5514a0eff7a46713b1a25fd9d3e,WATCHLIST,df762075f028ae64d3f3b4df04cbcd05dd57585a1223df9cffa80132a2939543,2026-04-22,true,RAW,69.73,ENTRY_READY,B5|DSI001,NOT_APPLICABLE,GROWW,REJECT,NOT_APPLICABLE
SKIP,REJECT,11c0cdf51c2ed87968d9b8860521dc8890a4c262ffbb5a86b2d30179c65db84d,,true,8a4a263cd3926763f52bfff4ff35a1d96e0b607385ffcc34de8d10243ff4ab05,AVOID,7acc8d7a62796893c1872aa4ca6100dfb21c10bb5e6e926d5fbcdeac3ccb1bcc,2026-05-26,true,RAW,45.08,READY_FOR_CONFIRMATION,B5|DSI001,NOT_APPLICABLE,TATAGOLD,REJECT,NOT_APPLICABLE
SKIP,REJECT,11ce51270007869c557bc6f08918c4886d50d31d4675f257f11d4534accb08ee,,true,072716d3d7bd85846335ad25e991d42f2a8ef1aba03ba1366d8c0d323b6e81fb,SELL,0d7c7af55329e9f58ee77f7614da11379e1ec7f1251eab00f2783eb3b149ea91,2026-01-05,true,RAW,39.00,INVALID,B5|DSI001,NOT_APPLICABLE,PCJEWELLER,REJECT,NOT_APPLICABLE
SKIP,REJECT,11d87f5f9b4af0ad1924766a067abf162e249eede0203f133721858517882491,,true,f9097093b32a145f4ea49cd0cbde1b7d3a1dd717571bdf8cb448bccbd9837eec,WATCHLIST,55ab17b451a125af5abe71104b0418163f7c3180406356ba898362049985f64e,2026-02-20,true,RAW,63.95,ENTRY_READY,B5|DSI001,NOT_APPLICABLE,CANBK,REJECT,NOT_APPLICABLE
SKIP,REJECT,11dc27edaafc6517e0607e58eea5839dd0226bbff179b2949ff69701f7c4e93d,,true,6a0dbe822c558929c978b240307d7cd0645caa6f46ad7d586772dbb53dc6503a,AVOID,c28622e02c5c1249d69b8dd8968593b4bfc0333a3f71f96cf2622c662718e716,2026-04-16,true,RAW,40.00,BUILDING,B5|DSI001,NOT_APPLICABLE,GOLDBEES,REJECT,NOT_APPLICABLE
SKIP,REJECT,11e515f538e2b78b55c002e46e2ff08cd1d40c3069ede99429f162dc9a5e269f,,true,11778c68fa1b5d4720aa37db6feae252af0c57650ef8a3aa1a3ccd90849fa095,SELL,0fe9faa5df86eb1e23b875845dd578441769ad36bd9ac9775c17cb1a5dee52f9,2026-06-25,true,RAW,35.00,INVALID,B5|DSI001,NOT_APPLICABLE,TATAGOLD,REJECT,NOT_APPLICABLE
SKIP,REJECT,1215852d74b743dfc4044acff57b69f11f7ececf8aee57f642a7d57d5e4ac1e1,,true,c7d5b0ccd840deb46c20230f45d5d9e6c8c2a41b32f6bec3c352cc300b310a76,WATCHLIST,b7f6c052f5a4fef7a103d5b64b7586efff905aee6ceb8b9e3fbd791e88f5b974,2026-02-18,true,RAW,66.61,BUILDING,B5|DSI001,NOT_APPLICABLE,AAREYDRUGS,REJECT,NOT_APPLICABLE
SKIP,REJECT,124bd55a847e51da94ca94ebde3a9fde5a68203e293e7cb8f0e968b596e0c6b2,,true,7db9820a436245b61497ef94bbf9057f97bfea7b105bf0778ee976e235b2d983,WATCHLIST,1fdd02ea697b974d50f4e4f1937d03cfe79724448b2d93e9b433550d911950b7,2026-04-27,true,RAW,73.90,READY_FOR_CONFIRMATION,B5|DSI001,NOT_APPLICABLE,RPOWER,REJECT,NOT_APPLICABLE
SKIP,REJECT,125781f25d9a309180a5993022fa6d29e16b7b23ef6c42c1d00298635e9e4a9f,,true,e37663e30db744fbf933e6485f5806f33325005c8765aaafbd5ab2e1f6ec0dfa,SELL,268354fd961c71e3b6cd9937cfa48dfcbd38aaaaa067120428e35e182c16c831,2026-06-24,true,RAW,35.00,READY_FOR_CONFIRMATION,B5|DSI001,NOT_APPLICABLE,TATAGOLD,REJECT,NOT_APPLICABLE
SKIP,REJECT,125ca955c311e597becfa4ffb17c88da4abb631a7b58426183a2a963a628247b,,true,3e507de0a46d976a7b197da3b266ef17e75b848c66d5386a4d6e9b2d545efe28,BUY,f6d05e7b6ff2ea28d7c0cc9c6f167b41f5f052a26af33d61fa5ffa08894341db,2026-02-12,true,ADJUSTED,76.05,ENTRY_READY,B5|DSI001,NOT_APPLICABLE,GROWW,REJECT,NOT_APPLICABLE
SKIP,REJECT,125cb6747d9b6db708040d7ba5ff2c77edaf7a50ee65bc27f1a535cd940bd465,,true,6388dffd38561b6d3ec1dec94717d78c021c00cc2b87d364e7db733f202efe09,BUY,6c0669153bbbcbab849a097afac706faf55696b29bb609e3ab7ced33a0834ede,2026-01-19,true,ADJUSTED,79.86,ENTRY_READY,B5|DSI001,NOT_APPLICABLE,SILVERBEES,REJECT,NOT_APPLICABLE
SKIP,REJECT,12727a44a42070ce23290c2821c4c7bb8ce168d4b68dc3bd07874467e5e7e96f,,true,3ff183b3fbcf4928d9a8231565b7958a54d1dce141a248fbb7f419e144460540,WATCHLIST,c08b7ffa397fd8151a161f6dc6179a1289d6056cb18b567850f79e988d135dd6,2026-06-19,true,RAW,62.99,READY_FOR_CONFIRMATION,B5|DSI001,NOT_APPLICABLE,YESBANK,REJECT,NOT_APPLICABLE
SKIP,REJECT,127adc4a7a26e5f206bb3ea9ccb60a22dc44620e10d4c292faa2715e030269cc,,true,ad152a003cb9b50d0ecac64f421c9d7cfdebd09a77a56a3d1cf835bca555cf30,AVOID,c5fc7f5f7b59d489fad1bf7142ace588f9364940b62c57148a46298c0fa131d1,2026-05-06,true,RAW,51.41,BUILDING,B5|DSI001,NOT_APPLICABLE,RPOWER,REJECT,NOT_APPLICABLE
SKIP,REJECT,1296b184ad9f821f84ab3865e2e55dda9533f1f78dc5b58dc228f2c2a453b46e,,true,72735a35ba864f77088969c48b3671e1b582e03daf49765e44d89569a2c5c050,BUY,4af2a2731c49a29bdb72021187c5e3a7958384d6adb625773165186d19781699,2026-02-10,true,RAW,76.07,ENTRY_READY,B5|DSI001,NOT_APPLICABLE,TATASTEEL,REJECT,NOT_APPLICABLE
SKIP,REJECT,12987846db495a15379a56a4de8173498fcc93aa6d7389617e799170b03b863e,,true,3bd2ec9239989e72058292a48e85ad7206e82f6e56d77ed9b33f0dab60ef1513,AVOID,20e19cce41e52b15846f06b69ea9310cad599b9a190e3b2016acc380ce884259,2026-04-13,true,ADJUSTED,50.13,BUILDING,B5|DSI001,NOT_APPLICABLE,YESBANK,REJECT,NOT_APPLICABLE
SKIP,REJECT,12992be403e4c814a05c690a6f7422849000ab761b1751ce90d63bbeb32eea3c,,true,2238e3b92743be4167df1fdd90a5ff6fde8443983acaddd8ddb34ef588628e1e,AVOID,68a319011e68ee822608c3293e8ab3cc496fc4c88336596f196adf63fead610f,2026-07-03,true,ADJUSTED,47.43,BUILDING,B5|DSI001,NOT_APPLICABLE,NGLFINE,REJECT,NOT_APPLICABLE
SKIP,REJECT,1299743b02fd52d6c2b2de28970bfd4f21cedbac33bbf0829b2c14861bf395c6,,true,6942bfbb4db8315e4ab56ed12c502e1b59085202a3205f943544cf7857a63997,AVOID,7154c404795c5aa89adc1f09749a24cd172fd038f10ab05ba58026487b2ee42b,2026-03-10,true,ADJUSTED,54.37,READY_FOR_CONFIRMATION,B5|DSI001,NOT_APPLICABLE,GOLDBEES,REJECT,NOT_APPLICABLE
SKIP,REJECT,129aa1cc6bdfcb2cf8805d9a031d2fc9413091bf3a6de0ec5a640cdf5f95680e,,true,9767a126f534f728c7b2870fd0df1793ecc22258dd4c5506b646ecef4baedf8a,AVOID,e51cbb2158cf007e2931583e207446568069f36737ba1a9225e7a9176ec57c99,2026-06-08,true,RAW,52.90,READY_FOR_CONFIRMATION,B5|DSI001,NOT_APPLICABLE,GTLINFRA,REJECT,NOT_APPLICABLE
SKIP,REJECT,129e6fe23ce499292977549f44420b1d5a3f21e4ad4bdd7392ed78dd272a3142,,true,dd067e064911ebb75f76d6aaa28846c20e8e2716e49714ac774ab30caaeda876,WATCHLIST,56bb283837984248f65a1f83e46a7a3a1cce145445a7b0baacf3ef726f0a00cb,2026-06-03,true,ADJUSTED,72.47,READY_FOR_CONFIRMATION,B5|DSI001,NOT_APPLICABLE,JPPOWER,REJECT,NOT_APPLICABLE
SKIP,REJECT,12aba8d79649e76b189e9e492f884a1509e657944cce03454613df254b8fe36a,,true,cc55f2b6ff2aeb2918d8cf94dfd5de83ae46a263e935bc6c13f4804dfcac00f8,AVOID,9c9d3ad64478d8bef53ca00bc4a02bedb519d7e56c716b19e5b5e90c2d697f17,2026-01-07,true,RAW,56.65,READY_FOR_CONFIRMATION,B5|DSI001,NOT_APPLICABLE,SILVERBEES,REJECT,NOT_APPLICABLE
SKIP,REJECT,12c83baf66cf8a381c49a08ca977cfc9c894695c927bbb2d46fcb49857f3429a,,true,5607716f2335056599616b00d59ea2860a5d031b5d19fc1d294739e6b742438b,WATCHLIST,70443529645fc6c9169237a497bfe0867985d427582e6c0bee5baa514161f953,2026-07-09,true,RAW,63.87,BUILDING,B5|DSI001,NOT_APPLICABLE,AZAD,REJECT,NOT_APPLICABLE
SKIP,REJECT,12d063942b804985bc3a6f31d2f11e93fc337fd6380d9aa8471e406945de3c9b,,true,ce0c1f2fd1b6e1c8cc4d76c27838ac55e9636747387bad44a7bba21f03728714,BUY,ba0459f9ee8e17ba60a28b0cb037c626690ef28538bc1fdaae02f5d1828cab22,2026-04-08,true,RAW,84.88,ENTRY_READY,B5|DSI001,NOT_APPLICABLE,GTLINFRA,REJECT,NOT_APPLICABLE
SKIP,REJECT,12e7c77bb6e5aa8c90b0f2d5fcd75e01e8811b4d2f607d97acb98a978a4ed2f3,,true,ad34aac668a91480101499d18c2f8826678e1a32a5528d0a51d8bcaa8009ac3a,AVOID,52ac6fc387da2204bb579f2c5c3b4f304519b62c6536e2cc96ef607e2fd14fc8,2026-02-24,true,RAW,50.96,INVALID,B5|DSI001,NOT_APPLICABLE,PCJEWELLER,REJECT,NOT_APPLICABLE
SKIP,REJECT,13017c8b207537009a168451b5e2788ed46635a9790aa8bd01e11ec8ba0f6652,,true,12f16a7751dd3f1dc34d75257c97ccd17fc5b61cc37e7db3001c8dfd8e47ac9c,WATCHLIST,687501e69c36fdfb4be4834da3140c9afbcfc2294e58459ec9bd3bea066313f8,2026-07-06,true,ADJUSTED,69.18,READY_FOR_CONFIRMATION,B5|DSI001,NOT_APPLICABLE,CUPID,REJECT,NOT_APPLICABLE
SKIP,REJECT,132234df90c4567817110cbee83fb2e62620c6bc3d8b9c34bfb3c9b1a9105965,,true,4348e73461fe66e1b99fcfae9785e5f1f9dcb97efba907b90aa39315de17cefc,BUY,a2bb5ef4ed11075b65c94baffc1f2e8b189bf269749324c00057dec208cf7481,2026-05-13,true,ADJUSTED,89.29,ENTRY_READY,B5|DSI001,NOT_APPLICABLE,GTLINFRA,REJECT,NOT_APPLICABLE
SKIP,REJECT,133b0aeacfe5b7f0349adfc8dfaef28d36d11c12aefd2b7b5dffc6d1f1c1b079,,true,0e1130fa09efee18cad02ab762700be46196c664f7b275241094431b7639f8f5,WATCHLIST,ab9b071e1de2dd90a3caab49e8a1796bbd393acb26e8624be9af5af519ad02dd,2026-04-23,true,RAW,70.86,READY_FOR_CONFIRMATION,B5|DSI001,NOT_APPLICABLE,YESBANK,REJECT,NOT_APPLICABLE
SKIP,REJECT,135a4f21b62551189017a92259ff3de56df2af2e77279388af57b6303a8ebd7a,,true,85b135f601c328b373b000e806691ea431e1e8a6fa0f8f43c6fe7e6119feeb0f,SELL,bb949f3dd4ee999493fc901e6e9684422ab8c749009aaa72123a105ad44aeea4,2026-04-02,true,ADJUSTED,39.00,INVALID,B5|DSI001,NOT_APPLICABLE,UJJIVANSFB,REJECT,NOT_APPLICABLE
SKIP,REJECT,1368319ae728512bc977eeb3c3109e2ed550e6886174e8e2f9a00a215fd3a862,,true,e8e90bf9b40ce7511d417797b6bc147c8c1b24aa33cb25eaa5cd836abb6347a7,AVOID,8544395c3d5a7d6835ffee192875e16d7c4c43d62f2bbde84521e1a551a903e0,2026-04-01,true,RAW,59.00,READY_FOR_CONFIRMATION,B5|DSI001,NOT_APPLICABLE,TATSILV,REJECT,NOT_APPLICABLE
SKIP,REJECT,1381540a0285d6c316b6e6acbed35a51431a8daceae6e1b39d033ace255c97a3,,true,d513d1ba9f9eec3843f7c805b176b45797f85d30001935085d8692a2ff8ae3d1,SELL,1fe72394a8c1c665685a7c6086c2b61478a094a4193def53e28c3d299eb50275,2026-05-05,true,ADJUSTED,35.00,INVALID,B5|DSI001,NOT_APPLICABLE,VEDL,REJECT,NOT_APPLICABLE
SKIP,REJECT,13dec4f844e8a7a6313286ae06d1a86b7868b8a3a5792b32ef7d39fca6f0db34,,true,885d94f5ae2cf59e81df285087818970d4a0bce2f2ff51e95498f78313732d58,WATCHLIST,beeb17e083a0f9efb8a659e696563f72a2048b4553625cbebc8afdeee54a671d,2026-01-09,true,RAW,73.18,ENTRY_READY,B5|DSI001,NOT_APPLICABLE,DAVANGERE,REJECT,NOT_APPLICABLE
SKIP,REJECT,1408cde49a85945c1803f806e16a66f588809bb74e4eccf5e672dddb5ca403a5,,true,f7882dcbb12f1f9dc2dd387896f79adb78bfc85a5628a0b275aca24406a7c96a,SELL,c4d760d4185f634a11571f8faf8beedda61ba0d5e4bd7fef66cc56e1512cb829,2026-01-02,true,RAW,35.00,INVALID,B5|DSI001,NOT_APPLICABLE,ITC,REJECT,NOT_APPLICABLE
SKIP,REJECT,1410721ced5fd7c9e66b0c9a9da590d88ec7c987840f01c72529f39635050afd,,true,4e3cfcc0664b2513e408403dfacb9a6891b5aaa6a3445a0881c688471bca763c,SELL,e2901c85257899921d5c3c7431b59c5547d74bce82de19fb2448fb7ff6d6eeda,2026-03-20,true,RAW,35.00,INVALID,B5|DSI001,NOT_APPLICABLE,SAGILITY,REJECT,NOT_APPLICABLE
SKIP,REJECT,143b7f02c6ea8e62ba2150910e48976a820704ab225414d347095ed0ca3d5c3f,,true,ad6b0214045d8231b9ccbbac0ef0ce73c58420f2ed84373d322ee11b5f84ca90,WATCHLIST,5ffdc2e472945f65af4534bd7e600acb1e5ac6ecd0a532b7f6c727a89cf92d17,2026-07-14,true,RAW,69.03,BUILDING,B5|DSI001,NOT_APPLICABLE,ADANIPOWER,REJECT,NOT_APPLICABLE
SKIP,REJECT,1445fea5f8c9923c692198b0f38e18c3aa14038f684fada12ae11f85c64cefdd,,true,c09ce601304451152327464cf3b5d6696ac0e163c239e5da3bec0fa135c8019e,SELL,a87770cab9783be621acd7a4103ade6dee97adea9bb50b57c6f6b43d76fed201,2026-02-26,true,RAW,39.00,INVALID,B5|DSI001,NOT_APPLICABLE,IDFCFIRSTB,REJECT,NOT_APPLICABLE
SKIP,REJECT,145a05be6174808a7503034d8870136ae27948ecc4fae457daafc3a6d21e75e9,,true,204c35a8e205c215bba481ddbe6cf45354e2a41ee0fb94d94117fc821da1c8b2,SELL,d42f65729134cf1a91b137fefdc71e79505a102a9349725d7fb0961b382eb4e9,2026-05-15,true,RAW,39.00,INVALID,B5|DSI001,NOT_APPLICABLE,WAKEFIT,REJECT,NOT_APPLICABLE
SKIP,REJECT,14718e3113c1475791aa9e8b4fd314d07f38eaef8c10078a18b7af562d6d39da,,true,168448e104a181b64c62fde69237d6636ec42b25db5311fe0c8141aec3890a14,AVOID,7bdac810c74b48289d267c05bf78d41397a3a2914993a61cfb190274966d1fc5,2026-06-30,true,RAW,50.16,BUILDING,B5|DSI001,NOT_APPLICABLE,ETERNAL,REJECT,NOT_APPLICABLE
SKIP,REJECT,1483517c2fe604dbe7b163c0ece5aca3f7644f8a7cbc89e9f308e303b6234bfd,,true,ca5424388be70dd19ef6950350b174bda3328319a29d04db68c766c821eb8805,WATCHLIST,819db3c7307c5a9140584ae7d0441023936afe9009c88cfdfb665b2b704c534f,2026-01-12,true,RAW,73.44,ENTRY_READY,B5|DSI001,NOT_APPLICABLE,SILVERBEES,REJECT,NOT_APPLICABLE
SKIP,REJECT,14a11c24f9528eaa0ee0739b92b123988fd6bf766dd516e4f950755ad67e7d5a,,true,ab23d765e5c471f7e88f936d4268271978c2f303194f97540c8dbce85c8bddbd,SELL,da2f43e0f78e1b239e1b7312419ecda71cecfb9f073a818bcd7f9f648ac04db5,2026-04-07,true,ADJUSTED,39.00,INVALID,B5|DSI001,NOT_APPLICABLE,PCJEWELLER,REJECT,NOT_APPLICABLE
SKIP,REJECT,14c192dfd6e5c2d66b374cb6d950fffb9ac19e75e30011cf82bec0fd54cc627e,,true,d89a27c3000d7582804218cb5bb39201f228743610ef1f3c787cdf835058e5e0,WATCHLIST,5052ab278bdb7673bbe6689003a093341bc11b35925d4bfb9b84c5a34ffe763c,2026-03-12,true,ADJUSTED,74.00,READY_FOR_CONFIRMATION,B5|DSI001,NOT_APPLICABLE,TATSILV,REJECT,NOT_APPLICABLE
SKIP,REJECT,14c80e8cd284dbdd7930eceafc640f3c67249a0c62fb931c2a5ac85b1bb3e76e,,true,0cf9bbfcc87a30fb2bbf9b579b9e9393f8b1c754447d2ff583879daff7d1024d,SELL,884a21032c81748f77b7bf52d61783d1e6071eaa4b8962909c31781a06f8e399,2026-06-19,true,RAW,39.00,INVALID,B5|DSI001,NOT_APPLICABLE,TATSILV,REJECT,NOT_APPLICABLE
SKIP,REJECT,14ca6e7f960780cebc54c6e4da8acca762c440176af94a26726508e764487a8a,,true,821f45b1064de157632a57ffe1e5f31532dc8e2153eecc96a2ec5acd174568c7,AVOID,acd04fe2542c24f44fe212f69391524cc2f8bacaa88b4e0d3f2a59cc291b2d60,2026-02-13,true,RAW,53.18,BUILDING,B5|DSI001,NOT_APPLICABLE,SBIN,REJECT,NOT_APPLICABLE
SKIP,REJECT,14e36b307b9cde570e67bfb7ec2641e9792fc3bfe4413de6bf9e028d0d564b0e,,true,cabade916f626a7805b9ceb24c9ae686242b323ae8c25e45662a54ba6c84ad8a,SELL,29954c484749de86b099e8cd207e96213216e1c6e6da94b46ce5830cdd907f38,2026-05-18,true,RAW,35.00,INVALID,B5|DSI001,NOT_APPLICABLE,PNB,REJECT,NOT_APPLICABLE
SKIP,REJECT,15062d7125db23855da5498efa9d0e2bd1a83df97bf34f33e995fc9da27cf846,,true,608fcab37c94e8d9f2ac28831bd0b0285dfafe6c7b7cc4fffbe785e1c31d4f27,WATCHLIST,bdc781d9ae9f9e589c66d5835172430f4b23d82de5f64b025764165892e18b61,2026-02-25,true,ADJUSTED,62.57,ENTRY_READY,B5|DSI001,NOT_APPLICABLE,MAHABANK,REJECT,NOT_APPLICABLE
SKIP,REJECT,1516cdfa6490d92dacf97fda28051510e0c4a34eea5488b6b54c7377703f63dc,,true,131a6ec01a8951f2ab21a098afa8eebb52ee11a624a59aca779621ee84e69a98,SELL,2dd792255657ec86a79787fd15024bba53e6e52e31c370f62fdb3c8cb2efc8f8,2026-01-16,true,RAW,35.00,INVALID,B5|DSI001,NOT_APPLICABLE,HDFCBANK,REJECT,NOT_APPLICABLE
SKIP,REJECT,15228375ab072a4bec85042ebd4459ffa8ea14d8bc761e743f0f249d2530d02e,,true,3ff183b3fbcf4928d9a8231565b7958a54d1dce141a248fbb7f419e144460540,WATCHLIST,c08b7ffa397fd8151a161f6dc6179a1289d6056cb18b567850f79e988d135dd6,2026-06-19,true,ADJUSTED,62.99,READY_FOR_CONFIRMATION,B5|DSI001,NOT_APPLICABLE,YESBANK,REJECT,NOT_APPLICABLE
SKIP,REJECT,1522be0b30ae952595b64137ac036c6284d687314b71eacf76f9448de0a5619b,,true,8b0a1f8baf13df19bc80e79ca89f1fcf8744a756a39a24eb922eb23f96901be2,AVOID,8ac849976a91c3c4259189369e452266ca4e12e460f811adec8a0337f120341f,2026-05-19,true,ADJUSTED,49.72,READY_FOR_CONFIRMATION,B5|DSI001,NOT_APPLICABLE,TATSILV,REJECT,NOT_APPLICABLE
SKIP,REJECT,15347bbadc4cc9070be8392649ee2cd4b625c7bc90db29b0d9d305fc3e48509a,,true,59e1519d15522e6a64f9d7ac1dc9efc79eb3d5e302954cd5eb76aa6d595c2d5d,AVOID,140d179cfa43ea2be5b024ad4589216a9edfd94032456f4f2ef6a45d422b8db0,2026-04-13,true,RAW,58.23,BUILDING,B5|DSI001,NOT_APPLICABLE,TATAGOLD,REJECT,NOT_APPLICABLE
SKIP,REJECT,1545c1d585303742a527ab9f4d673b4f39797310c205e732adf0a36051188027,,true,d75d051cc361484edf4fbedd05e6125ab8176a78a81762509ee9dd942742c62b,WATCHLIST,24c6af314510759d0d986d81754142389a8f79e04235658ab2d13539bce314ab,2026-02-10,true,ADJUSTED,69.06,ENTRY_READY,B5|DSI001,NOT_APPLICABLE,EDELWEISS,REJECT,NOT_APPLICABLE
SKIP,REJECT,155f3ebf35ecd23cdf4c886c7760565d2e76c987198900ab8917dded1f2be1ac,,true,975763517c37989751f45092f2b8b0bfe1b8189216a2930ae705fd4c04ceb918,AVOID,5534f9f100f583a9bc9b9742293573494d7ea1f390745b52d26a6cf33095104a,2026-06-23,true,ADJUSTED,40.00,INVALID,B5|DSI001,NOT_APPLICABLE,JPPOWER,REJECT,NOT_APPLICABLE
SKIP,REJECT,1570bf6859051b85f4c23b6a7343374f1fbbbc6f800a3bbbb589ede7609753c0,,true,a831199588e22009b74e20c25787caea22143366c22dc2ec63dda8ac59413375,AVOID,944185d3efc292020ff7b7d60d7221860ddb31ad0f4c14526a565fafa341880a,2026-06-16,true,ADJUSTED,56.55,READY_FOR_CONFIRMATION,B5|DSI001,NOT_APPLICABLE,MOTISONS,REJECT,NOT_APPLICABLE
SKIP,REJECT,159a8301c6e506414fdd25aae8803ecc9e1b68c257abc7972cf57c18d7c8ce8f,,true,22d0bfa90c6393a3041ea75c0ed6d5a380e0a79dbcab9d9e0b76d95f4c59bba5,AVOID,c1b597f365a42c2cd1cb46f89925bec0f56ac1649c01c5342cc5bde01da4f32e,2026-02-12,true,ADJUSTED,59.00,READY_FOR_CONFIRMATION,B5|DSI001,NOT_APPLICABLE,TATAGOLD,REJECT,NOT_APPLICABLE
SKIP,REJECT,159b46618038de2068f090a6dfdfd1331aeb83a427ef428f99add6ca72918a2c,,true,4d7a1efc145d58e1626a022f1f4ecbbe4b1c560edef2d32665e6db55a6ba07e0,AVOID,7bdd44d341da7a3bcf8d11ed2301a5b39bdb76f4f458750b9ce523dc1d63fc58,2026-02-03,true,RAW,46.16,BUILDING,B5|DSI001,NOT_APPLICABLE,SETFGOLD,REJECT,NOT_APPLICABLE
SKIP,REJECT,15bdc4916cd8424033711b9c9c99b0e31609f70e1f196ac401e7d584203fce43,,true,004d5f8deff6e2b7afaabb9b09104d19b2ff345221260ebbaaf2ef0a2700c595,WATCHLIST,fa300c173be17b129ae12ec78ed43bcc5c6aab01c2e5598ff09b2cfd622af07d,2026-04-09,true,RAW,74.51,BUILDING,B5|DSI001,NOT_APPLICABLE,HFCL,REJECT,NOT_APPLICABLE
SKIP,REJECT,15c8d0555ad4fd3c6d68bb1cd539015525f6ec49ccd60b857f98910d95c0ff5b,,true,1af2a0d9f3938cd147c627489270289c9b9163b075b271ebecc067ff326b762c,AVOID,1671b8ccdb670b18774aa197d1b40d1592628b82acd65da99eec408d8212df24,2026-06-01,true,RAW,40.00,INVALID,B5|DSI001,NOT_APPLICABLE,PCJEWELLER,REJECT,NOT_APPLICABLE
SKIP,REJECT,15d55008b798a5acf7aa4cd8ad13fe068a3a1626e052da583f100f04cb2b0743,,true,03a2161624865bca2b76045e0e223512d8cb2d02de9cd02b0a1c519a21ad3ce4,AVOID,1cccb0db95a070d13281b19a7c1815181e2952a3fa67cce4ab15903b101693b1,2026-01-19,true,RAW,59.96,BUILDING,B5|DSI001,NOT_APPLICABLE,SILVERCASE,REJECT,NOT_APPLICABLE
SKIP,REJECT,15e8a4b00c976819122d558026032a3626bc50fda7f136bc25438a3ace3275c9,,true,b1a04a237d7abae29c9289d6ac38c1e01f9b8fa4487bf17b64f5bdc9b4cef07c,SELL,9c2f40ac2af8613ed0084a064e493e5b99ed7e1ae1e2775b572e7fd03de02264,2026-02-26,true,RAW,39.00,INVALID,B5|DSI001,NOT_APPLICABLE,TEJASNET,REJECT,NOT_APPLICABLE
SKIP,REJECT,1609ff132b4ec8b6b643f3acd9e4b31aad0114f6dacf882fd4cf31132ce4719f,,true,d6e7df6fa6373e13d5635821f21e0f6e6303430e470a39902025c8d79ed53c27,WATCHLIST,f3943f9f45519922d5e671f83260e05892cd9b1445bf4aa7521568a127500e75,2026-02-05,true,RAW,63.94,READY_FOR_CONFIRMATION,B5|DSI001,NOT_APPLICABLE,SILVERBEES,REJECT,NOT_APPLICABLE
SKIP,REJECT,1620a890002db3e0e3f03304fe274a8e34be2ddf475d483435ec21c846e3c10f,,true,4394a5e5cf9518a2db07860a4ff2028829f3da18f4cab6b42749b155705ffa4f,WATCHLIST,70ca202ac2f7c6fd2a7ac059be22771c21853445cf1192d245a93f286a10a5fc,2026-04-20,true,ADJUSTED,63.23,READY_FOR_CONFIRMATION,B5|DSI001,NOT_APPLICABLE,YESBANK,REJECT,NOT_APPLICABLE
SKIP,REJECT,162bef3d086d86949f1b3cc73b56a440368b32e1ba58037cce01da45ee805ee2,,true,5a00a1c7837459d24c3106f6ec51ef12b05fcf4d4920a27dd8075e8d56e06b4d,AVOID,22372a5b0a3ff8f0182fbffad894eda3b34c121e8081870abcb1a3b39a1c109c,2026-04-29,true,RAW,59.00,READY_FOR_CONFIRMATION,B5|DSI001,NOT_APPLICABLE,JPPOWER,REJECT,NOT_APPLICABLE
SKIP,REJECT,16373805fa8ada25db2275d4e13fccc9da8bc5307b2aa2d1b993cf768a381db8,,true,a745b93c3cbdb61da01fa49fe8bc82b3aa5ba8a92371d10ad4a590873bd3b227,BUY,eb39b238b432a296f81771bef20cd49d932682297b2a297b13dd3d2a3ed697bf,2026-01-20,true,ADJUSTED,88.48,ENTRY_READY,B5|DSI001,NOT_APPLICABLE,TATSILV,REJECT,NOT_APPLICABLE
SKIP,REJECT,1646792d3eb586e7f93298ef2cf464502a0306f5ff7e440d7e81bee0bdf8cb56,,true,5b8b1e550411db6936f8525a539c933d00797143396a71ad991dce733eb8aa1c,WATCHLIST,f4c63046a5878f4c9961149a9def5e574601379d8a1faea0ef4dbafe22da8d6c,2026-01-07,true,ADJUSTED,70.97,ENTRY_READY,B5|DSI001,NOT_APPLICABLE,GROWW,REJECT,NOT_APPLICABLE
SKIP,REJECT,164a073727f3f2e9fb602bc62e93cf338d983c60dbbfc8f4743260657439599a,,true,7b04752bd3e5325b81649c2f194c0381959a3dd686d8309b6234d99d1fc09b48,AVOID,e59664624ff5caa548ebbc2cd10441b9462397c48553427f2597f701bfcc8c89,2026-02-24,true,RAW,48.78,READY_FOR_CONFIRMATION,B5|DSI001,NOT_APPLICABLE,TATAGOLD,REJECT,NOT_APPLICABLE
SKIP,REJECT,16644f94f7ebe5b8d604633ec03e6c61a84a235778e4b5b495c0ba0c5d7673aa,,true,822e1cc1afc12ac2e5f9b54a36c679a1780b67a65933b30052ffcaabc553c435,AVOID,a025f9751333833dc503243c27d182b1633cf628549b68f3535f8e9bc03b3b59,2026-01-14,true,ADJUSTED,51.80,BUILDING,B5|DSI001,NOT_APPLICABLE,PNB,REJECT,NOT_APPLICABLE
SKIP,REJECT,16bdb3f7ad7a51acf55d3bc9496dc189f9e8ec86271ffcf0391246c0461d957a,,true,fc79aaa96155df9b253a6d512eb1df4fb5930d8c9cdc590e63ea4d38f18063b6,AVOID,1cca8f1e746b05a9465791b3566c101c30e4931ac7af6f8d59ee6da2a77cd513,2026-04-24,true,ADJUSTED,59.00,READY_FOR_CONFIRMATION,B5|DSI001,NOT_APPLICABLE,HSCL,REJECT,NOT_APPLICABLE
SKIP,REJECT,16f5865b2b415e96bb0b9f5b6f5c37ae4c933d031370cf89d42c8e6b7b62f0f8,,true,70ef54a8e4417fbf916476f23ec4dfb57cf69de605bc7adc99c1666a2f0930d9,BUY,8bd670cbd9c07fc8e016ffd343021f769c1e532ed2a03fc03f5ed7a558e1abe6,2026-05-07,true,ADJUSTED,83.00,ENTRY_READY,B5|DSI001,NOT_APPLICABLE,YESBANK,REJECT,NOT_APPLICABLE
SKIP,REJECT,17072538fa13fe6ee0d00fcaae7366ae3b3a11645a1e3036b2f35160cf891049,,true,99722f714c9a701bef901b3d8d498258fde91426cb5a221e3717bcc6425b5c42,AVOID,64f3a6a7958a4dbc47c74e673bf69f5c260b61dfdab2e0d62662285e15bbc2db,2026-05-25,true,ADJUSTED,54.21,READY_FOR_CONFIRMATION,B5|DSI001,NOT_APPLICABLE,JPPOWER,REJECT,NOT_APPLICABLE
SKIP,REJECT,170e9495131dda5cc6a93b7e96d887ff292a3490ab84ac3e4d3fb5d42d6c0e04,,true,c25eae30901d82dd9bb9db40db1a9bfe528af93e1fcc48406f59a551c89a1acf,AVOID,f942928634be1521e9b6fb775c322a6408a8f2950cc2fdd51fd5b8dd2ddeb217,2026-02-11,true,RAW,41.32,BUILDING,B5|DSI001,NOT_APPLICABLE,LIQUIDCASE,REJECT,NOT_APPLICABLE
SKIP,REJECT,172ed1b029dd60210f6ef068c6972455f2eb55c40ea4b8c734e1d2227de546b2,,true,5768d6ed4a20b1c778940a6f16ca63fcbfac17fb07f0c2278f4c7c55719e9c3d,WATCHLIST,6f992197b4ea9ce2d09448ff258a1982835f6e41e8edc1e24dd41898acc18456,2026-02-16,true,ADJUSTED,63.81,READY_FOR_CONFIRMATION,B5|DSI001,NOT_APPLICABLE,TATSILV,REJECT,NOT_APPLICABLE
SKIP,REJECT,173a00c8ca80af083905a2e4c75b3cfdbfdb0786bca77b913c0573f65b7461c9,,true,cbd7389de03b0b27faa5bd4c5d83c93ec9537df44b2ac91decf5360e08971ed5,SELL,a3c541ed92f904b0c291bb7358f36eedd266960d9131eba9886594c137bedfe2,2026-03-30,true,RAW,35.00,INVALID,B5|DSI001,NOT_APPLICABLE,IRB,REJECT,NOT_APPLICABLE
SKIP,REJECT,1769f7ac18b024675a602c35f5b514e580e40a3e1476bde15b215338c80e95b9,,true,c4277695e49d3e1eb00794a58efe8418d08662346c43234623c8eed232416328,AVOID,baeeb9ee1012f8e81e356132b93b9ab968c0f614268a98cb04dde1f3290cdc1a,2026-04-24,true,ADJUSTED,47.80,READY_FOR_CONFIRMATION,B5|DSI001,NOT_APPLICABLE,TATSILV,REJECT,NOT_APPLICABLE
SKIP,REJECT,1782ebd97e49e4a218899aa822cd2f80b1d2d7f031ba10ddd9df80de4c2b017a,,true,15440e8e20c05fb8e79677eb901b85e21251c0f643ae45b87cec0ac2151da178,SELL,529c6044c09c36e54f45fada88081bb86d129195a9a29e1b7c922d1d4ae3a823,2026-03-13,true,RAW,35.00,INVALID,B5|DSI001,NOT_APPLICABLE,ICICIBANK,REJECT,NOT_APPLICABLE
SKIP,REJECT,17aefd4d077a39f1c95124d0bb42c05f77546840378ff8369f960cb48747c40c,,true,8bbe3e8b00f1691385720ac7008688be3b9b2d4cf4aad33646ff9cc33352b689,AVOID,9580337ac437bace41554391b7a65ed01d63f9a34af17d3276a0d55634386af2,2026-04-27,true,ADJUSTED,57.72,READY_FOR_CONFIRMATION,B5|DSI001,NOT_APPLICABLE,YESBANK,REJECT,NOT_APPLICABLE
SKIP,REJECT,17af4a85f06f57e8ca785079fe4f0b32b9b37378626ac810e0d8a8d6cf2e511b,,true,7e4a05d3386059899b4d88c22b45e91a3665be4639825f0e8dfdf78c606d0ff1,WATCHLIST,382a7505e3821f78df9151d1332baee607ec0670a807f02c2be3e7aadd278fdc,2026-01-16,true,RAW,70.12,ENTRY_READY,B5|DSI001,NOT_APPLICABLE,SILVERBEES,REJECT,NOT_APPLICABLE
SKIP,REJECT,17c9591ee1620dc9707252a2378061a9e63d975ca04b8d3b42717dcd6374cc52,,true,c166ffe020d1eeb6d94c3e2eac3d6501a4ad54981aa3fb45108e79345b9e2149,SELL,14e261826ccca908cf9de2fe03b75d14172a32b4fb76edc2c7f7b7d8d660b87e,2026-07-14,true,RAW,32.12,INVALID,B5|DSI001,NOT_APPLICABLE,JPPOWER,REJECT,NOT_APPLICABLE
SKIP,REJECT,17cc275de9a91a00804251c422409449f6b83b1fda5c7973c849fa641af6a456,,true,cd15e681ed138363669c20f4a2d4260e16a1b2a1f0161aaa2e5bc55d150e23d5,AVOID,0e85d91349ac9d753ffd65d84e99f08b59b9def4141f0e3dbcf9d32728a6a437,2026-06-16,true,ADJUSTED,45.53,INVALID,B5|DSI001,NOT_APPLICABLE,ITBEES,REJECT,NOT_APPLICABLE
SKIP,REJECT,17d5c3e2d11da86bc009a5a390c8b6367fdd9aa3086359aa6741e5e874601435,,true,24e5ab0da41c001126456c6a6a804f4b2fdef176e3bc576d0401d086b85820b2,AVOID,17e1973a68e8bf87743a7658fa33cbd4129d00808876a3904ce6b65fee039c03,2026-03-09,true,ADJUSTED,40.00,BUILDING,B5|DSI001,NOT_APPLICABLE,LIQUIDCASE,REJECT,NOT_APPLICABLE
SKIP,REJECT,17d68950bb8140a1d829d45e7ac2cd714996565bab9e034445e9cea981b0660f,,true,6f1d22c1fefdd575c24fdda3a502aca035e3ab45da9cd836d56735ff9337fc5c,SELL,ba295edd1cbf46f0258fbf8c081d11c6082a9f5163755311756d5a1cbd8867f1,2026-02-19,true,RAW,30.29,INVALID,B5|DSI001,NOT_APPLICABLE,YESBANK,REJECT,NOT_APPLICABLE
SKIP,REJECT,17ddfd36bbb95c2db3553a03c1b1d20f09efb7dbb69c40e5521e4b4a90f68def,,true,cef843dddef4134f2fc6832ebb28a12d0a29163558e6786de7af54a16015631a,BUY,f51bb911ee09dc4e6c3a684b17dc3f270b8078999846b5b7c7c9b65214615836,2026-01-05,true,ADJUSTED,81.22,ENTRY_READY,B5|DSI001,NOT_APPLICABLE,YESBANK,REJECT,NOT_APPLICABLE
SKIP,REJECT,17e1cb90709f6ec0558fd0206485cb95a36c119311ab387fbbb288c939493f87,,true,41c5047c704599a9a667a3e3cedee4b6e87dc6e3966c6cdbe44340a30dfc9c3e,AVOID,c09bfac3a45bc02fec3820d16d03eaa56165c704fd1fce18d1d6323e6eaf5fb4,2026-01-07,true,ADJUSTED,40.69,BUILDING,B5|DSI001,NOT_APPLICABLE,GOLDBEES,REJECT,NOT_APPLICABLE
SKIP,REJECT,17ea5207eac36b1e272e233ab650e831625cfd403be608f4947f937c062d1acd,,true,7a3b877da2dcb29a5b82c241abe5932f9328ba189bed698873ae738c0986ec39,AVOID,50ce328c537fde86c590db5a50ec047a074429b851fbec8afb3b332793540937,2026-02-23,true,ADJUSTED,56.00,READY_FOR_CONFIRMATION,B5|DSI001,NOT_APPLICABLE,TATSILV,REJECT,NOT_APPLICABLE
SKIP,REJECT,17f39ed22cbf4f776a75228eb3222b7ce750691db59aa9cac3cbca941e841feb,,true,139e55dfc50b902367ba9505bce214eaa064a93eea2732e928460ac01323db53,SELL,ff41697f5607558cda4375127cc3b356956827d8ebe21c8df3c19dc5ecc9eb8b,2026-02-23,true,ADJUSTED,35.00,INVALID,B5|DSI001,NOT_APPLICABLE,IDFCFIRSTB,REJECT,NOT_APPLICABLE
SKIP,REJECT,17f3ee01e2ca899203a0bfc2fd0b29d58cc37e791f8df4bbd4d7432ad281ef5a,,true,ea628f4d4120500aa4eb5b296f2493cee59010655ca31132350bf22a2572fead,BUY,e82009e9463059d3ebba474eaa262f5c7632fc85885863604fafc7f9413b6d41,2026-01-16,true,ADJUSTED,89.70,ENTRY_READY,B5|DSI001,NOT_APPLICABLE,TATSILV,REJECT,NOT_APPLICABLE
SKIP,REJECT,17f9879f4b38f48c2c1c1839afa9283e6f01d0df49f64f71f1e47c903583bff4,,true,ed6e9db5a4abb15bf24fc076df399549e2ea3415dfb9276458795b6cdcf72ef2,AVOID,c378f06794b1959f7cac7a52492882479f76d98c407651cda9e43c7b082df8f7,2026-05-27,true,ADJUSTED,55.03,BUILDING,B5|DSI001,NOT_APPLICABLE,FINCABLES,REJECT,NOT_APPLICABLE
SKIP,REJECT,181833a8caa4c5761f9c17922937d522cae6139d0d08356b9c8c73240b4ea7dc,,true,ec3f8b69a30b335c9f78ccff1663d28d4402eb2939155d90f5df95033ce9901c,AVOID,c8924074ea76ad96ef27cfdd3edc5db0ba3268db7a7b49038da4831ae322e723,2026-04-23,true,RAW,40.00,READY_FOR_CONFIRMATION,B5|DSI001,NOT_APPLICABLE,TATSILV,REJECT,NOT_APPLICABLE
SKIP,REJECT,183b00886693521a16b16d355e98fab4727e31926338823e79e883b970b73dcd,,true,0d388b3fc0f4958890d952378d0fc5fc31fc56851e7f5105a590283212394ab3,AVOID,59413640a6e59cd84392245e5cef4c1e14cdcbf9b06eff728cc4e06b7a67e6c8,2026-02-04,true,RAW,53.11,BUILDING,B5|DSI001,NOT_APPLICABLE,YESBANK,REJECT,NOT_APPLICABLE
SKIP,REJECT,1853d1c4cac7a2d0d6960aebba3920811f5a571a708320443d4845d62562a8a3,,true,7db9820a436245b61497ef94bbf9057f97bfea7b105bf0778ee976e235b2d983,WATCHLIST,1fdd02ea697b974d50f4e4f1937d03cfe79724448b2d93e9b433550d911950b7,2026-04-27,true,ADJUSTED,73.90,READY_FOR_CONFIRMATION,B5|DSI001,NOT_APPLICABLE,RPOWER,REJECT,NOT_APPLICABLE
SKIP,REJECT,18681982e3a3fc8f50b19aaedba19f6c378781f53331c56dad9cdcb8793fdb29,,true,402f683f89f29997acdec12b8415a83c9394d945ffeb820a5b7b90ab676b042a,BUY,4925f67f009e66f3ae438836e005613df70f79379f21877d2141ea306ddc8796,2026-07-02,true,ADJUSTED,88.93,ENTRY_READY,B5|DSI001,NOT_APPLICABLE,PCJEWELLER,REJECT,NOT_APPLICABLE
SKIP,REJECT,186cf7db9f7fec5163b51bfcb2c0205406e14664d8e6417120219f6b6f3fd571,,true,9048ef968b6a7fbf52901c69a2cd7e6a23d3aafd2a6934c4332945bf43999612,AVOID,bf7e5053fff8abca4fe2fa6a53856849150171b5ce060e617b5390372e4270ba,2026-06-17,true,ADJUSTED,51.66,BUILDING,B5|DSI001,NOT_APPLICABLE,SOUTHBANK,REJECT,NOT_APPLICABLE
SKIP,REJECT,18839d1221a0d49ec0beb65f62062eadf2b903b8b7c298fb6328a32ac848d2d2,,true,cb95191d26f0e1fda7356e2ca49410885f0a39a0d28a029db93d153c13e364b7,AVOID,439a3857c6881056ff468ae59e9c2c8e38289dd84344a91cdbfda6c56113b465,2026-02-09,true,RAW,50.92,BUILDING,B5|DSI001,NOT_APPLICABLE,SILVERCASE,REJECT,NOT_APPLICABLE
SKIP,REJECT,1896b584b77f4bae99f0b9142ec548b18ef65b6c425f0c4cabe6185393c18b67,,true,acb87905dc5ee830dabb91a53127781ad678b423b0ba0aec9531039b17dd3168,AVOID,4d84d559780204799f8de07807465a77983429a5372ad05367e13c88bb6854e4,2026-03-24,true,RAW,55.68,READY_FOR_CONFIRMATION,B5|DSI001,NOT_APPLICABLE,ETERNAL,REJECT,NOT_APPLICABLE
SKIP,REJECT,18a806793a3e48aea35ee514f67ce75b8ab439f86cf28d207eae73c71ecd5c1f,,true,9db8307b247ada3de6ecdf019d5184e4d11e5a7b5c6d8218e1b8e2a14efa781d,WATCHLIST,4aa0160f2e8a161b1d72fde3f72b5893d52a714370473d970ef837dc476bca76,2026-01-28,true,RAW,66.13,ENTRY_READY,B5|DSI001,NOT_APPLICABLE,HINDCOPPER,REJECT,NOT_APPLICABLE
SKIP,REJECT,18aafed4ba828ab513c9b1cd966c956983f811ef668ffc5861674c0762f477a0,,true,95c2b903186cc2897ce3529f7c509f10b56740802404dac06e4e08d205315f05,SELL,e20564ec10d8e50a241fd43d4d37f3ef8c8b402f724b91facdb660e40a667225,2026-03-30,true,RAW,35.00,INVALID,B5|DSI001,NOT_APPLICABLE,ETERNAL,REJECT,NOT_APPLICABLE
SKIP,REJECT,18b4cbbc1964dc4a8f67501683c2e21163d6f3bafc36ee4af6901ea9f4b939aa,,true,5d68099e00470f7923f2704ee48369f63ddc3094650734ec4c33cfb3bd2ead3c,AVOID,430c4803a3f4a51af410d387bdc37b1828e310195152c3f18dd98cda4b1ad098,2026-04-09,true,ADJUSTED,57.14,BUILDING,B5|DSI001,NOT_APPLICABLE,MONEYBOXX,REJECT,NOT_APPLICABLE
SKIP,REJECT,18beb9568bae8b1514fb26779a120be2b8ad38630e005595d88c23b49b92657d,,true,a06ada2859315e0129fcdd72bfd7b0f1e3da8ff6594665aaf0a306359383b260,AVOID,076b8aeb68fbd537eb80e713888b8fa1194587d649cbf9a38ba0a6af1f571d2b,2026-03-05,true,RAW,45.28,READY_FOR_CONFIRMATION,B5|DSI001,NOT_APPLICABLE,SILVERBEES,REJECT,NOT_APPLICABLE
SKIP,REJECT,18f235770d771315bb649c0b36dd84a3ac510593cf12066a959808f70a1aa34f,,true,ec7330c5caf2edf2918b86c407319e19fe76dd493bd19b7246bd021cb9324772,SELL,4b4a75049fa5b9b721dcb886fde0f5348a66025b0274a19c0582d30945204d86,2026-05-26,true,ADJUSTED,39.00,INVALID,B5|DSI001,NOT_APPLICABLE,ITC,REJECT,NOT_APPLICABLE
SKIP,REJECT,190c1d136110cf8f9c36b6e3c0745cf04ba64be2b98c799f4e220733d069113d,,true,3a44a1c0256d18eb7e39330f1138df1017c703bb907abed8dce4e4c6c28abc9a,AVOID,148d8af5f56bc12abd8e956bfb927b552829fdbf4f2eb7b1a5b01a7af1803d17,2026-06-11,true,ADJUSTED,47.19,INVALID,B5|DSI001,NOT_APPLICABLE,TATSILV,REJECT,NOT_APPLICABLE
SKIP,REJECT,1912188c706972325c4e35097d471fc38045e444864aa09d146d16590b60efa7,,true,d149a633d89ebe0de5cb7d94b352ee4420d3f3e2e6c968b51989f984ea8fb215,BUY,4c876744b2aa584701cb7cc670e02cb54221c17be243571a60963835ecea57c1,2026-07-20,true,RAW,79.88,ENTRY_READY,B5|DSI001,NOT_APPLICABLE,PNB,REJECT,NOT_APPLICABLE
SKIP,REJECT,19164485ad6afccc0eac7b748d9a0459770d6c1bf4a1d260b4ade3943afe246e,,true,957551677039237191e002e332505279b0cc0764b87038c1fa6c79d1675108e8,AVOID,0673797b2dc331c69dd2f1c27d11a2534fb58af626e86ca192f980b9ab5bae3b,2026-03-19,true,RAW,58.73,BUILDING,B5|DSI001,NOT_APPLICABLE,BUTTERFLY,REJECT,NOT_APPLICABLE
SKIP,REJECT,19177a241a1cd1b462548ec0575925510e4cc4358633d4f00bba1857b3f9b33d,,true,a245f2ed7436abdb1901d51e7679dc93e1ee93979aa4debfd24c9a1b534202de,AVOID,7074e157bc72a6cf5d65b3b626f3e2cbfb628493df241a05e18133692e377286,2026-05-29,true,RAW,52.71,BUILDING,B5|DSI001,NOT_APPLICABLE,AKZOINDIA,REJECT,NOT_APPLICABLE
SKIP,REJECT,194ac02dc365a93d0d38e335f1f77ee09604d5855c5abf952a4d7ad416015723,,true,87a238d96bd0d2f01d04d3cdbdb3fd1a99678eb9c675fe8ad12ec807cc353cc2,SELL,c0cbd064794287f76219daab8774a8bae6e649da24a65c713eb396991163c21d,2026-04-01,true,RAW,35.00,INVALID,B5|DSI001,NOT_APPLICABLE,GTLINFRA,REJECT,NOT_APPLICABLE
SKIP,REJECT,196f64ec49f001c6e4fba14072f3616602c9b0daeca052feee225d75908da2ef,,true,32817fc0c9a7f921cff500202d1879b23224ffa7fde6b8027181c7f848a2e400,BUY,82c45ac82ceee63357d6bb08a18e41bbf762a4c44f4d02d70fbcc829e2b51409,2026-05-29,true,ADJUSTED,80.94,ENTRY_READY,B5|DSI001,NOT_APPLICABLE,OLAELEC,REJECT,NOT_APPLICABLE
SKIP,REJECT,197449de27bedced24cc5b917874e667848257d79cbc8b351bfd3c809968bb38,,true,0cc710963dfd28ab57a728cf022b865b70363254aef5ea2975a1909baada972e,AVOID,2fc0af986622391454ceaf18f96b8ccc2841c1cb7e4d0ebd4fc3ea3c50b3b9f3,2026-06-22,true,RAW,51.75,READY_FOR_CONFIRMATION,B5|DSI001,NOT_APPLICABLE,TATAGOLD,REJECT,NOT_APPLICABLE
SKIP,REJECT,19a534fdaa77a893fb3381ca1102a878f841ac1c0c20452f52f1238502f0bd5d,,true,f6bf6b6d149b90e4e00cb0cc8eb783db119c1b338f08c1c6f83737dff60827f7,AVOID,027a7cbda19c3f9bda9eab04ff3f309dc99fa3a19cddee986811f4effc9cda12,2026-01-09,true,ADJUSTED,48.07,BUILDING,B5|DSI001,NOT_APPLICABLE,IDFCFIRSTB,REJECT,NOT_APPLICABLE
SKIP,REJECT,19c40161aa12e3f6a0c8aba13a86132afa9bfe004c1bf691050885dbbb8f8ec0,,true,59abee85f696e9be707975b9b2cf7c25b09e35b5fadf309b13f2672fce59b9d6,AVOID,3cc1f68ea3e198c6c9386bb2337c9981eff57bd3a27c8f1d8c32106696861363,2026-03-11,true,RAW,40.00,INVALID,B5|DSI001,NOT_APPLICABLE,FILATFASH,REJECT,NOT_APPLICABLE
SKIP,REJECT,19ec7c55a8e208896db4935e2834663ba7bfd74065d442f0e3b456b886f55eed,,true,5ce77a5609d01c79a71c74b9a856857b206feece5aa31939afd15c807fcc72b2,AVOID,88d266b7ba7690fc7f808b0637afcbf95a7801f4ad1e5ca5ee891e2f12f49130,2026-06-04,true,RAW,56.94,READY_FOR_CONFIRMATION,B5|DSI001,NOT_APPLICABLE,YESBANK,REJECT,NOT_APPLICABLE
SKIP,REJECT,19eeef44ec465d097ce4b862215627aed5f710a4ba096006d3aba1550798a409,,true,7dcc0a1c24671f8cbbda35889f5f34e2fea51648a4992b3142a2c9ac4a3d1eb5,AVOID,0f847732f438f8c2b6e031a057153c3263e92d878b87f0947e8e7d04b41f6f34,2026-06-08,true,RAW,40.00,BUILDING,B5|DSI001,NOT_APPLICABLE,LIQUIDCASE,REJECT,NOT_APPLICABLE
SKIP,REJECT,1a0030b0276d400bda94f3765d0dcf3f8a3a71f63e41afd520fc885ce183be08,,true,6e318e85a5520ad0b6d2ec28b24f5d12aa86c035a006917b4c5fb3fe43c35444,AVOID,11bf13ec3a9c4cb54711d040a243923ec3e3e887c9708c8d012b6818845cda47,2026-07-20,true,RAW,50.60,BUILDING,B5|DSI001,NOT_APPLICABLE,GMRAIRPORT,REJECT,NOT_APPLICABLE
SKIP,REJECT,1a12c33a3c07a19595be65c82fec4624308d1134e3ff399ffec00e4f901f4af0,,true,09ae2b6a7f3ed8e7374362fe086cacde8a015d1c2ea036790cf39666d29d4927,WATCHLIST,d71c09c5309c084c37b85a31686eebe35823fad2231b11fbb952ec6e23f82c69,2026-01-30,true,ADJUSTED,62.52,BUILDING,B5|DSI001,NOT_APPLICABLE,GEMAROMA,REJECT,NOT_APPLICABLE
SKIP,REJECT,1a3d8ca4867e38f8e49b56f8267d910b97344dbaee828b55fd1f1fd92666be68,,true,4dbe22d597aa519e85c7ef4d6ac066378fc793695aa38b02a63d689d0dcb5492,WATCHLIST,335b500de5bd96732b648217479a918ff2f0d25b3cec23f5a2a1dacc64c1b055,2026-06-17,true,RAW,70.42,READY_FOR_CONFIRMATION,B5|DSI001,NOT_APPLICABLE,UCOBANK,REJECT,NOT_APPLICABLE
SKIP,REJECT,1a5f1f9a9bdef0a591e6d3456a1223b149e76423e5317be1b35922b82c8495e1,,true,f2d4b5fa245a22d4880bab265a0a4aa6a0abfdfd9318044e4c14b2c4b7a9cf2b,SELL,48fa401bb958aeb3ebe43d995d0809f858fe5a970a9e42bd7270fa9d115fdfb0,2026-03-06,true,RAW,35.00,INVALID,B5|DSI001,NOT_APPLICABLE,FILATFASH,REJECT,NOT_APPLICABLE
SKIP,REJECT,1a7a18f72705b516917c8d840f7edb1ec7248387a88f21cde17221af961efe74,,true,e9ed28c3829276c25d937bb3d4da3b775c7784714375027b455dfc0d50035f61,AVOID,6432cd32a5eacabe8358d8a8da933a9f115d9f62b90c9a25be10f2d0291da4f4,2026-03-25,true,ADJUSTED,59.00,READY_FOR_CONFIRMATION,B5|DSI001,NOT_APPLICABLE,TATAGOLD,REJECT,NOT_APPLICABLE
SKIP,REJECT,1a7ec0e810a8cf622bc1b61af71487678d356086acccd0151189abf4274efd1d,,true,07281a98089d8114a13213127ac247032d039bb8514264608c6edbdd60144706,SELL,3bbe977ad742f20420d6240a5a8acf1629498b9c8d9c817cc372fa5a43ee8671,2026-04-08,true,RAW,39.00,INVALID,B5|DSI001,NOT_APPLICABLE,RPOWER,REJECT,NOT_APPLICABLE
SKIP,REJECT,1a896a0702be42b45bfac2b936c2e143c1363e1f98697652fab61cc5a01fa771,,true,3261ebdf280cb7b6bcd17ec79504c1b31cd38e9379c73f97f7ca76bbf3b66fb6,BUY,f1c8091c0c285d51b4908f9d12ee7e7575bfdcd02cc14c678a6203b941985915,2026-05-19,true,RAW,86.52,ENTRY_READY,B5|DSI001,NOT_APPLICABLE,FCL,REJECT,NOT_APPLICABLE
SKIP,REJECT,1a910ed6058d150a3d18a1641cf3e3bb9c925836be05d778e0cdd37101eb5424,,true,775b60ae66874b1affaa07c62aa41e0481de1a7333f60f589d8a798914593ca0,WATCHLIST,31e8f1393753042977a34b53bd08ef60dbc48e7559afe8911ea83da0e29bcbba,2026-04-28,true,RAW,63.34,READY_FOR_CONFIRMATION,B5|DSI001,NOT_APPLICABLE,ADANIPOWER,REJECT,NOT_APPLICABLE
SKIP,REJECT,1aa25c94521b9edbd041352d4f2434be0fc016c8e29fa254d4fa5572a24809ef,,true,ba5fadea219d2a31dd5d04b4aa0413511456a55f8ff5e5d3364f652b3ac953e9,WATCHLIST,0869041a380a2af76a1c83f9d50ac42bc6cac52655d325d5c109cc5a18037302,2026-04-17,true,ADJUSTED,73.72,READY_FOR_CONFIRMATION,B5|DSI001,NOT_APPLICABLE,YESBANK,REJECT,NOT_APPLICABLE
SKIP,REJECT,1aa6d2d2a9f4c9eaa42d2878690d4799324ccda28c7ffc08577af0538cb90c8c,,true,92d2413796b66c10e7c5a4d018340f8c128d2b7f1d1c9604c7c2f29a32e9048a,SELL,4fe817e61a362ffe67c0eefe62a3db27d1a4abee01f6464a98c51e71e65b3590,2026-01-07,true,ADJUSTED,35.00,INVALID,B5|DSI001,NOT_APPLICABLE,HDFCBANK,REJECT,NOT_APPLICABLE
SKIP,REJECT,1ab9feb97e9c7812ff4cd7fd1b6b1254dfb2a342519349f49f59d278d3142f25,,true,f9c62c27fa19ba31e5e26a59373aab2b64d5ba71c2df38d62ea35d2abddc2e5a,WATCHLIST,171b35ff5b191b32d8cb3a795aea930231f27c22136f941736f319e659abfc96,2026-01-22,true,ADJUSTED,72.91,READY_FOR_CONFIRMATION,B5|DSI001,NOT_APPLICABLE,TATSILV,REJECT,NOT_APPLICABLE
SKIP,REJECT,1abac40b330949c0e3a8c585cbc3874ecab12d7918f83afe0ccf5e482e0b421a,,true,8fc01534eaa2bcf8a5a0e63b5192735b402176ca6cf064d5824f218e35aa6cea,AVOID,623aa803f15e8b4abba433f62cb231c5c06d70f923d05839dad44271cfdb8162,2026-06-15,true,RAW,46.45,BUILDING,B5|DSI001,NOT_APPLICABLE,SILVERBEES,REJECT,NOT_APPLICABLE
SKIP,REJECT,1ae6c881033de8e14af7e25fc1ce96da400e5b344c8348150f083244b1bd92f7,,true,58daeeb7838f3053c9c7e34fc0cbed5f2e978dea316e166dfaacf42395c78523,WATCHLIST,a9d2eec2183fcf29ae04bd634af0fc585dbc5ca3aa1bceb9976d6880640dcb97,2026-04-09,true,ADJUSTED,70.37,BUILDING,B5|DSI001,NOT_APPLICABLE,ITI,REJECT,NOT_APPLICABLE
SKIP,REJECT,1af3c04a04320cb490d8a68dc91d0027a7fb4c26cbef1af35f1c3aa6917b8422,,true,b6419721ced15b1c015eb96368f5062c5fca6aa32fba4bbbe9e552b85111c06e,WATCHLIST,8818ec83f1b94b23026a393ba5176c6ac82267914d0c07a9c59f5f169122662f,2026-06-05,true,ADJUSTED,69.39,READY_FOR_CONFIRMATION,B5|DSI001,NOT_APPLICABLE,GTLINFRA,REJECT,NOT_APPLICABLE
SKIP,REJECT,1af5b61033ab10c3308d4b0493293bcab2f8ce3e4a15cb319770c3448a55f2a4,,true,091d76c92ea5ed28ca8b9e91db49bebfaba7d7b58f7a0469945f9d5ab8d58b87,SELL,f07dbe68bcc92e43901f14051e7f7c23b7741f7d7169a1209c04ea5992a52b7c,2026-02-12,true,RAW,39.00,INVALID,B5|DSI001,NOT_APPLICABLE,BHEL,REJECT,NOT_APPLICABLE
SKIP,REJECT,1af5cceeef6bab49342492df003daba0ae3ff4958543e179de4ecd645545d74f,,true,567583cf8252e6a84ddb5977565d97e1a329f4e6fbcb931123a01d4b2f30ed83,AVOID,11147cd4feb8152e122ec548746dca33d41ef0065a5bc27e4f43f8d5cc23b720,2026-05-04,true,ADJUSTED,52.92,BUILDING,B5|DSI001,NOT_APPLICABLE,ETERNAL,REJECT,NOT_APPLICABLE
SKIP,REJECT,1b0f34f0abdfcf9ad530f5c6240a56133164ae69557df7f628780054a8c8fc3f,,true,ffee3a7445c6ec0e5f3a61a5a99d4bfa26147d1e705647c42bb6cf5b06f85913,WATCHLIST,1eed5e14509fb7b065abffeb180b98fd43821b7c86255e6de6197f5164feb3aa,2026-04-10,true,RAW,65.91,BUILDING,B5|DSI001,NOT_APPLICABLE,UNIMECH,REJECT,NOT_APPLICABLE
SKIP,REJECT,1b2b2b8b8459c21ce4271bc5236f20f5a5179463a5488e2bebd3a38ec91e705b,,true,80dbc5f3e0a3929c91270bc9d2f1ddfe6aedfc38f3a2eb8d1a2fad7444bdf03b,AVOID,267818b6deb74dcf8dd98bb309754c76760c171be99df00eecad2845393b1846,2026-01-01,true,ADJUSTED,55.97,BUILDING,B5|DSI001,NOT_APPLICABLE,ASHOKLEY,REJECT,NOT_APPLICABLE
SKIP,REJECT,1b35f99efa17609983758be02788eff10c68c41c182ed0a374799f0772575b5a,,true,473a7c604a69465c1cb0b3cce8b82a9669a04ee2c5e96bb7872b76194ad409fc,AVOID,e905390759c10a2df29984f8711d15e1a81f17a9aa9c51c933b5ec9c333f79d7,2026-04-27,true,RAW,59.00,READY_FOR_CONFIRMATION,B5|DSI001,NOT_APPLICABLE,ADANIPOWER,REJECT,NOT_APPLICABLE
SKIP,REJECT,1b67b9d026125e653917b4cb856de19e5e7e58c1184bf63b648be88e434743b3,,true,45b3b9fe57ab2dcdff7fc631e1cff29116c465277ac45d419dba50ba1e02ade2,STRONG_BUY,2d39c8c7b643a0547b1901a30f378935f773252be1abe43d3ed33f61992d5cc8,2026-04-30,true,ADJUSTED,91.24,ENTRY_READY,B5|DSI001,NOT_APPLICABLE,HFCL,REJECT,NOT_APPLICABLE
SKIP,REJECT,1b9703c90767800532c2e8f4c4ab3333ec96e5d9e6fe814fecd2672493b61fa9,,true,1dcb276b782c354167e13a14bf3faf2604ba996d677893a0520e53a78a2ddc24,SELL,f7da036013c2656c0c594a7b6349b1764e25c6d7ed42ac0bc43d0f4647008984,2026-04-01,true,ADJUSTED,35.00,INVALID,B5|DSI001,NOT_APPLICABLE,HDFCBANK,REJECT,NOT_APPLICABLE
SKIP,REJECT,1bbb7add0dc37374d31ef471c8b91e740d9ceffb537b04400c27f37fabadb0ba,,true,0542845fbbd78be88b7b09b3dc0c04def3e872798c2518cb86e48651ac2d5864,AVOID,54eb84038766ae0abd18a79b243fb0eb169708c6451cce44f186b4d810de567e,2026-06-02,true,ADJUSTED,51.07,BUILDING,B5|DSI001,NOT_APPLICABLE,TATAGOLD,REJECT,NOT_APPLICABLE
SKIP,REJECT,1bedea88324232b5bd03e4513795a5af8948e4d426c66a5bb2a23ace6de05346,,true,8c833d066fe747c44da924210e5d5642cfef5d2123ffdb2209bfa3073fbbacd2,BUY,226c53143058fdf258db42882d8a687f801cd0124bca7db723355ef20e5df081,2026-07-15,true,RAW,89.99,ENTRY_READY,B5|DSI001,NOT_APPLICABLE,PCJEWELLER,REJECT,NOT_APPLICABLE
SKIP,REJECT,1c2d792ed3fd99d7a2ad6ab57d32834767941d00eb0db3e7bb4cfb38368fbdee,,true,7b104b2db2647be82457bc6b08e2dffb7177bb29d112a982ba7445123b4577e1,BUY,facb03281f6b58b68e136e0268c72532d99e19847be073a0f34cb541e593e51e,2026-06-16,true,RAW,79.70,ENTRY_READY,B5|DSI001,NOT_APPLICABLE,MMTC,REJECT,NOT_APPLICABLE
SKIP,REJECT,1c662cbb88606b72b00412cc29fd0540229c24429440d057f3edfd652d918539,,true,fba6d479b359cdce7825413803bda0ac6e8f76eb9a38403fe35b37d177519cbd,WATCHLIST,bbd6ce606b5b2fab46c0057351ce3722445ae5930be1ad76bf4547e36a88a560,2026-04-29,true,ADJUSTED,65.20,ENTRY_READY,B5|DSI001,NOT_APPLICABLE,VEDL,REJECT,NOT_APPLICABLE
SKIP,REJECT,1c6659fcb7c4467d5fb0f253740d840f2c7e05cbde20698a0bb3f2668a1a58cc,,true,cfc35f83c647f62885be15c03ce8c2a0e3226b598eaea90d69799f010905baa8,SELL,ef830d0e71b719e555dccbbf842e35c7e7a309040e5d5bf53b1f7f9103f1e058,2026-06-24,true,ADJUSTED,35.00,INVALID,B5|DSI001,NOT_APPLICABLE,WIPRO,REJECT,NOT_APPLICABLE
SKIP,REJECT,1c89cff4efdaa8144118e953ae03c648772cb1be48488bfbe585c4efcaa95c88,,true,6ccd56fb8bce17109965f6ef2c49fd3e9050446718d3566a13ccd79cc3466dbf,WATCHLIST,5b77eff525f899f45e67b27694772541ec1699d8f8fe9b89b65adc8b4743a583,2026-06-08,true,RAW,68.60,READY_FOR_CONFIRMATION,B5|DSI001,NOT_APPLICABLE,YESBANK,REJECT,NOT_APPLICABLE
SKIP,REJECT,1c96b6a610cb84cf5849f94705abe941d3a8bfdf4e5bd0a55fd8e8089d369e60,,true,ddbe54e0881dfa797776445e30870eb68cf3a98f5fae4742740bbe8dea3dc5d3,SELL,0f4319ad02fc67017e1f35fa5d68a69add5233b5f8a257345f51350204fcbc34,2026-04-08,true,ADJUSTED,39.00,INVALID,B5|DSI001,NOT_APPLICABLE,ASHOKLEY,REJECT,NOT_APPLICABLE
SKIP,REJECT,1cc8eb740847532d5ead6f870b326d187cd66d25193bc688351b8a30fa03f519,,true,126c71bcf5e78f9d1bbf7d4ccb9677a4cb6e6ff2da31c17b312635731df1cda2,WATCHLIST,8e2353ddf0d59617fd7c878a20b7820139739d54faca84e186dda66fa63d07df,2026-01-20,true,RAW,73.71,READY_FOR_CONFIRMATION,B5|DSI001,NOT_APPLICABLE,SILVERBEES,REJECT,NOT_APPLICABLE
SKIP,REJECT,1ce8ab7ba469cb067b986ff3d858b44970b845f6bd269c108f95e6e2fd6636ab,,true,5768d6ed4a20b1c778940a6f16ca63fcbfac17fb07f0c2278f4c7c55719e9c3d,WATCHLIST,6f992197b4ea9ce2d09448ff258a1982835f6e41e8edc1e24dd41898acc18456,2026-02-16,true,RAW,63.81,READY_FOR_CONFIRMATION,B5|DSI001,NOT_APPLICABLE,TATSILV,REJECT,NOT_APPLICABLE
SKIP,REJECT,1d0e4e5b1578c057138e34b9655d2d7cc0bb1f4b8bbf8c5d06492f5b7f248017,,true,5e553a8e6e4b263b0cb20617167ca748fca6e63867946f8366c8d8e5e503851e,AVOID,ecfa1cab002ae3661412487e7de9681db0c3155a75a1b72c84a972c9bcbeae7f,2026-04-10,true,RAW,59.00,BUILDING,B5|DSI001,NOT_APPLICABLE,YESBANK,REJECT,NOT_APPLICABLE
SKIP,REJECT,1d1376a3b4480b26cab9e34c9c8b72a30446e9037841c0a5a6ac7ff4137781d3,,true,aa48ae31903c5a38d18bbe935ceef55b54bbc3fd1218c525112dffc6edaf83e6,WATCHLIST,44404ec851e690466ee16c130249a658ebfe8de5c3b5bfce4431d7583831864c,2026-01-13,true,RAW,62.35,BUILDING,B5|DSI001,NOT_APPLICABLE,MAHABANK,REJECT,NOT_APPLICABLE
SKIP,REJECT,1d404223e142b785410c8525ab01cd0a1ef3856526009da6755ebf270ac40042,,true,e5f57755033a4f76e0c5fb1d3b27e955f29c71cce7ba2dcba01777cd94d1b69a,SELL,07a2e6f94458173f1efdc6be0a2f40e369ec70cc99214794865d4158d2254f3e,2026-05-19,true,ADJUSTED,39.00,INVALID,B5|DSI001,NOT_APPLICABLE,INFY,REJECT,NOT_APPLICABLE
SKIP,REJECT,1d623686b96d2d8eb99a30c2d8eb1d30449868d9d5dc8cbfb6680aa77845a270,,true,e32c3c29a884375b00f7dcefda849956eff493ea19473b3d688713a264e5f106,AVOID,5a3eb7b8f570e9b072c4df491fbbc73b1832198566a83fc700530650965a5a02,2026-01-20,true,RAW,55.24,BUILDING,B5|DSI001,NOT_APPLICABLE,JINDALSAW,REJECT,NOT_APPLICABLE
SKIP,REJECT,1d6ee941db28c5ca7eedfd89047240e333ec7d11356a5c3dbaf573bf1f61077a,,true,34dd84c9a2424d4594cc35ad0e387ce31264057e32fc169efc17acddd02964ad,AVOID,8579328966ca0e78caddb7c711fc53e49d5dabb5411cf9d930184c5035ec96b4,2026-04-28,true,RAW,49.41,READY_FOR_CONFIRMATION,B5|DSI001,NOT_APPLICABLE,RPOWER,REJECT,NOT_APPLICABLE
SKIP,REJECT,1d7eb4f0b9149514945223d08e6fea694a953d1e135f2510c38a794d95f70897,,true,2056583a3a977ae33c82bea7b8729eae2211d5e31ad32b89d10ef6ca4dec2ebe,BUY,23c43fa6baf8c90353bec1a2a6b13e00583b4c8f85ac6df28ab1b406b2eaad6a,2026-01-14,true,RAW,81.27,ENTRY_READY,B5|DSI001,NOT_APPLICABLE,MMTC,REJECT,NOT_APPLICABLE
SKIP,REJECT,1d9e5359126396e2c76910b3072c564eb81a32dfa6a6af40a04475fef1a4a823,,true,d8b2ca4eb07078787c9878252d5e14aeae5f13db26eac2952b6657eb03abd219,WATCHLIST,c89afbc7e11de24448293351998a6344a3e79ca56cb55fefddc5bdbcbd2d01a1,2026-05-27,true,ADJUSTED,67.16,BUILDING,B5|DSI001,NOT_APPLICABLE,ZEEL,REJECT,NOT_APPLICABLE
SKIP,REJECT,1dbd6b6295b6e1afc1e781e645f3903aa00c0aec3be1964dd60eac83128b75bc,,true,ef637f90a48f7e3491d670281af9051a62f74bd995879815ad4c70ca6340e141,WATCHLIST,b62466d81e9c3949d3ec5855e99371b77a150da6682fb4c4218d85f8b4b8969a,2026-01-12,true,RAW,65.48,READY_FOR_CONFIRMATION,B5|DSI001,NOT_APPLICABLE,TATAGOLD,REJECT,NOT_APPLICABLE
SKIP,REJECT,1dc3c4eff5fabc684321a4b189b5c944daa208aee0b0a82a320bbeb40720c747,,true,7511ecd8df446a136b1d54fc6a70ff3cfdb6be12a519f9bb766b74b463a620ae,AVOID,a06f42d03c87ddf73e4313b70bfc01e537bc04ec239624266037b42fbf48dce1,2026-04-02,true,RAW,59.00,ENTRY_READY,B5|DSI001,NOT_APPLICABLE,OLAELEC,REJECT,NOT_APPLICABLE
SKIP,REJECT,1dd5b3e35981dbe045baebb712983aa5e7cab085d62f2cd0be5058ac876e6b83,,true,df6988c47642360b5da1755655cc1caadb530b02f9d48ca0712525235a06ac60,WATCHLIST,0817abc5c549f190c223762dfdf200f04d6cd9686cb2885bb41804ec2f467ba4,2026-05-12,true,ADJUSTED,61.42,BUILDING,B5|DSI001,NOT_APPLICABLE,ONGC,REJECT,NOT_APPLICABLE
SKIP,REJECT,1e0ffab576e9fa02a98ed8ef1dcfef0a2e8a6346f0e215bead580bc344817d05,,true,ca5424388be70dd19ef6950350b174bda3328319a29d04db68c766c821eb8805,WATCHLIST,819db3c7307c5a9140584ae7d0441023936afe9009c88cfdfb665b2b704c534f,2026-01-12,true,ADJUSTED,73.44,ENTRY_READY,B5|DSI001,NOT_APPLICABLE,SILVERBEES,REJECT,NOT_APPLICABLE
SKIP,REJECT,1e16a7794e09beee113a6b5dc755d0d632c1a338fe96868430cd5fe6ef5ef6f5,,true,e07ce9a8bf312fdf5caa3195972b33c67589df7c5ce34a6bb16a94d72d3125bd,WATCHLIST,0077104b533bad08823850a6ed3a9397b8f6bcc170c263409d505fbf42a4ce1f,2026-03-11,true,ADJUSTED,60.13,READY_FOR_CONFIRMATION,B5|DSI001,NOT_APPLICABLE,HFCL,REJECT,NOT_APPLICABLE
SKIP,REJECT,1e1a4bcc66c9af4e6a021cdff10e4c86bd3f8b57ed2fd109a0e35a9cea0a9515,,true,1d4e09f0dcd519ee2d251b4399bbc1310b57ce101e4ae545cda7da28fda3d12f,SELL,93cefe69c6eedbf11cc875d3df9e33bb5c8592379618b1ed876e445a49fbf24e,2026-06-24,true,RAW,35.00,READY_FOR_CONFIRMATION,B5|DSI001,NOT_APPLICABLE,TATSILV,REJECT,NOT_APPLICABLE
SKIP,REJECT,1e1d987db1cb354b11072df133ce1fc088de670400201f9ff9b342c174e52f70,,true,f4ec5567e326c720c9bc6159bc8b474e375cf6ae029b1597f3ca166d2c91fda7,WATCHLIST,b2c45d2f8d911ff02392a985acd209af282f05f4563e33693a816831d458d87d,2026-02-27,true,RAW,70.00,ENTRY_READY,B5|DSI001,NOT_APPLICABLE,REDINGTON,REJECT,NOT_APPLICABLE
SKIP,REJECT,1e2cd555354bc6d2eaeb5e8a24922a9e380c010c7482b945e5274448709b967f,,true,28de58ab4a8ea822d09fb6963f82b86f56b99e3fc96d5ceee370f76f8f64b822,AVOID,4b00d5952e37a459695306722907e14385a47a7fd418f39a2cecc11d1a2d46bd,2026-04-30,true,RAW,51.97,BUILDING,B5|DSI001,NOT_APPLICABLE,GOLDBEES,REJECT,NOT_APPLICABLE
SKIP,REJECT,1e382939b7d2fe03d2fc6a48c7a4a01f22b2047d419b08f820e65f67a99ff913,,true,3b7358847b001c601d74363ea1781673d250d9841bb5601878f3c693cf39dedb,BUY,5532743852dc9da8abb0e8439220c3f32d052897002582b3212d5d31777811da,2026-06-18,true,RAW,86.31,ENTRY_READY,B5|DSI001,NOT_APPLICABLE,YESBANK,REJECT,NOT_APPLICABLE
SKIP,REJECT,1e504bcb3d05bb0661a2b9c497c767fbd302a9654c36720ce50db480061c31f3,,true,af16606ca7bc7318454196be86edafc5e6d97969322fb6f187ff0757f62dc63e,WATCHLIST,de086f9a2dfe4ea73ec3befb8b0c8921ff6c09df54414e7a0aed57a65d491195,2026-02-05,true,RAW,72.38,READY_FOR_CONFIRMATION,B5|DSI001,NOT_APPLICABLE,TATAGOLD,REJECT,NOT_APPLICABLE
SKIP,REJECT,1e81942028f0eb0dbdca27b50e4f0659c4f3c66e20ed19346a0fb34aa211e1f6,,true,30f05770fb210be0dee6eb2e3222770b12fd84f9f740c126ab9b5c649f9f5cb4,AVOID,fbad7ed6bf03b42e748c0cf13b03fcf61a965fce244d3afefbd7ce971f39fc3e,2026-06-05,true,ADJUSTED,40.68,INVALID,B5|DSI001,NOT_APPLICABLE,JPPOWER,REJECT,NOT_APPLICABLE
SKIP,REJECT,1e93eec3a26aac751390f5899ee6508d4ddac41e57713e14858c02e82199b512,,true,5e61ee1bc909518c34fe812af63937399faccaa651c06aeeca83eea7a8f7f9b1,AVOID,da9d21800cb7f7fd6598da0effa51dc7b710dbc9300a6cf8b0ff21609f13e0da,2026-05-06,true,ADJUSTED,41.44,BUILDING,B5|DSI001,NOT_APPLICABLE,TATAGOLD,REJECT,NOT_APPLICABLE
SKIP,REJECT,1e9f33a4fe1c60984bfd6a19a31fa81f3893e293f1b39ae5312be86f20f53071,,true,96b8f786c7b3acc14ce5ca86fbf852dc1739362c2ad30f44bccdb624d9bc6952,BUY,64f4d779d8965dda8c4a69188935c223ec8aaad10467133b002ba7c495d37f42,2026-04-08,true,ADJUSTED,82.35,ENTRY_READY,B5|DSI001,NOT_APPLICABLE,PCJEWELLER,REJECT,NOT_APPLICABLE
SKIP,REJECT,1ea3162a728ed2318290fb0afdff8adaf8c01f0d560c8aa879e164cfc4028d32,,true,66a748471f8335e602aa1a8c5b8c1135c5b956c8c1e52e34e3ee3e05ec528a4d,SELL,6f29cb262abd19c44280654d0b32d4d3275ec8bf3be67e81caad2131e6894019,2026-03-23,true,ADJUSTED,39.00,INVALID,B5|DSI001,NOT_APPLICABLE,JPPOWER,REJECT,NOT_APPLICABLE
SKIP,REJECT,1eaf10f5eef59a58baeaf111d03c23080f862282fad833a45dbca60f40473125,,true,1ccff95e2f9b89f4868c62d02cd1feca113d3a153c4a2cd8120f76509528f0d3,BUY,5192a4bd521853ac5c0cbe443e4e7113339776dcbf7dc4cd09bb036c74197a49,2026-04-13,true,RAW,76.71,ENTRY_READY,B5|DSI001,NOT_APPLICABLE,NTPCGREEN,REJECT,NOT_APPLICABLE
SKIP,REJECT,1ebb18cd3070bd9a0a2f460e834280c41eef1d6d4f0c843e8809e2696bec28b8,,true,0cf9bbfcc87a30fb2bbf9b579b9e9393f8b1c754447d2ff583879daff7d1024d,SELL,884a21032c81748f77b7bf52d61783d1e6071eaa4b8962909c31781a06f8e399,2026-06-19,true,ADJUSTED,39.00,INVALID,B5|DSI001,NOT_APPLICABLE,TATSILV,REJECT,NOT_APPLICABLE
SKIP,REJECT,1edb900a158ecd03d7eb308e718f948a34d2ea9db6c24020a59c5c7801a6c73f,,true,a254309b9a705261a9694cbd76b46d53b4219f0827cd0eb99ac3d14e690049f5,SELL,98de7ac0bcc1015cf3f22290ecec29f195ccfe95dde59a0b325abd95c43ae4f6,2026-05-14,true,ADJUSTED,35.00,READY_FOR_CONFIRMATION,B5|DSI001,NOT_APPLICABLE,DAVANGERE,REJECT,NOT_APPLICABLE
SKIP,REJECT,1ee15d78f3c24fd16136ce9147018f6a58af759a7e1ca5fae9901eb4b3f307b4,,true,45806e1bdfb9119ab3eca8d2d195f6125df66526d48e6e4c8e48a563040bedd5,AVOID,01a88e21c2cec7a1bc5eed205c8b93779dd7b09926b4899ba6651e08d477b852,2026-03-17,true,RAW,53.95,READY_FOR_CONFIRMATION,B5|DSI001,NOT_APPLICABLE,MRPL,REJECT,NOT_APPLICABLE
SKIP,REJECT,1f03f20223254126c57bc4a1a4d618e187a494e7cc828707613862ee2f23570e,,true,6e62c8a900e2ee55f3888d8941efa8de9ea5e9dcad78d768c57c6ca4f575e76e,SELL,e1585289cee8221c7d56d439805268bb8b9e6854dea8801f5611e59d7a65f006,2026-06-09,true,RAW,39.00,INVALID,B5|DSI001,NOT_APPLICABLE,PINELABS,REJECT,NOT_APPLICABLE
SKIP,REJECT,1f17e311dcc8dcfe8f57c4ae2aad60117285902019d6c9451f60f61c7c3e3f4c,,true,11ccf0fca231412f1bbc5fea722c7def754137edd5f5af8935864cc2d05e5f8e,WATCHLIST,99a325271c419c894269b829a21121d6184fa9ed6a06824a6b25f6a1428825a8,2026-01-08,true,ADJUSTED,62.51,READY_FOR_CONFIRMATION,B5|DSI001,NOT_APPLICABLE,TATSILV,REJECT,NOT_APPLICABLE
SKIP,REJECT,1f1a1dcd6ac587414f62c0dfa77d991025424816b5c30d32b6f20eaa62cacc37,,true,f572b0b95c28489da99dbf931deed41452e5dbd2447de37dd173eb45bff2208e,WATCHLIST,36953eaca055593a6792ff8f9f17b544421c6737dcdddcb24afd70b1d478077c,2026-01-19,true,ADJUSTED,65.98,READY_FOR_CONFIRMATION,B5|DSI001,NOT_APPLICABLE,TATAGOLD,REJECT,NOT_APPLICABLE
SKIP,REJECT,1f3f582c965161b726bf1c1c1762396014f6e8909d51809fe8a9d94e0371b2b5,,true,31af70c2c656556c2b23deb5aed9ea96a1887228f0bc8723bb1bb732e44f0509,BUY,5d669b1d41f89b10ad3e39a8d13d91d1565345ef78a5a8e09b62e1ec1a232133,2026-05-08,true,RAW,88.59,ENTRY_READY,B5|DSI001,NOT_APPLICABLE,YESBANK,REJECT,NOT_APPLICABLE
SKIP,REJECT,1f46c50e1bab797a83fbf7e278b0dd55c647eea042040bce4e4170f8c777b7fa,,true,1e89bebbadb36c11bd99876accb9b9e6a5fccd433fe82fe75d562b0dfc400eb9,AVOID,f57124eff93ed169c557b28b1a83757b9dba5122422839a8b0671039231d0c38,2026-05-13,true,RAW,43.81,BUILDING,B5|DSI001,NOT_APPLICABLE,LIQUIDCASE,REJECT,NOT_APPLICABLE
SKIP,REJECT,1f590a9273778a72a61833026261676befd5c0b65ad25c76386db06a00b1a6a7,,true,ad0a6fe1a67540089f3a3219469843ae3202555e3eb6bab28b107aa6e323c06f,BUY,4074f14652816838d1b9e559430711ce6e5aa69acd79ca952e4d714f9f113f16,2026-04-09,true,RAW,88.67,ENTRY_READY,B5|DSI001,NOT_APPLICABLE,OLAELEC,REJECT,NOT_APPLICABLE
SKIP,REJECT,1f7473ef2b0eee6a915efd2aac478dcc6fcd8f3dca9b44e1faca66bd80c819a9,,true,6c6a5447a244d49c6978ff65f64e78882e28c4c38ebfafa690833f8afc77f918,AVOID,2e2c2cfd1e4f2576ae038963c1c6f67cbb0bc1e3e091373747b299530490798a,2026-04-01,true,ADJUSTED,53.42,BUILDING,B5|DSI001,NOT_APPLICABLE,ADANIPOWER,REJECT,NOT_APPLICABLE
SKIP,REJECT,1fc90876ec768d7e84c72c95e7055cbd6de5b65c749db3934e73f5c403a273cd,,true,5d6b623237e28e17f1b6154e32d5e451b15645725c16ed1475feba9fc170adaa,AVOID,976c99897b4bf10031aa0b1fa9b1199881210b88839a81c554875ba1d9533d8a,2026-07-13,true,RAW,53.36,BUILDING,B5|DSI001,NOT_APPLICABLE,UJJIVANSFB,REJECT,NOT_APPLICABLE
SKIP,REJECT,1fd4c93abfe99c5a0b48c3da0413f757b0cb8533223dc37a1a585fc9be8e3569,,true,221808cf9faf526f96ca1c42c80bd52b7c8957b3e4c1f80274db3586700113ea,WATCHLIST,9fc7f61e6d16fcb104b674883c66613a4fa193104bcbf25520034254e3410238,2026-03-19,true,RAW,69.34,BUILDING,B5|DSI001,NOT_APPLICABLE,GUJALKALI,REJECT,NOT_APPLICABLE
SKIP,REJECT,1ffe0909941ec64aabf80200ceec4ee71d55c6bdb2dc849d1c350b66d2102009,,true,ca4219a71e581a1bd840e2c9b824807018c5ad921365ab7f069f60f81e44694d,SELL,ca90aeef3598024ea9e36bf1511e001fe795985eee9995819bf7b192d37c9bb8,2026-03-02,true,ADJUSTED,35.00,INVALID,B5|DSI001,NOT_APPLICABLE,ETERNAL,REJECT,NOT_APPLICABLE
SKIP,REJECT,2004596c1d0c4048b48626df5a631c6833bf53ba328a9dc76982e08f3048cc13,,true,200a4b32718db5381855bee8723809a5d730d9ff461d7050d2c324ace073f51e,AVOID,407c3e9e9e6f9e952fdba266032ceefda2fe1f543d69c7534998d88882796068,2026-06-18,true,ADJUSTED,50.33,BUILDING,B5|DSI001,NOT_APPLICABLE,BEL,REJECT,NOT_APPLICABLE
SKIP,REJECT,200b2da1ef05833f26ec367ffb02253dc34f85ac9ad00ea9ec89042f50d61b0f,,true,3a747788291b33da4a744ca0e34acdbcd901518ff7fc9e6fce7a49e686b6408e,AVOID,183106c04fe18faf3769678b230266a1e556f464db576d6f5e7679a675431404,2026-03-11,true,ADJUSTED,56.25,READY_FOR_CONFIRMATION,B5|DSI001,NOT_APPLICABLE,TATAGOLD,REJECT,NOT_APPLICABLE
SKIP,REJECT,20119cbc8fabb8f51444d49596961329b2e64db4796f4eb516b94439c4a16a5b,,true,43d68180a921b081f7b380209d9ce525fee24224f996c3ae08a25871eff2184b,AVOID,4a5b66d62d2af9547ca2767b896bd1a1b62212f9924a0a5f7a9f3c0d12679b35,2026-02-24,true,ADJUSTED,54.01,BUILDING,B5|DSI001,NOT_APPLICABLE,TATASTEEL,REJECT,NOT_APPLICABLE
SKIP,REJECT,202b856daed872be42faff28cc33f11de46d912bab790bd70aea8764ef396e9b,,true,fee2317e4d1fcf3333512af51f02ca86c117e701ac5f28898e37c95786b1571a,AVOID,baacd404c413524299f646a4e66b6b155355e80d0d386e91032d5a7f4572b9a0,2026-01-29,true,RAW,57.67,READY_FOR_CONFIRMATION,B5|DSI001,NOT_APPLICABLE,SILVERBEES,REJECT,NOT_APPLICABLE
SKIP,REJECT,202f9a52733ca03441cda1165148c40386ef22a29bdf31f77d930e84f8e3243f,,true,e86b26b2fb427e71c70500ba08dc0fde4d654e533ce8ad41340d0cccb18e7f5e,WATCHLIST,d1ac79e10bb0a13bf24ffa45fb6d115a55a41d5bf8ad9948b6d85983b58339db,2026-02-05,true,ADJUSTED,62.03,READY_FOR_CONFIRMATION,B5|DSI001,NOT_APPLICABLE,MAHESHWARI,REJECT,NOT_APPLICABLE
SKIP,REJECT,204f26ddbc09076743c7795cb06514a3ced5a5a1104216d03842ac92c55fbac0,,true,c5727d447699142f64760c02f2038691cc257cebdc5f74f5721353c457cd52a7,AVOID,38e51430f5b2bb450fe4a8979d21db93e81350700669fb899209a71fac5856f8,2026-03-20,true,ADJUSTED,57.61,INVALID,B5|DSI001,NOT_APPLICABLE,TATSILV,REJECT,NOT_APPLICABLE
SKIP,REJECT,205730c7a586287320719520d220e453ff86bcad4193eb9cd2478c549f102bd5,,true,492ac630313e1f67f9bf29dcfc24294268f9255018324b1f630d87267fbcecb1,AVOID,c5a33e2fd4f6a8f24dc7fc5bbe184ae8b3e45807c44a9530093897ce9cd81562,2026-02-24,true,ADJUSTED,49.92,BUILDING,B5|DSI001,NOT_APPLICABLE,GOLDBEES,REJECT,NOT_APPLICABLE
SKIP,REJECT,205af00e152586fb2caf523a30202215250eee54691f2eb86a89d434f3d2d05c,,true,406fbf4449dd94a26803e63344e7e90325fbf200081e3babb657c419f85240e7,AVOID,f4c6b1d54f83f219994f1f1238252f158c4bb77cda262e486f9485d3b45beb95,2026-02-25,true,RAW,56.00,READY_FOR_CONFIRMATION,B5|DSI001,NOT_APPLICABLE,TATSILV,REJECT,NOT_APPLICABLE
SKIP,REJECT,207b83a404a5ca1d4a0e6b1c675248a7ab651c82e25359f4fd053ffe72a06bcf,,true,22d0bfa90c6393a3041ea75c0ed6d5a380e0a79dbcab9d9e0b76d95f4c59bba5,AVOID,c1b597f365a42c2cd1cb46f89925bec0f56ac1649c01c5342cc5bde01da4f32e,2026-02-12,true,RAW,59.00,READY_FOR_CONFIRMATION,B5|DSI001,NOT_APPLICABLE,TATAGOLD,REJECT,NOT_APPLICABLE
SKIP,REJECT,2096263307039ca3a80f3f412bfbb29794ca36cfce921a5c514b3057ebe1fb0b,,true,d08314d7675a329694dd6ec16da5781b85646230523a3e672c0316978a11132a,SELL,2ab84235e9b7257fa3123bec0905c7bfc82159f4a6a0e491c5d5b30cf6e40bbc,2026-02-05,true,ADJUSTED,33.74,INVALID,B5|DSI001,NOT_APPLICABLE,YESBANK,REJECT,NOT_APPLICABLE
SKIP,REJECT,20b39399e50fb95eef0505e8bb175386e0031c62ce4d114e7ef91992882026ef,,true,9eba0dba762d1390b781782f3e98537f081dc33bb2c76de3b5efd7f18eb51d99,WATCHLIST,ca6af18b8fc77521f0b5a679d8f3f077de23f9a307eedd8e64fd1769bfc0675d,2026-07-14,true,ADJUSTED,72.45,READY_FOR_CONFIRMATION,B5|DSI001,NOT_APPLICABLE,CUPID,REJECT,NOT_APPLICABLE
SKIP,REJECT,20f22c2abe9a9a346111dfab492365b31e7ed3fc5818af3dc463cf07b054fe44,,true,86083254c1edf7705a8f89e538b0fbb5f43efd4ba56f65f487db721884c44dba,AVOID,4eb014c85d3d9beec11133b0dd1a7676306dd661de2ae273e988dc7dc8981299,2026-02-09,true,RAW,59.00,READY_FOR_CONFIRMATION,B5|DSI001,NOT_APPLICABLE,TATSILV,REJECT,NOT_APPLICABLE
SKIP,REJECT,21070901708aea46299bc3638f7da3eaa59abdc32af3ed2ac1d18d19339e5bf3,,true,a85bfac4b588c92761a173c4780fa56b17df32211e2ceb41b967ebc84ea39843,WATCHLIST,45fdc9a01f1b0ad826fc1d502ce4e3f227f7600bc60855760f180247864003b1,2026-02-13,true,ADJUSTED,71.16,READY_FOR_CONFIRMATION,B5|DSI001,NOT_APPLICABLE,SILVERBEES,REJECT,NOT_APPLICABLE
SKIP,REJECT,21126e7467f99c7eebae982fc8879fab294f0719fc62f719bf4fa80ccec825e3,,true,3c1596b95405d3227721b312f77748f38a57bde589c798770ba863d49f04aaef,WATCHLIST,988adfd9e9f196991ca569fe944d47b7f148914ecdbe8a82d9380e5c61bedaee,2026-06-23,true,RAW,64.45,READY_FOR_CONFIRMATION,B5|DSI001,NOT_APPLICABLE,ROTO,REJECT,NOT_APPLICABLE
SKIP,REJECT,21235de75d5f8159b8150dee2bd43e416b8d4f9ad3854aff3e38d0ff749e9537,,true,2121e190b6fb2b57395665db44f4c3a5ba5e7168fad53c9c5803248e5f3f4a24,WATCHLIST,63b5a5fb614a5c406a03c300afc95515347a444c0062c4ccab190b3582371440,2026-04-27,true,RAW,66.09,ENTRY_READY,B5|DSI001,NOT_APPLICABLE,IDFCFIRSTB,REJECT,NOT_APPLICABLE
SKIP,REJECT,213e65ee1c3fc8a1accf11be9934e9528e78308b299e4257c362df6d35df945c,,true,bc80dac58b5d550dbbd052ab2faa416c8fcea920f62e3ec2c3fb9f321015a476,SELL,284793de7649cb41179992d6112382230dbb8ec79111d4945d994be726d9a6ca,2026-03-23,true,RAW,35.00,INVALID,B5|DSI001,NOT_APPLICABLE,ETERNAL,REJECT,NOT_APPLICABLE
SKIP,REJECT,214de8ad22d299af2d286f1402587662330bb9c4736caa28445cbeaafb1b3725,,true,659cbfddc6f8811a061570485bd4d7b0017578273d58c726e8accfe3f5a262ac,AVOID,e5556e14fa1c7ea554819f4dede7ad88bd9afce22373a78d6bd633af658f8c3d,2026-07-10,true,RAW,50.22,BUILDING,B5|DSI001,NOT_APPLICABLE,GROWW,REJECT,NOT_APPLICABLE
SKIP,REJECT,217f4228ab23b66dfbd1c4b831abaef951aa7d6426c6aeb9477fc28a8de35188,,true,814fb6e8a9fbb9b4af8e719a9436b60861aa97d6cdf723de10ce7fbe65cabe95,BUY,fdbb237ee902fa969b5f3f1b55ec1e0f8dc2448f2efe5af29bbe6ecf2a3a6383,2026-01-29,true,ADJUSTED,78.11,ENTRY_READY,B5|DSI001,NOT_APPLICABLE,GOLDBEES,REJECT,NOT_APPLICABLE
SKIP,REJECT,218111d149b21f59b8a0900e2e4aa6540c09d3c1b62cb0b6f0c5363220ba7ca7,,true,e9e128ac3688ed0dcdedb3a62d0337fbd7ce1408ac94eb16c1f46f5eb499b150,AVOID,cb4fe4f823d3638eb461193aa7675c7538b26c34fae8ae7e83e7733d69623272,2026-06-02,true,RAW,50.41,BUILDING,B5|DSI001,NOT_APPLICABLE,WIPRO,REJECT,NOT_APPLICABLE
SKIP,REJECT,21983905b00d62f651d97367a8c8b59edb6b7463e8285ca643a70313c4d9482a,,true,e689ab35feda2aedf4fa7a0df8ee3577aca1942833ac72e8ca21af6aedae6fc7,AVOID,8b62d5ab1cb4f547a5d202e72b05d1bef9db427012ed110dec83a0fb9f4ab4de,2026-01-14,true,RAW,59.00,BUILDING,B5|DSI001,NOT_APPLICABLE,ETERNAL,REJECT,NOT_APPLICABLE
SKIP,REJECT,21988d52897c48d4bee3fec85a0aa397732eedda1fc44d56869785db186b0b19,,true,fc6d252c78d41138e90c6f07c0138b87ccf3d30b15501a58830b2959ddcd2af4,AVOID,d77d7c538b086b05bb91af53739cd9db8b8190e54c0d7002baf65169570423c6,2026-06-03,true,ADJUSTED,54.30,BUILDING,B5|DSI001,NOT_APPLICABLE,TEJASNET,REJECT,NOT_APPLICABLE
SKIP,REJECT,21c068c09a1f34dfd67713a4f721ba537de1a56959f8844792db76f4a2adedf3,,true,4824a6f7caa135b243963ee66b2044a11eaeea1c23ae62ddfe9122cd85eb5ae8,AVOID,fc639e70b6fc2747975f28d7da2dbcb063733f4d0db1b7efa20c10c01562092c,2026-04-24,true,ADJUSTED,57.44,READY_FOR_CONFIRMATION,B5|DSI001,NOT_APPLICABLE,TATAGOLD,REJECT,NOT_APPLICABLE
SKIP,REJECT,21c994597a0158b06659132a4b6b244d2d935cc7b6b79eae08cfb9313567496b,,true,9fb970ea632e81b8f1f492d2dfb1ead06fdac698364727320fb248eb6813503f,WATCHLIST,a408fcea950966d5d85275a182ca3d647a204e385397d6c3a422f687a81e9639,2026-01-30,true,ADJUSTED,61.50,READY_FOR_CONFIRMATION,B5|DSI001,NOT_APPLICABLE,TATAGOLD,REJECT,NOT_APPLICABLE
SKIP,REJECT,2233de4d75d1532de6964154eba78f81ba29e0f234c2695a5a568df151da9400,,true,0e38f286138c2727643325c790cdd6336e473f17e4bd6ee9bdd24a9ab84990b4,BUY,9ad4a7d2d56737d053e4676f5cbedc84242cb55c496b9856fd610e597c2d9df5,2026-05-11,true,ADJUSTED,79.68,ENTRY_READY,B5|DSI001,NOT_APPLICABLE,GTLINFRA,REJECT,NOT_APPLICABLE
SKIP,REJECT,2267712e38bb4bb43f65a0623a2d5498afd980b489ac7feb581715bc7f8866d8,,true,0e79275aec7a898b86a9ad04ae98d6b5efd940574977c4f737db78a13b238de1,AVOID,1be6b87bb11f1d54e664767bedb907b40a24f6f9794afd7699a586495fe6b5d4,2026-01-06,true,ADJUSTED,49.67,BUILDING,B5|DSI001,NOT_APPLICABLE,TATASTEEL,REJECT,NOT_APPLICABLE
SKIP,REJECT,22756c27a7f1f95301d6c03738fe7ce2c17ad141bec16c29d0cb32fed058fd91,,true,d4d983d907e4983c586214e5c1d4e23eae8ce32656b145548055bcc1cba241e2,WATCHLIST,88999f31cf36b687a46effbeb03c5458a4840a45ec349c965aedc3e4924559b7,2026-06-15,true,ADJUSTED,64.49,ENTRY_READY,B5|DSI001,NOT_APPLICABLE,GROWW,REJECT,NOT_APPLICABLE
SKIP,REJECT,22863a6bcfca0e9f1294a52a52efbea1b387d310d361fc5dc1b0b1960275d434,,true,73fba9ca305ff640a0c5c984613ef02b9c3763933562cb7a30641a8c0bf74676,AVOID,613b9c9a524c30ae6ef099bb5520b631c6be9f0e3e1129416c7d04e2aa1032f1,2026-01-09,true,RAW,40.00,INVALID,B5|DSI001,NOT_APPLICABLE,OLAELEC,REJECT,NOT_APPLICABLE
SKIP,REJECT,2289ec6a39c6f27cee097b834087a3274fa50a7d303744ad398d8de00d5562b5,,true,fb9ec845344eedef70c3a5b7126279584c25aa156fbd788bd05525e8716ac6d5,AVOID,d179b968c9901f38998e70a00843a75ce5ddf24a85f53fe6f687a88527c55247,2026-04-28,true,RAW,49.84,INVALID,B5|DSI001,NOT_APPLICABLE,TATAGOLD,REJECT,NOT_APPLICABLE
SKIP,REJECT,22b8cc082bc62a867b83b09bd191e4de24f3ca518821c29aa48e1bebd98073a6,,true,9a3ab462d7f3e42010e74145b825f9370fa71cc97c519ad41713c6c707332d93,SELL,400f5f390401825f7bfa8f38f32bed190709ffe2c17352a8c77ec1ec0e5de8ff,2026-03-04,true,RAW,39.00,INVALID,B5|DSI001,NOT_APPLICABLE,OLAELEC,REJECT,NOT_APPLICABLE
SKIP,REJECT,22d4cf7a70460f7eb86bb99d19aab2ad7495421e14aa5bb847c0e87e4f90efba,,true,59abee85f696e9be707975b9b2cf7c25b09e35b5fadf309b13f2672fce59b9d6,AVOID,3cc1f68ea3e198c6c9386bb2337c9981eff57bd3a27c8f1d8c32106696861363,2026-03-11,true,ADJUSTED,40.00,INVALID,B5|DSI001,NOT_APPLICABLE,FILATFASH,REJECT,NOT_APPLICABLE
SKIP,REJECT,22d88443298dd32cc63093f4f4c1061fc576408ab26ff2bb8c566f5d56804c00,,true,64be83c1acc5aaa06e944d8ac0e72dacd778f846ec43c27023e57e8a432b88c6,AVOID,bf4ee526aac03c676bd219fe3254baf0ddca79cc4acd3d4030a552de61b1c4c6,2026-02-09,true,ADJUSTED,47.17,BUILDING,B5|DSI001,NOT_APPLICABLE,LIQUIDCASE,REJECT,NOT_APPLICABLE
SKIP,REJECT,22e3584ff659ed131c330a56b0aa09b61148edbe6bcd0925081fe576a5afa557,,true,cc7e2642242038a0bafe64326221b3a716a1faf08f6c0511ccaa1fd80920ce7c,WATCHLIST,68e184de019576e7b4d4fadf5235c0768d5e3560ce21e2469e2d784d2f3852cc,2026-01-06,true,RAW,74.88,READY_FOR_CONFIRMATION,B5|DSI001,NOT_APPLICABLE,TATSILV,REJECT,NOT_APPLICABLE
SKIP,REJECT,230602dd9a94effef853afdd3ecfbb29e96b0a6c54687d39432c3609775b5297,,true,0c5aa3c0d259f47870c1ce85f6afdf2f1cf6ebbd91f359c3fe778319d4997442,AVOID,8a3c944c801b4d342d6ab46e18a4c7dc248af4a48f00237bbb94713795a9bfc6,2026-04-07,true,RAW,59.00,READY_FOR_CONFIRMATION,B5|DSI001,NOT_APPLICABLE,OLAELEC,REJECT,NOT_APPLICABLE
SKIP,REJECT,237f131dd8aece3054f727b92ffdfda73aaf3f21d6c6fcbb167d345bec68d330,,true,75b6aa9b547e4a1a63a03ea0abbd2896b93bcf025b2382ee55d6c7a4a33728c5,STRONG_BUY,37c29332d5689d9dfda192ca34395ea115e6eb8a34abbe96b9b5165bc8ddd7ab,2026-05-15,true,ADJUSTED,90.32,ENTRY_READY,B5|DSI001,NOT_APPLICABLE,JPPOWER,REJECT,NOT_APPLICABLE
SKIP,REJECT,23a7606091ea05bd52752a113bd7dca723b2a679cd0fd4c04539d9e790a413ce,,true,92d2413796b66c10e7c5a4d018340f8c128d2b7f1d1c9604c7c2f29a32e9048a,SELL,4fe817e61a362ffe67c0eefe62a3db27d1a4abee01f6464a98c51e71e65b3590,2026-01-07,true,RAW,35.00,INVALID,B5|DSI001,NOT_APPLICABLE,HDFCBANK,REJECT,NOT_APPLICABLE
SKIP,REJECT,23def716f0efb9a4c1aec93858be05c965df4119b163159bd26941ab8fd427c5,,true,554769a80ae91c6765f41b08ab4e4a0d8f450ea4bcb098dffd8a5501bd5c5b1a,AVOID,a1d633af2ce8cbf39b25c8726c83dadf12b99efd9d6e6244fd7ecede62ebd3dc,2026-01-12,true,RAW,48.60,BUILDING,B5|DSI001,NOT_APPLICABLE,HINDCOPPER,REJECT,NOT_APPLICABLE
SKIP,REJECT,24027cf64f714a2b4df5f1c360e48f6211cdc306a003a29cca03b735d1e36ac6,,true,414534e6feef6292855b12005b7b878cef059593b4443875790200cf2cbaba72,AVOID,99259f1a1a2d468aadd7af719787ae1d9379657c8da68123719bb4ffa48250e7,2026-04-01,true,ADJUSTED,59.00,READY_FOR_CONFIRMATION,B5|DSI001,NOT_APPLICABLE,TATAGOLD,REJECT,NOT_APPLICABLE
SKIP,REJECT,24199591c93e3a4906976b6d9b7a085d8b4506f28311fce461d482064db3cde7,,true,3646c58462895fe6f816aa9d61fab008f1e5532df84638ff5b2541ca2a184bf8,SELL,495c4d85dbe7f13ad289af4ce6d10892cd5862dae9987f103369e05b6105711e,2026-03-23,true,RAW,39.00,INVALID,B5|DSI001,NOT_APPLICABLE,SILVERBEES,REJECT,NOT_APPLICABLE
SKIP,REJECT,241ab54ec957cf8a03fdf2fb3910100a47f8feb426d05bcd3002eb6cd3ea90f1,,true,f33dee7e21a966e08bed8c00ccb4f214828b5f10c9c1ecf927afb8decb127945,WATCHLIST,e92057686905efcf926f82ca8a6934d7dc09c43a21d2a3daca08e8535591ab02,2026-03-23,true,RAW,71.61,READY_FOR_CONFIRMATION,B5|DSI001,NOT_APPLICABLE,NOCIL,REJECT,NOT_APPLICABLE
SKIP,REJECT,24326c3ea818263139887b10e6e0f273e28a98cefb991c758a2eeb834c639901,,true,cf3c691379e96681adedf030931bb4ae43491b023b5b63ae8f79cc41495f5ebe,AVOID,8123f671ef49243773a91d4851e9435e92892b606c38e11a3d08093d24a8ed61,2026-07-15,true,RAW,58.54,BUILDING,B5|DSI001,NOT_APPLICABLE,FCL,REJECT,NOT_APPLICABLE
SKIP,REJECT,243b6378737108ffe1adbe3b5e5ccdb64359aaa71c441fcd376f718c9b880b45,,true,57ddaa19f499c0975518fab6372222f78b72733c3cb4dac7242bbf7bf7b32332,AVOID,e494e1e6d3a94bb68f6aff07b0191446a6bfd3d36017fe1f33b31acf6c822bc9,2026-02-27,true,ADJUSTED,48.91,INVALID,B5|DSI001,NOT_APPLICABLE,IDFCFIRSTB,REJECT,NOT_APPLICABLE
SKIP,REJECT,244ee45cf87bbcbe3c7418e1fb77e0788dc62e525ad7148058903085e938bbde,,true,70a36f58edde19e2e78776fff00a8b1f4595463bfe6f9a7318abd67d6cfaf066,WATCHLIST,ada7dc636027b3cb098dc2fb02c5975e1252f7b55282d7b3656c009fa3970a7e,2026-05-18,true,RAW,61.80,READY_FOR_CONFIRMATION,B5|DSI001,NOT_APPLICABLE,YESBANK,REJECT,NOT_APPLICABLE
SKIP,REJECT,2460bcb69de66d8ee08c03336fbaf1e8d657fd664b9ed2b00f2ad9a749358117,,true,9dc9786a00ae40b00669d94a4838afe797b179d9298fa79cfb95883aa1e896a3,WATCHLIST,5bb5a3a5697a46165558a306d14a75d37bcfbb59f6439d3de1fb25c800e7fd87,2026-06-12,true,RAW,66.68,ENTRY_READY,B5|DSI001,NOT_APPLICABLE,MMTC,REJECT,NOT_APPLICABLE
SKIP,REJECT,24613f87ccf48812cd3385e8b1f3e592f88ac4697da1121080770ae200e7b9b0,,true,5545b9cb5badccf658edfeee9ac032fd51da081774fe76fe8cae0f92adbedc12,AVOID,d67638e6a15fea2b440590ff575327c40af56705cc4c28c3f948456584780d12,2026-01-14,true,ADJUSTED,55.44,BUILDING,B5|DSI001,NOT_APPLICABLE,TATASTEEL,REJECT,NOT_APPLICABLE
SKIP,REJECT,246e5aecf0d9da4f7c70de9b06d52fc172e664d2c8cc6c98891e75f381c4ce4e,,true,7fd52f1dc11bbb2449d978d70cf66e953782cfd44624dcda02f3335bd2475e60,WATCHLIST,e470ca48fd010c5b1718c206c45607d20f6c53838b652f7980cea1515856f1e1,2026-06-11,true,RAW,66.08,READY_FOR_CONFIRMATION,B5|DSI001,NOT_APPLICABLE,OLAELEC,REJECT,NOT_APPLICABLE
SKIP,REJECT,247c2c5b9a52ce8c970568d71708320c3336b71173c82cba3b547c620901e0ac,,true,68bcfa1d0bfe40ffac5bf527948e27a3575becadaff480cb6e321eea3e700cdb,AVOID,da4168da1fa1803a532fef3250f8b35770858afc3a29a491dd1267318402191e,2026-02-18,true,RAW,59.00,BUILDING,B5|DSI001,NOT_APPLICABLE,SILVERBEES,REJECT,NOT_APPLICABLE
SKIP,REJECT,248420d84d6805298e1edcfbe16da3432990b0eb9538e8b307710f02d223f2f5,,true,e4a22e4ebd80495ce97a5ba372a551eeeee2e587fec159c2a670a9856b5aab02,BUY,ddddd5e6da58a3d92612e375087778c2c4a8f48590ee8fd158646cbae74b0013,2026-04-23,true,ADJUSTED,75.11,ENTRY_READY,B5|DSI001,NOT_APPLICABLE,IRMENERGY,REJECT,NOT_APPLICABLE
SKIP,REJECT,24b056bd064ae45b9b28a477158c1c503b8df8204103ef5793b76807c1dc73ac,,true,2610d025508f6eb34f0306214931f60a1cc7c72c820959ddd7df6d1570e558b0,WATCHLIST,482e59f0f9919505ce8b9513d51518e5b60772289cce0f1c82f0ebdf812f368b,2026-02-04,true,ADJUSTED,64.46,READY_FOR_CONFIRMATION,B5|DSI001,NOT_APPLICABLE,SILVERBEES,REJECT,NOT_APPLICABLE
SKIP,REJECT,24b65da50405c211a96a2360d37a40ed4eecbdd608ec62c6421b5dd9f78f0418,,true,ee688ce638466aba47ebd48392d2f23d8844d4ef24092a8d53b0ef89c20037e6,WATCHLIST,1c199f262437f7676d0d4c9eb448fb83367cd30dcdf579d5a301439848fa23c0,2026-01-27,true,RAW,73.17,BUILDING,B5|DSI001,NOT_APPLICABLE,SILVERCASE,REJECT,NOT_APPLICABLE
SKIP,REJECT,24bb6a327c78d46694c34b2738cd47edcf057c7e8a019d3271bdc3a284c29005,,true,2042a10f0bd545662fa9a714942d32c494cf51095fbd4b2582df1bb1a9a741f2,AVOID,26f76f31b0ea3e9c5cdf850f3a82d93c2ae94e329617115b287c8c83bc104c8a,2026-02-18,true,RAW,43.48,INVALID,B5|DSI001,NOT_APPLICABLE,TATSILV,REJECT,NOT_APPLICABLE
SKIP,REJECT,24eb1511c6847d716e6b2051bffba5a784311877739f48f375593804aed93419,,true,fbfc9c021cb3319d67dab0d0a63ba9ea5b4a909d5e28cea44060604d75e88339,AVOID,d0e7338ceaf1f1be08f798db3461100e3e4305455fc6ebd0e2d0e3827a9aeb28,2026-02-18,true,ADJUSTED,56.20,BUILDING,B5|DSI001,NOT_APPLICABLE,TARIL,REJECT,NOT_APPLICABLE
SKIP,REJECT,24eec66f6387c40950ae46b42428bee8e045a477b491bc70ca29a1faf8c7f2de,,true,ca0af8dfd126b2cfe58d699500ef404bdee1530b09079473797840e52fee955c,BUY,4b88cee3fdcf83bbeb43a5f6a4e9f36629e73449ae1eaa915967e9d96d390784,2026-02-10,true,ADJUSTED,80.52,ENTRY_READY,B5|DSI001,NOT_APPLICABLE,ETERNAL,REJECT,NOT_APPLICABLE
SKIP,REJECT,25311fd4df5599ca1252133f11dec6222af6a947c23c4977a8862d94294db0fe,,true,8e0c16804558d16689b7c5acc3642a2f80cb62c607067f7fcbfc347094bc7dc2,BUY,b9a71a04a030fca4aa3cbf5ef2987312267c7e22a67c4e316d688c24bdbefcb2,2026-04-15,true,RAW,83.67,ENTRY_READY,B5|DSI001,NOT_APPLICABLE,RPOWER,REJECT,NOT_APPLICABLE
SKIP,REJECT,25381010cd5f24f3b92e99c1f649416fdc5bd547d3d29382e450cf46599b1c32,,true,6868854f3dc6b3a1ce68c92c6291545ae1f270ec8007ccdf4c5a34221b73e8d2,WATCHLIST,08a5d84db7dab5e2fde8bf0242291d7e60edba029add1051a5668c8de494ee58,2026-04-08,true,RAW,62.30,READY_FOR_CONFIRMATION,B5|DSI001,NOT_APPLICABLE,JPPOWER,REJECT,NOT_APPLICABLE
SKIP,REJECT,254fece23923181ab41b643d413d4f38352d50a1e6d60aed49c9be9330b95c21,,true,7c63dbba5c06673a1298009a62d9de008a88629ac7b0886ed7928dab83d1b529,AVOID,0a0ad0c4081681220dfa9b7d2ba1ab4f82c4266f108252f633ddde1531f8c929,2026-07-03,true,RAW,59.00,READY_FOR_CONFIRMATION,B5|DSI001,NOT_APPLICABLE,PCJEWELLER,REJECT,NOT_APPLICABLE
SKIP,REJECT,2554495449464485bf0dbb8c4dd47cf0a81a4d3e71ed4c042ee4287bb761a233,,true,a6727d181b2448c022f362fb8057dfff2c95d8322798834db9ada7542d0924e1,AVOID,753ee0aab233a54b9406f7a1f6013363805226ea08ca4ac96ae1e6ba38f7fb34,2026-07-03,true,ADJUSTED,59.00,BUILDING,B5|DSI001,NOT_APPLICABLE,YESBANK,REJECT,NOT_APPLICABLE
SKIP,REJECT,256bad2a9d3d8176eb79633af02c695fb670e5c454aff257fd53fe3750700354,,true,75fa7164b693497f6abb123ffced3b5d0c63bab203de85da2eac3695d815a4bd,SELL,6446bcb927ee3a2e5d0017b7101849e93a27c23702bc3cbeb05ac594b70463fc,2026-07-01,true,ADJUSTED,35.00,INVALID,B5|DSI001,NOT_APPLICABLE,GOLDBEES,REJECT,NOT_APPLICABLE
SKIP,REJECT,257c7118f22727bdd96821701dfe75d4eae5a45b0209c082cfc3b057e3ab95a0,,true,f93b5c58fe6b6c260f7d9799b6ecaafabb9972dc7e4cb9dd4c8d2890973b2577,AVOID,63011406dffbbc2db3a6bfaea0053cac09ad965f0a491d5262a2403cb43dd830,2026-07-14,true,RAW,54.01,BUILDING,B5|DSI001,NOT_APPLICABLE,IDBI,REJECT,NOT_APPLICABLE
SKIP,REJECT,2582085dd29d08c2584db320849a54081ef677c957a6d11dd826599dcc1ec8e5,,true,b9e9eeac06f3986cffe9673826719a3bbbd916583926a5cdc03458d78a79a0fc,WATCHLIST,c7759354ea27d7304762ffcf8cdc6ea9e29ca6657ca30beaf24ff447ba7e91f2,2026-06-17,true,ADJUSTED,67.77,READY_FOR_CONFIRMATION,B5|DSI001,NOT_APPLICABLE,CENTRALBK,REJECT,NOT_APPLICABLE
SKIP,REJECT,2594bda504cf647d3c8a97556534dec6ee314369ac86291a1ed7f54d16e654be,,true,b9e9eeac06f3986cffe9673826719a3bbbd916583926a5cdc03458d78a79a0fc,WATCHLIST,c7759354ea27d7304762ffcf8cdc6ea9e29ca6657ca30beaf24ff447ba7e91f2,2026-06-17,true,RAW,67.77,READY_FOR_CONFIRMATION,B5|DSI001,NOT_APPLICABLE,CENTRALBK,REJECT,NOT_APPLICABLE
SKIP,REJECT,2596745ca7845aa1b2fa71bb5294d728078beddfc2e6bb5fd0e9b3e1b83340a3,,true,dace9f19b927a612e6c9b6a1762694c3f71f72e6fd22447be52ecda5b07c01dc,WATCHLIST,31fe3efcd297a1a7bcd466263ec15545146de2e2e6ffe8848072b0f2c1a4f017,2026-01-12,true,ADJUSTED,66.48,ENTRY_READY,B5|DSI001,NOT_APPLICABLE,GOLDBEES,REJECT,NOT_APPLICABLE
SKIP,REJECT,25971b99a6adc81dac7013be3020c633368c2b45acbae5822e1aff3c12cefb1f,,true,6801d7cfb96b304882ead144504b0c87b5dd8d731935cae9fec5c2d87c415968,AVOID,bf8a451ffdc8d8df8fb4365ac9ec93cf46aa444e297008e2c76bc39017a65864,2026-02-12,true,RAW,41.95,READY_FOR_CONFIRMATION,B5|DSI001,NOT_APPLICABLE,GOLDBEES,REJECT,NOT_APPLICABLE
SKIP,REJECT,25d552c644c36fd631ed2a686ff7e9a28159b5c6f66537578e99eca6b97f8a31,,true,0b5cd99cc21eb03e239b7d173091b6e4fc649f742567d0595b46f438472d5fb6,SELL,b8f99531e9448964ccacae877c407b18009ba0f2fe85e7a02d95d808d189d726,2026-03-24,true,RAW,35.00,INVALID,B5|DSI001,NOT_APPLICABLE,YESBANK,REJECT,NOT_APPLICABLE
SKIP,REJECT,25d864852669b313115d6be4ebb33b6bd134d9f90c5d6f5e51c4ef395d4af847,,true,89f91d354536573e7503bb68895d649179fe555538bc43788b72209ae158d99a,AVOID,0f24cbeee2921573921c0491d8242a39650b2b5e2a23dbec506b6a65dc659774,2026-05-18,true,RAW,53.96,READY_FOR_CONFIRMATION,B5|DSI001,NOT_APPLICABLE,TATASTEEL,REJECT,NOT_APPLICABLE
SKIP,REJECT,25e151925fa59d6079ac497d1b38826538a331b1d371bfff61256a182dbfbdcb,,true,6d68326b675b08849365c3bec1fcf6a11ffe975028f09f00c3a97cde2f33f5ee,AVOID,1f4e6c026140da4e0ad82167740a55233b82de97ccb445f0accfe6422b8e6f39,2026-04-24,true,ADJUSTED,43.60,BUILDING,B5|DSI001,NOT_APPLICABLE,GOLDBEES,REJECT,NOT_APPLICABLE
SKIP,REJECT,25f00f2303ee694ff3533bcd4180a837e5b92f7e61d2622c3f15f5d1da656f52,,true,1e89bebbadb36c11bd99876accb9b9e6a5fccd433fe82fe75d562b0dfc400eb9,AVOID,f57124eff93ed169c557b28b1a83757b9dba5122422839a8b0671039231d0c38,2026-05-13,true,ADJUSTED,43.81,BUILDING,B5|DSI001,NOT_APPLICABLE,LIQUIDCASE,REJECT,NOT_APPLICABLE
SKIP,REJECT,260b14671a1409dcef7c1399b4c423d5f1cbc2b6856d6bdac9379a6ecf90c422,,true,7cd3875ba330db6492100ad9e668cf970f58510438b02f63b143d19b17bc301c,BUY,4c4cf4cce2df4516010bc78720c52d0d497704280c0953a0856354897293ae4f,2026-06-15,true,RAW,88.68,ENTRY_READY,B5|DSI001,NOT_APPLICABLE,IFCI,REJECT,NOT_APPLICABLE
SKIP,REJECT,2617f5492552c77bfa56bddf964ccd945bf6b764a9e3adbf93eed64f00ac9ece,,true,ee3cdd43829c5e5605c7b4f99db823a642f56444744fa0f596c0109854d45a79,AVOID,00fe746d26edc01ca83b6d8a642581545be505143ab3d5e779a3e6752e85b468,2026-05-26,true,RAW,52.07,BUILDING,B5|DSI001,NOT_APPLICABLE,TATASTEEL,REJECT,NOT_APPLICABLE
SKIP,REJECT,26289f820bdc5b21d4a3578aead93f0cdf2ec6e5425ce1d577ab5d96484891db,,true,46770f38621a05198fec6501b6359fd32b82b25154bc400cebefcb914be19415,WATCHLIST,3ec4e897eec1db409f3b0e8d35eb0cbc3a5b9ea33a3c51ece1d7080da64ad4a2,2026-07-02,true,RAW,69.20,BUILDING,B5|DSI001,NOT_APPLICABLE,EXIDEIND,REJECT,NOT_APPLICABLE
SKIP,REJECT,265c4f24297fc8187615ba12180998420c860625c726e6d645eb5e393b5e4ff3,,true,699b0dbc7a5360487e395561577b6a2e12412642309497d70b2b9c24059f1d74,AVOID,2e2f0f6ff04e5fa4236bca4b3b77385972b15da5ba2f45102a14d9f9d2dc2086,2026-06-23,true,RAW,48.38,INVALID,B5|DSI001,NOT_APPLICABLE,TATAGOLD,REJECT,NOT_APPLICABLE
SKIP,REJECT,2678b7b4f1498bbb82cfd592ae58c04f74b9e7ed900293971addc0dedb2bca5c,,true,00c05a1a5bcbd20388ff90f7e9f05280dfa4a90847cafba3afddfea8a1963a37,AVOID,d097d38ea032183714585e81ea6ac399e9c9940e6f76d34a176a269ccfcab478,2026-06-17,true,RAW,58.15,BUILDING,B5|DSI001,NOT_APPLICABLE,CANBK,REJECT,NOT_APPLICABLE
SKIP,REJECT,26c6ef1b09c733a658417d79062cd15ac41bf624cffbc8f9ac8f08473c7ad04a,,true,83e91cbaf8b08fc5a6a7a62c9414f54638bc267d6a3c46d147409fce9ddd51a6,AVOID,38775b3a6a617674ebea97ec4a0c210560bface23553713077b89bff16b6a929,2026-04-10,true,RAW,59.00,BUILDING,B5|DSI001,NOT_APPLICABLE,LUXIND,REJECT,NOT_APPLICABLE
SKIP,REJECT,26cd952c47f48c184286d1eb22e4d9cf81fd34647c2d65f9f1a1f77d92a72383,,true,db3b89e7a3f9854137c02dcc3ba9837fc6d87f174763ba9f7090e31dc4718a4b,WATCHLIST,de6bded7482663b6a308a5144a30e2f276ec31da7c51a05372d8dd36d21dee34,2026-05-07,true,ADJUSTED,61.78,BUILDING,B5|DSI001,NOT_APPLICABLE,SILVERBEES,REJECT,NOT_APPLICABLE
SKIP,REJECT,26feddbda18716e6e4f546ef7e32aa2f4763effc96cbbaae9467d791dca0aeb1,,true,0324d988c90f7827ba1d7b6c9cc1d9e1d61aa7330e6e41e66390272dd4e147e8,SELL,0f1a42309c7107643af8e2bd268d04b1bcc3ec38296ed90b5997ab30d876b23f,2026-07-02,true,RAW,35.00,INVALID,B5|DSI001,NOT_APPLICABLE,WIPRO,REJECT,NOT_APPLICABLE
SKIP,REJECT,2704961d8b9a03d82cac67ea1ef20c0f8107e4b1f339a5987a7df149abbd98e4,,true,5ea9c4753ead85e89c391ddf633fe3142898dc477648c7019b3b2e6fcc1517ce,WATCHLIST,b0bcd73152b92eb0a54608b7774e35022fa16540ac0a851552e60a6a3ddb171d,2026-04-22,true,RAW,60.66,READY_FOR_CONFIRMATION,B5|DSI001,NOT_APPLICABLE,YESBANK,REJECT,NOT_APPLICABLE
SKIP,REJECT,27071d0b5c3c65a9e3fa8b903e9f1d0d71dac8b7106c5a206e65505f86f29ff7,,true,ff6acf4111751208ec42bbf90dbc48c2ff6c063095d4210a754ffdc97e6f1438,SELL,1635bef039631e0d6e7c2d0a151dd4bb1b3c81fe90231655401360f8e6a3f3c8,2026-06-08,true,RAW,35.00,INVALID,B5|DSI001,NOT_APPLICABLE,HDFCBANK,REJECT,NOT_APPLICABLE
SKIP,REJECT,27150ae215232d32966c243775834543e46d8f0e670c281c76c36c843a42291c,,true,11c73a611d3ac0a9a00c308e82259649547ccb593b913398993f2d6c02870890,SELL,65b16205ed2d51d5f81f4431bd331a08b27bf735bc42cc4887bd7d5dd6765c67,2026-06-25,true,ADJUSTED,35.00,INVALID,B5|DSI001,NOT_APPLICABLE,GOLDBEES,REJECT,NOT_APPLICABLE
SKIP,REJECT,271724d40f9404a3ae4f8f999db71de7ad867864632a010ae91ebe51d3b6eeb9,,true,7025c1ff27324f28067e899022f42877e615c5ccd92fe28c70c07c9cdbb6d6ef,BUY,ef33309d73e71c0e4a9b5a00cd352ed5d4d04966df6b1c9d32af8a448fb72211,2026-01-29,true,RAW,83.46,ENTRY_READY,B5|DSI001,NOT_APPLICABLE,TATSILV,REJECT,NOT_APPLICABLE
SKIP,REJECT,27198fd9deeadca1216bffd208cbe2f437e973c6fd9f1d021dbe8606084c2fde,,true,7a402688f8a4f752effccab310a95bf004c664b18c8430f4f33211bb02760c8e,BUY,f22f00865068ac5d839fa047abb25542374c46e650e3550ef280bb69b6f9bcaf,2026-06-17,true,ADJUSTED,82.86,ENTRY_READY,B5|DSI001,NOT_APPLICABLE,IDBI,REJECT,NOT_APPLICABLE
SKIP,REJECT,271b995a54a20d49459ac010246492f6a4c3f989edf415cfad16ebfd3bf411bb,,true,114e93fd9cf9cc1a2c27482f7c7ee9f2cfb946c6702308d2524758d5416b4a94,AVOID,9ed6e662da9f68f4d5853291711bc8c1ca438f26c620b9f34bb50a5a07b215ff,2026-01-05,true,ADJUSTED,59.00,ENTRY_READY,B5|DSI001,NOT_APPLICABLE,OLAELEC,REJECT,NOT_APPLICABLE
SKIP,REJECT,27210ec5023dbd380972a630a8387deb12451000a3f4fcba326f2cdaab471358,,true,06f36bbd30260b7abaec2724994b882c84d4f2b0e04dd8a74237e48db2ba7256,WATCHLIST,f41ac3552ed8f5576419bf7ba440c3a33ae6868c00567cda4974d026bbf4b281,2026-04-13,true,ADJUSTED,64.26,READY_FOR_CONFIRMATION,B5|DSI001,NOT_APPLICABLE,EIEL,REJECT,NOT_APPLICABLE
SKIP,REJECT,27545580b79967b3f758f93a09ac045577216a14e5e2fbf94f3512974789f8b1,,true,29972faaef2777ef8edee75788a167a48b6582c6bce76df837ad5936add7cacd,AVOID,b85d6d91c10b8d7d605b78202c62236f1b60d71e2a47993128d7cc8ed1e94344,2026-02-27,true,RAW,59.00,BUILDING,B5|DSI001,NOT_APPLICABLE,SILVERBEES,REJECT,NOT_APPLICABLE
SKIP,REJECT,275d8c132b8b1d447c346823913cb1d01812b5e022ac9d4e100aff83f86a45b8,,true,d08314d7675a329694dd6ec16da5781b85646230523a3e672c0316978a11132a,SELL,2ab84235e9b7257fa3123bec0905c7bfc82159f4a6a0e491c5d5b30cf6e40bbc,2026-02-05,true,RAW,33.74,INVALID,B5|DSI001,NOT_APPLICABLE,YESBANK,REJECT,NOT_APPLICABLE
SKIP,REJECT,276676f3ba5fc80b9ce91d90cc05247bde388e51ded78fe70154fba7bef58f51,,true,6b3bfd87efa3e1e2f1ea2d00b1a6027e921c0329fe79fdcac7cea1f7558ac26b,AVOID,850f5089f9a56b48a6255830e9a4a8154dd8cbf8122cc2cd7d80c5a7708bbfa7,2026-04-30,true,RAW,40.00,INVALID,B5|DSI001,NOT_APPLICABLE,YESBANK,REJECT,NOT_APPLICABLE
SKIP,REJECT,27794046d5d25211e5430f0d599fb6391da9c56209c082b3f1c5a35d02faac16,,true,f4ec5567e326c720c9bc6159bc8b474e375cf6ae029b1597f3ca166d2c91fda7,WATCHLIST,b2c45d2f8d911ff02392a985acd209af282f05f4563e33693a816831d458d87d,2026-02-27,true,ADJUSTED,70.00,ENTRY_READY,B5|DSI001,NOT_APPLICABLE,REDINGTON,REJECT,NOT_APPLICABLE
SKIP,REJECT,277ad75546d675df7ff5a2acf622429ee2839bba0e197934451e1597fd25935d,,true,a3453d8048b19f1ae3f497b88ab945446ce4184ae478ee8be55353df1484da82,WATCHLIST,ec9af27980b02e77e05c62560c138902548d67c27983f51c5600389ccded0008,2026-06-09,true,ADJUSTED,61.74,BUILDING,B5|DSI001,NOT_APPLICABLE,CANBK,REJECT,NOT_APPLICABLE
SKIP,REJECT,2793d9af4667dec9570d758c70478d105f9c139f71e4afd28e4f875a16747959,,true,0e8e28a218f453c4b7b999d2ddc92357eb028acdfb2749ee377d26478780207e,SELL,d434bd86f14f8c980b5c4e4db008227d0809e5caf26b83386ca9596769697880,2026-06-24,true,RAW,39.00,INVALID,B5|DSI001,NOT_APPLICABLE,PINELABS,REJECT,NOT_APPLICABLE
SKIP,REJECT,27a822ffd5c2916f19507d05448825c5f146882fd45a52e6686692a249303b4f,,true,d2c542dc76c680be13b252cee15bfeaa1732498c945903cf0724055fa86937df,AVOID,aa223f681f34a7da8ed8a7a299493e4f0abcf93fde74336475fd3e1dddf4af32,2026-04-24,true,RAW,45.88,READY_FOR_CONFIRMATION,B5|DSI001,NOT_APPLICABLE,HDFCBANK,REJECT,NOT_APPLICABLE
SKIP,REJECT,27c5ef6ebcfa15ade674e02ff6730d5f3276524e5e1bfe43c2f2e644ed8a6c71,,true,b616c996e0c9e7823374032c9f0bee49bf885d68f87de04bf20badeedcb29077,SELL,06399be57e3417a1915dfc9270f1453d20ee3c7120eadff45ae71400dd9ef939,2026-03-16,true,ADJUSTED,35.00,INVALID,B5|DSI001,NOT_APPLICABLE,HDFCBANK,REJECT,NOT_APPLICABLE
SKIP,REJECT,27d716a13549d43afa96116334377c5663fa737397163fe75de353a139cf29ad,,true,dfda2a41accc7f93e9b47fe71492042d4cb700ab76810cc8c3da2050138fd3f0,SELL,bc1bc7d04e0992a215300ddd36b3e6be42b0abc0c4c0e89c929dfe77e590804d,2026-01-30,true,ADJUSTED,35.00,INVALID,B5|DSI001,NOT_APPLICABLE,TRACXN,REJECT,NOT_APPLICABLE
SKIP,REJECT,27edbcef9e51ddca8c55b5821dbced1729abae458cd4bde51271f9cbbb10790e,,true,12f16a7751dd3f1dc34d75257c97ccd17fc5b61cc37e7db3001c8dfd8e47ac9c,WATCHLIST,687501e69c36fdfb4be4834da3140c9afbcfc2294e58459ec9bd3bea066313f8,2026-07-06,true,RAW,69.18,READY_FOR_CONFIRMATION,B5|DSI001,NOT_APPLICABLE,CUPID,REJECT,NOT_APPLICABLE
SKIP,REJECT,27f7ed24e0931944c0b5cae6b88063eb2fbcf994b49603d34e9f1d1a7f14932e,,true,c5b617df827ac18d8906f460e5778a01faf66bdbd184bc65e500f134f88bca6e,AVOID,be185ea13004ba6924df6b49352338b367ba96741f09e2ca03dc8f436364c3e5,2026-07-10,true,ADJUSTED,59.00,BUILDING,B5|DSI001,NOT_APPLICABLE,MRPL,REJECT,NOT_APPLICABLE
SKIP,REJECT,28006ddac0fbf76011679a5ff73f8c7917c953f1108d3c7be152903286808fc5,,true,7e24b943b80294c72911fe34c77cd8bdd7f9a099f2398e7c66260e99befdbb44,AVOID,bfcc4da445da6beaef551c6e813bbfe45cfb2e1cd71f72c0974ea2ad20df50f2,2026-05-26,true,RAW,57.33,BUILDING,B5|DSI001,NOT_APPLICABLE,IDFCFIRSTB,REJECT,NOT_APPLICABLE
SKIP,REJECT,2806c200d1d242921e4ed3aabd900903678798890585d2f67691e00d917fc755,,true,8bbe3e8b00f1691385720ac7008688be3b9b2d4cf4aad33646ff9cc33352b689,AVOID,9580337ac437bace41554391b7a65ed01d63f9a34af17d3276a0d55634386af2,2026-04-27,true,RAW,57.72,READY_FOR_CONFIRMATION,B5|DSI001,NOT_APPLICABLE,YESBANK,REJECT,NOT_APPLICABLE
SKIP,REJECT,280c6a12ab8d852ec3e7a626985af2b1a7310e9ed398691efe71acb050efc1b2,,true,9ef1c2cc94a36a7ebb9f19023a7ec35d42bb6182fd34f20cf3a95a7d2c7e9e12,BUY,240e6c9dc7ff76d225786535bdd20b9e5254e341f86cf10f71e8add64314bbf6,2026-05-13,true,RAW,83.37,ENTRY_READY,B5|DSI001,NOT_APPLICABLE,SAIL,REJECT,NOT_APPLICABLE
SKIP,REJECT,283d887e5c678c97f7f582ddda2ca7afbfc7ca10c59ae06626ca276ec4ef8293,,true,a629c6bdf6d18a31e4563100ef428f809df6e8ecc401728ba29304fe59759071,STRONG_BUY,7444fb330bf17cc22229a6dac5859412c3d2cef7da3d317b8695698ce01f4e48,2026-04-15,true,ADJUSTED,92.57,ENTRY_READY,B5|DSI001,NOT_APPLICABLE,JPPOWER,REJECT,NOT_APPLICABLE
SKIP,REJECT,2862b5ccb7d53eab753948604b8024817e36f24d534f73be900af3cca84e7f1d,,true,a5e924847d26a27e87272e65d3ccbb19ab26597b40bd62f126f7ea08ff8bff22,AVOID,2b0ab47faf0b9203b465b419df8993b29f07099224102e900b3e41fde451b24e,2026-03-30,true,RAW,46.72,READY_FOR_CONFIRMATION,B5|DSI001,NOT_APPLICABLE,LIQUIDCASE,REJECT,NOT_APPLICABLE
SKIP,REJECT,28820c7800a6f903eb46f6a9f4fb7e70330f20d1bb82fef428043abcdb8243cf,,true,9628f18925cfecf8cb962429eef945632bc369603e15018d93c48099dbb368f6,SELL,f1aef2f75a4b7ed5450bd4f9c201e4c255851b1e06350dfa1079af7a8c07e183,2026-02-06,true,RAW,39.00,INVALID,B5|DSI001,NOT_APPLICABLE,ITC,REJECT,NOT_APPLICABLE
SKIP,REJECT,288c2ae3ad50a3022bc1ded742bc16bce49d054551a75c6f85ea954173014dc8,,true,041d2727d5dcf7b5826703c4164b96c5f22ca5d150bc15ab90a12fd664349718,SELL,ee2a9fec16c8b5f5522a559bb4ca63ae4bd7b31bd4ee2a828becb8878ade66d6,2026-03-23,true,ADJUSTED,39.00,INVALID,B5|DSI001,NOT_APPLICABLE,TATSILV,REJECT,NOT_APPLICABLE
SKIP,REJECT,2892580be1dbd5b68daab2993be53e1d104e545acf28221c1f9ac678a6971a80,,true,642e4293b063e938903eeb6cb0a8c640ff102591cc5aaa6439113c301468fdcb,AVOID,e4a266dafa90a2e8aac6b774372d68e2257fa3e08b856e9177f373d57cdacd05,2026-05-21,true,ADJUSTED,59.00,BUILDING,B5|DSI001,NOT_APPLICABLE,TATAGOLD,REJECT,NOT_APPLICABLE
SKIP,REJECT,28aa608053473f7e46ae96a015e22157fbbf2bcc4ba65869630bdf6b978a2813,,true,a6267f0975e3316be0404ddd016a043102e859bc1241b1424ae3f69da2473c72,WATCHLIST,6313c04b49d7293e8f55711533c5fdc855955364a0f921450d7e1624ecb9b88f,2026-05-13,true,RAW,60.54,READY_FOR_CONFIRMATION,B5|DSI001,NOT_APPLICABLE,TATAGOLD,REJECT,NOT_APPLICABLE
SKIP,REJECT,28e00f0136862ee995773fb0a5eab06b1e6c933f83db64f07dec1633e59fdecc,,true,3b79502882a434218dd328f50c2a79d653321e99251146bdff29f3349736166a,WATCHLIST,0337755a00a11383448bec2f732b5f75bb526548cf93166dcb1ba7f6f7a8d9f9,2026-03-17,true,ADJUSTED,74.00,READY_FOR_CONFIRMATION,B5|DSI001,NOT_APPLICABLE,TATSILV,REJECT,NOT_APPLICABLE
SKIP,REJECT,29139cd2769848c561eee3294e2e9c7e220d3dd174251ade5052ec537a64a3d4,,true,cfa23f2f3cc4d90add1929d1f0b1390b082b4c5df4b5d5d60d00dbc5e7459daa,SELL,955290809d58b9ea4a85085287179643a7df7f9ab1b9264d5250d89909d472fc,2026-03-17,true,ADJUSTED,35.00,INVALID,B5|DSI001,NOT_APPLICABLE,FILATFASH,REJECT,NOT_APPLICABLE
SKIP,REJECT,2919ee385487d2e0a1638391389ef3f1c85f651241434f30ae2d279b109aa74f,,true,fc6d252c78d41138e90c6f07c0138b87ccf3d30b15501a58830b2959ddcd2af4,AVOID,d77d7c538b086b05bb91af53739cd9db8b8190e54c0d7002baf65169570423c6,2026-06-03,true,RAW,54.30,BUILDING,B5|DSI001,NOT_APPLICABLE,TEJASNET,REJECT,NOT_APPLICABLE
SKIP,REJECT,2920c0cf0f498a62a0fea8ad38a0c7914c76e6d68c0b8d6c76c117845da92457,,true,fc5efb267b0e7cf4189609473e059439a30cc4ee5b230af3a40d96ebaddccbb8,AVOID,7ec53b90d783f13d8c00ae810cdf19835214642c51d0df369e8161cdd5e1a47f,2026-01-16,true,RAW,50.40,BUILDING,B5|DSI001,NOT_APPLICABLE,CANBK,REJECT,NOT_APPLICABLE
SKIP,REJECT,294ebd3abd0943bb29ca079e7133e4b9978ca2a7f8ee16b76be66ced9639b816,,true,d52e08c625526397a10487b46ac9308904802e184f8bd02d00cd6858dbf84c29,WATCHLIST,f4c8d53af690c13941bde571ed7a1d6c44d42d50ed4d1dea7a73fc0b1bf6a26f,2026-04-09,true,ADJUSTED,66.56,BUILDING,B5|DSI001,NOT_APPLICABLE,STLTECH,REJECT,NOT_APPLICABLE
SKIP,REJECT,29860d13559673f944ee359348eb69a0f9a97248385723dcd6570addd70cab02,,true,06f36bbd30260b7abaec2724994b882c84d4f2b0e04dd8a74237e48db2ba7256,WATCHLIST,f41ac3552ed8f5576419bf7ba440c3a33ae6868c00567cda4974d026bbf4b281,2026-04-13,true,RAW,64.26,READY_FOR_CONFIRMATION,B5|DSI001,NOT_APPLICABLE,EIEL,REJECT,NOT_APPLICABLE
SKIP,REJECT,2989dab724fcb138da1d57a83120cf11feca3adb223aac0869e3029a0ca97422,,true,def8bead6032ea50bbd09e2e0cf622fee78d9b5991bd7e8bea2b0626d5b965e3,WATCHLIST,09487274fb958908a6bb12163a5812630e3b90a03f2850fdedb75c869bcde810,2026-07-17,true,ADJUSTED,73.45,BUILDING,B5|DSI001,NOT_APPLICABLE,FEDERALBNK,REJECT,NOT_APPLICABLE
SKIP,REJECT,298def66b3a4e09526f8f85c6cf81de1a9fc29081a9c293ad9c1425babf3f71a,,true,3d88091b8aa81af9066829bd318020d332802ad24a2fde778a0f8424cd0a5337,AVOID,781fe0f8883427738adc44cf6d621b174a1ff9f5e6d6296cb14b1bb7fdc6e3af,2026-07-16,true,ADJUSTED,48.50,BUILDING,B5|DSI001,NOT_APPLICABLE,YESBANK,REJECT,NOT_APPLICABLE
SKIP,REJECT,29a660ac2fb691115b8eeec342992f3b61e56142adff082df92db035819d1b73,,true,0fc587f81dce1f3790a849795debaceb990b766fcc1dd745ae5d87898381c25c,AVOID,0d51e61072f0c5b9d7a13ef48981a2d83f7db1ba3b56a78dc25eef8875c49059,2026-04-01,true,ADJUSTED,53.39,READY_FOR_CONFIRMATION,B5|DSI001,NOT_APPLICABLE,JPPOWER,REJECT,NOT_APPLICABLE
SKIP,REJECT,29b81cae34ea66b756eb7989d5a994c9049708c61b41b2439c7573c6b7d4271c,,true,2531f6a11cb30994c897808c60c9702e21e31bad40fbfd62062699936b332cef,SELL,ef1ef320bba588a6a740727e9814c4a6dbccfbd9a7f74db0d537223dce43f7c6,2026-03-12,true,ADJUSTED,35.00,INVALID,B5|DSI001,NOT_APPLICABLE,YESBANK,REJECT,NOT_APPLICABLE
SKIP,REJECT,29d2c00f862c085b0f97007d4d27f903ef6865454353e42d320129b592bc1a8a,,true,ab0ef59aa20ff1bb77b74e37d075f4982174c616892fc38f718a7badf2f955a2,AVOID,d0065254e777f527bfaab7f8339fbceb820a28d9d4021a3a1751694ea6f62178,2026-04-23,true,ADJUSTED,44.09,READY_FOR_CONFIRMATION,B5|DSI001,NOT_APPLICABLE,ADANIPOWER,REJECT,NOT_APPLICABLE
SKIP,REJECT,29faa138233f2c4df64de51cbeddc439d905f1a230d616cac5b174df42c19570,,true,3a04ed5951f966ec0e0e21c7b0145a0a8a77b23ea3d0ba10db8c0ba54672efad,AVOID,1f9723cbc0e2cbd5e72233fec0750ee3319c7a4a72c9e0beae0a34deaec61564,2026-06-08,true,RAW,51.29,READY_FOR_CONFIRMATION,B5|DSI001,NOT_APPLICABLE,ZEEL,REJECT,NOT_APPLICABLE
SKIP,REJECT,2a0927b21eefcb24f794d67c01bd28a80a9c5cfc14934aa20b11bd99f666ddbb,,true,58cdb4f7171125e7ba1b458786546751e4be8c2cd8de32fcc3b6567d2be34245,WATCHLIST,74cf599fc6cab1a0ab9042c088a5ad35dc23308d95c1365ca99aed6078b6c543,2026-04-30,true,ADJUSTED,71.25,READY_FOR_CONFIRMATION,B5|DSI001,NOT_APPLICABLE,ADANIPOWER,REJECT,NOT_APPLICABLE
SKIP,REJECT,2a17a96e6bbb5cc00a207b01e9209acbf611ed06f4c331943a8453db2c4eaf5d,,true,f950a6c382d3b421a489bbe073a60c91f40449854a70738aa412158223f37090,WATCHLIST,f1e2a3ee6140b3a5ada199d162a3d5561770e2ade5d979e450e973ef3505bd22,2026-05-14,true,RAW,74.00,READY_FOR_CONFIRMATION,B5|DSI001,NOT_APPLICABLE,TATSILV,REJECT,NOT_APPLICABLE
SKIP,REJECT,2a392a78abf158cd2917ac320133525f2883140d28eb4108b8fc598811932b4b,,true,da393a217c6b07dc29e06226ab575676cfbb42caefcbc845b28f36018627db33,SELL,435eb85e4e1230645cfbce8475143d2f049504c8ecbfd13e48c6be946cf6d5ad,2026-03-10,true,ADJUSTED,35.00,INVALID,B5|DSI001,NOT_APPLICABLE,HDFCBANK,REJECT,NOT_APPLICABLE
SKIP,REJECT,2a49dfa923a1f896e0e00b65a0e7324acbd4b732ef71868f6010aed181bde3d2,,true,a5f53c13a627c5004672c4af1c6821136ebec317654ab34ad7ddce1b9fb2774b,WATCHLIST,d64b1eb303e0abb0dd12899e56dbb516a316d185b801092d64b7740143e22f26,2026-07-07,true,RAW,74.00,READY_FOR_CONFIRMATION,B5|DSI001,NOT_APPLICABLE,PCJEWELLER,REJECT,NOT_APPLICABLE
SKIP,REJECT,2a4ef08f80a3d9e62832a8c60d84cd1e4f83bb0ef45d6f714fa45df6e72c2e7c,,true,f033c24edd766fdcbe9e8423ea37cb3a701f2cecd126d625d5a8519f62f45e82,SELL,924b370a8c75ab74ea0851836e62b74aabea9ab0709ad3adedfee1e7af0a0e8f,2026-03-04,true,ADJUSTED,39.00,INVALID,B5|DSI001,NOT_APPLICABLE,SAGILITY,REJECT,NOT_APPLICABLE
SKIP,REJECT,2a709677ace254d1dcff14fbc2eb1a4d902423f21aa4f4078595ed6087f5be51,,true,969441519845c676668d3efa8eec20400bdaa49289f551a248c052a121476629,AVOID,ffd8b7f8031b354eed5e53e0e6dc1c4e99475fae303fec1bb54a319041a090bb,2026-03-27,true,RAW,40.00,INVALID,B5|DSI001,NOT_APPLICABLE,TATSILV,REJECT,NOT_APPLICABLE
SKIP,REJECT,2a7f252dbbf1a5671c792093af99b159402c8975dace5fd090d2fa9cfa40dd73,,true,6d5411e41836fb3278e790035d7def4922f547718fcace921d1f56d22ea5e412,SELL,bfe68fe6ef40aa833c562e8ffd0bb6bcc1f51f6a64d06e941a839094559998cf,2026-03-09,true,ADJUSTED,35.00,INVALID,B5|DSI001,NOT_APPLICABLE,PCJEWELLER,REJECT,NOT_APPLICABLE
SKIP,REJECT,2a804bab0dbdf74e21f6b0b2a3a05e2849cbe8a214d7f39782fe8b088494ac45,,true,8d1ebd0522c9c7591faaa40c7210903d1e6dff43c6a497c2ec2b6a36c86c1e65,AVOID,d6d6aeaa2bc61989978c8e62d02041060c0a1fd8a525ddbb0bd983902f75d1ea,2026-04-16,true,RAW,59.00,BUILDING,B5|DSI001,NOT_APPLICABLE,LIQUIDCASE,REJECT,NOT_APPLICABLE
SKIP,REJECT,2a81aefa4be34bb0e7e828cbbda9264f98b04d2476d8b130e9548fe392a30d40,,true,754819f4ee254878fc3e1d16b4f7ed52596d8a92591b53992b47d27e26f0f5c1,STRONG_BUY,3b08a010024fa6fd377ef0fd0b7c2351ed2931ac7afb39d0091e7e8e15dd23bd,2026-03-16,true,RAW,91.66,ENTRY_READY,B5|DSI001,NOT_APPLICABLE,MRPL,REJECT,NOT_APPLICABLE
SKIP,REJECT,2ad97852c0410396df927c4aff6101f2c358d46c2e45d926f6ccfe3fc921b64d,,true,29837fe98e18cae63e6b71e6aed7bf158495dac6e2ff03ff665770c7e8de3250,AVOID,80ccd8887715338e9c0e369d5468a016455b9d77beea3d190fbc1c795f564c62,2026-03-06,true,ADJUSTED,58.88,READY_FOR_CONFIRMATION,B5|DSI001,NOT_APPLICABLE,TATAGOLD,REJECT,NOT_APPLICABLE
SKIP,REJECT,2b13ebcab346c2cfa55cc1d2e08ce35a0e833d5874c7a101c8a46350d1ddc147,,true,f914d1751ac7441e8c6f9ce5c20e1cfd489e52f646faa82164254c4cfd252ec7,AVOID,65043ad5ecd10c67b9bd4a15253823f11d125f78973b919f8987d1fcc23549a1,2026-01-09,true,RAW,59.60,READY_FOR_CONFIRMATION,B5|DSI001,NOT_APPLICABLE,GOLDBEES,REJECT,NOT_APPLICABLE
SKIP,REJECT,2b14c581143425812a724a0c80b680f849a181b664a5fa1ad0de0ebc59aad73c,,true,a2649472edeba1538996405f75dac2381cde1bf76a603ea84c64c1ea4ca365e6,WATCHLIST,0c288222c67e04dcf586f857b06f7bf78f971364edc19b02ed55bd8e63064b62,2026-07-15,true,ADJUSTED,74.00,BUILDING,B5|DSI001,NOT_APPLICABLE,GROWW,REJECT,NOT_APPLICABLE
SKIP,REJECT,2b45459df22175faa7d4d21d8b264f7f2fb696bd96a8436eb471d9e0be153e91,,true,f707ce88648c5396dc8eb6de07f4c93def96e2ec8e2b0d510d62711a60acab31,SELL,bfa620e1e5e20d1fb6a105573453f31d3b8942ebdc67241248061bffb77dd552,2026-07-01,true,RAW,39.00,INVALID,B5|DSI001,NOT_APPLICABLE,RPOWER,REJECT,NOT_APPLICABLE
SKIP,REJECT,2b46b4f57e8b38dd4fc8540669898cee3ec25a4a5a475f39b4f58c8730986f35,,true,8d3421be3d6e60c13daf4454fa5682b810362d426fb33134cc708272c5969daa,WATCHLIST,666fef8f8bfea71e0727d0fd697ed7127cd3b6649181b15df5eae132cb2da082,2026-01-20,true,ADJUSTED,66.04,BUILDING,B5|DSI001,NOT_APPLICABLE,GOLDBEES,REJECT,NOT_APPLICABLE
SKIP,REJECT,2ba0c1eb2936145aea5d0c5bfcb1be2216b5e828e4315ebaaf51e3abac972ad5,,true,dc6327c370b459da80d5e6770516ca9d7640e572946c9ef51c9c6d2c41d5cc14,SELL,23e778cea3f86779894887d660cc5d8056d65752865e6abfbc622b0008f013ec,2026-01-01,true,ADJUSTED,39.00,INVALID,B5|DSI001,NOT_APPLICABLE,FILATFASH,REJECT,NOT_APPLICABLE
SKIP,REJECT,2bb79e2a61a8e4f72697e9c89ace6ab441e00c653d89f41e3db565767d9b271d,,true,c54f4e25395bf0bc4eb6c4daa1c3d7ed736d25fbc0aa6e0b0e9dbc2ac5b96033,WATCHLIST,05d43323021f2181c6f62ec8fa079c9294d6d84cecb2dfa931a2225ee882af15,2026-02-13,true,RAW,74.00,READY_FOR_CONFIRMATION,B5|DSI001,NOT_APPLICABLE,TATSILV,REJECT,NOT_APPLICABLE
SKIP,REJECT,2bcf32f45289ec8636dcc4562a39e8a3f3ea9648d4e7ae807703e189f815c324,,true,ac281d2c2e3fec1c1b3dcd284b3ad267605da5a574dba2a7a3a69c7d040bf87a,WATCHLIST,15c83c3bfb43b20c549be9d522daffdf3fe25a2b0bdfb778290abac5efbe37a4,2026-04-17,true,RAW,60.00,READY_FOR_CONFIRMATION,B5|DSI001,NOT_APPLICABLE,JPPOWER,REJECT,NOT_APPLICABLE
SKIP,REJECT,2bfa6e1fb3167e120c6cdbda60e1f4acf7ebd50b00c7a4913dd784cbd2d206fa,,true,6f660b91872f584a0992c2d6ce70c512f15df6b43ef9e6d074abf88419853dfc,SELL,005c2d48716cbfbdc23ad4f1029942178ac272dfe19bc0ee3c4f8400bb4f63d4,2026-07-16,true,RAW,35.00,INVALID,B5|DSI001,NOT_APPLICABLE,JPPOWER,REJECT,NOT_APPLICABLE
SKIP,REJECT,2c11af07f3e8d46839f6b1d2de2818b28f2498ff4035957afc33caf1a82a3961,,true,e66a0deda24824695e932196a3e2d437846a27f3cef3e7d7d35df938cef65352,BUY,fe5c073950b0b65f761facb14e188f0a56256b5d93d4d690ea766355e12761ca,2026-05-18,true,ADJUSTED,76.22,ENTRY_READY,B5|DSI001,NOT_APPLICABLE,TATSILV,REJECT,NOT_APPLICABLE
SKIP,REJECT,2c5fb79de8f90faa73135be6d2681de8ffe87bb9cbc93b74ea117ca0afc5da40,,true,93f3d5babdb66dc1b36260007af8a87918b641535340dbf36585f16c1a96ccf2,AVOID,a1d7b8becb91bac03d8f963f4a6ad707405b7c886d1e9ea379ae634bdd4d75ea,2026-02-27,true,ADJUSTED,52.10,BUILDING,B5|DSI001,NOT_APPLICABLE,BLKASHYAP,REJECT,NOT_APPLICABLE
SKIP,REJECT,2c6599a716befa6206b70d610fe9eba8aae0b914b8933254eeff8fbbfb32ab66,,true,f85501a73904a0327ac1c7e179ba66717fb79d9fbf5bb58d96cec75334fba99e,AVOID,157c3d229472f2fffd4f9c77dc9a87594f04e067cb8de228909ad31b793c6642,2026-06-12,true,RAW,44.21,BUILDING,B5|DSI001,NOT_APPLICABLE,GOLDBEES,REJECT,NOT_APPLICABLE
SKIP,REJECT,2c6e6b4b2c77497416ac11c594b6dcbe655f985f98f7882bb072a98706eef064,,true,eec1c3e1fff9a635b96033ccaa171b99d3404d7c99da2e0cdaa9e5c414688c6d,SELL,6e03d6e81e48d79f9a74df18e08bcdce59884518b643b08ab9d10551eec22236,2026-03-23,true,ADJUSTED,35.00,INVALID,B5|DSI001,NOT_APPLICABLE,TATAGOLD,REJECT,NOT_APPLICABLE
SKIP,REJECT,2c8472606e87653c06340a661e59f3b1b3101d1216eecb30b57fc83b31799247,,true,b09d2e7c4e19ab6ba27fbe63b67308dd275e2484eb8bf706d011ba1117f6fee7,WATCHLIST,aa8c231c25b3ddef7be32cc24f2408d8513ddaed8b63fb687b91b7c9bf4ab62a,2026-04-09,true,RAW,61.40,BUILDING,B5|DSI001,NOT_APPLICABLE,PRUDMOULI,REJECT,NOT_APPLICABLE
SKIP,REJECT,2ca41b2841ff2c0be3066280749f9a688880e7987883d8f268a7f5d08e586f62,,true,f1104160e4bf043c6884ae6c487475ce5d2fbf36be2f4210814385c34fd657cd,AVOID,a58c1ac0c96452b7ecd3f824b7b13ee9f9d63d99d3edfb41cfe2addc722358f0,2026-07-14,true,ADJUSTED,40.00,INVALID,B5|DSI001,NOT_APPLICABLE,YESBANK,REJECT,NOT_APPLICABLE
SKIP,REJECT,2ca794762baba8c28b1878507ca70522fb2d79ce100f322c47f75a1f543d9787,,true,9d0594e4c3e750e6e240cbf3c65348e69be4ae57421df9c227c03a98c8922dfc,AVOID,ca9863bdd13a0388ea6d53e56f32c74838348ef11c15cd08cb908c5a04f62295,2026-04-28,true,RAW,44.90,READY_FOR_CONFIRMATION,B5|DSI001,NOT_APPLICABLE,NMDC,REJECT,NOT_APPLICABLE
SKIP,REJECT,2cb0da739953ed36bd3cba36e87eff94149187b9f32284de4834cd2e14e60a48,,true,18a2e6edb288137890e27109222519837aef182eb103fda67a4c5b9923453e70,WATCHLIST,fe75699f4a28f9e14c0d2c715bde8ba2846111f4138b40d59ecfa19a42e639d2,2026-04-23,true,ADJUSTED,65.36,READY_FOR_CONFIRMATION,B5|DSI001,NOT_APPLICABLE,RPOWER,REJECT,NOT_APPLICABLE
SKIP,REJECT,2cc330060c585a7931eeb05025554ff3a89747d700701b42980c757b883eb571,,true,c1f6e686ae8ae66d0455e3f0d68cc2c39c279c69d3231543dbe183fa82f2eadc,AVOID,69a260bed4653a083e14e6d522529c1086167e4bd47f25276299896ae655ab12,2026-04-29,true,ADJUSTED,40.00,INVALID,B5|DSI001,NOT_APPLICABLE,TATSILV,REJECT,NOT_APPLICABLE
SKIP,REJECT,2cc9b0f060a0d6bc8bf4944a1af9c18cec1eff3fe81283d0e3033dfbc8509ac8,,true,ba439ed432dcc647ec7d7423bbd69f82868f09c819b5dc43b9835cc5cbdbb030,WATCHLIST,3361b52a05121ac3ffecb0698f07880881e7ef862a50c61835047979993b3162,2026-07-16,true,ADJUSTED,74.44,READY_FOR_CONFIRMATION,B5|DSI001,NOT_APPLICABLE,PCJEWELLER,REJECT,NOT_APPLICABLE
SKIP,REJECT,2cd3c2abd3321b8e53b22d74b9d2f69d0ae825976ceb53600a15966fc59f5e74,,true,7fd52f1dc11bbb2449d978d70cf66e953782cfd44624dcda02f3335bd2475e60,WATCHLIST,e470ca48fd010c5b1718c206c45607d20f6c53838b652f7980cea1515856f1e1,2026-06-11,true,ADJUSTED,66.08,READY_FOR_CONFIRMATION,B5|DSI001,NOT_APPLICABLE,OLAELEC,REJECT,NOT_APPLICABLE
SKIP,REJECT,2cf84be0c1d1bb07f9a791c2f2e17cb3c42686f36811276d579613c88fcdc91c,,true,d300d313987a7329f361bcee6a84de966d73d8a13de3b3a57e94bb2c1842a564,AVOID,0a4c0829954e40eee4664da7c57c81d48421bb479b0fd38c9369d3b8c13da13b,2026-06-08,true,ADJUSTED,48.58,INVALID,B5|DSI001,NOT_APPLICABLE,TATAGOLD,REJECT,NOT_APPLICABLE
SKIP,REJECT,2d02e199b1a7dffbcf0db8fa470a311d9c954dc38d63bdefcef662accfac6187,,true,3f6a2b669e22fafd96585ca05c6e4a20504ec7f74f73150dfcbb2f41d988205c,AVOID,f5308beda5e7f7c66c400c2462d7cb64a44e7f1f7b636bb470cdd17f90691b3e,2026-02-17,true,ADJUSTED,41.86,INVALID,B5|DSI001,NOT_APPLICABLE,TATSILV,REJECT,NOT_APPLICABLE
SKIP,REJECT,2d054117465695781b6cf4bb1a7166a8fa7494e0250a15801cb33c914f5fcf5c,,true,441ba96c014a300f748d90ec6edbe2d6484ceb6f93d3081bb4a734ad2afd9fae,AVOID,3ccfc7e3c9819df93525d57d9471f1b9d910279258cba5b3077c09cc3a560a95,2026-02-11,true,RAW,59.00,READY_FOR_CONFIRMATION,B5|DSI001,NOT_APPLICABLE,TATSILV,REJECT,NOT_APPLICABLE
SKIP,REJECT,2d0dc7e9b14259a4aae9cd17e6ca4c8cced7d11b8346773050b64d766fc9374d,,true,18f0ccfca55af66f4d0ee8b2f31e8f3a95d2ff639583bdd83fc1f8ee05cb82d0,SELL,5fe2be8eb99532beed8673a4d76c8f089fe4878c0a2b91b985a3c8fb2df3019f,2026-07-02,true,ADJUSTED,39.00,INVALID,B5|DSI001,NOT_APPLICABLE,DELTACORP,REJECT,NOT_APPLICABLE
SKIP,REJECT,2d5094b82e4cc69b7a45794881b9214b3e23d360a5deab0fe79c402def2a5734,,true,2531f6a11cb30994c897808c60c9702e21e31bad40fbfd62062699936b332cef,SELL,ef1ef320bba588a6a740727e9814c4a6dbccfbd9a7f74db0d537223dce43f7c6,2026-03-12,true,RAW,35.00,INVALID,B5|DSI001,NOT_APPLICABLE,YESBANK,REJECT,NOT_APPLICABLE
SKIP,REJECT,2d57aaa27bf2c385d1c6708989ff500445904f03ea4fec1053b902a5c8fc2f9e,,true,1e3b1899d690196e1b8106a7794ecb9360753dac70d5718ff050b54cd77fa46f,SELL,cd9a1302186bee4fac5520e26803bf0b46e0abd443f6a9ff1bbc0e850694a4ab,2026-02-13,true,RAW,35.00,INVALID,B5|DSI001,NOT_APPLICABLE,PWL,REJECT,NOT_APPLICABLE
SKIP,REJECT,2d7d311622d9e130e3458ee6e15e8dd7edbafa9daded7813be8c901eaa3a5a86,,true,9eba0dba762d1390b781782f3e98537f081dc33bb2c76de3b5efd7f18eb51d99,WATCHLIST,ca6af18b8fc77521f0b5a679d8f3f077de23f9a307eedd8e64fd1769bfc0675d,2026-07-14,true,RAW,72.45,READY_FOR_CONFIRMATION,B5|DSI001,NOT_APPLICABLE,CUPID,REJECT,NOT_APPLICABLE
SKIP,REJECT,2d960f3b3af5390037fbbf6ed04805af8a36ccea9505aaca00aea1d368877dd2,,true,afcdcacaa6cb9559ad10c5a745ac1c4336368fd8b183629d41802070b6595a0f,BUY,f6f197e811ac698120af0fa001e0ff27d9ae779a448c38255535c60f081d8861,2026-02-26,true,RAW,77.41,ENTRY_READY,B5|DSI001,NOT_APPLICABLE,RGL,REJECT,NOT_APPLICABLE
SKIP,REJECT,2da0d390a9b83f85962bd717c9a6dad4d2e7628ef8dfd33eb06dc3fb0e7f029b,,true,f423e34ff71153b5120798c40f91e8f36c855eb767770c1a464f8c33b4e7971d,BUY,51817bb1651ad1bc5f61ae4a467d18f7d8278227fc36be492bc657c91e6b6c42,2026-06-12,true,ADJUSTED,81.25,ENTRY_READY,B5|DSI001,NOT_APPLICABLE,MOTISONS,REJECT,NOT_APPLICABLE
SKIP,REJECT,2dafe3f1e19e8f36c273ecada6d2ecaaf974a098d8f829c2a9bf0432bc3a70c2,,true,28de58ab4a8ea822d09fb6963f82b86f56b99e3fc96d5ceee370f76f8f64b822,AVOID,4b00d5952e37a459695306722907e14385a47a7fd418f39a2cecc11d1a2d46bd,2026-04-30,true,ADJUSTED,51.97,BUILDING,B5|DSI001,NOT_APPLICABLE,GOLDBEES,REJECT,NOT_APPLICABLE
SKIP,REJECT,2dff262d32fa9f2e95684dfaec96142634f4f34831a23bb21f7a486962f1ad7f,,true,5e553a8e6e4b263b0cb20617167ca748fca6e63867946f8366c8d8e5e503851e,AVOID,ecfa1cab002ae3661412487e7de9681db0c3155a75a1b72c84a972c9bcbeae7f,2026-04-10,true,ADJUSTED,59.00,BUILDING,B5|DSI001,NOT_APPLICABLE,YESBANK,REJECT,NOT_APPLICABLE
SKIP,REJECT,2e0ecebf3bc455c2207b234da522b2705e8bac66550e99a435d46ac298c17e12,,true,ed3b0be605f00826d61068f1dd42ccf84cb5bdb26712d982bf3b9cdbea23f646,AVOID,33586b1e58a30f37e860a13e71fbd7437b1b19831c6b0f39005ac34edab094e4,2026-05-08,true,ADJUSTED,44.29,READY_FOR_CONFIRMATION,B5|DSI001,NOT_APPLICABLE,TATAGOLD,REJECT,NOT_APPLICABLE
SKIP,REJECT,2e4b7936ad12a31d9a2b23fa5279c89f5b4445d850507654e1b94cc9a78edd89,,true,46770f38621a05198fec6501b6359fd32b82b25154bc400cebefcb914be19415,WATCHLIST,3ec4e897eec1db409f3b0e8d35eb0cbc3a5b9ea33a3c51ece1d7080da64ad4a2,2026-07-02,true,ADJUSTED,69.20,BUILDING,B5|DSI001,NOT_APPLICABLE,EXIDEIND,REJECT,NOT_APPLICABLE
SKIP,REJECT,2e8fe0dc03285aa1968024559fe69beaa2d5024c7e5bd7b6edb757eea8495244,,true,ad279d1e1d144a76a3e96ffd303c7d6ccef76ce71bc32ca71c04e684741da494,WATCHLIST,d2a905a4aa8da5c80bfd99b8a1efba7689d7ac38e7cdb5f76b31e70a854071ae,2026-06-18,true,RAW,61.14,READY_FOR_CONFIRMATION,B5|DSI001,NOT_APPLICABLE,IFCI,REJECT,NOT_APPLICABLE
SKIP,REJECT,2eac8414f9445ee6919d08736f69fbc10bd9aef74522f8199e6ef1a3dd069b64,,true,54b4ec6ff428b85b42091679be7948b91af4b25f3cc756f2f47f8a44665b85a9,AVOID,ec7b1a0a23e116e14e8188f01d8287f1e882d23bcc884ece96f73e80dfca5bf6,2026-06-01,true,RAW,52.16,BUILDING,B5|DSI001,NOT_APPLICABLE,REDINGTON,REJECT,NOT_APPLICABLE
SKIP,REJECT,2ebf5b7ce5f9658a196999bc4e8378751f3d0456ad2fb09aab03497844e2e79a,,true,af4f641e3b4feb2824b2ad0059d6d08988a2f3dee432b8d5e5e9f2ee2afba901,AVOID,b1f31b604f1e6ca529f0e9c2a5cc76544b02f7ecd75b71c4e0e5752dcb60282c,2026-03-02,true,ADJUSTED,52.37,BUILDING,B5|DSI001,NOT_APPLICABLE,BEL,REJECT,NOT_APPLICABLE
SKIP,REJECT,2ec4867d61dba23f4c26a82b2ec910c2dff4860919ea371f4f13f922bdba76eb,,true,c730338e097ad8f616e029afee71194a12873254b5cab7cc6324eecf534c8af4,SELL,08ba0618166884e2ff0be1282254a3958d707a38e5642ddf621d210a3ff79f2f,2026-03-18,true,RAW,39.00,INVALID,B5|DSI001,NOT_APPLICABLE,JPPOWER,REJECT,NOT_APPLICABLE
SKIP,REJECT,2ee3d55cc27500500d176cc3f8d82812bf4f82d96bbf0b7c416e9615836928c7,,true,7e71e82a5f7b702aa231caf2a0517b7220983cf9f48161034b8b16a8d92f59c6,WATCHLIST,0dea3cc8d59ef3a52000cedf0183fbc4a2591011d94667c211461f91f3bb50a2,2026-07-02,true,RAW,67.80,BUILDING,B5|DSI001,NOT_APPLICABLE,GHCLTEXTIL,REJECT,NOT_APPLICABLE
SKIP,REJECT,2eefc2ccf50a6dc21a3ae93d23230132e9d4b1183dcb535273766ff944c6548e,,true,8d1ebd0522c9c7591faaa40c7210903d1e6dff43c6a497c2ec2b6a36c86c1e65,AVOID,d6d6aeaa2bc61989978c8e62d02041060c0a1fd8a525ddbb0bd983902f75d1ea,2026-04-16,true,ADJUSTED,59.00,BUILDING,B5|DSI001,NOT_APPLICABLE,LIQUIDCASE,REJECT,NOT_APPLICABLE
SKIP,REJECT,2ef89ca658e7a3f6aa28b81d67f518dd637dd1c98d9b062c7575f5d794729fa3,,true,ff25f30d89cfbe03d6add50a74e1e147ad0aa153b6bbf9920e92df8ef0392ed3,BUY,9df6c6645296c8b2e5aef7cad2bbb023fbaf1a240000244556eea4df9e58f8b1,2026-03-19,true,RAW,87.16,ENTRY_READY,B5|DSI001,NOT_APPLICABLE,JPPOWER,REJECT,NOT_APPLICABLE
SKIP,REJECT,2f1c10b35040632efe846cf37f8f9bad699486c5cb71fb215025caaaec1b83f4,,true,1c84cfe73684d23835aee6e0f601c64de7698decab47fa48cb9215ee84ccd68f,AVOID,53881a7a835e913caad648f9b75532a94f354c8e11f906d35ac4b924869da205,2026-07-17,true,RAW,40.00,INVALID,B5|DSI001,NOT_APPLICABLE,TATSILV,REJECT,NOT_APPLICABLE
SKIP,REJECT,2f2970ec71e4615b47b39dbb4c469dc934e9deff1c8fa741d317a5faf73f5735,,true,99f605ebd8ed4d01b0df1995e065329876a3b85f02e629a68f35a1ff73f209f3,WATCHLIST,c8633fc8859e30a5ce60913d64491ea031803ec5ee7f8dd5312cbfa7b9c8aedc,2026-06-01,true,ADJUSTED,60.00,READY_FOR_CONFIRMATION,B5|DSI001,NOT_APPLICABLE,JPPOWER,REJECT,NOT_APPLICABLE
SKIP,REJECT,2f4e651fb683947be0ee46c1fac6ff14f9ae430830477a5f6fb9c346a10c8605,,true,4040f185429a35f401408db71584e5dfb6ee4caa1082c0dd2434e5ff883c3ef0,AVOID,adc4f4373b71d3256ac8760ee026642e1a3ad90a19a0970d872074461a1c256e,2026-02-06,true,ADJUSTED,59.00,READY_FOR_CONFIRMATION,B5|DSI001,NOT_APPLICABLE,SILVERBEES,REJECT,NOT_APPLICABLE
SKIP,REJECT,2f5986f520e08daf3ac647524f73bc093a03cc166573ec61909c5eb0cab8a322,,true,45b3b9fe57ab2dcdff7fc631e1cff29116c465277ac45d419dba50ba1e02ade2,STRONG_BUY,2d39c8c7b643a0547b1901a30f378935f773252be1abe43d3ed33f61992d5cc8,2026-04-30,true,RAW,91.24,ENTRY_READY,B5|DSI001,NOT_APPLICABLE,HFCL,REJECT,NOT_APPLICABLE
SKIP,REJECT,2f77f614a2f21c8fad20287a45a5acd5968e970c58a4c096e8d6d9093c37bbd5,,true,193521463ce996c1a5d2a86d583bf3cabe52f84aed202ce0407b6f12da9bd21b,AVOID,f25207d83be0a67f22686850b125fcdfc101d2586180f23cc491cc1f09c4ec14,2026-07-15,true,RAW,59.00,BUILDING,B5|DSI001,NOT_APPLICABLE,AEGISLOG,REJECT,NOT_APPLICABLE
SKIP,REJECT,2facd811ba4a44ebba1a349d7ac5fa3cf78396cea372a23ca76367a454d8ca44,,true,5e4d7031e27ae53e044cde1e511175fb7b5557499205d849a2f382ffec8dd220,AVOID,959b6a5cb5d21908646a3ed2a36751a0a0e287ab123d7772e7260691ef26447d,2026-03-19,true,ADJUSTED,40.00,INVALID,B5|DSI001,NOT_APPLICABLE,TATSILV,REJECT,NOT_APPLICABLE
SKIP,REJECT,2fb3bd4aae1b6c1b3335385200cd0daa05c8109d277bedd527230d7a1a01df2e,,true,b1f918730585b0f14d609f693140021a2023363360dc17573de63cc72d70cb92,AVOID,fd8cd1e5f691ba4f02cbfb646e7d041732b82fc65c06ae290f9ba7c49f35183f,2026-01-01,true,ADJUSTED,59.00,BUILDING,B5|DSI001,NOT_APPLICABLE,GOLDBEES,REJECT,NOT_APPLICABLE
SKIP,REJECT,2fb8bf51e25214b99e03b658c613cbee9d3a2a345b3fa50fa6b5e654a504e520,,true,36dcac1c9508a88a111bf5f1360d5edec74f08b1e9d6c114b66a94b40be668b1,WATCHLIST,02a738732f0a02c21aecda65146ab0eafaa86d582e0c2f5c2d06115422398230,2026-02-23,true,ADJUSTED,63.06,BUILDING,B5|DSI001,NOT_APPLICABLE,SONAMLTD,REJECT,NOT_APPLICABLE
SKIP,REJECT,2fc017d52a4f5603df4e0a9ceb8e2116d1925cc5675b1930f65837f4e3609403,,true,783ce389b97f2aeb73203a3bcbdd823f5f003fe77be9c59e4bb981e6b9b6b4b0,AVOID,25e2f7cf18fbb622bd5c94f968e83cff7dbc58eb445b718b7031cc697bc1e423,2026-05-08,true,ADJUSTED,52.57,BUILDING,B5|DSI001,NOT_APPLICABLE,SILVERBEES,REJECT,NOT_APPLICABLE
SKIP,REJECT,2fd96146a5ee41926c1d4ea2dc0b854b37711f26fc9cfd71fc134c1ff6fd89f3,,true,c3a91dea63e3f42b64e45de4adebc9d3312fd641b17c5ba1f7d9702e920d5603,SELL,56f6182e9084ccdfc89971844472a975ed4817dedc3c230161db0b22c57fb5d0,2026-02-25,true,RAW,35.00,READY_FOR_CONFIRMATION,B5|DSI001,NOT_APPLICABLE,OLAELEC,REJECT,NOT_APPLICABLE
SKIP,REJECT,2fdd7bd01d71200db87f5b765ffe70fb200ba50d2f98379526ec53143310118e,,true,f43e721b64306ea1b5e1e8cbd3c4f69fbc7344e6eb3f6bfab5c7551dbe0c6570,BUY,a6c3b2f88093231e7dca1968d59a0e6138e48de7e22c5a5e2da29d86496a6e31,2026-07-01,true,RAW,80.78,ENTRY_READY,B5|DSI001,NOT_APPLICABLE,OLAELEC,REJECT,NOT_APPLICABLE
SKIP,REJECT,2ff06391e55834477239faff1d48377fc47cf1e8fc0a7f126618c90632250a18,,true,63a40fabb0880a739c5cfa8db8550266f5aa803a2c2d0fdf3626c27a13783053,WATCHLIST,5e9c6b9aa954f2e6b6cb9933ba5daee34f8f0ae1293529a2f6a982ddebc93eeb,2026-02-11,true,ADJUSTED,60.00,READY_FOR_CONFIRMATION,B5|DSI001,NOT_APPLICABLE,GROWW,REJECT,NOT_APPLICABLE
SKIP,REJECT,3003346c8b9bb281bb8661b9350547e5dc5fd120a6e2cfa7143c36d221993cbd,,true,a2e99bc7ac32179a7ca64d79c0d9eb76062ab3a58e6ba12b552dcc2259c71dae,AVOID,536a01369ce717929e42b6a6b5561d9c44b1f061abd762d3d3bac9cf28ff54fe,2026-02-10,true,RAW,59.00,READY_FOR_CONFIRMATION,B5|DSI001,NOT_APPLICABLE,SILVERBEES,REJECT,NOT_APPLICABLE
SKIP,REJECT,30043961dfac1d09fe84330485bcedf3dc727e6f6f6e5b18a1647255416987b8,,true,7a413e640dab374202a133762a8f7e2ed031d698ddec8c3ae16773c73b8b11e2,SELL,04b309795953d18cd46ec6b1ceb49b0af3578722a7a1d88be3ea4bb8d901fc8a,2026-04-07,true,RAW,35.00,READY_FOR_CONFIRMATION,B5|DSI001,NOT_APPLICABLE,SILVERBEES,REJECT,NOT_APPLICABLE
SKIP,REJECT,3036aa8e0d31b613e28f1f274cb31e73f39f503fd99786d15aa83ab468b578da,,true,5b9f64e1e796514ae8ec58c85c8d2197408b72695183674b3efa32b8ccd18789,WATCHLIST,240dcb449c9e2f653577a30b3b3807b570a3b23c29b4750f74c2cdfb5ef4fb16,2026-02-12,true,RAW,73.26,READY_FOR_CONFIRMATION,B5|DSI001,NOT_APPLICABLE,TATSILV,REJECT,NOT_APPLICABLE
SKIP,REJECT,3039aa06f200832aa38ee831cb23b4947a37ce0bb4477eb0e5cd8f493ab80539,,true,ca3355d74ebb69f1a95d02bf8480b2b8f5ece715e5ab79392a08d06c7ccf2942,BUY,dd945bc97578a117a43f518d4b900b31fafe7dda9120dda9c088ee9e936bda9b,2026-04-06,true,ADJUSTED,78.64,ENTRY_READY,B5|DSI001,NOT_APPLICABLE,ADANIPOWER,REJECT,NOT_APPLICABLE
SKIP,REJECT,30401054bef39a0c83bfcc52eed32ac211f17128176d4e5861ed4d0471f28c18,,true,89f91d354536573e7503bb68895d649179fe555538bc43788b72209ae158d99a,AVOID,0f24cbeee2921573921c0491d8242a39650b2b5e2a23dbec506b6a65dc659774,2026-05-18,true,ADJUSTED,53.96,READY_FOR_CONFIRMATION,B5|DSI001,NOT_APPLICABLE,TATASTEEL,REJECT,NOT_APPLICABLE
SKIP,REJECT,30459dd6b69e71fd64e235919f74bd2c184d90d27af016b489055f8858629162,,true,7dee05d8790178424d4189429cc8121ea322cf236e0bafa0ae610b5a2da75317,SELL,04f704a27f6cfc2863da3b01bfba7e4473a0f28b4cc9a90930c29505390902a8,2026-03-10,true,ADJUSTED,35.00,READY_FOR_CONFIRMATION,B5|DSI001,NOT_APPLICABLE,IDFCFIRSTB,REJECT,NOT_APPLICABLE
SKIP,REJECT,3079f930c440ac5e6356218d73382f0ac9069a0815cd204f77cea52a80873edd,,true,f3397c9badb13dc1bb79186cf782f696f739b58460681a8d90c0be4531c91efa,WATCHLIST,0b5d6646da52ad84e13a6b69e5336112af47e7825a48a2108fcd80fc09c38916,2026-07-07,true,ADJUSTED,67.64,BUILDING,B5|DSI001,NOT_APPLICABLE,ETERNAL,REJECT,NOT_APPLICABLE
SKIP,REJECT,307fb0e4cd8f639b7fc789640e06112559b89c8d1179bf0974ba2a0d13aa0c85,,true,07b81fb7b7c90c4ed12dbced31d470149fc1f0dd3b60677d122c642aef389929,SELL,bbc96c4d4a5bedccc6ad8e83d44433bd8851684808ae24667f808e6273ab15ee,2026-02-16,true,RAW,35.00,INVALID,B5|DSI001,NOT_APPLICABLE,ITC,REJECT,NOT_APPLICABLE
SKIP,REJECT,308d5b01f9a42308c1ad816ad1f90a53676aaa4529d654f0ccd65ff707c9b31a,,true,3262a7535259d3350621263e604348c61f05989f55d0808d24020de5e25fe0e7,AVOID,58c6a7d5b326d2edb081b9535327fa149f4e02186c0a447177488ae12bf7a7d8,2026-07-08,true,RAW,50.23,BUILDING,B5|DSI001,NOT_APPLICABLE,SHAREINDIA,REJECT,NOT_APPLICABLE
SKIP,REJECT,3094f0725a8fc022c590ca59367a374ca65f16e565d9f6cba53129f5ef19cf39,,true,2671b89fbdc2625d0b8ef70aec6429e769f7c0f0d9951a93f444d131f74d1055,SELL,b70f5d6bf01c163f3fa2eb16ada11782b37040acf8ad3c81de56060c79027dbe,2026-03-19,true,ADJUSTED,35.00,INVALID,B5|DSI001,NOT_APPLICABLE,HDFCBANK,REJECT,NOT_APPLICABLE
SKIP,REJECT,309de75778da76648f668c042b31aa6cd6063da55d2365f506d594acd2d623de,,true,c1807c4c801bd99a720cda70c9733a8b5d6f930d343d82a29d725ef65e1176ba,WATCHLIST,71c68dd68ad45fc61e127b8560b471ea24adee9fd64b7296c0eba8482ff8215a,2026-05-18,true,RAW,74.00,READY_FOR_CONFIRMATION,B5|DSI001,NOT_APPLICABLE,JPPOWER,REJECT,NOT_APPLICABLE
SKIP,REJECT,30bf71de6b6ee1c3ed114ee8f696e8ec5744db3040038a014eb7aecf4421cce2,,true,b388d44c66f9e04b888d3ce5b7c99ab31b4b226fae7a0f36b3dbd39566d9cfda,BUY,acd79a7b894a2d522e9ba447dfb67ece9953ec52fdbdbfe38f3de3dd79e57ee2,2026-02-03,true,RAW,75.06,ENTRY_READY,B5|DSI001,NOT_APPLICABLE,GOLDBEES,REJECT,NOT_APPLICABLE
SKIP,REJECT,30dd2b572a236c06a6e9999f0dec75227c93a50f43842f9f29bace8016d38802,,true,058fae9d7fa665dedeebc8c0c226774df3346889220eb272a9705726aa98337d,AVOID,8d00707db6dc2b1e81233abfda825dcef9c939dbecde1836b76fd72e5b51e264,2026-03-16,true,ADJUSTED,40.00,INVALID,B5|DSI001,NOT_APPLICABLE,FILATFASH,REJECT,NOT_APPLICABLE
SKIP,REJECT,312cb6a846025177506064ec54905eac63d2980afea22bf43177f87b749e4ca5,,true,8a664d63d2624b0f5c05867ebfcef95c07cb9a283accad92133fc947d622f963,SELL,6b7ff485c8dc52d6bb72fa7659aebb2fa7eca00c67b5e0301e45a0a82bf20faf,2026-03-16,true,ADJUSTED,39.00,INVALID,B5|DSI001,NOT_APPLICABLE,IDBI,REJECT,NOT_APPLICABLE
SKIP,REJECT,312d922a995eae639bb6160d870d050a3ccf765fe6bd20dfaeae1c0ce8faf928,,true,9a3ab462d7f3e42010e74145b825f9370fa71cc97c519ad41713c6c707332d93,SELL,400f5f390401825f7bfa8f38f32bed190709ffe2c17352a8c77ec1ec0e5de8ff,2026-03-04,true,ADJUSTED,39.00,INVALID,B5|DSI001,NOT_APPLICABLE,OLAELEC,REJECT,NOT_APPLICABLE
SKIP,REJECT,31564ffa1da36bd8a1ef80b832d7e5dbb4c3a6db037a3a0abe3d727b88dc7659,,true,7b928b61d02e55f5e26f6c6319a72a2dec6dfbf7b45345a410782718815eb1b3,WATCHLIST,97ab7b691589fb9837e253972969e98bf0a5b4ed3c5a7d28e2f4862a0980c06d,2026-01-08,true,ADJUSTED,71.61,ENTRY_READY,B5|DSI001,NOT_APPLICABLE,IDFCFIRSTB,REJECT,NOT_APPLICABLE
SKIP,REJECT,3159e7493e728ac533fad16a02ac4a264b7bff73e26e5b3a21ac490a56d904aa,,true,4040d80d00a07bcd15293695307bfaa9111b454d33d24fedd9c60361b7128939,SELL,84f83e6dc8ce315534ef391f8f87e07873658f6f4487ecbe8167fa202f16c70c,2026-04-06,true,ADJUSTED,35.00,READY_FOR_CONFIRMATION,B5|DSI001,NOT_APPLICABLE,YESBANK,REJECT,NOT_APPLICABLE
SKIP,REJECT,316925081a1f567bf425734e1a7a827f4672ab32a75fced0f0540a5b9907b4f4,,true,57a50767c645e8885ec9657cabf01f9c9a3aa945debe9829b4be000231044a53,AVOID,d6fd16d6b36a5b27710d80644542b1bcbff7dc7e3e5973278bce3e8772e2bb00,2026-03-11,true,RAW,40.00,INVALID,B5|DSI001,NOT_APPLICABLE,RPOWER,REJECT,NOT_APPLICABLE
SKIP,REJECT,3177d926b16ebe8194fb8685f761957d76d9812559ff3396af85ae3cfad6ba72,,true,2d65e3e9488d753c608c676db716dda8e2c5780b3ac1851c0eb908f3dd55f6ff,AVOID,fde344e5fd8f48fcd3a35896b9e3f32e7e5dc4a1662b22a9636507c79c28872c,2026-06-25,true,ADJUSTED,41.16,BUILDING,B5|DSI001,NOT_APPLICABLE,LIQUIDCASE,REJECT,NOT_APPLICABLE
SKIP,REJECT,318ef0560b2d9527d8cf11070d1feddfc889e541399ad61dd6df0e589d0b10a2,,true,a7b5a2f550263c7a534aa426ee829f7616db29d249fcb4db1a14baa7b1438b37,AVOID,4c92858c287af0aed777f06ba008f933c53b166c1c297b1e0c37e1bf1ee145b0,2026-06-04,true,RAW,47.50,BUILDING,B5|DSI001,NOT_APPLICABLE,WIPRO,REJECT,NOT_APPLICABLE
SKIP,REJECT,31ab746d065bb0e92e3457b9bd8ee3d76932006aaf32f4b1d58817974f9fc3f7,,true,b56374c20cfaa39acb45690b2db09f44577e3290d77ce1c8439cc866b0fa0a12,AVOID,719293ffc84e18d3043fb10197817c394dc01a015c10b84ae01ab61fa2b06a7c,2026-01-05,true,ADJUSTED,56.88,BUILDING,B5|DSI001,NOT_APPLICABLE,UJJIVANSFB,REJECT,NOT_APPLICABLE
SKIP,REJECT,31ae892373cc8ea2cd34488b337d6b90ee4073302ae3cb91d991e9ae132e1c1b,,true,12c194deeabbbbb4c811a2970505b76a630942730d2aae2e9a9c9016969a5633,AVOID,ec6726b4644ec4e44a63f0b2aa88b80e9cc7c9f97bb0ac3fd9371eb0faea8de1,2026-06-09,true,ADJUSTED,50.67,BUILDING,B5|DSI001,NOT_APPLICABLE,TATASTEEL,REJECT,NOT_APPLICABLE
SKIP,REJECT,31c9c61b8bffe585fd81aa5ab2d2cda7543f929c85ad22dffe7926e7a6afe90c,,true,1e47993f9f49f5784630480e18d8cc19956a902252fd1b0860866ff556fb5db8,WATCHLIST,a34b108abcdfdf1798a6e6d44015719e5a1fe645277883b6fc491aef76ebe674,2026-04-24,true,RAW,72.01,READY_FOR_CONFIRMATION,B5|DSI001,NOT_APPLICABLE,VIDYAWIRES,REJECT,NOT_APPLICABLE
SKIP,REJECT,31cdbecaa5fb0ed101136b10fb740df7b88b555c67b334511acd643da584417a,,true,f25c502d3cfc8378ce733f06073b50dee37cabcdfb46af44831ba7187ee2ba16,WATCHLIST,306e2f4e8c2218c2a6e7dc1f3337466f3e3c9fe23d5796a4799e969d966eac66,2026-04-23,true,ADJUSTED,69.30,READY_FOR_CONFIRMATION,B5|DSI001,NOT_APPLICABLE,JIOFIN,REJECT,NOT_APPLICABLE
SKIP,REJECT,31ce778cf6372b9a286a64e262981b1c7a532ebd1c6893e81fb78b684f2663d4,,true,cf991560ff710f6de741c53f576892b9f2388ffebb583a7ac9832bacdd276cc7,SELL,0cb41edc37f43dd25242d2c9ec44c25b52de658b5168a9be34669180df9007c7,2026-01-30,true,ADJUSTED,35.00,INVALID,B5|DSI001,NOT_APPLICABLE,OLAELEC,REJECT,NOT_APPLICABLE
SKIP,REJECT,31e8c9bc776fc3a60d0f4f598859274ae192c9036af322e2f1d3d72144da36b2,,true,be576dec9c3dc64b552b7faf4083b5a6e377818462b4fe2a3d5b923374285ec3,SELL,0cc675aaf8d5a8c43fe53c72445e10dc08067e1c8fb64c49b9b350ca1c0a967e,2026-01-08,true,ADJUSTED,35.00,INVALID,B5|DSI001,NOT_APPLICABLE,HDFCBANK,REJECT,NOT_APPLICABLE
SKIP,REJECT,322a7b9c853a811af5c16a5c03d2effdf76dd4cb4944f231da7bc7008cb92eba,,true,015725f7bde06344c7e2ad8d63039f38d3a169339d90cb4d4f8627770986a60f,BUY,00547e14fff42d73cc7b3c41042d681b99763a19c5c0156134f657a0b26264d2,2026-05-06,true,ADJUSTED,84.59,ENTRY_READY,B5|DSI001,NOT_APPLICABLE,HFCL,REJECT,NOT_APPLICABLE
SKIP,REJECT,322fb4c035cf468be0357acb8596a604aea21e53d3f495f222aca2f43de7a49f,,true,37ac24161463a08ef5388b2a364b1260a0bb1ee0f8c36dbe3f9b4e473bca9724,WATCHLIST,39d751ff258d20ee64744175b019659af5ed84776d3961ca544c821644c0c146,2026-04-22,true,ADJUSTED,65.23,ENTRY_READY,B5|DSI001,NOT_APPLICABLE,IREDA,REJECT,NOT_APPLICABLE
SKIP,REJECT,3239e5443e87b9377871c1a61d975197a119940295cd51543a83207e73174261,,true,63bed52d02185ee00fa30414ed84b354d5673b29591fd28a4b600d147e1972f2,AVOID,e4c634fcbb5a183ce7010eb4fa14b9a6cffa0f5b034026c240fc4bacf9414e31,2026-01-30,true,ADJUSTED,49.21,BUILDING,B5|DSI001,NOT_APPLICABLE,YUKEN,REJECT,NOT_APPLICABLE
SKIP,REJECT,32881ed5c630903481c1af195e677c74183ef604e40e9c7afac251772024bdc7,,true,416acef9c33f52f47849d3588819cb91b4146e68292e5fdc7af18a8ed8561e84,AVOID,2967c04ab28371f810b51d2e09f3125750d2d038d58231b875e0de6fe9220f65,2026-05-20,true,ADJUSTED,59.63,READY_FOR_CONFIRMATION,B5|DSI001,NOT_APPLICABLE,TATSILV,REJECT,NOT_APPLICABLE
SKIP,REJECT,32890094ffd05d9eb624ece1d8c77a22cd672e7760060dde75ff106d28a13e86,,true,a835eb581577ad46b0f250fb46475b423c7a320ed42b17f2d24794c79a31311d,AVOID,ac9a0ecf9e8c084468a2b8934b66c8abaadf670ebae4488d3e6098fa8eaa2fce,2026-03-13,true,RAW,53.47,INVALID,B5|DSI001,NOT_APPLICABLE,TATSILV,REJECT,NOT_APPLICABLE
SKIP,REJECT,32ad80811bb33f600ddaef5e1774975c2b3a5c491b7cb6c74fb2dfa22529bdf6,,true,124096d547013062c89e90c70b43fab419c46c9ec7b8b27bcb970e8f48481c6c,AVOID,471f667c23f59f0854d73c89849099ede3082c4fda3be4d057cc76d9493a0fac,2026-04-15,true,ADJUSTED,47.41,BUILDING,B5|DSI001,NOT_APPLICABLE,HDFCBANK,REJECT,NOT_APPLICABLE
SKIP,REJECT,32b9960fd578aa8370dd1766103e2781a651b4604ce217b18f1e4543f14d8892,,true,2f87f4957d2e3c20c62efb1ecac9ebd878076dc14b58e2e961986264b41f2bf5,AVOID,3ff3e3bbb45d76dabfedf794952289e8cb898d48181cb7a9b1e34aa9feb9bdb1,2026-01-06,true,ADJUSTED,59.00,READY_FOR_CONFIRMATION,B5|DSI001,NOT_APPLICABLE,OLAELEC,REJECT,NOT_APPLICABLE
SKIP,REJECT,3303b2b4fb876459f8c3ed5f107d5674657c33ed1dc380013e45620e87e0cafa,,true,485766b4b03c0f23a6a679ef1d2acd4f78138148c9dce9c2a01fc4e57f424145,WATCHLIST,61eed8c890145f28e46797935fef6f7b542776758e346c53b09d743d8e1f321c,2026-04-23,true,ADJUSTED,70.56,ENTRY_READY,B5|DSI001,NOT_APPLICABLE,DELTACORP,REJECT,NOT_APPLICABLE
SKIP,REJECT,33207c34819601250fea09fe34b7d99fec6bc9ba2cda7341f2b6fe0bcacf63a4,,true,b3dcf75b867af221821d05c24300d1e1af38e0bd80d767f883abd3998ae3f188,WATCHLIST,3b1b088dbbb8ca178babdcb59f1ff13140732b5aa74f153a812c80a449853182,2026-04-20,true,ADJUSTED,74.00,READY_FOR_CONFIRMATION,B5|DSI001,NOT_APPLICABLE,ZEEL,REJECT,NOT_APPLICABLE
SKIP,REJECT,334df662a07a2fa3716c58dc5a8da55850d934744977c72fe8ad780efb195867,,true,c8d6a7d535268fab9ad617c576bbdecc6656c01b7f1e2536124875e0bf225286,AVOID,b6e78accef03aa95384798dd6778b86ec3e260722c2a7819c47a04fe695005c2,2026-05-12,true,RAW,59.00,BUILDING,B5|DSI001,NOT_APPLICABLE,TATAGOLD,REJECT,NOT_APPLICABLE
SKIP,REJECT,334f0eba159adb7d749f931ffcf286906ecb3131e22e783e53324bb6e1b2056d,,true,b8da826d5c2e53dcd07a64c7f03c2754b85ef4f10ff8be00acad7bb8775c048f,WATCHLIST,c1eae75288e0c72967e060921dc2adb2d9d5b289a4a3ed95d02954854ace8ebf,2026-06-04,true,ADJUSTED,66.36,ENTRY_READY,B5|DSI001,NOT_APPLICABLE,ZEEL,REJECT,NOT_APPLICABLE
SKIP,REJECT,336e091a05a435d30109a4e1cb880213503aaa07c46978b4dd426c6f091c2ee8,,true,511dcbc82cebc72df067637fcd80377244cc397a6d6a7291ae0c3868981e1e6d,STRONG_BUY,fefc7a2493c8e4307cc30fc26df06751301c003dacfa770ac3ab9f0fbfc33b7c,2026-04-10,true,ADJUSTED,92.56,ENTRY_READY,B5|DSI001,NOT_APPLICABLE,OLAELEC,REJECT,NOT_APPLICABLE
SKIP,REJECT,336ef3e5a69b062521b98c422d9590f784e274d2b496e00ee05c3fafe2c5f57b,,true,ba3a020e6861994f3df024bce41cad4665fb3008cf904ede4f512f81906fab18,AVOID,085896521cec3b3cb4aabd417a223ca2d73a68b2a34d0201727f8dbd3ebdb0fa,2026-06-18,true,RAW,55.21,READY_FOR_CONFIRMATION,B5|DSI001,NOT_APPLICABLE,JPPOWER,REJECT,NOT_APPLICABLE
SKIP,REJECT,33a22cf2534bbddc180c4f5c2a8d8f26ccca4a3b68b1b5397a47662ff07967b9,,true,87bb68f186a8c718c5e45cfb5b44bae5e3573c41eb3fec35f098b02bea5a68c2,WATCHLIST,9dbcf253aed04b0912763f186adf10865ebb00ae6f1e8de3f60e85878df338db,2026-02-19,true,ADJUSTED,61.84,ENTRY_READY,B5|DSI001,NOT_APPLICABLE,ONGC,REJECT,NOT_APPLICABLE
SKIP,REJECT,33a280bce53319aeb4f4a39728aa1b5515a8bb815cffb5463dd7a39b45e20cc3,,true,2a0dea9ec42ad229bd27b2676e867e1dce1636cef173017a8b10a9866f72fdc6,AVOID,dc48a2b62c41135fd5a132e41ca500968600e74993f390d1197fc2bbb4d973bb,2026-03-25,true,ADJUSTED,59.00,READY_FOR_CONFIRMATION,B5|DSI001,NOT_APPLICABLE,TATSILV,REJECT,NOT_APPLICABLE
SKIP,REJECT,33e595712296c542f4a37b9a8031e95ccd6e0cdf80d15d5ce580b12c06ca0967,,true,f93b5c58fe6b6c260f7d9799b6ecaafabb9972dc7e4cb9dd4c8d2890973b2577,AVOID,63011406dffbbc2db3a6bfaea0053cac09ad965f0a491d5262a2403cb43dd830,2026-07-14,true,ADJUSTED,54.01,BUILDING,B5|DSI001,NOT_APPLICABLE,IDBI,REJECT,NOT_APPLICABLE
SKIP,REJECT,33e819a376ebfae216ab636e87ee1be241432d9951140e176f44ab64ef8d4090,,true,9f6aa17be3ceed0baa2124139864fe6642072400b28ba839e7bf22bb57d94ac8,WATCHLIST,22429f3827cb0285ec41aa81d4336dcbd9388cb2b9f02794587241ec93be8003,2026-06-05,true,RAW,73.43,ENTRY_READY,B5|DSI001,NOT_APPLICABLE,NETWORK18,REJECT,NOT_APPLICABLE
SKIP,REJECT,33fd3b6ff096a771822541ba817a774c3c4f2b7424c8e1693d49ebfd412b655b,,true,f43e721b64306ea1b5e1e8cbd3c4f69fbc7344e6eb3f6bfab5c7551dbe0c6570,BUY,a6c3b2f88093231e7dca1968d59a0e6138e48de7e22c5a5e2da29d86496a6e31,2026-07-01,true,ADJUSTED,80.78,ENTRY_READY,B5|DSI001,NOT_APPLICABLE,OLAELEC,REJECT,NOT_APPLICABLE
SKIP,REJECT,34217c0605ba25697023c19f9286ac91298ce61496f85e3c819a8fb7b0346ff7,,true,e29da2638b7d8437186d3f2e1a0229b3cb563e3111cbda4462a2cc62c054102e,SELL,aa1fa4046d57765bff714a97a94deec4fd49fedb76066fbda8057afc9fb1f051,2026-05-14,true,ADJUSTED,35.00,INVALID,B5|DSI001,NOT_APPLICABLE,VEDL,REJECT,NOT_APPLICABLE
SKIP,REJECT,34270385da0ea194862f127bfe8f4df4bf1eb62dc2f5fac3eb0137ee11c9e743,,true,11c1fbd31fb77c1d76f51ba8d808506860d73ff042eec1221323194148d8e282,STRONG_BUY,0254db08c83fcbad39d16f94676036cf0fce237dd1f7f99d8d8ad9b930bb68b6,2026-05-27,true,RAW,91.26,ENTRY_READY,B5|DSI001,NOT_APPLICABLE,JPPOWER,REJECT,NOT_APPLICABLE
SKIP,REJECT,343b283c0bb850ebb8fbfb4e552d2ced86951bd4718871fa099f8de1a83eb002,,true,d0448118e989ea51e396ccf9b69dd033a73bc82f127f5d3f32accc1bdc06fd5e,WATCHLIST,ff811ebd855b3034ab69b350ed6105ba467a6426511fac68ffaba30f570ffe91,2026-04-28,true,ADJUSTED,74.00,READY_FOR_CONFIRMATION,B5|DSI001,NOT_APPLICABLE,JPPOWER,REJECT,NOT_APPLICABLE
SKIP,REJECT,346d7d927b651d072cdebadeb7101cc924261c8b56d0478e13248eb0e3860afc,,true,0b5cd99cc21eb03e239b7d173091b6e4fc649f742567d0595b46f438472d5fb6,SELL,b8f99531e9448964ccacae877c407b18009ba0f2fe85e7a02d95d808d189d726,2026-03-24,true,ADJUSTED,35.00,INVALID,B5|DSI001,NOT_APPLICABLE,YESBANK,REJECT,NOT_APPLICABLE
SKIP,REJECT,3478a78c1c5c881c1ec4dc53cb25a89a998490fd8d3584414a83f7003527aae4,,true,5ae67b94ad1e86ff848cdcb9db53222c71f44946f8ce9796d2c29f843e5801c9,SELL,c4f8418e134c25dd4d6c5a3898eec6fa615639e4468b35b039a08d6f96195568,2026-02-02,true,RAW,38.55,INVALID,B5|DSI001,NOT_APPLICABLE,ETERNAL,REJECT,NOT_APPLICABLE
SKIP,REJECT,347a44262907b0cfb7cbf81516bb758c425897a307c501f79c8c6f5960d33a13,,true,a49fce5e26a89347c85bafc50edbb68f0107cdb38f75b0684e17e3d2fd70ed97,WATCHLIST,3b59fd7d1c955c716fac7088662e687769220cf47e344ea2a9346a775746c46c,2026-05-08,true,ADJUSTED,74.00,READY_FOR_CONFIRMATION,B5|DSI001,NOT_APPLICABLE,FSL,REJECT,NOT_APPLICABLE
SKIP,REJECT,348c32253c8cdbf8c88ea2292faedff1181e66f375fe06669e6ec0665121a33c,,true,7d41c7ccb6c210a66b1a3683b2fc56d1f76adb1283876121ed08acd33c7f54a4,AVOID,87715e6bb2b5d32eb8c353234f884567793bc9516d9fdc83febe9ed571662a0b,2026-05-27,true,RAW,57.16,BUILDING,B5|DSI001,NOT_APPLICABLE,MAITHANALL,REJECT,NOT_APPLICABLE
SKIP,REJECT,34921e3bb00ff446c8a7e39a40ef10567b9278c57e3f82519981219afd2310cc,,true,86c323f4cb10343bf2c3f9d1a83b32d31881f048c225b9380038f28e98182c92,AVOID,36f6c01286db76d1f01ef1cf7101c7a9378cc87832487e1dfa05de21e60f27d3,2026-02-03,true,RAW,54.78,BUILDING,B5|DSI001,NOT_APPLICABLE,KABRAEXTRU,REJECT,NOT_APPLICABLE
SKIP,REJECT,34a39189cc65588e82c4f2a1ced57e16d73654a21adf3f07bb7c623cc52f8431,,true,7d41c7ccb6c210a66b1a3683b2fc56d1f76adb1283876121ed08acd33c7f54a4,AVOID,87715e6bb2b5d32eb8c353234f884567793bc9516d9fdc83febe9ed571662a0b,2026-05-27,true,ADJUSTED,57.16,BUILDING,B5|DSI001,NOT_APPLICABLE,MAITHANALL,REJECT,NOT_APPLICABLE
SKIP,REJECT,34a5dc35a9df2696d916662f936b7333de230a0ac4c6607927f6519292aba9ca,,true,535a50b2cfef9fca3d0788be4bee5ee44caabe2d6ebb088266525cea47049c0f,SELL,30e135d28f3559a2b62852960140bc3d91ce5cf13942da5a9d4ab6daf654f63b,2026-06-23,true,RAW,39.00,INVALID,B5|DSI001,NOT_APPLICABLE,TATSILV,REJECT,NOT_APPLICABLE
SKIP,REJECT,34aa023c4e5895447e3e76305f48204ac575c66537813fb1d06d92647c922154,,true,0d74a83e4adf6d4c335bdaa67436bcbadc18ea73f68f18a96f6602f619b40302,SELL,f3b1a67325aeec7488b55334e215e09c177388de3d9145b987bdae617cf8d57c,2026-07-06,true,ADJUSTED,35.00,INVALID,B5|DSI001,NOT_APPLICABLE,ONGC,REJECT,NOT_APPLICABLE
SKIP,REJECT,34b98c0d2622182db8857170abd6fb55e42d21f89e7dbc1a65de60322ac1f34f,,true,9f6aa17be3ceed0baa2124139864fe6642072400b28ba839e7bf22bb57d94ac8,WATCHLIST,22429f3827cb0285ec41aa81d4336dcbd9388cb2b9f02794587241ec93be8003,2026-06-05,true,ADJUSTED,73.43,ENTRY_READY,B5|DSI001,NOT_APPLICABLE,NETWORK18,REJECT,NOT_APPLICABLE
SKIP,REJECT,34cc696e6de70bb1998401cd632a2388b5d810eb9d671bf0ca1be590b1027910,,true,6b3cf4f32a98658f7576e42f23db7f7769da2989bc681579bb659a02951cad93,WATCHLIST,0a84fb5dbd4a8430c11574abdb753beac4b2a6b6b00a6d95efbf5ae3e603bb9c,2026-06-22,true,RAW,60.00,READY_FOR_CONFIRMATION,B5|DSI001,NOT_APPLICABLE,JPPOWER,REJECT,NOT_APPLICABLE
SKIP,REJECT,34cff9a8aaadbae808469aaa2e91ed27300dc71911525c64db0f7e5af69793f7,,true,e5b6488613710fa72467e9ca5e37a851ab3e691df67f8e8b068794bfef9bd41e,WATCHLIST,54147e4952c89d5c83d10ba73d187121d36104da45f5dda8185001ba5b25f606,2026-02-18,true,ADJUSTED,74.00,READY_FOR_CONFIRMATION,B5|DSI001,NOT_APPLICABLE,EASEMYTRIP,REJECT,NOT_APPLICABLE
SKIP,REJECT,34d98a4c45d80478a2f0aafe80c2bf9d520fe397961474b5d8b6fd5e79f13b2d,,true,2a747c18d59d6ee4424dcdc7dbb8b7e011bb7e8c4294741d0993ffb9efba883f,AVOID,e771efc0839f2475b9dbcdade541624b50a304fe93c748f86895c4c16f5c8561,2026-03-25,true,RAW,52.84,READY_FOR_CONFIRMATION,B5|DSI001,NOT_APPLICABLE,JPPOWER,REJECT,NOT_APPLICABLE
SKIP,REJECT,35174ebcf0d31f9beaf77870d13f4e4cd2b9b2fe5297370917672a5224f094a6,,true,a293717a8e54359e0791cd96134b542f4b0b86768f4de7876a8796c1d0bd7052,SELL,8f69ceceb88aa10b2bb3e336e670976680ec3eea86ffa6b542fdf2054e7c9e05,2026-06-08,true,ADJUSTED,39.00,INVALID,B5|DSI001,NOT_APPLICABLE,TATSILV,REJECT,NOT_APPLICABLE
SKIP,REJECT,353319c22027862893bbd2e2c8a1c0d9a15b1dca3cd9631a0ee6a793c909a39e,,true,4469f3d0016e4b8011d05fb3b364b79dd3fb5dfd13d00f959fa917e1df36f194,AVOID,37f5c774b1e558f07d9e418c1fd0c5baf427e0c9d3c828ba1d6c2e631dc508da,2026-04-22,true,RAW,45.82,READY_FOR_CONFIRMATION,B5|DSI001,NOT_APPLICABLE,TATAGOLD,REJECT,NOT_APPLICABLE
SKIP,REJECT,353689815604d754e34bcb9918d93d3a8a4e3525b4796e5341a2c3110dc24821,,true,070172c400a913248e6e777b665c1b1af88b6decc796bd024b6622be067949db,SELL,2a6939010db049ac5b8de009296cb409bb43df1d1e641189ce2670edd55ce551,2026-06-19,true,RAW,39.00,INVALID,B5|DSI001,NOT_APPLICABLE,TATAGOLD,REJECT,NOT_APPLICABLE
SKIP,REJECT,3547ab8697b50d0e5314caa94665bbc7da1a56b882dc484e4d35523415a95cbd,,true,4348e73461fe66e1b99fcfae9785e5f1f9dcb97efba907b90aa39315de17cefc,BUY,a2bb5ef4ed11075b65c94baffc1f2e8b189bf269749324c00057dec208cf7481,2026-05-13,true,RAW,89.29,ENTRY_READY,B5|DSI001,NOT_APPLICABLE,GTLINFRA,REJECT,NOT_APPLICABLE
SKIP,REJECT,355f59f69c0e686a9577620a365fbf5bf57320c18e3203637076e81f30d723e5,,true,5d68099e00470f7923f2704ee48369f63ddc3094650734ec4c33cfb3bd2ead3c,AVOID,430c4803a3f4a51af410d387bdc37b1828e310195152c3f18dd98cda4b1ad098,2026-04-09,true,RAW,57.14,BUILDING,B5|DSI001,NOT_APPLICABLE,MONEYBOXX,REJECT,NOT_APPLICABLE
SKIP,REJECT,356dc68007e091b472f74d8726d26f863470f433b8c58a6c8207dd3b51366e9e,,true,c5b617df827ac18d8906f460e5778a01faf66bdbd184bc65e500f134f88bca6e,AVOID,be185ea13004ba6924df6b49352338b367ba96741f09e2ca03dc8f436364c3e5,2026-07-10,true,RAW,59.00,BUILDING,B5|DSI001,NOT_APPLICABLE,MRPL,REJECT,NOT_APPLICABLE
SKIP,REJECT,35880f25100504a4447879faeef3e8363e408af910b581682a0cafed954ace97,,true,17d5d8774d9abde34932f5b3ae22abf9a856644b6354e543f236c258731c7929,AVOID,6320f9a0c7fa543642986957949c70c4bb5aa9ae95216e7a7cea14b42291bcd7,2026-06-30,true,RAW,51.18,INVALID,B5|DSI001,NOT_APPLICABLE,RPOWER,REJECT,NOT_APPLICABLE
SKIP,REJECT,3598f827f6a21f099eba9f72fc23bac1ae6c05b9a009dcf2298dd497a172d2d7,,true,5a2bc7780ca46295995d1bb559da2491daa32c3f020a66e21b037eb641a5b93f,AVOID,df23efaef8e8effe1f66f1d6fc877ab3f9afd28ed7c0adc5753454cdc4d3b596,2026-02-02,true,RAW,50.90,BUILDING,B5|DSI001,NOT_APPLICABLE,NATIONALUM,REJECT,NOT_APPLICABLE
SKIP,REJECT,359fb8cb5c9bfc781504a314c5675c31e4323e2e361655dedc02b722d1df9b8a,,true,6fc5d3d6dc79f3ed7b6104de9dbb875a7cdee672333642e32c160ce45d9a906c,AVOID,3968a8823dab4d09308a5a7239c2d1670a0d1bc57d035148036089b677c18ac0,2026-04-30,true,ADJUSTED,55.18,BUILDING,B5|DSI001,NOT_APPLICABLE,TATSILV,REJECT,NOT_APPLICABLE
SKIP,REJECT,35a1b27514640e0d9eeb5104e79300dfa251385d86c7cf8b46c833b379e4fe5e,,true,3cc1179c2a84c28ac5ad9f32f741269ec1936e7f3a14aa34a071fd867fd9d9ee,WATCHLIST,0724b590879cc1f81482a9ee0efefa8f26f2825d3c5e080010ba869fbf2b7730,2026-06-01,true,ADJUSTED,64.10,READY_FOR_CONFIRMATION,B5|DSI001,NOT_APPLICABLE,NMDC,REJECT,NOT_APPLICABLE
SKIP,REJECT,35b5be6c3478ced6b62bc0789ceddbc7ffb6f5ede5e6d1f56cdf1260f84827e5,,true,7526f2af1de384462d07f2d30775cdef04b7ad820f8912b19f664078239fc065,WATCHLIST,3303fbe5191fe317e1d1201511630f840665885149444cb6fe06b562d55694de,2026-06-04,true,RAW,68.87,READY_FOR_CONFIRMATION,B5|DSI001,NOT_APPLICABLE,PWL,REJECT,NOT_APPLICABLE
SKIP,REJECT,35e5c00ad751e0f780e38e2648e9a01181fb91167863856cc8f16219e7027fdc,,true,da704a75dbde8da5d3a27f17f1966a4851b27bd5d707eb2018f7fa4b1b101951,AVOID,bad51d95e8eda4d7c9b7be76cf3e5f48e234bc18e27126cbe63c18bc75ccaa0f,2026-06-05,true,ADJUSTED,46.37,BUILDING,B5|DSI001,NOT_APPLICABLE,ETERNAL,REJECT,NOT_APPLICABLE
SKIP,REJECT,35f510b88f1889d5aeed1f58284a714256c33a10cc605a83c0d8f1f6fc34628d,,true,935c531c5317d83404dea05e023a77c5fdb9f108a6d9fc6ce0c1da384e0bd5e3,SELL,35c25e1743642ebe66b0f916c47b11c9b88f7dbc39b5d81808c1dcd62ed6fdbc,2026-01-02,true,ADJUSTED,39.00,INVALID,B5|DSI001,NOT_APPLICABLE,OLAELEC,REJECT,NOT_APPLICABLE
SKIP,REJECT,3611474ebef9f0433d0dbb8e66c44d449a45f03d33f87b4d8e4f886606afa576,,true,ee688ce638466aba47ebd48392d2f23d8844d4ef24092a8d53b0ef89c20037e6,WATCHLIST,1c199f262437f7676d0d4c9eb448fb83367cd30dcdf579d5a301439848fa23c0,2026-01-27,true,ADJUSTED,73.17,BUILDING,B5|DSI001,NOT_APPLICABLE,SILVERCASE,REJECT,NOT_APPLICABLE
SKIP,REJECT,36185ea4143115bf211e57a1e2c7f3b26bd23eaeb0609b221c855d5ad58e9d59,,true,682049cdcdaed308cc19dc5b551ff99dab951350cc14c18864ae12ee0a770279,SELL,ac8b995c133d689c659984a2dac9ab246e020ab849c6ce09046438af7e212cbf,2026-04-09,true,ADJUSTED,34.83,INVALID,B5|DSI001,NOT_APPLICABLE,TATSILV,REJECT,NOT_APPLICABLE
SKIP,REJECT,3626ac3f2dbd56671fa2a2084f0fff3ebfcbf7b18a15a790ebec2f285d3ec724,,true,34ecc0ec76a07e2118a32e977e4fb2bd30065da40206c6f04f1162c83fcc1e3d,BUY,bf1a76ebb914c1fe654f33afbad13053e353b7c1d09510831cfd9e523456a5c9,2026-01-12,true,RAW,81.84,ENTRY_READY,B5|DSI001,NOT_APPLICABLE,TATSILV,REJECT,NOT_APPLICABLE
SKIP,REJECT,362915291c3c2b872e32e6caf797143e971303d9f777d7ef5c987bf5beea039e,,true,44f9ba21781c699be7ca4005c5b59e298c8fba4eb9e8b6203a9cbfe5acf8633d,AVOID,90664a833bd1f078937f000025b2aa8bd90b12e589ea28e14842fc010941c4a8,2026-07-17,true,RAW,52.64,BUILDING,B5|DSI001,NOT_APPLICABLE,GROWW,REJECT,NOT_APPLICABLE
SKIP,REJECT,36543cf6088017a76b3efa538e7f80e82aa9e2f01cc092b4f959027fbc39aa3b,,true,091d76c92ea5ed28ca8b9e91db49bebfaba7d7b58f7a0469945f9d5ab8d58b87,SELL,f07dbe68bcc92e43901f14051e7f7c23b7741f7d7169a1209c04ea5992a52b7c,2026-02-12,true,ADJUSTED,39.00,INVALID,B5|DSI001,NOT_APPLICABLE,BHEL,REJECT,NOT_APPLICABLE
SKIP,REJECT,3689a2bc169750e3b02965caeaef876102a749a82c679a1447f1a37b3aaefa07,,true,9f1462df05d2bb24fb48e4baf6a54f7994d4f8442eb9e81f612e0cc633754a64,AVOID,142d3ae65636b7f38f574c071a7962fe64a1acb83468c92a73892053d67afaaa,2026-01-06,true,RAW,40.00,BUILDING,B5|DSI001,NOT_APPLICABLE,GOLDBEES,REJECT,NOT_APPLICABLE
SKIP,REJECT,369699d8d81bd9adcd6d31bd3aa695d6a47240df51fa1d4ccf57021cfb2d3f22,,true,2a747c18d59d6ee4424dcdc7dbb8b7e011bb7e8c4294741d0993ffb9efba883f,AVOID,e771efc0839f2475b9dbcdade541624b50a304fe93c748f86895c4c16f5c8561,2026-03-25,true,ADJUSTED,52.84,READY_FOR_CONFIRMATION,B5|DSI001,NOT_APPLICABLE,JPPOWER,REJECT,NOT_APPLICABLE
SKIP,REJECT,36b7c9d0864943b0e50efb8136a018c41d495e11c88719b726fab2d1d05bfb3d,,true,9d3d977a89bceb399336ce1156bdc13ba37f0b74d5d84066bea2ea3361390afd,WATCHLIST,c8beadfc3461e37595d059a8289d70373f8048c74a6924bfcaf85c89977f1b2d,2026-05-20,true,ADJUSTED,69.30,READY_FOR_CONFIRMATION,B5|DSI001,NOT_APPLICABLE,YESBANK,REJECT,NOT_APPLICABLE
SKIP,REJECT,36c61bffbd153c87360a4b509c86ec0b0e1f23fef8dc22cf86d8bfc9e285b642,,true,8913e131e9cf89d13c66934d6cc037f6bbf8a401a21d4afaf861f9244b41235f,SELL,00700a33e8e610612c2b308d32900cd1b580b82fa46500c69e10a2c358582a33,2026-06-04,true,ADJUSTED,35.00,INVALID,B5|DSI001,NOT_APPLICABLE,HDFCBANK,REJECT,NOT_APPLICABLE
SKIP,REJECT,36ce918bbad26ada07774c81ca6a03ad3e0dbcd7101c3ca705cc419d314de615,,true,03c51c479977b3dd291718bbf0a1c73048b974159b1406c6c23b2ca50fbfe9ec,SELL,6e063e0638dd448ec177c5b8ae31327ef931ea5e9a05241cfd025812a5cc7e04,2026-01-22,true,ADJUSTED,35.00,INVALID,B5|DSI001,NOT_APPLICABLE,VASCONEQ,REJECT,NOT_APPLICABLE
SKIP,REJECT,36d01223713e8d96d0b6fb5f2684470fb8967dcd2eba2586f34f5b39f30eaabf,,true,27f36f2fbec5a77252a5068087b2a7a454e65759d03ce3f916f8a82e3fab723a,BUY,6193c84dff127c1f3b2ba1b2e6071867bc02fa87fe0c3f9319be13ade4fc71a7,2026-07-07,true,RAW,77.50,ENTRY_READY,B5|DSI001,NOT_APPLICABLE,SHAREINDIA,REJECT,NOT_APPLICABLE
SKIP,REJECT,36d7a6195e1aadd9515f3cabfa693ef532ae32a2e88f177ff2de0d183ebc9d2c,,true,70eb5e46de8911ca438c7fcc8590aa369d8b0b9e6b9d96764274b1b9759911e2,SELL,c27eafa304fbe99d0a414f58c4b7d9cf79a61b7de79c7cf3114a849cd76cf4f5,2026-02-12,true,ADJUSTED,35.00,READY_FOR_CONFIRMATION,B5|DSI001,NOT_APPLICABLE,YESBANK,REJECT,NOT_APPLICABLE
SKIP,REJECT,36f3e937afdb9f2db49cfef7f8545774da837ad9a3ea6e57f765249e59b6de9e,,true,cc58703b54ba6358b1e99ea04b6b77bdf0c2589da7aa19e5b83c4e6d9e18c241,AVOID,5ce0ef5d0ad3c97ee5dc4f735f8b0b57ff8345278c5788e867ad4fc194453e00,2026-03-18,true,ADJUSTED,59.00,READY_FOR_CONFIRMATION,B5|DSI001,NOT_APPLICABLE,TATSILV,REJECT,NOT_APPLICABLE
SKIP,REJECT,373f7f858f44980d6ea40c15d1fa4d9fe600bf5d220d3274957295045bc92c31,,true,959bf13ff099fe31995654591a45efcf92d763221dbb9292dfc93161311d1024,AVOID,a6280619291212f5a372bb5150b2f41c2b9e49efbe4cea3b7070632dcc5ecb30,2026-04-16,true,ADJUSTED,59.00,READY_FOR_CONFIRMATION,B5|DSI001,NOT_APPLICABLE,OLAELEC,REJECT,NOT_APPLICABLE
SKIP,REJECT,374bcbf795b16c8f8986c4528fc3d8001887bcf40856de134ba7a2e1081f02ca,,true,2eddc45b30b0f5db3aac9b85d6078d1f51179e065c4ee46b8688328402d200a6,AVOID,6aa66b011288e4aa4ebe23d43a22c576a367225af08fdd41385f1632cd1d1e83,2026-05-05,true,ADJUSTED,51.61,BUILDING,B5|DSI001,NOT_APPLICABLE,GOLDBEES,REJECT,NOT_APPLICABLE
SKIP,REJECT,37544eff7da3627f3a18d39a983b9d4a5bf0f8f89b82528b2516ba5bb9cdf8f6,,true,a6f70ba9aa221ac7257d8524b82d7d92410ad3ac130b226c90a23567ac160ddc,AVOID,d24191b6c63bfc61f38ec08acad15a98625079d4924942113792c0c1a858f985,2026-06-23,true,ADJUSTED,43.96,BUILDING,B5|DSI001,NOT_APPLICABLE,CUPID,REJECT,NOT_APPLICABLE
SKIP,REJECT,3782a3b80aef8f910c574a16808efc1a310654313e527734f2e68ad9604d67f9,,true,a605a8291fc4539d24b5fcda513f7014ba64287853eeafc6f0de4fe6e6fac6a4,WATCHLIST,46d3339d2ad45bbaeb8519738c7dd60a6effceda4860346eca8cf12a994ac1c6,2026-06-12,true,RAW,68.18,READY_FOR_CONFIRMATION,B5|DSI001,NOT_APPLICABLE,YESBANK,REJECT,NOT_APPLICABLE
SKIP,REJECT,37916fb66692139210673c611e349ae29e98e829b97786d9c55df2eea57fd5eb,,true,6b0ae07f90dacb0aa8f20872887912f2e1f7dae9cc30361a3879ebf903dccbee,SELL,d37784487b4fca52077c9e3050bb573bbb7afa74993f349e3ef047493036164e,2026-02-24,true,RAW,38.09,READY_FOR_CONFIRMATION,B5|DSI001,NOT_APPLICABLE,SILVERBEES,REJECT,NOT_APPLICABLE
SKIP,REJECT,37b0cbb15ff9389802da25870e61d22a692eafcea75fd4317ff12e903658641a,,true,74fd235d49a80626947d2b2e2d3322ebb1638d96888d8ffadc781c58074ac3bc,WATCHLIST,3a83d8d3e92bc7c4aef301b611b47a30ce4fe9935974afeb96caea4a42e078b4,2026-03-27,true,ADJUSTED,67.64,ENTRY_READY,B5|DSI001,NOT_APPLICABLE,ONGC,REJECT,NOT_APPLICABLE
SKIP,REJECT,37ecf6e02752c6b5975a9db3f328dd9a5b5f066c6c5bda1cc53d9cd71158b9df,,true,4bd981b241494475299a28e26372835dae2ff375c00835e5d607dff84fcef65e,BUY,17dd8a0ef63dffb9f38b0adbc6882c078a939c5508b16a2e7fdd95a3d04fd9e3,2026-06-23,true,ADJUSTED,80.25,ENTRY_READY,B5|DSI001,NOT_APPLICABLE,MEESHO,REJECT,NOT_APPLICABLE
SKIP,REJECT,380cea53e5fad7fe27c5bbbbf34effc6e4d44921da8d79ba70f23d538bbef830,,true,cd6522e31decfbf6b17d38f4973bee946394beae2cbac8d09451f6b6803c743e,WATCHLIST,73f127ea4034bf19c6ad1168181e800117528772991f531ac8472568f148d92c,2026-03-04,true,ADJUSTED,74.00,READY_FOR_CONFIRMATION,B5|DSI001,NOT_APPLICABLE,TATAGOLD,REJECT,NOT_APPLICABLE
SKIP,REJECT,381584e2a9cf9758e34bdb642c985e1b52db83eafd79dac4ae1d611a995c2328,,true,c165361bd05e7ad7dcc5ae2fe5f0e73014ee86951eaee5bc1d2e129755790ea6,SELL,2186a5307af792432f893d450b466b6c2f9936146dfcbfc25d89b6c35977a5ea,2026-03-18,true,ADJUSTED,39.00,INVALID,B5|DSI001,NOT_APPLICABLE,TRIDENT,REJECT,NOT_APPLICABLE
SKIP,REJECT,38516c4cc297ce3c96c26a218af59f1472e2cd89d836b5d9afdda1bc1c8967aa,,true,1beb73120f40f237ac9cbd17deeedf920b191f9b2636fbf0c972b3c95af9f3ce,SELL,7c822e11709199059debe488f05db879e189e887abd5a5f8d56b9780a9b85134,2026-03-05,true,RAW,35.00,INVALID,B5|DSI001,NOT_APPLICABLE,VMM,REJECT,NOT_APPLICABLE
SKIP,REJECT,3869d2390bc510ec090c88254ccbe0a81c1160839e253315d97280f6fae3da52,,true,e07ce9a8bf312fdf5caa3195972b33c67589df7c5ce34a6bb16a94d72d3125bd,WATCHLIST,0077104b533bad08823850a6ed3a9397b8f6bcc170c263409d505fbf42a4ce1f,2026-03-11,true,RAW,60.13,READY_FOR_CONFIRMATION,B5|DSI001,NOT_APPLICABLE,HFCL,REJECT,NOT_APPLICABLE
SKIP,REJECT,3869fcb91515ac54e399727857f4273942eef703ad13a66499489fee737b92fa,,true,a82474b5fdda18f3f12a1ce51492f32421f0bbfdf93b3dfd681480851ae36e44,SELL,a6a3773c5da045c58e10b865b23f05b87f918dc662cb9a760a3d2a94b0c30aac,2026-06-24,true,ADJUSTED,39.00,INVALID,B5|DSI001,NOT_APPLICABLE,IRFC,REJECT,NOT_APPLICABLE
SKIP,REJECT,386fafe898062f06761b93996d668dddfd2cb3d0b5f1d15ed9a9d7e6dc6df86e,,true,cda1086ff98c53ed3b931ba3066d19de149c94a69997adaf48aa18761744099a,SELL,ad2103fb5ad545e0ccdbce4dcd5f0488db85e64d6cbb94f834bec7494d914150,2026-06-23,true,ADJUSTED,35.00,INVALID,B5|DSI001,NOT_APPLICABLE,SILVERBEES,REJECT,NOT_APPLICABLE
SKIP,REJECT,3870074b334c2b98d26547d7b9428bac2f0960819fc210bd92941ae304063f10,,true,07130b7611e8a6574f346571e68993cabfd62d5b6908483e5af5d365d3e21032,SELL,1fca62559694192e9e056c5dddc3f6fcc7a0d67dc07fbd5841eb6d9f16a47b93,2026-03-10,true,RAW,39.00,INVALID,B5|DSI001,NOT_APPLICABLE,REDINGTON,REJECT,NOT_APPLICABLE
SKIP,REJECT,387960912d56b689f7557c350afb607cefd6ee0ad377a90922542c9d61b62dde,,true,bf405259a5507921423abe5c3e599ee75daf8d826fa1124065d7b663e627a9d6,BUY,d70c27730b901fa388514643132499259170490d2cf0459f58d82cd578622f32,2026-02-11,true,ADJUSTED,86.62,ENTRY_READY,B5|DSI001,NOT_APPLICABLE,GTLINFRA,REJECT,NOT_APPLICABLE
SKIP,REJECT,387c8fc38c8ea6597ea64947f23a1275a7bdcd7554f15a9a33c36ab72080a4a7,,true,fbf8127032c09997767173e19c8696e4b7bea75d70b4afbd8c63193b8a0dd6ee,WATCHLIST,59bf57051758d9a376a4999f08a37e73fe7394305120cb6b4e5da92c2929648e,2026-05-21,true,ADJUSTED,63.48,BUILDING,B5|DSI001,NOT_APPLICABLE,TRITURBINE,REJECT,NOT_APPLICABLE
SKIP,REJECT,3882fb16e166c9e3e079a3a38d10d468ad49d9aac6e1b34aa7a824aae0a3fc3d,,true,7511ecd8df446a136b1d54fc6a70ff3cfdb6be12a519f9bb766b74b463a620ae,AVOID,a06f42d03c87ddf73e4313b70bfc01e537bc04ec239624266037b42fbf48dce1,2026-04-02,true,ADJUSTED,59.00,ENTRY_READY,B5|DSI001,NOT_APPLICABLE,OLAELEC,REJECT,NOT_APPLICABLE
SKIP,REJECT,38a7e032609b087a2646ec038efc73c2f1a5d95118bb72e29e5c1d87b0e09359,,true,e68cf37ed956d3830f2e17fc11318e24d3246490301a1315662e93e210c69bc5,SELL,25f25cefbbc576fc2ff5e05da74fce957b65b1aee770112a07a2983bbe938d52,2026-02-27,true,RAW,35.00,INVALID,B5|DSI001,NOT_APPLICABLE,SELMC,REJECT,NOT_APPLICABLE
SKIP,REJECT,38b52afa29da9bbd1e076186ffdfcd17430769c835ac5bfcf5df8cf2f965e2f4,,true,2034d24c25d9c2ff87973a46f04ef59abcfe4ee7bb8c3ef74e8cd409f4214284,AVOID,0d8077231f0db1e106dd7963ab1ec9dc27a5591c187f8ddfd47c1dba3afc73ed,2026-01-05,true,RAW,40.00,BUILDING,B5|DSI001,NOT_APPLICABLE,LIQUIDCASE,REJECT,NOT_APPLICABLE
SKIP,REJECT,38e5d158da05881c099c7749de8b36f7d6d679c3d993d7df71a7a8e3279426b4,,true,1efa3188fe763f90fb0a5b4326c3f5bfb54c7c4cccca178cdf8cda4050fa71f0,WATCHLIST,3bd129aac309ed2712337c9a371e7ba8a73e523bf52251bdd09169f84e0d2138,2026-04-15,true,ADJUSTED,74.80,ENTRY_READY,B5|DSI001,NOT_APPLICABLE,GROWW,REJECT,NOT_APPLICABLE
SKIP,REJECT,38fc9e7219c2cc435e0381cbeddc7ff8f06a604cc2df8e945d41923b59767c21,,true,6cee2bd12b3b0de637c0992a31b35d1fa1c35e0d3a79bb6c75211a17409779c1,BUY,b87ecce69d666314a2ee2ccdd0531e720be7639cfc3a10cf5570cf4865ff0ca5,2026-06-11,true,ADJUSTED,82.89,ENTRY_READY,B5|DSI001,NOT_APPLICABLE,ZEEL,REJECT,NOT_APPLICABLE
SKIP,REJECT,391a485d50b20cc608cf9f140d385ff9348a6441207998950202b122d4183744,,true,4ed3ccd2978ef4f921cb44a881948a9f87a9517e1253d31b3baaeff7b485dd0d,AVOID,352205636a81b3812181cffa45d7b9e904692a837345cf55819fc946d3454994,2026-01-23,true,RAW,50.95,INVALID,B5|DSI001,NOT_APPLICABLE,PCJEWELLER,REJECT,NOT_APPLICABLE
SKIP,REJECT,3935ffb115ed8bc3fe90f87fb64fc415fe65af1439df680a21d5be082f7f829a,,true,91374f4b410fa6960b218c9aac127355e457ccc6fd0194bd2e6806468bc5c90f,AVOID,f91a49202b8fef9226e5b2598880e14a49cf847ab9529c22ba1960a42b6a4ddf,2026-05-14,true,ADJUSTED,54.97,READY_FOR_CONFIRMATION,B5|DSI001,NOT_APPLICABLE,SILVERBEES,REJECT,NOT_APPLICABLE
SKIP,REJECT,3950f15bb30d7ce53f5db4f48bcd4f6b80fbabbd785ceed0610e5776a95be5be,,true,9b58e79391f2622de4db3be6bb03fc208c5fb74125ce18c7bee63690a5ccf250,AVOID,dc752f81d6ee308f3d29480255d7c29a9bef2fd78e8d9f1d2a24d33d693e37e3,2026-01-20,true,RAW,54.14,BUILDING,B5|DSI001,NOT_APPLICABLE,PCJEWELLER,REJECT,NOT_APPLICABLE
SKIP,REJECT,3956c6ef0288cd3279e5c85e8318fbc466759c23181da11e7e0ad312974ae694,,true,b9607ed3a08fc09688f0c4a0578ad38da881c39c329070762fa246f64d7a49bf,AVOID,44c6cebd8cf144d959d1a7d52fb10614bca1321cddecd6ea762feeb04365cac8,2026-01-30,true,RAW,59.00,BUILDING,B5|DSI001,NOT_APPLICABLE,GROWW,REJECT,NOT_APPLICABLE
SKIP,REJECT,39578666a36bf1908372934f848d08aafa863725ff1a21a185fc9892ff20c431,,true,1f447f9e215de18798de3d9b88add36eff2c83ca86f3d8ae9c40eab3e2a5e08d,BUY,cacc2dd5ed67254d711f82cfece55371650a13cb77d708f63a5ee52b8b806b59,2026-02-04,true,RAW,87.54,ENTRY_READY,B5|DSI001,NOT_APPLICABLE,TATSILV,REJECT,NOT_APPLICABLE
SKIP,REJECT,396ad98852fbc2d0b66171dcf6cf3ea05e91072687bdc5809db0ef819f5b46f8,,true,c021c317f93c4ce5acbadd696a5e0ab939ad6beda54a9967873ae6e8708ca14c,AVOID,8c528cf3639e9781d94bd3d1e81f263748cd8741597d14f8b6bbddcddd7c2ca1,2026-02-23,true,ADJUSTED,49.19,INVALID,B5|DSI001,NOT_APPLICABLE,SHIVAUM,REJECT,NOT_APPLICABLE
SKIP,REJECT,396f49f96b6cf132627f7d36cd832b8b25d8091c77c09d1eb37a1b2dd7fdfd90,,true,10c51e109616629dbba21213eeb461f5a612fbb35fb8cb9acf7841448b4adb20,SELL,1fa34c2d5e851ae0ea08d51dabdcd7e6602f773084fc6674d9204e38724df510,2026-07-14,true,ADJUSTED,35.00,INVALID,B5|DSI001,NOT_APPLICABLE,NMDC,REJECT,NOT_APPLICABLE
SKIP,REJECT,397c9778f46f3ba5bbb9b66ac53542db69e33ad41905062911b010246740f876,,true,037fa21ae1bb0f291c0cfbdb1a51925e7e2ee7e46153878cb2d9f053faf2dac5,SELL,6f956d7d1ee0dfff6d3e459e06c6141a89387bbd610a01b1c19ff7af142728bf,2026-03-27,true,RAW,35.00,INVALID,B5|DSI001,NOT_APPLICABLE,OLAELEC,REJECT,NOT_APPLICABLE
SKIP,REJECT,398b7f4d4763b55fa66a145bcdb580edc6447130da4bed5a016a5839ac928d03,,true,db8b5e977bedddf63e9c77511c44a1add3d25118f8d786287e26f2b801da16b3,WATCHLIST,09bac17eb69cd41100c7357d298e0b8084499aa37f4f916c31f42a642425e244,2026-06-09,true,RAW,63.57,BUILDING,B5|DSI001,NOT_APPLICABLE,THOMASCOOK,REJECT,NOT_APPLICABLE
SKIP,REJECT,399de55e461a75976e1aeb9d70b1fc20417353960a49afdda8a76111a24b3e70,,true,d6e7fd1735e05719285a12937cbc42015d46afd6e33efecddc7fe7c069959b01,WATCHLIST,1644c827ccc195538def4d9def9c16a260859e699492970f0307456d402cf01c,2026-06-10,true,RAW,61.06,BUILDING,B5|DSI001,NOT_APPLICABLE,GENESYS,REJECT,NOT_APPLICABLE
SKIP,REJECT,39d4d447cbe286d388172218bb283202a5cfdde5b480c216c50f1814cb0f3ab5,,true,072716d3d7bd85846335ad25e991d42f2a8ef1aba03ba1366d8c0d323b6e81fb,SELL,0d7c7af55329e9f58ee77f7614da11379e1ec7f1251eab00f2783eb3b149ea91,2026-01-05,true,ADJUSTED,39.00,INVALID,B5|DSI001,NOT_APPLICABLE,PCJEWELLER,REJECT,NOT_APPLICABLE
SKIP,REJECT,39e096c32f0a4fe897b91c483e44698dcf1de2a1e07f6c2eeeec90a61073b1b8,,true,937f8a82a37baf856b069cfc1bb363de9c681bec82e1cd479355fd9e9963fa20,WATCHLIST,b4d5fb589fe91cca3ba43ba7c88abd5ac45143d27e81e7f727de16efc8c0b767,2026-02-05,true,ADJUSTED,74.00,READY_FOR_CONFIRMATION,B5|DSI001,NOT_APPLICABLE,TATSILV,REJECT,NOT_APPLICABLE
SKIP,REJECT,39ed53dcf02214bbbe9eb7b361d1026b5fb0fa2b46702f96b2bb2dc7af26410e,,true,0bbea81f3d7a5a7fb1a6062de8d5975bb57bc127ceb35dd45b62d8f3167da421,AVOID,6a4e9262909e775dbee2cdb4d66c52d810714ad062c048de65855d07ce628226,2026-05-12,true,RAW,59.00,BUILDING,B5|DSI001,NOT_APPLICABLE,MODTHREAD,REJECT,NOT_APPLICABLE
SKIP,REJECT,39f33ae66f1ae0ba7d8c20d5e2adc56e1717f8c8f142799e309468d6fb43b578,,true,0ea135004739dad2cf12ac1ce5a9a6a0b8ce8575552c258a1708a9fa848bc224,AVOID,faae4fdbb7b89d3fe00421d279944ca418c84227f5277d16885a69a44cc1d881,2026-06-22,true,ADJUSTED,54.87,ENTRY_READY,B5|DSI001,NOT_APPLICABLE,IDFCFIRSTB,REJECT,NOT_APPLICABLE
SKIP,REJECT,39fffdc9340d88722467487c34b9def1bfa5a0567abc689402106196b165947b,,true,72524bb90268617397b150d9adb64afa8a12538dbd823667f990a91a082cb24c,STRONG_BUY,89eab7431e47616d237522569c327c359faf1acce3974b7fe2d1ce6c79786c27,2026-04-21,true,RAW,91.79,ENTRY_READY,B5|DSI001,NOT_APPLICABLE,GROWW,REJECT,NOT_APPLICABLE
SKIP,REJECT,3a300920a4f794815f5cb0f086f8beb160137b69583530d564a30c4c49c3a018,,true,2bafd1a956f31c6bd4bed93c4278decb238bb0b5f38e951da631abf4f3a755b6,BUY,83e7d8f5fbd89c5c3a3af8b3379112495535c618c6041496a506840686658906,2026-01-28,true,ADJUSTED,80.00,ENTRY_READY,B5|DSI001,NOT_APPLICABLE,TATAGOLD,REJECT,NOT_APPLICABLE
SKIP,REJECT,3a7473ddaffbd6856d67e466f600406de41f747794a82f926d20a5ffe3b9142c,,true,5db77ad10d127f4c599ddba828eea41660612a1de488e2f5d70f9e86e4e28151,AVOID,daf3e7dee72f40dc8f901d541649cf85cb9c7755a91a984e5514e7086f2c059e,2026-02-09,true,RAW,53.07,READY_FOR_CONFIRMATION,B5|DSI001,NOT_APPLICABLE,PCJEWELLER,REJECT,NOT_APPLICABLE
SKIP,REJECT,3ab2feccd552aed4f3df6b500920939882efb6c3bb06013ba6fc4969246c0051,,true,5ea9c4753ead85e89c391ddf633fe3142898dc477648c7019b3b2e6fcc1517ce,WATCHLIST,b0bcd73152b92eb0a54608b7774e35022fa16540ac0a851552e60a6a3ddb171d,2026-04-22,true,ADJUSTED,60.66,READY_FOR_CONFIRMATION,B5|DSI001,NOT_APPLICABLE,YESBANK,REJECT,NOT_APPLICABLE
SKIP,REJECT,3ad845a47e7cd1cd0ff078fd0c75ed0b79cfdb171134dc1947d09dc2479baf8f,,true,f3ff40329f128ed9bf490cffe375f307919da68188a293149c48b689fefe58b8,SELL,5ba5b036f057d099601061b0c3b4964d39dea4d9b36151baeb24ca365d6bafd0,2026-02-24,true,RAW,35.00,INVALID,B5|DSI001,NOT_APPLICABLE,YESBANK,REJECT,NOT_APPLICABLE
SKIP,REJECT,3ae1b44c5feeb9129e861a36301ceebe52a04952830ac4c52b798e764a102f3a,,true,cd46bd5c0b880796da7e1b1d31899c3baf6a28df8f1ab25e28aafbb777a12b89,AVOID,6452833716cd8adcf335086d04afcb6f805ba382e4d9fd619ea31b5ba40f15dd,2026-02-09,true,ADJUSTED,59.00,READY_FOR_CONFIRMATION,B5|DSI001,NOT_APPLICABLE,TATAGOLD,REJECT,NOT_APPLICABLE
SKIP,REJECT,3b08c18fd9376be99cfa93279c16776dd94f919bc83fb7591942c9435cec98de,,true,881a5a58d7014844c4f314fc6613222ed057169dc5f03c2b34bd1ad0f2c92b3a,SELL,37d57586207a419a8ddd2099ae330a0a8c0a0c72af974b33a466d40b123d80de,2026-02-11,true,ADJUSTED,35.00,INVALID,B5|DSI001,NOT_APPLICABLE,YESBANK,REJECT,NOT_APPLICABLE
SKIP,REJECT,3b131e6fd015bfec5a02b22e82370e741ebdeb1dd93d049a2c753336852da760,,true,5ecadd6472cd2b0073605a390417350c236cfd4f664b23ccb5271a6680187981,SELL,157c4028931c9615d7249806e4e49d45e0970e1a8fa55c4be4ba485548716896,2026-02-13,true,ADJUSTED,35.00,INVALID,B5|DSI001,NOT_APPLICABLE,ITBEES,REJECT,NOT_APPLICABLE
SKIP,REJECT,3b3eec712b56a5babc599b23dd0b84bfcfad07b444c486437d5ed75c7368bb23,,true,aabcf527b545f7fb6377406c5d040d6a427de3274e91ac9c545172241bf01c47,SELL,a219c52578d448e8533d5b0a024d761658bad9f4d30a033829549b17f2f891ec,2026-02-02,true,RAW,35.00,BUILDING,B5|DSI001,NOT_APPLICABLE,YESBANK,REJECT,NOT_APPLICABLE
SKIP,REJECT,3b4673f8327ed0ee9c24162f28eac316da751fc64bebc76cb56c4c57556c9b22,,true,432906a3c5d8ba3a1a8d2fae24d5b3cf861e695b36ad6862310090fb2e4a5e24,AVOID,752a52184b09cf4217bd4baeef14eb2ccf7aabdfe4af336b761c37838284eb76,2026-06-10,true,ADJUSTED,58.51,BUILDING,B5|DSI001,NOT_APPLICABLE,CARTRADE,REJECT,NOT_APPLICABLE
SKIP,REJECT,3b4ef45ab791fedbafa02fccdd705e1a8af8ead017182d2a2c71da5cbfbcbcfa,,true,5d0cbc17aaa5988ecae0fcd7d9361905e8bf6ae707a0483cfae0ba0bbc0f20aa,SELL,6d5dce7e118f89cca77392bf4720f14107539fff0c85e5d80f47ef2eee8c5e02,2026-02-20,true,RAW,35.00,INVALID,B5|DSI001,NOT_APPLICABLE,HDFCBANK,REJECT,NOT_APPLICABLE
SKIP,REJECT,3b5233a682b4b6207f94eecedc53515313c0b56f43a6bff1bdb9aa6cf883148b,,true,fe836288fbd8a1e3d521ee41a0f44ae21468e2fa6bb00b1435af29e15c602a74,WATCHLIST,e27acf970a9ecf8fcb684118cb04e49e5d46a8f9e6ca61f668084cbece606e4f,2026-01-13,true,RAW,74.00,READY_FOR_CONFIRMATION,B5|DSI001,NOT_APPLICABLE,IFCI,REJECT,NOT_APPLICABLE
SKIP,REJECT,3b63130aa75b026a5ca51f516fadafaf69112e26e7981654b3cd395de51fe129,,true,f8732f46ca4881c8a07c58f20b0981a7387d09ea58d40bb7aa59f539fdced4b7,BUY,fcc33c9a63f6f60f4227914bba78f2e228884ab74c6a4bcd24e82279ee7bce30,2026-06-09,true,RAW,88.97,ENTRY_READY,B5|DSI001,NOT_APPLICABLE,OLAELEC,REJECT,NOT_APPLICABLE
SKIP,REJECT,3b7bcb0a6510cf0b8c97125d29e946d82121eee203387b423ee7a1ea5630753b,,true,a2fc6da46c79dd41ae07ab71ed715ccfcdd487b8c3970ce3e71c0e9e17da99bb,AVOID,b791057a0e37411f1c2558c985ab37279dd0c9d58367d5466a8b8f4a3bcc8dab,2026-03-27,true,ADJUSTED,40.00,INVALID,B5|DSI001,NOT_APPLICABLE,GOLDBEES,REJECT,NOT_APPLICABLE
SKIP,REJECT,3b9b6df220627222b922b86043d03d9241691ed4bcb2a5131776febfac9a9eca,,true,48cf7314e745d6627f7ccfdcd9ebb0fb1b6887c9d02e523a1028e719c8b72ff2,BUY,a19ae4d75202fa07b8a5d57ed0bfc5e7fee7b8103d87cda695ed83fe599e73f5,2026-06-04,true,ADJUSTED,79.99,ENTRY_READY,B5|DSI001,NOT_APPLICABLE,IFCI,REJECT,NOT_APPLICABLE
SKIP,REJECT,3ba363558f5dc4aa817f00fa3e8a61e923b1e49e5da78cdaeb58ba728bec9a2e,,true,96c7e26643c692cd7cef7f8bb6355a589a17baa293551ae79284c4737346e1f0,WATCHLIST,608a7c840ae37633c4b095a6c2d5217bdbf433842c32860d75690c3f216a0b33,2026-05-05,true,RAW,74.36,READY_FOR_CONFIRMATION,B5|DSI001,NOT_APPLICABLE,HFCL,REJECT,NOT_APPLICABLE
SKIP,REJECT,3baff751bd55ef220e79a98f994d44bfd08f84f1396b1e3e70888174ba3adc0c,,true,b4e046410e0bbe51a704fd6556f092da66c0195359642fc0e88f43af3b4a0070,AVOID,a8b20283a7eea580385b68401a7b0399965f5342f4b168a1e1e5338220b49324,2026-05-04,true,RAW,49.09,READY_FOR_CONFIRMATION,B5|DSI001,NOT_APPLICABLE,YESBANK,REJECT,NOT_APPLICABLE
SKIP,REJECT,3bb16d1b2a05276f3ddaddb96cc7ce14648224c156021a82d0896423b8966f42,,true,8f45e796d0bf6f524dc0f8d2525062d03eb3c92fd11156f972952a96cc2a2c4b,WATCHLIST,c6e320245a06bace2f9fd8bca4534be6ecebac96f2b7e16f19859e7adb5a7dfa,2026-05-25,true,RAW,61.98,READY_FOR_CONFIRMATION,B5|DSI001,NOT_APPLICABLE,YESBANK,REJECT,NOT_APPLICABLE
SKIP,REJECT,3bc10bae97985fc47dcdd1ca8fdabf9e4db819caf8414adc270cddaff6c4f394,,true,f5d97c27e72ac883c8b69d15cfa601cf4a3d119b7d76344dfa2fc991cceb055f,AVOID,2d5426fa25355796125491202a8363bb5b2ba04156738a7a155aa7f9ac5ec07e,2026-05-22,true,RAW,54.79,READY_FOR_CONFIRMATION,B5|DSI001,NOT_APPLICABLE,HFCL,REJECT,NOT_APPLICABLE
SKIP,REJECT,3bdb5d5f2ba410bcf27dfac06d0f29725dc55f4c9e7d2a0a088a3f6fb55a84b6,,true,9a05499aa4283d147ee216655ccf0095028383761ae75b675dc29658da678681,AVOID,2b60216d88095c1b4cbec234aa88b54c982a6da684600fd1bdc67db8c400f9e9,2026-06-16,true,ADJUSTED,45.54,INVALID,B5|DSI001,NOT_APPLICABLE,JPPOWER,REJECT,NOT_APPLICABLE
SKIP,REJECT,3c04b563c4c9bc2e3204ab7f410a61c4fb50191435181e1c636cef51e8cf835d,,true,99722f714c9a701bef901b3d8d498258fde91426cb5a221e3717bcc6425b5c42,AVOID,64f3a6a7958a4dbc47c74e673bf69f5c260b61dfdab2e0d62662285e15bbc2db,2026-05-25,true,RAW,54.21,READY_FOR_CONFIRMATION,B5|DSI001,NOT_APPLICABLE,JPPOWER,REJECT,NOT_APPLICABLE
SKIP,REJECT,3c18832cba247121b5afcf92e406d7bf40fc538297c726c54ce2792b3b428180,,true,96c7e26643c692cd7cef7f8bb6355a589a17baa293551ae79284c4737346e1f0,WATCHLIST,608a7c840ae37633c4b095a6c2d5217bdbf433842c32860d75690c3f216a0b33,2026-05-05,true,ADJUSTED,74.36,READY_FOR_CONFIRMATION,B5|DSI001,NOT_APPLICABLE,HFCL,REJECT,NOT_APPLICABLE
SKIP,REJECT,3c4d659d461168888ad1a4ab6b6a4d88ed5e51b046ffe9fdf83ccf7214257ec4,,true,063e187d9cb1bb7a0be7946165495dfc2262ca513956a0eaf7d0697e3d891a47,SELL,460222f81006b248aeb7f58cf8323ad8a0549382a865bf05aef3e9a000d643be,2026-01-22,true,RAW,39.36,READY_FOR_CONFIRMATION,B5|DSI001,NOT_APPLICABLE,TATAGOLD,REJECT,NOT_APPLICABLE
SKIP,REJECT,3c55a4ab51e17d41d9ff2caf0f200bef4facc9d20738fd5e2c940576bc70557e,,true,733b2e8693d919d2858d52df734e19a8c390cf613b1405e15fc301bc61a65277,SELL,fb50f4b0f383da9015405e91e3d3ddb53977068c104a12da9103957dc4defdc6,2026-07-17,true,RAW,39.00,INVALID,B5|DSI001,NOT_APPLICABLE,GTLINFRA,REJECT,NOT_APPLICABLE
SKIP,REJECT,3c820b26177e2017e5ddd1847baba76d6c2627c766f2c77f7bcb92915bb18e37,,true,71d65e754ec2dd0157f13da014dd36f2884b6d7af28e8fc078274fa3c61feb12,AVOID,54ea51b1cbc6a4c264463bc8de17b91081852ab0afbf58738fe9893b02e8859e,2026-04-07,true,RAW,59.00,READY_FOR_CONFIRMATION,B5|DSI001,NOT_APPLICABLE,FIRSTCRY,REJECT,NOT_APPLICABLE
SKIP,REJECT,3c8bc6bdaa7e7090dca4b079971be2a6211b12f308ab47b78a289d4dd74855aa,,true,86aa615533e9c9b9982287291b0313079a53be41f394a7e14c047ee956211b64,AVOID,951b61c0474cddeaf4fa62338afcca18c020e535905ddf405bf16f0c6f1c528c,2026-02-18,true,RAW,41.84,BUILDING,B5|DSI001,NOT_APPLICABLE,TATAGOLD,REJECT,NOT_APPLICABLE
SKIP,REJECT,3ca1d61db3abe3483b9ddb1ad40314c8fa790fe4e1596115386befebedfbc7a9,,true,97d37861234405998522b9fec3339b1c44ebe6c5603db6fd598c00f506259d31,AVOID,3d6afd29b57d6e0385568d04c6dbce4e2456f7d91adf4c585467a9149a5ddc06,2026-01-23,true,ADJUSTED,50.23,BUILDING,B5|DSI001,NOT_APPLICABLE,UJJIVANSFB,REJECT,NOT_APPLICABLE
SKIP,REJECT,3cedcf2c5226b2bb6ec7afb06f64602b0a0ca6abd9b6d485c99ebbb0bc48f5d4,,true,f62208082485395ef28d422d06eb1e7374e02f80d2f6c10c533cd816577b9797,AVOID,d94ff672a049148017340025e5afdc8e5133b58a3e072dfb3dbfdde198b53bfc,2026-02-10,true,RAW,55.10,READY_FOR_CONFIRMATION,B5|DSI001,NOT_APPLICABLE,TATAGOLD,REJECT,NOT_APPLICABLE
SKIP,REJECT,3cf71c7ac797f61c0e52a3400a4f6cbbb3d15ef5ba5a49b64c86b90020496342,,true,3b1d09eb6cf7867847656aa1ccaac45ac94681928af291169dbbdfc0950007a9,SELL,c2708cfd24c745a567d53f588ca88ad138e45b94b07e51f3fccd569c1c2959f6,2026-03-30,true,ADJUSTED,35.00,INVALID,B5|DSI001,NOT_APPLICABLE,KNRCON,REJECT,NOT_APPLICABLE
SKIP,REJECT,3d0e33276f07de89aabe05770f91520405abe36f265d2fd134a7a245d5252487,,true,c0858d0069043034fd6113f85761c56db3c3a791de8ac130b7691b714f64fe5a,BUY,9f6e75b040771ac03ce6fc690354d9677b50481e119caccfe9b1f46dd1aab484,2026-04-22,true,ADJUSTED,89.85,ENTRY_READY,B5|DSI001,NOT_APPLICABLE,JPPOWER,REJECT,NOT_APPLICABLE
SKIP,REJECT,3d1040ccdebf0c5246d04349fb6786b3a98188edadc38bdbf4d21d45e53aed16,,true,defb0e95757b7a3197da004517d6aecadba93c690af5a181a810305e7edf6f33,SELL,d5f1cfbfa0b03baadcb4d77553ee8b04e33eebb2752d809cf7ea992ff4b66351,2026-03-20,true,RAW,35.00,INVALID,B5|DSI001,NOT_APPLICABLE,ETERNAL,REJECT,NOT_APPLICABLE
SKIP,REJECT,3d245a54ec5133317006cd4cc8e5b50c56fe484dcc22e0f3aaab79eed273bf54,,true,3d572971498c4fb217aaf5d0f072ba90ccc1034da70673eddbadcf2b23f289a7,AVOID,b4ebbe59ba42cd2ec94d030d8cec7e98cf227c44d5f40f97a35ec6aab8044fdd,2026-02-11,true,RAW,59.00,READY_FOR_CONFIRMATION,B5|DSI001,NOT_APPLICABLE,SILVERBEES,REJECT,NOT_APPLICABLE
SKIP,REJECT,3d7e2b5dc79108aebafaad9d9844fbbc6c243554f0197bde4c79015017f86e4a,,true,cbd40522319bc82c9b311c963ff80807cb29d5e36f912a40b11928e48388f432,AVOID,e19ea4905b61c27fdebaad0b5033b6484fce524da4d2c0c092f22592685f98c0,2026-05-25,true,RAW,53.17,READY_FOR_CONFIRMATION,B5|DSI001,NOT_APPLICABLE,TATSILV,REJECT,NOT_APPLICABLE
SKIP,REJECT,3d7ee18f8c5f1137327933f120a4014fb24986be1e4e1abb98a948ef9706b0bc,,true,6809a112a28f3fafa23c5f8be699f6d9bae4b47590b7f538f840ee20ad232c79,AVOID,ffd820ee2b7d43309c8c3d4d7b4434c2baedc9ce3111a63181e7ee37de83eb4c,2026-03-17,true,ADJUSTED,58.95,READY_FOR_CONFIRMATION,B5|DSI001,NOT_APPLICABLE,TATASTEEL,REJECT,NOT_APPLICABLE
SKIP,REJECT,3d809e442101c9fbe0836a5cc4297145ca484006e0a8be09721f04b21a5e74b0,,true,6156d000152dcdde9e3a45e5480cc0596b22b0b3cf1570b2c148cb210304c4a8,SELL,ddeb05358508b13c184774505617a311b63c985e4a3dbe98a0e20a82e095a2b0,2026-03-06,true,RAW,39.00,INVALID,B5|DSI001,NOT_APPLICABLE,JWL,REJECT,NOT_APPLICABLE
SKIP,REJECT,3d9cdcd490618ad350bc8fcf7f5ed9ea6ec7cca323f789acc79fc5ce31f708f0,,true,24bd3cebee43508f2b501c0bfd356f4f7739f8fd63329e8de4f807a113ae2099,SELL,259a21c5809f58c3a7a7fa3c20d3bf031d4509754b645ef99137f8b83a4fb7ca,2026-06-19,true,RAW,35.00,INVALID,B5|DSI001,NOT_APPLICABLE,ITBEES,REJECT,NOT_APPLICABLE
SKIP,REJECT,3d9d50ed0dc97c222233a2843724db035f99c8e4a4202afd042e55442329b8d6,,true,2b70118ceb7fec9dda0661afd94595099cd14f56b56056ac804426193f0af2d5,WATCHLIST,46b348451349210a33066f5c52ddc52416a680595d7880eb21e0634a1feddf5d,2026-03-02,true,ADJUSTED,71.30,ENTRY_READY,B5|DSI001,NOT_APPLICABLE,TEJASNET,REJECT,NOT_APPLICABLE
SKIP,REJECT,3da556f6c572bbd71466cafa69d7bb40e3d14766676f5d1b2d7f9a91d5f1eb07,,true,6f1d22c1fefdd575c24fdda3a502aca035e3ab45da9cd836d56735ff9337fc5c,SELL,ba295edd1cbf46f0258fbf8c081d11c6082a9f5163755311756d5a1cbd8867f1,2026-02-19,true,ADJUSTED,30.29,INVALID,B5|DSI001,NOT_APPLICABLE,YESBANK,REJECT,NOT_APPLICABLE
SKIP,REJECT,3db54e02705e71a2193f6f1e5f1eedc144a3c7df1a355b9ae292deb5c4381db4,,true,a3d32ad96c3aa99e8a2d1fda35664526d54fe27312f701dc58a81498ee3abfae,AVOID,47faf2b31a4cdab729aa832d80c6e00da10dbce41727dfde9c6474a15fa5a295,2026-04-02,true,ADJUSTED,53.09,BUILDING,B5|DSI001,NOT_APPLICABLE,LIQUIDCASE,REJECT,NOT_APPLICABLE
SKIP,REJECT,3dc61b046014426aff42b2a1dbfde361e77c0200b209ba3fe0cb0f9165ddb8d8,,true,65128f76f6c1bc6ad3df1a64a13f6ce13779660f35022e67cadf97ce566be5df,AVOID,a4b500a2e10bcc49c8d84914662e8f9b079c6abb1e118bec60f18b91d77fd591,2026-03-02,true,ADJUSTED,59.00,READY_FOR_CONFIRMATION,B5|DSI001,NOT_APPLICABLE,GTLINFRA,REJECT,NOT_APPLICABLE
SKIP,REJECT,3ded067e26946281a54acb55b2c8867b2e73a5d9f9a90cd8ab67b61285848630,,true,5111e4ea159fb8101800d169112d42411b985d70c6e38f0a353420d655c4657c,SELL,16f122f95e4ad1824aa55abb03d4ab8b64a0a9da07e3a1efffd8d741ff802ac3,2026-02-13,true,RAW,35.00,INVALID,B5|DSI001,NOT_APPLICABLE,YESBANK,REJECT,NOT_APPLICABLE
SKIP,REJECT,3df6d4fd47a1daf12b538379d65df8e5f298e567e476f90eefd8e6fdbcbf3468,,true,22a168a5822526aa87ed8f8dcf741ba7d7b07e580ae22b3d92e900e92f76dcde,SELL,d8eec8c54b1d1fb9da2967ed58027eb687e588d5c2e3a7740d9a13238e4e915d,2026-03-12,true,ADJUSTED,35.00,READY_FOR_CONFIRMATION,B5|DSI001,NOT_APPLICABLE,HDFCBANK,REJECT,NOT_APPLICABLE
SKIP,REJECT,3e0fe7e971d7155704ce5e58ae698865874e7bd068888e3575ea41c07740862a,,true,bb4abbbc0b1a10f701dd89bfa36c13314abb6ebb07c99fce47c2ff5c668856ae,WATCHLIST,40b000ba9d20eceb6f33da3df68342a455b4eec0ea9bc83b704c2e1be07158b3,2026-04-20,true,RAW,60.42,READY_FOR_CONFIRMATION,B5|DSI001,NOT_APPLICABLE,ADANIPOWER,REJECT,NOT_APPLICABLE
SKIP,REJECT,3e2a486d26e9216330609e3ad55d04c293baa0af5b6c10dfac16ee99d05784da,,true,2028a92962a8e58ee1522d006800063038502cde67484b4205e611a3d426615a,BUY,5ca42344da58bb20ab842708b30186eb642ffe15fde403c14dcd17466f84880b,2026-06-17,true,ADJUSTED,89.94,ENTRY_READY,B5|DSI001,NOT_APPLICABLE,YESBANK,REJECT,NOT_APPLICABLE
SKIP,REJECT,3e458f010a6912deb9b879cfd1f45743835cc25fc13dd08afdb25be71427f7a0,,true,c2464c597b3ba759c4647f32e7a2bdcf60278380702e945e1e0c3dd0e78acc6c,WATCHLIST,b40f3b565d36643e8f2a2861af22ae1fc1ffb0f41e003a7e0dcb659ac42bc3be,2026-01-29,true,RAW,60.67,BUILDING,B5|DSI001,NOT_APPLICABLE,NMDC,REJECT,NOT_APPLICABLE
SKIP,REJECT,3e46afb5a05a1c1dceee1f11b1be31d3c7452fff624177a99a94328ffe498832,,true,e58620bfe5cecc46165f55cf2482ff73e0349e167ffe7078cc07f3247cb28e2b,AVOID,5642041bef29dfdc59ebfc2df7a1fed88838559e8dfe70265ec0a523843c92ae,2026-07-09,true,RAW,53.34,BUILDING,B5|DSI001,NOT_APPLICABLE,SWIGGY,REJECT,NOT_APPLICABLE
SKIP,REJECT,3e51ee8658f14e15395f0472c20a28f98b3e37b64f10ffce6b73b05737be466f,,true,577e73f26d2173b761bc0e47ff06f379db0222a715d2033fd0e636bee49fa1df,WATCHLIST,d3d1d4c22fa53e225673de8df153b08b73a4df50212835b2e1ec4c1078a9551b,2026-06-03,true,RAW,67.59,READY_FOR_CONFIRMATION,B5|DSI001,NOT_APPLICABLE,GTLINFRA,REJECT,NOT_APPLICABLE
SKIP,REJECT,3e8e3333e2fdc99b1b7aee62568e696266f36aa7b5a1e2e24b6e8c4dd30582b9,,true,a55cc55bfa1219db83b25624c514459fa9329b156d63544057a9e98b3d6d1d15,AVOID,05eab0cc6154ca011cd7b3745c5b091767d5f8216f7aaf2cf45e6ebb1f9f239e,2026-02-13,true,ADJUSTED,52.61,BUILDING,B5|DSI001,NOT_APPLICABLE,LIQUIDCASE,REJECT,NOT_APPLICABLE
SKIP,REJECT,3e91c79e674e2ea870e11a1bca35e4c8248bf22c44c07cdef6a30b374be8b347,,true,d8a121b14c4e88d5de3e7867053890875cd8f10fa9b5ffc90c031ae36097bfc8,STRONG_BUY,90ec84fec60b58c1ede9a7dad183fcb4d2d77a53bc9f33acf8edbab81b8d1a80,2026-06-12,true,ADJUSTED,93.46,ENTRY_READY,B5|DSI001,NOT_APPLICABLE,IFCI,REJECT,NOT_APPLICABLE
SKIP,REJECT,3ea094277f7a6b7ec670b33431432e9c63292c3e2f63f61cde5c7156c0642162,,true,22fd2cd51a69b9c8d93a29318979d30219abf0a2c66442b4885dc8a1a97ee4d3,AVOID,91841142fcc41658bce5a774e5e164dd7571191024bb6a09a084409aed73897a,2026-02-19,true,RAW,51.03,BUILDING,B5|DSI001,NOT_APPLICABLE,RNBDENIMS,REJECT,NOT_APPLICABLE
SKIP,REJECT,3eaa8154b3383efdb9d551396d740927fdff0fa9c90cb0da4bafd629a6263351,,true,2671b89fbdc2625d0b8ef70aec6429e769f7c0f0d9951a93f444d131f74d1055,SELL,b70f5d6bf01c163f3fa2eb16ada11782b37040acf8ad3c81de56060c79027dbe,2026-03-19,true,RAW,35.00,INVALID,B5|DSI001,NOT_APPLICABLE,HDFCBANK,REJECT,NOT_APPLICABLE
SKIP,REJECT,3ebe69032c10a4b70358100ac4a210d5168dfe0bf56ae12c032c9b0e5a5aa245,,true,4b013e3a9138bd86ea75fbf0240e3bf4c7223717f9830b788858ecdc96c628dd,WATCHLIST,a876992359986ea4ca1be8e4b0891b6593ddd7f84d2217849b4fc86069c802da,2026-07-01,true,RAW,69.08,READY_FOR_CONFIRMATION,B5|DSI001,NOT_APPLICABLE,YESBANK,REJECT,NOT_APPLICABLE
SKIP,REJECT,3ec4e7ccdce80128de51b50e089addd1e709357243104d49a43298b30bd3606e,,true,88a410806e78adfb5527eb5c0e0f99dcb86f77d74757c64486f62ca7638047d8,BUY,d883d489869ae990397e44c0269297a473aad6bd3e6962aaec62e8e5720149b2,2026-07-16,true,ADJUSTED,85.19,ENTRY_READY,B5|DSI001,NOT_APPLICABLE,MRPL,REJECT,NOT_APPLICABLE
SKIP,REJECT,3f40254851ee645c9581a5bd06fc01e7d9a0036cb2b7917afd644dc2f28bef93,,true,0bbea81f3d7a5a7fb1a6062de8d5975bb57bc127ceb35dd45b62d8f3167da421,AVOID,6a4e9262909e775dbee2cdb4d66c52d810714ad062c048de65855d07ce628226,2026-05-12,true,ADJUSTED,59.00,BUILDING,B5|DSI001,NOT_APPLICABLE,MODTHREAD,REJECT,NOT_APPLICABLE
SKIP,REJECT,3f44ee08a024f118bd39a7873fdd13bfa6d91640e2a1b8ba5cc6bed17b7285cf,,true,cea2d3b84f75376d1a8a7f9b2e2e75d0ca6fcb389d6b87efb9904d32667cb573,AVOID,a6aaaee614433b66d39ce5c6619d65b69d971c2ee888dc39131c7bc625a96dad,2026-02-24,true,RAW,48.25,BUILDING,B5|DSI001,NOT_APPLICABLE,CANBK,REJECT,NOT_APPLICABLE
SKIP,REJECT,3f6bd23a294cd7dd9219e9712c9a50f8396156ef614959ce6d72c951f7053535,,true,5948efd66bc04eeff9255fcaa78c8a687ad2f53d2408499d997855afe3db2799,SELL,e67c4d279636ca924b7a7debaf6bca97ccbd9a3a3c0c223cc1a1cb81aff93112,2026-06-03,true,RAW,39.00,INVALID,B5|DSI001,NOT_APPLICABLE,NHPC,REJECT,NOT_APPLICABLE
SKIP,REJECT,3f87f262074a358456157264dc9b5462a711a6aeffd07ac3704d67b5537024b3,,true,eba76bfaf68dcd4d01fee8709210113d3fddfd23902f80490e926981231e15e7,AVOID,ad1589aa09ca0f9216a07d06296a654fcabbfe206e1138827ff185292d810d7b,2026-01-30,true,ADJUSTED,59.00,BUILDING,B5|DSI001,NOT_APPLICABLE,YESBANK,REJECT,NOT_APPLICABLE
SKIP,REJECT,3f95b2d28483f917ca00ae8f175ddf7d7300dc24264e7282a7c2be7011061112,,true,01d6732a9355018ea9f874c7dfcf7a5fc268631046722ca05f6a50babfc15644,SELL,802cdb6f2f990319c6dffdf06dbd048ee89c40a07d5b1152014e4a305e61e525,2026-04-02,true,RAW,35.00,READY_FOR_CONFIRMATION,B5|DSI001,NOT_APPLICABLE,TATSILV,REJECT,NOT_APPLICABLE
SKIP,REJECT,3f9e5d47756d4f210d64cc42e0b54dc3a56274b699cbf6f5fa1f4d86ab69444e,,true,547978baa294626c0367abca983f7416d539fbf0f5955d0b06ea8cd76c991f61,AVOID,698255ed5c0cfe713de9b1539a8fe57b47783cf88c02a7556b5d7f01809f8110,2026-06-25,true,ADJUSTED,40.00,INVALID,B5|DSI001,NOT_APPLICABLE,HDFCBANK,REJECT,NOT_APPLICABLE
SKIP,REJECT,3fd9e073426a86eb1542f86325ea0c0577511a35b2a413c44421ac4124fe6b75,,true,728b030eae28a99a0e1f5f9e230c053023de2ec46352759d2ba6544fbc11f602,AVOID,2577f3a8f76f5b2bc98e13f94f44d84cbce524f593818987b1dc44e0fcfb83c0,2026-02-10,true,ADJUSTED,40.00,INVALID,B5|DSI001,NOT_APPLICABLE,HDFCBANK,REJECT,NOT_APPLICABLE
SKIP,REJECT,3ff541201e7377ffa1032eb858ec708529a760a8cd0ca36e6038241f5e1a398f,,true,09bffc9a500dc167b5cc3d3e85f586d56f1f8729f7f75d2763218329185277f7,WATCHLIST,5415e96de019cc59523467a613a829d4a1b8c82b8ea06a925a4462adfc01e890,2026-07-16,true,ADJUSTED,69.22,BUILDING,B5|DSI001,NOT_APPLICABLE,BHEL,REJECT,NOT_APPLICABLE
SKIP,REJECT,400449eda1803deb7bca7a6aee180b2db5ff060d8e7e28bcbc074253f4c498ad,,true,8f45e796d0bf6f524dc0f8d2525062d03eb3c92fd11156f972952a96cc2a2c4b,WATCHLIST,c6e320245a06bace2f9fd8bca4534be6ecebac96f2b7e16f19859e7adb5a7dfa,2026-05-25,true,ADJUSTED,61.98,READY_FOR_CONFIRMATION,B5|DSI001,NOT_APPLICABLE,YESBANK,REJECT,NOT_APPLICABLE
SKIP,REJECT,401c2d7617e94bf0d3167a05a91fec42010ef916f087e525425a30efcc34e538,,true,0af66e0fdc0a44800a06e7bc435606bf21a007fc247477ebaae1923960701245,SELL,dd32674bdd06da35fdde11f899f8c72f01aa1a0520300d49d88078a62cde707a,2026-02-12,true,ADJUSTED,35.00,INVALID,B5|DSI001,NOT_APPLICABLE,HDFCBANK,REJECT,NOT_APPLICABLE
SKIP,REJECT,4022b61e3095de082a3d8bb0a15322e516f5f44bcc1de6ec4c500a28bbecb6a6,,true,c3a91dea63e3f42b64e45de4adebc9d3312fd641b17c5ba1f7d9702e920d5603,SELL,56f6182e9084ccdfc89971844472a975ed4817dedc3c230161db0b22c57fb5d0,2026-02-25,true,ADJUSTED,35.00,READY_FOR_CONFIRMATION,B5|DSI001,NOT_APPLICABLE,OLAELEC,REJECT,NOT_APPLICABLE
SKIP,REJECT,403164f5bc72e3238776b51c0db1f8e6fd3aaa64e6ed6219ee331eac298e1e4e,,true,fb60b6e58b22f165f437a362156262dc81399d8cb50dbc426ed9e0f74fa44edd,AVOID,f7595a6f21a435450bfa056919310df2480e57be14318baeaff0ad02ed75dc83,2026-04-29,true,RAW,40.00,INVALID,B5|DSI001,NOT_APPLICABLE,TATAGOLD,REJECT,NOT_APPLICABLE
SKIP,REJECT,403b4ac09b11e393ee3f2e9a7e283a89b2371d79ae3e97e436c4fb20b0d41415,,true,13b1c6d14117c80bc6688c312778fdaa783f5b83c288e6447f7b074f2d801f1e,BUY,54ec47f0cfe5f1895f695a6ccd136b9f5f40422e45028162c2586962f6b57b15,2026-06-29,true,RAW,83.76,ENTRY_READY,B5|DSI001,NOT_APPLICABLE,YESBANK,REJECT,NOT_APPLICABLE
SKIP,REJECT,4090ab3428e6967db3aae0a0b20f918b65c9e0844376070bc947ca0c67773141,,true,55619db7e454328a721771e673010c799040a41f5d32b05e1f6a38c37dd6bd77,AVOID,1dcd697c2e7175798dfe31e95297ce8c80e0eac5d6a7f6f03ced52ffa8fad777,2026-03-27,true,RAW,48.03,BUILDING,B5|DSI001,NOT_APPLICABLE,LIQUIDCASE,REJECT,NOT_APPLICABLE
SKIP,REJECT,40c6e5cdb42199986a81ad2fca07eb191c2e274b3bc323aa22def95b3f0aef8a,,true,defc516786235530628bf3cf39f08251a1afff9ce73c90cbfff8270bda7ec041,WATCHLIST,9bb33ec686a0b8177a53e94f9c936c7fc974c972037ed10b8fc66a66ee48a45c,2026-07-08,true,RAW,71.03,BUILDING,B5|DSI001,NOT_APPLICABLE,JINDRILL,REJECT,NOT_APPLICABLE
SKIP,REJECT,41079ce9e56a596848570656d7bb15618b39cbd30eeead7ff4fc5d9461cba4dc,,true,50129ec555a010ffa50975334d4995cab9d1e504b3c092bee115776b7dac262e,BUY,56db90c78b53eb5ff9f9ea37990c3a13b2b930e3f9d6745f10e00e84c879dbc4,2026-06-05,true,RAW,87.23,ENTRY_READY,B5|DSI001,NOT_APPLICABLE,ZEEL,REJECT,NOT_APPLICABLE
SKIP,REJECT,41310b2c3d091070afb9dd61a74df6126e63d0b8c551539ee2c57f2b7cc1bee3,,true,ee625f18c2122552ce785456a688ba1f146bdcab4f3263da2f6e73bb0b8643b7,AVOID,c65c593ba17ac2dafb7378b896e0140cb6a16d359765661fde306b44a7d9c139,2026-04-21,true,RAW,47.47,READY_FOR_CONFIRMATION,B5|DSI001,NOT_APPLICABLE,YESBANK,REJECT,NOT_APPLICABLE
SKIP,REJECT,41370644a3843cfa006e22960dcfa009d5c97504cc330e3161e30a9517880b58,,true,5aec033ee3656d751fe0ca7e2e699b182e001f5be7d2ac5569fbabeebc186c42,AVOID,1a700eeca56f957d7f705d5935a8cc69d41c521c1dc9b0c0a1c16fdac3ef4d68,2026-02-13,true,ADJUSTED,41.05,READY_FOR_CONFIRMATION,B5|DSI001,NOT_APPLICABLE,GOLDBEES,REJECT,NOT_APPLICABLE
SKIP,REJECT,414efac7b1116f931b777c7fab91924eb2195a2433e7c0be990138cbfa3cad61,,true,77f79315b2038fe9e704ae9712fee3eee562df1ecc333b930225353d9df53ed5,SELL,d04d45738f50b43fe6fb654d6ddcb8dca31a8d4bde28d757e1bb4b04da26d1f6,2026-02-20,true,ADJUSTED,35.00,INVALID,B5|DSI001,NOT_APPLICABLE,YESBANK,REJECT,NOT_APPLICABLE
SKIP,REJECT,4184154ac5e196cf06b7e30a891c08a2595ddcdd2dc0d17f78137f7a8ef1c0a1,,true,e90082fbb73794104e334403bdd9cfe212b17197597474e615a36eeb6f813489,AVOID,47c0c71f9963e009e5a77e7c32560382b04c6e3df979e4f9024bfdf164b24db0,2026-07-08,true,RAW,59.00,BUILDING,B5|DSI001,NOT_APPLICABLE,AEQUS,REJECT,NOT_APPLICABLE
SKIP,REJECT,41b139a8abdb16fdecda241b1fbedc5da75a9cdda4b58c57d4b53c419f8801f8,,true,defc516786235530628bf3cf39f08251a1afff9ce73c90cbfff8270bda7ec041,WATCHLIST,9bb33ec686a0b8177a53e94f9c936c7fc974c972037ed10b8fc66a66ee48a45c,2026-07-08,true,ADJUSTED,71.03,BUILDING,B5|DSI001,NOT_APPLICABLE,JINDRILL,REJECT,NOT_APPLICABLE
SKIP,REJECT,41d54d28822d3ea71ff66e4c2b0a6a552aac8e9f3b6a9bd8013ebf4c517817db,,true,a4cf9534ae2b80be3b481f901877c356bb1eaae9e130f6fd171942e1a52bfdf7,SELL,166e18f307e58a969d065ebe8ece789d28d4738c88483eebf6f2a75264375fbe,2026-06-10,true,ADJUSTED,39.00,INVALID,B5|DSI001,NOT_APPLICABLE,MEESHO,REJECT,NOT_APPLICABLE
SKIP,REJECT,41df288594cd59280cbfb74e5d7c9645c9f06d683695fdb13150b19a28629791,,true,1da2e2dc2c52eb6b272c0be22bb7550ae3898537c64fc7e45054ad71adea003d,SELL,741c0bd5d66fb0938e4dfa945e5038ed53128b8f604b1f81ff1baf90f9f8a0bc,2026-05-18,true,RAW,37.77,BUILDING,B5|DSI001,NOT_APPLICABLE,LIQUIDCASE,REJECT,NOT_APPLICABLE
SKIP,REJECT,41df2f15bc77a63fd49f20c43e9ab99449b618288be11ef932142ba971826c94,,true,a60beae80e49af6aec50b45f8c712c5b7d26098d7656550e180b2548bdd8c289,AVOID,7eabe4aaef7c2c538781b713690f833b6a258e7e3442473f997ac3899873353b,2026-07-10,true,RAW,44.84,BUILDING,B5|DSI001,NOT_APPLICABLE,SOUTHBANK,REJECT,NOT_APPLICABLE
SKIP,REJECT,41e879de03fe2e63bf513998e3b71b943eb4db151ccb234c43eb323e28c20f26,,true,5948efd66bc04eeff9255fcaa78c8a687ad2f53d2408499d997855afe3db2799,SELL,e67c4d279636ca924b7a7debaf6bca97ccbd9a3a3c0c223cc1a1cb81aff93112,2026-06-03,true,ADJUSTED,39.00,INVALID,B5|DSI001,NOT_APPLICABLE,NHPC,REJECT,NOT_APPLICABLE
SKIP,REJECT,42042c7edecb8f241ba8395c9c6e74595446ed7c347681984ac218424b99cbe5,,true,577e73f26d2173b761bc0e47ff06f379db0222a715d2033fd0e636bee49fa1df,WATCHLIST,d3d1d4c22fa53e225673de8df153b08b73a4df50212835b2e1ec4c1078a9551b,2026-06-03,true,ADJUSTED,67.59,READY_FOR_CONFIRMATION,B5|DSI001,NOT_APPLICABLE,GTLINFRA,REJECT,NOT_APPLICABLE
SKIP,REJECT,42069eada9ef61d053c3b814c94140c4bab5ffecb5913e7b358cea2b8a69a500,,true,ea6aa4cee58582453d294144e6e71b4b3d4b8cc95d7550e954bb6adb8ee099bb,SELL,a5ccc2595bb97f631813db394df72b9c0abaa28c47521e4935d2b355bb8639b6,2026-07-20,true,ADJUSTED,35.00,INVALID,B5|DSI001,NOT_APPLICABLE,TATSILV,REJECT,NOT_APPLICABLE
SKIP,REJECT,42133a45cf8d9f5618277f0800b241983275ffc88fb722ba51cfbfa08c6bdcbf,,true,1ebccb8ba8d70e1b1e72aabd7b1943799f15caa73edbf7ea46f50ff397dbcc41,AVOID,22f04e37d4e1ce30f7e32506e36a5dc02ab30b98623794b54e57827fa5f0463d,2026-01-05,true,RAW,57.86,BUILDING,B5|DSI001,NOT_APPLICABLE,SILVERBEES,REJECT,NOT_APPLICABLE
SKIP,REJECT,421f997ca9f80181d1d02a167621bb1ba408ba78e34bad44b590b8d340bedb99,,true,d38aa559f29519fe63d3bb50b3f33048859d52a4f37e3c9b50400e9a44a7659a,SELL,579a10b1cd021b6d246476c155137123dd1cf210268485cfa0204566e4cdc55c,2026-01-22,true,RAW,35.00,INVALID,B5|DSI001,NOT_APPLICABLE,NITCO,REJECT,NOT_APPLICABLE
SKIP,REJECT,42268b3dae4d59ef97154080011e261927d69d09cd02ebee2a70d4a019482da3,,true,c3416ba3f46edf37c77b16069939523f2482de22e35a0ed4d48e49e824efe130,AVOID,1794cc36c87bf76f33e771158dfffd24189393848b15e90fbe0cb3c4a7f3d9bf,2026-01-01,true,RAW,58.60,BUILDING,B5|DSI001,NOT_APPLICABLE,TATASTEEL,REJECT,NOT_APPLICABLE
SKIP,REJECT,423a728bde67928b97ce811ae68b110939e3eed8d5085b404db387f2816bb6d4,,true,5dd74dc4abec1f8fb0ebf59f57df12553445274e308066c6019fbb73dfdad652,AVOID,844706c2a8fbda924b24a72d6b309d322073ed8b0acd212c2206c58ab8ab9347,2026-02-03,true,RAW,56.86,BUILDING,B5|DSI001,NOT_APPLICABLE,POWERGRID,REJECT,NOT_APPLICABLE
SKIP,REJECT,4256934675a4a22f9f152629740d981fafb1465209cc035a7c3ce1b712890844,,true,037c3fc899dbf43f63c4e7d86dd1f3d7057f1b420ea98057e91ccb37c185851c,AVOID,9e04e11ae43f56ee59600dffee69695ec215c684204780cd3c4e44608d342626,2026-01-01,true,RAW,49.10,BUILDING,B5|DSI001,NOT_APPLICABLE,HINDCOPPER,REJECT,NOT_APPLICABLE
SKIP,REJECT,4269759e62e3f5d071d4c0d1455b65a64b7dae87330ce64fa5f70c233b58f31e,,true,a4c715a5fad16f8a6660e4780d031c30f0c19ea23416dd04b7c54a91221429ad,AVOID,c9d0b816692c264599426cc6f4eef950a10b3a6edaf33fc7a94705f40edcd6d6,2026-05-20,true,ADJUSTED,55.10,READY_FOR_CONFIRMATION,B5|DSI001,NOT_APPLICABLE,GMRAIRPORT,REJECT,NOT_APPLICABLE
SKIP,REJECT,4291fe78ca445789c8403c28975c37f89328296dcbb4516fa019045325813919,,true,d71cd3908692fc958aac72face4b507700817878b18b998fafc4623ee662980d,AVOID,ffcfdf4a0172e4774368715b4d6a7035cebbec2d7bb3dfafe98142549b996b64,2026-02-20,true,ADJUSTED,55.73,READY_FOR_CONFIRMATION,B5|DSI001,NOT_APPLICABLE,GTLINFRA,REJECT,NOT_APPLICABLE
SKIP,REJECT,42de0d75383930daac746e00bde2daaa0dada4172630f1f1b35a4c0e8e522fea,,true,35d6f8a2e1d256e9e00bcf9d1b784c6675dd49460b359f56443009f56889e7ed,WATCHLIST,ebda003cd9846b7b29d5385ea57a51ef48ca808d48c677fafe7b4fdad89c0eae,2026-07-10,true,RAW,74.00,READY_FOR_CONFIRMATION,B5|DSI001,NOT_APPLICABLE,PCJEWELLER,REJECT,NOT_APPLICABLE
SKIP,REJECT,42f1f36e794a2642433c0577e413fa82c0f48f7da5d674e6c694c6e651fd5005,,true,821c195b0d7a1be3c66e4e6dbe0b6d8d4a507a669b5676f92d785602dd303192,SELL,8e01830ea901d63a0343e7d218007b29dc8fb4fd5f0ea91b0fa97b1beed08511,2026-06-08,true,RAW,35.00,INVALID,B5|DSI001,NOT_APPLICABLE,ASHOKLEY,REJECT,NOT_APPLICABLE
SKIP,REJECT,435720df5e2b9a13f566103bc81dd3c39edb850bd4ae5edcac67eba9a0595ab4,,true,316765417907c4645fd3a782af0f4aeec8dd218058d5d725e4ecbdaaae57e2af,WATCHLIST,8682c223ea9035ab4717002944d8e556a7e8a09c2944c6532bd4647b1fddc01c,2026-07-17,true,RAW,71.41,READY_FOR_CONFIRMATION,B5|DSI001,NOT_APPLICABLE,RELAXO,REJECT,NOT_APPLICABLE
SKIP,REJECT,437cb8c6ee9ff4477b68adeb8e72f10982ebf05c25ddd2c1ebcaa1354e339046,,true,8edc582fc630c5ed127df873f2d219e42b60f97e09df51841b597ebcc5743d16,STRONG_BUY,c4a13c1544628b089f1600163424cb6b3bfbd6b63cc1818bd4dcc68383ec253d,2026-05-07,true,RAW,91.10,ENTRY_READY,B5|DSI001,NOT_APPLICABLE,GTLINFRA,REJECT,NOT_APPLICABLE
SKIP,REJECT,438678ebca91f4baafb76db7fcc08dfa4dba75aa2131201c41efc10e1a476ac8,,true,4d779d015ef5345049a4f53686cc72cc8fc8ed33bf744d3159e1f418bb30391e,SELL,ef95a84c56c1c9587c1c7457b1fc9fe0bdb7a52412da99d1e0f4e21f24ffce98,2026-03-24,true,ADJUSTED,35.00,INVALID,B5|DSI001,NOT_APPLICABLE,PCJEWELLER,REJECT,NOT_APPLICABLE
SKIP,REJECT,439a1086cbe9558a3dd7f52afc8e653df7860ac786709ebf1468ed56d5f8c322,,true,f6bf6b6d149b90e4e00cb0cc8eb783db119c1b338f08c1c6f83737dff60827f7,AVOID,027a7cbda19c3f9bda9eab04ff3f309dc99fa3a19cddee986811f4effc9cda12,2026-01-09,true,RAW,48.07,BUILDING,B5|DSI001,NOT_APPLICABLE,IDFCFIRSTB,REJECT,NOT_APPLICABLE
SKIP,REJECT,43a5491f9eef8109d4bfa8f5101e8f29d0d856947254aa1ac92cb51f1ccc6d56,,true,27b331d29459d0b7077819fc412c12c2ba89ef26a769d2cf24a2c7b81980806e,AVOID,5fb96eaf935595248bad28026912868ea85ebbd906909cc05902f6f5f9c7da53,2026-05-13,true,ADJUSTED,54.74,READY_FOR_CONFIRMATION,B5|DSI001,NOT_APPLICABLE,GROWW,REJECT,NOT_APPLICABLE
SKIP,REJECT,43ac75a991dadd7d0d545b592bfb940b177cc10f6b6482f04a48ea7d192b944d,,true,b6924df6f430845d7cb46ff61264c81c73fab4bbbdc26dd93d209b861a24efbb,SELL,7024ed5f21ed2f29bd05d8790a5cebdb0e6e9b6fbb2777032b63e6ac9d45204d,2026-05-05,true,ADJUSTED,35.00,INVALID,B5|DSI001,NOT_APPLICABLE,HDFCBANK,REJECT,NOT_APPLICABLE
SKIP,REJECT,43c224dbe323c61a846b268c5b6dcaeb28ab03b63965da00d6eb1abc87654257,,true,eec1c3e1fff9a635b96033ccaa171b99d3404d7c99da2e0cdaa9e5c414688c6d,SELL,6e03d6e81e48d79f9a74df18e08bcdce59884518b643b08ab9d10551eec22236,2026-03-23,true,RAW,35.00,INVALID,B5|DSI001,NOT_APPLICABLE,TATAGOLD,REJECT,NOT_APPLICABLE
SKIP,REJECT,43c75b2dabb272d5b4c4d7d3960cd4e223041f373f2c4704a7aae21f126da8a5,,true,3cce48d5673a7f1e62bf5182e05a33fc6555d6cd4a6cc6ff518cf1d8f0dc88c8,AVOID,5e53ea9d471136770245989dbe494fad159f6d6349fb5a06f5a0b6f80010ab87,2026-03-17,true,ADJUSTED,52.88,READY_FOR_CONFIRMATION,B5|DSI001,NOT_APPLICABLE,TATAGOLD,REJECT,NOT_APPLICABLE
SKIP,REJECT,43cd7f6279cc376705469217861691f65655d62336849cd176a2a8d495b2e136,,true,3184d33b7a3f6fca07317fa311ab01193ce4c479cb5173d7284cf2ec064f8e8e,AVOID,3b254d3d97b23a435927c8da2a21c7cea1adf2860965daaf809608da1af7fe53,2026-01-19,true,RAW,47.31,BUILDING,B5|DSI001,NOT_APPLICABLE,UNIONBANK,REJECT,NOT_APPLICABLE
SKIP,REJECT,43d59e65bbd466342b3ccad79919af50b6586d310661c999a0d55ff191f2c7a4,,true,a55cc55bfa1219db83b25624c514459fa9329b156d63544057a9e98b3d6d1d15,AVOID,05eab0cc6154ca011cd7b3745c5b091767d5f8216f7aaf2cf45e6ebb1f9f239e,2026-02-13,true,RAW,52.61,BUILDING,B5|DSI001,NOT_APPLICABLE,LIQUIDCASE,REJECT,NOT_APPLICABLE
SKIP,REJECT,43f49dab1085bbdf674cd57e8ba0c5f13f8f809aea1df3cd81271e5ed01c8a68,,true,0ea0660cd9e0c040db1e7c647872d47fce5a03fa0e459c32d1334b453c5c28ba,AVOID,ad480d81f564e26dee7838083dd03bd55d2b8ae0cde3fa9d711e995738a09e8c,2026-01-19,true,RAW,59.02,READY_FOR_CONFIRMATION,B5|DSI001,NOT_APPLICABLE,IFCI,REJECT,NOT_APPLICABLE
SKIP,REJECT,44208bd3f24014bf1b033ae4cff204c51eed534ada22f142c0727f3a92d65bcb,,true,6868854f3dc6b3a1ce68c92c6291545ae1f270ec8007ccdf4c5a34221b73e8d2,WATCHLIST,08a5d84db7dab5e2fde8bf0242291d7e60edba029add1051a5668c8de494ee58,2026-04-08,true,ADJUSTED,62.30,READY_FOR_CONFIRMATION,B5|DSI001,NOT_APPLICABLE,JPPOWER,REJECT,NOT_APPLICABLE
SKIP,REJECT,4442940a63cb942ce26eafe5d343843a9e01c7d9a1b61c0d763f7a8af39fe6ba,,true,c953d4bdb5f8b429cfacf91efda03058e94ae6730af1131576e5c7e208f0d247,WATCHLIST,a6e08682f00b62dafa6ec4e01a3184d058caaa81b769c61ebd6673240f779789,2026-07-14,true,ADJUSTED,74.00,READY_FOR_CONFIRMATION,B5|DSI001,NOT_APPLICABLE,KALYANKJIL,REJECT,NOT_APPLICABLE
SKIP,REJECT,44707314f1d20613b7b30a6071961ff55260584353dc33c3cf985c9cfe5a7aed,,true,cd6522e31decfbf6b17d38f4973bee946394beae2cbac8d09451f6b6803c743e,WATCHLIST,73f127ea4034bf19c6ad1168181e800117528772991f531ac8472568f148d92c,2026-03-04,true,RAW,74.00,READY_FOR_CONFIRMATION,B5|DSI001,NOT_APPLICABLE,TATAGOLD,REJECT,NOT_APPLICABLE
SKIP,REJECT,448cb866f87bc23fa6f9ba9600fe79f5ee96d5bfeec9bedb033db69c84d8d98b,,true,1111b6dd1707c353b9cc14b1b880fc248df59d5ec33e1ce9b1fa12a959d3cc65,BUY,2ac55289d5f83ca08998d74c9006e738a1a4b6ef0cbbb16f1a1c79b2b213c019,2026-01-07,true,RAW,83.99,ENTRY_READY,B5|DSI001,NOT_APPLICABLE,PCJEWELLER,REJECT,NOT_APPLICABLE
SKIP,REJECT,44a1db96002ba1b6ca62475749772337be38b0600962a4587b40115a06336420,,true,448985dd186d7432fb942399d2205243171687394688f7c6fc6eb93e7e264d01,WATCHLIST,8a0820f5742e5e866866a8ddfb5e0942750f8fb074a924baea86b6e16c95c021,2026-05-27,true,RAW,63.25,BUILDING,B5|DSI001,NOT_APPLICABLE,OLAELEC,REJECT,NOT_APPLICABLE
SKIP,REJECT,44a30d8cf5d4916d60cee2b8a0411c762673dd9d507313c067a15fe48b622e83,,true,6de1c6144824a9cf1cb180b7d76e3f4ff665aae67a8362804dac0ef3647d2dfa,AVOID,ba47727fc22d713e1ab52b97e063b9c900ae2ee72788d97443da452ac07eb913,2026-06-03,true,RAW,59.30,READY_FOR_CONFIRMATION,B5|DSI001,NOT_APPLICABLE,YESBANK,REJECT,NOT_APPLICABLE
SKIP,REJECT,44b30b0056c2c1211cdefd70be6a0d0a932fecb2861aabdbfa374fb589d273ab,,true,ab1f330cfb15320e14e45953bc26e65528c20f9d395049ac55cb048a1895a702,WATCHLIST,f615a3f9fd09a14ca34a02261780b5f218879f90334a1859aab99523fe890c2e,2026-07-08,true,RAW,74.00,READY_FOR_CONFIRMATION,B5|DSI001,NOT_APPLICABLE,PCJEWELLER,REJECT,NOT_APPLICABLE
SKIP,REJECT,44bef0d44d1b6d374bd75dda62c97b43fae61fc784deb7e937220834705eef07,,true,8859b6785114051270781494e71d199024521afc78d1d05f607d9ad322772119,AVOID,4cb02ca9ef9969873a310ba0d4a103888bb6bedf2fdf43218f624c13912db63e,2026-06-16,true,RAW,55.78,BUILDING,B5|DSI001,NOT_APPLICABLE,HDFCBANK,REJECT,NOT_APPLICABLE
SKIP,REJECT,44da4b210d26d59235a7c7e9b09642a5bc2e5d302b5f549747643b2d30e926b7,,true,f23cab117ceb353ddbe5a04cbb9caad0a5305c649cdc6e5f4210c2025d73bdac,SELL,4f6cd70d01813605ffc5e95a53aa2262fab20f8eba0922f663729b17ed63da87,2026-02-03,true,ADJUSTED,35.00,INVALID,B5|DSI001,NOT_APPLICABLE,MASKINVEST,REJECT,NOT_APPLICABLE
SKIP,REJECT,44db4e1c59c7ec9af02e0d024d645f52e120386586079c05b20b335beacfe373,,true,463ca1e80601e13a7aa74bb8d8e3f2867411c899145f092e7501d23195689b57,BUY,f7daca7eec4fad749f73b40e0d911d032ab68a231862bd8cd5dd95e09884b5b8,2026-07-20,true,ADJUSTED,75.65,ENTRY_READY,B5|DSI001,NOT_APPLICABLE,BECTORFOOD,REJECT,NOT_APPLICABLE
SKIP,REJECT,44fa4a7d884b26ecc0756330bffefb920e57add504ad2863911dba757a5ce027,,true,2028a92962a8e58ee1522d006800063038502cde67484b4205e611a3d426615a,BUY,5ca42344da58bb20ab842708b30186eb642ffe15fde403c14dcd17466f84880b,2026-06-17,true,RAW,89.94,ENTRY_READY,B5|DSI001,NOT_APPLICABLE,YESBANK,REJECT,NOT_APPLICABLE
SKIP,REJECT,4522e23c294c354c236ac03b9953191819b360bded93334063f54b5e2a8b38d4,,true,10b5b6fb8b608f372cf0baef11056903af30eaca529ecdfb02531e2aacda50e6,WATCHLIST,da892412e85320782ab2c77f86bffa019f40c46a9d11197f62ff18bf2bbbb8cb,2026-04-28,true,ADJUSTED,66.76,ENTRY_READY,B5|DSI001,NOT_APPLICABLE,ONGC,REJECT,NOT_APPLICABLE
SKIP,REJECT,4532c842d0168cba954dfdbbb6fc7d68d52075bb3ffe1554e08f7ac94428253b,,true,8454c3781bae05b3ec2504e4228364de80e842adb49da6df3ba59571bf59abec,SELL,2457442751e86d93a721bb8a79a2b3ed6f8d2b39bffc2799b7b2c5bf4255aaa6,2026-04-10,true,RAW,39.00,INVALID,B5|DSI001,NOT_APPLICABLE,FILATFASH,REJECT,NOT_APPLICABLE
SKIP,REJECT,4547cf1164a4c8161929bd49ee9137157288f4a0618dc7cd7b4032f6d92c1beb,,true,259c8c187a821048f8af196f1bcfefd97afb16fb6838ba45d05547a72559e9bd,WATCHLIST,0c9678a7f3c0e335dd450839d97e40c365d8110a8b9e1257c50ca04e513ba6fe,2026-07-16,true,RAW,74.00,READY_FOR_CONFIRMATION,B5|DSI001,NOT_APPLICABLE,BECTORFOOD,REJECT,NOT_APPLICABLE
SKIP,REJECT,4548b759b4d606ca186c6ccdfabe3ed58c982e976494028373603b782a5db7f8,,true,987a8698a01c76b0f458efbc98ab473e1e6b81184da63e33875703c671d594e1,AVOID,81a3f396e308419253a2080ca77c66ac0f604f74404be22cb386b7eaaab0c37e,2026-03-18,true,ADJUSTED,47.59,BUILDING,B5|DSI001,NOT_APPLICABLE,SILVERBEES,REJECT,NOT_APPLICABLE
SKIP,REJECT,458bf6bd2074cc6aed39ddf1a68aeb9e80e01fb8f812f0144d3c8fec3781527b,,true,2d0db311d2233755eb9a713760b7021904b48ce22aca0c9686e36970814e8144,BUY,20958e6c02a749114c8532f1077cfc8795d13731d12a26538e69b68ff524885f,2026-03-12,true,ADJUSTED,79.13,ENTRY_READY,B5|DSI001,NOT_APPLICABLE,ADANIPOWER,REJECT,NOT_APPLICABLE
SKIP,REJECT,45ae1ea4f13b205864b5f8942563ec06a9290991af313be4624e6a4eedf0ba76,,true,73e279f8944c2354198a5e176d31be1a15664e52e9e91e2bd7bb0955444274a3,SELL,35ab90e35c51c0bd3e3271f84cecfb573547ebe867105b2c499138b367d1db87,2026-03-02,true,ADJUSTED,35.00,INVALID,B5|DSI001,NOT_APPLICABLE,HDFCBANK,REJECT,NOT_APPLICABLE
SKIP,REJECT,45c7fb1782536b83baa5c291d89b23c61facce6e69cebea5a3d9c37b01544f3f,,true,28ada798f578fd5f64b3b3e95268f65c0678ed10642e9a116af2f121b52f8725,AVOID,4a9bc4dd8590c7cec5513aa9a1408ff04f0b942c6aafa45e2b377de581a4fa04,2026-03-10,true,ADJUSTED,59.00,READY_FOR_CONFIRMATION,B5|DSI001,NOT_APPLICABLE,TATSILV,REJECT,NOT_APPLICABLE
SKIP,REJECT,45dca7ada756940ff8c6c127b8ea20883c703f8240a645c3fa7f3afcbc67909a,,true,abff23ea7d08fd659b663d2e6061c371a3b4992bcdeac9defd8bd4d100bf3e28,AVOID,19a030525712d6370d7907425ebef9775ef31742ab8f32e16490652762df6649,2026-03-25,true,RAW,59.00,READY_FOR_CONFIRMATION,B5|DSI001,NOT_APPLICABLE,GOLDBEES,REJECT,NOT_APPLICABLE
SKIP,REJECT,45ef2d66821f4b3298339ce5cdafe209e33caa0a43a489431cf6255f564a5383,,true,a7ed417bfad527148d8f29561c70e56559c60cdac6ad663f45db059ed99827ac,SELL,8b0d14fb1bbbc0aff64ab350a2de0b17730ddc6c7f69da504f92c93ad1a32aa9,2026-04-02,true,ADJUSTED,35.93,INVALID,B5|DSI001,NOT_APPLICABLE,TATAGOLD,REJECT,NOT_APPLICABLE
SKIP,REJECT,4600be42a4d5d8db2371fc3cecbf307d0814186384c1e80dbb82d116b85c3c9f,,true,eb4ae06811b6927903320ccd6be14f54dac37503eaa046086f76048a6e4f922b,WATCHLIST,212c6d5e70b9d5fd628b099dcc78a45791b59150a59f4c4221810eedaf1508cd,2026-01-05,true,RAW,62.32,BUILDING,B5|DSI001,NOT_APPLICABLE,GOLDBEES,REJECT,NOT_APPLICABLE
SKIP,REJECT,46035741a8b0d1a58ebe72aa57663191239c4f9ecaef2b636b230bed4c0d4334,,true,4d04658787273996e71ded7e2d57f8b600a391f2c51df16104c3b2e03807a900,WATCHLIST,bef4f7361d849b22b24f6b0f52e50757f5c69a26359c40febf7754b4123cbdc2,2026-06-12,true,RAW,60.87,READY_FOR_CONFIRMATION,B5|DSI001,NOT_APPLICABLE,JPPOWER,REJECT,NOT_APPLICABLE
SKIP,REJECT,4624558a40cdbb9783749e7bc4864c7d300b5573e788a7ce22afb13b5dec356e,,true,23e4b1c0a7ca7ad31fada9785d42ad8a968de2eb5a8fb7f77db7d2e059c3c1a8,AVOID,3d2b08a48f934f90a6a60cf7054fd5130916743ccb6addeda84f88680b68831d,2026-05-04,true,ADJUSTED,59.00,READY_FOR_CONFIRMATION,B5|DSI001,NOT_APPLICABLE,ADANIPOWER,REJECT,NOT_APPLICABLE
SKIP,REJECT,4628aa48de10a242f17c4168d044867adf2ac0ea76663d471b63c60e1920d474,,true,2056583a3a977ae33c82bea7b8729eae2211d5e31ad32b89d10ef6ca4dec2ebe,BUY,23c43fa6baf8c90353bec1a2a6b13e00583b4c8f85ac6df28ab1b406b2eaad6a,2026-01-14,true,ADJUSTED,81.27,ENTRY_READY,B5|DSI001,NOT_APPLICABLE,MMTC,REJECT,NOT_APPLICABLE
SKIP,REJECT,4636395a82cdf49d0565c3dfe7b6e645880d53b00d4e8dbf293913522bd8d75d,,true,1628d38405aa772d79fd6efef0d68ac879acce59a2379cf75446377769346e9b,WATCHLIST,0fe255b97e3eb32e162e1640069373fdca372e4c2c1192e735ca4ef5aeecae24,2026-06-18,true,ADJUSTED,69.70,ENTRY_READY,B5|DSI001,NOT_APPLICABLE,REDINGTON,REJECT,NOT_APPLICABLE
SKIP,REJECT,465987cb5d3ebd4b7b14bd50f306e793e251de55fbee9b6c6f68bd0e0b960612,,true,6fc5d3d6dc79f3ed7b6104de9dbb875a7cdee672333642e32c160ce45d9a906c,AVOID,3968a8823dab4d09308a5a7239c2d1670a0d1bc57d035148036089b677c18ac0,2026-04-30,true,RAW,55.18,BUILDING,B5|DSI001,NOT_APPLICABLE,TATSILV,REJECT,NOT_APPLICABLE
SKIP,REJECT,46c69344a8890c862597a8633730b8087be2e0816c3658d37f62a5d4b5d1cdb0,,true,31b71ee808cdeba47437fc5c54b600cf76159f1cc6e5f77a4351836368824df3,SELL,c835db00f784332c2b5e0b25e1f22e2ee5c9f6a0be537c0cf118e0ff0510c755,2026-03-27,true,RAW,35.00,INVALID,B5|DSI001,NOT_APPLICABLE,YESBANK,REJECT,NOT_APPLICABLE
SKIP,REJECT,46e73a4fe2c4ca8bc2e5b2e371df30688524930e269026dc15a00f291df9e211,,true,c1f6e686ae8ae66d0455e3f0d68cc2c39c279c69d3231543dbe183fa82f2eadc,AVOID,69a260bed4653a083e14e6d522529c1086167e4bd47f25276299896ae655ab12,2026-04-29,true,RAW,40.00,INVALID,B5|DSI001,NOT_APPLICABLE,TATSILV,REJECT,NOT_APPLICABLE
SKIP,REJECT,4714d40e41ce61473ec32a55c5a843a50d906906525206ca4a6da2a0777fc777,,true,8493b89f3fe4304fb608d62de8201c7664587121ef43d6ffad86c92cf8407bee,SELL,98d57289dc5e3c8b9fe05ed903e8161d5c9c47a584be98fa87bd698b9a975e05,2026-04-20,true,RAW,39.00,INVALID,B5|DSI001,NOT_APPLICABLE,SBIN,REJECT,NOT_APPLICABLE
SKIP,REJECT,474f80386ca8866708982cb56230707bcbbdfd60b15bfa74c73df5f9517ea208,,true,8ea19391e525e1053a94ac26b4a85b048341c3d8a5b88bdcff738581bd211643,WATCHLIST,f98bf9d49dda6c6bf3e47fd098be9540616ba098c99e9530b4e0601c0cea573a,2026-05-12,true,RAW,72.44,BUILDING,B5|DSI001,NOT_APPLICABLE,SEMAC,REJECT,NOT_APPLICABLE
SKIP,REJECT,477130b1812fd12b8659426c3b984e567dfe94df11db951aa784a37f08d7ac92,,true,9d6ba4a7ff15ba330e9ab98655076be02974801f396a82e252f7fce74c532b7f,WATCHLIST,e921031585f8b6e0f4d2d335053dcb805493a4cc430f64d0cf2c6bc6d076f4bf,2026-06-02,true,RAW,73.73,READY_FOR_CONFIRMATION,B5|DSI001,NOT_APPLICABLE,YESBANK,REJECT,NOT_APPLICABLE
SKIP,REJECT,477a2266a4717a039c8a304c3f468949f6ee84176356b7f58b3c0fae480eaeff,,true,3e507de0a46d976a7b197da3b266ef17e75b848c66d5386a4d6e9b2d545efe28,BUY,f6d05e7b6ff2ea28d7c0cc9c6f167b41f5f052a26af33d61fa5ffa08894341db,2026-02-12,true,RAW,76.05,ENTRY_READY,B5|DSI001,NOT_APPLICABLE,GROWW,REJECT,NOT_APPLICABLE
SKIP,REJECT,47831598ecf2547cc64d21859abb9737785d01915175f5541bfe4795f4b96b9c,,true,e37c69ebc1e1939b83799e36f71c48b25170d9f126b2f5bdf67911cb956d20af,AVOID,e04289039f4e59e930105fc28723af6a3f2855f7a865e4afd5b164023b8f142c,2026-05-29,true,ADJUSTED,53.25,BUILDING,B5|DSI001,NOT_APPLICABLE,MOTHERSON,REJECT,NOT_APPLICABLE
SKIP,REJECT,4789fa81ab72fbfe1293785af01f4262c7217068edfffa5ebd426ffcde0d3e83,,true,3c1596b95405d3227721b312f77748f38a57bde589c798770ba863d49f04aaef,WATCHLIST,988adfd9e9f196991ca569fe944d47b7f148914ecdbe8a82d9380e5c61bedaee,2026-06-23,true,ADJUSTED,64.45,READY_FOR_CONFIRMATION,B5|DSI001,NOT_APPLICABLE,ROTO,REJECT,NOT_APPLICABLE
SKIP,REJECT,4794c89c4563632ff6dbadbfa5e6102848bdc58b6d7b9437ee627ad9b67d505d,,true,77d16cd6edeaa7858f829afeb53616a658fdc3267612e350df82608509badcd3,WATCHLIST,2965ce523027db2f2a076d33c72a6f5cdc9fc74e516755e31903a4edf064c08f,2026-05-11,true,RAW,74.00,READY_FOR_CONFIRMATION,B5|DSI001,NOT_APPLICABLE,YESBANK,REJECT,NOT_APPLICABLE
SKIP,REJECT,47c2694c04323a9d9acb25743a4b45c20a7b609d77f77ed36602fdd1583155d2,,true,3261ebdf280cb7b6bcd17ec79504c1b31cd38e9379c73f97f7ca76bbf3b66fb6,BUY,f1c8091c0c285d51b4908f9d12ee7e7575bfdcd02cc14c678a6203b941985915,2026-05-19,true,ADJUSTED,86.52,ENTRY_READY,B5|DSI001,NOT_APPLICABLE,FCL,REJECT,NOT_APPLICABLE
SKIP,REJECT,47d3d5f5e93e6e20e1f5484e8992a8715bdd8127b48dbeb1031fff40ddebc67d,,true,f0bbb7cb47f830d5cc2a5e692ddfb8cfd8b3d9a29331a1ad7d20f79983f094dd,AVOID,3149567fc27114c461db1e75463e5386e6103c72b70bb2506042ac2f57e434c4,2026-05-29,true,RAW,58.70,READY_FOR_CONFIRMATION,B5|DSI001,NOT_APPLICABLE,FEDERALBNK,REJECT,NOT_APPLICABLE
SKIP,REJECT,47f26e51e43a97cabaeb4c00c99831765af6485b5b8953536cd59eb380c8e5b0,,true,ed505f2a0daa1291dba8e535aabb849c902bf4e3dcf7185f59b4ad12a39ea3f6,WATCHLIST,aac951303193fa6883aa95cb1fb6251ff01da11a789b48275b19ae67e6aeac8f,2026-05-14,true,ADJUSTED,70.55,ENTRY_READY,B5|DSI001,NOT_APPLICABLE,NLCINDIA,REJECT,NOT_APPLICABLE
SKIP,REJECT,47ffd19b2b39865db484429297ff026b21b1844f314b1f5695145599274373a2,,true,1baab1c8bf6ddfb7be0a0ab6868272afcb26bdbd6ddc1fcf3830cb7ac423cf92,AVOID,b1c7061ac78269ac696d5b0d0cff1a9edc9fca4828d243155fb7aeddaaaef138,2026-01-06,true,RAW,54.48,BUILDING,B5|DSI001,NOT_APPLICABLE,UNIONBANK,REJECT,NOT_APPLICABLE
SKIP,REJECT,4816093238adcfb85998f64fa11c06f0e3ca1395a396dda254e56025ba5c288b,,true,d2c542dc76c680be13b252cee15bfeaa1732498c945903cf0724055fa86937df,AVOID,aa223f681f34a7da8ed8a7a299493e4f0abcf93fde74336475fd3e1dddf4af32,2026-04-24,true,ADJUSTED,45.88,READY_FOR_CONFIRMATION,B5|DSI001,NOT_APPLICABLE,HDFCBANK,REJECT,NOT_APPLICABLE
SKIP,REJECT,481ebf4009b275379438e070fc8c39e4344996562e9cec07f50a52c40b1fa653,,true,3639b167a25b22ab9de6318d2a54dbb9df62d00abf486014d2794dfe2f7de20a,WATCHLIST,d3851bca45abeb350e5f9241ae6d8eba602445c9a061b3490f83de4269be41e9,2026-02-19,true,RAW,74.00,READY_FOR_CONFIRMATION,B5|DSI001,NOT_APPLICABLE,TATSILV,REJECT,NOT_APPLICABLE
SKIP,REJECT,482ae0465e5f0a9abbbda9ee2796ce89390c9f8394fc50d6bb2d9e9dea2b81f7,,true,c4277695e49d3e1eb00794a58efe8418d08662346c43234623c8eed232416328,AVOID,baeeb9ee1012f8e81e356132b93b9ab968c0f614268a98cb04dde1f3290cdc1a,2026-04-24,true,RAW,47.80,READY_FOR_CONFIRMATION,B5|DSI001,NOT_APPLICABLE,TATSILV,REJECT,NOT_APPLICABLE
SKIP,REJECT,48364f22f0574442158c071fc80afc893d7bd18e3419e1be1871884f848561bb,,true,323460dcf570003dac3e947a183029579db56087eb4eef5428dffa10dc4f45ef,WATCHLIST,386d4cc33d97191294a49d26a32ffc80a5e55cdc5c4253e6aa536cc3d3886491,2026-02-03,true,ADJUSTED,74.56,READY_FOR_CONFIRMATION,B5|DSI001,NOT_APPLICABLE,SILVERBEES,REJECT,NOT_APPLICABLE
SKIP,REJECT,4855d8a68909d7a49d600837836e6faad6829dddebe6406d8327782432a5a2cf,,true,1a4a3f11a27a0e2cf795bdee4cac214f040ded41fd9d3d3e5d48a1faf3b4320e,WATCHLIST,53d1544f6cc33736d64920e38ab6697f8a7d0357e61ccd7c1d0a1458e340f251,2026-07-15,true,RAW,72.39,BUILDING,B5|DSI001,NOT_APPLICABLE,TIMETECHNO,REJECT,NOT_APPLICABLE
SKIP,REJECT,4856ba71973f1d1175689d79fc539c3732f1fdecb54540ee27c62de708a2e09d,,true,b6daba12e7d19e41829af4cd9c4124d8ccf39564b4aef78de1fac263bcf4f348,SELL,227e3ac82840cb062637888b4ef14d7e2f4a218cffdbfaa0a3d84a9ac097b8d5,2026-03-27,true,ADJUSTED,39.00,INVALID,B5|DSI001,NOT_APPLICABLE,FILATFASH,REJECT,NOT_APPLICABLE
SKIP,REJECT,4862abeb8f18742bdaa55ca688ada6464bd558b3a7f0fd72ea5c02168f75190a,,true,fd27bc04f3a1b634b14c0675e2895855aac0334a83087e7c4e4984379889c8d9,SELL,84beb4b8fb348f095e94b2b842f283f3fda755385af3b66f3c42977a3e33ce14,2026-06-29,true,ADJUSTED,35.00,READY_FOR_CONFIRMATION,B5|DSI001,NOT_APPLICABLE,TATAGOLD,REJECT,NOT_APPLICABLE
SKIP,REJECT,488b7d947f8ed99a2bc587e898ebd666f12edc2f0c398b56a80bfbf39dcaac95,,true,995643c81dba15b258dea27ec9b1d16e9fd6e868bb32a566f40e762b0fc43a9d,AVOID,ba9e30319c5044f9e74df66edf40f667255c6a6d20440a26340de6e9b37af936,2026-03-13,true,RAW,42.55,BUILDING,B5|DSI001,NOT_APPLICABLE,GOLDBEES,REJECT,NOT_APPLICABLE
SKIP,REJECT,489fc9dca8540c4699e7eb80c97be19450106ecf0559d32c4c02c55f937b1692,,true,8a2af36b5d5be36839e8ad616cb0f6c561456bed07c3aa17aee0bbbc91f05403,SELL,cd0560ab214593bd41f457bd3d4ca8aa665d369f4c44464dca546306c6942591,2026-03-19,true,ADJUSTED,32.91,INVALID,B5|DSI001,NOT_APPLICABLE,TATAGOLD,REJECT,NOT_APPLICABLE
SKIP,REJECT,48d6b334e5f3bc3ffcf80d0212b4ae140930d607a8e15a559cd8b92c12896ed2,,true,3f7d4147b346c41e4c0cf988b573a9de791e995051625896ba0218a219ca0f73,BUY,8281184f9f32eee93dc7f04a50d5c2c05e3d649fe7319eff7b6fa38656194963,2026-06-04,true,ADJUSTED,89.16,ENTRY_READY,B5|DSI001,NOT_APPLICABLE,GTLINFRA,REJECT,NOT_APPLICABLE
SKIP,REJECT,48e2e777e2169197a6e5ca877f095898b0de7f540b069e6cdd61a10bd7b6d630,,true,a3f880366bb43bf9b7f8cc65f3652871a481131358e1e8201d61914309b0b294,SELL,1346ba9863a1123a242bb46a0c3f01c2018d54f6c1ca2057836d1f5ee437b5a3,2026-01-28,true,RAW,35.00,INVALID,B5|DSI001,NOT_APPLICABLE,OLAELEC,REJECT,NOT_APPLICABLE
SKIP,REJECT,48fb036888ec08d680e8a3f4014840eb796d22abd7f994a4ea3c4204573b6cc0,,true,49fab86360ca7ec3514226b157482b0a31d1ac5377e4e0aa22f74240a889e048,WATCHLIST,0188cf3007db6568e465b399d944d028d2fbe58972fb29e00340016fb8c8ef56,2026-06-01,true,ADJUSTED,72.26,BUILDING,B5|DSI001,NOT_APPLICABLE,COALINDIA,REJECT,NOT_APPLICABLE
SKIP,REJECT,4905f193ccc9850f129bc9938ef08aba1849bef39a90a24965f0b0ec37fc61cb,,true,b3dcf75b867af221821d05c24300d1e1af38e0bd80d767f883abd3998ae3f188,WATCHLIST,3b1b088dbbb8ca178babdcb59f1ff13140732b5aa74f153a812c80a449853182,2026-04-20,true,RAW,74.00,READY_FOR_CONFIRMATION,B5|DSI001,NOT_APPLICABLE,ZEEL,REJECT,NOT_APPLICABLE
SKIP,REJECT,49165e2126b2a10712dc0aefae37c447ecb8702a65b94237c4fea9d716352329,,true,7dee05d8790178424d4189429cc8121ea322cf236e0bafa0ae610b5a2da75317,SELL,04f704a27f6cfc2863da3b01bfba7e4473a0f28b4cc9a90930c29505390902a8,2026-03-10,true,RAW,35.00,READY_FOR_CONFIRMATION,B5|DSI001,NOT_APPLICABLE,IDFCFIRSTB,REJECT,NOT_APPLICABLE
SKIP,REJECT,491aee17f320128f8a47d52b69195d48afad1a078cb5547779201221b429e58b,,true,f477357176688ae7e076cd7c1ef8f6b769383188d587a4f5a79ec2e250fac824,SELL,14c44eb937e838515e43e0cad361c1c19c6aaffb9e883e63ca357307a6d31d14,2026-01-09,true,ADJUSTED,35.00,INVALID,B5|DSI001,NOT_APPLICABLE,ETERNAL,REJECT,NOT_APPLICABLE
SKIP,REJECT,4935e297d45737d52e3c3b93ccda32f9fbe25d308d5bf7764aca95d539134aa9,,true,14e8430cc7f5772c592053f3fb920f4d39d44075a8a8b4e858365fc086db7257,AVOID,687a83cd3e3c48401207788e61716c24b799ccc7bcc2d45b45052db204af981e,2026-07-09,true,ADJUSTED,53.15,BUILDING,B5|DSI001,NOT_APPLICABLE,BETA,REJECT,NOT_APPLICABLE
SKIP,REJECT,49410469d2f8adee88acc9943c177d3dede7d18ac9ce786372161962e2eacfd8,,true,8dd86bcba61bf173e986c61ca0bbc253091a3016279beca0f323a73d4f485f9a,SELL,dcf043409c08160dd407fed11293462fd02f1b1aa151056ca32384e1bb14dd1e,2026-01-01,true,ADJUSTED,35.00,READY_FOR_CONFIRMATION,B5|DSI001,NOT_APPLICABLE,OLAELEC,REJECT,NOT_APPLICABLE
SKIP,REJECT,4958dc4ec002aabe1635fbd7a16f5d4e0e6bb8ee502aa64c5e60e22d6fbacaee,,true,9db8307b247ada3de6ecdf019d5184e4d11e5a7b5c6d8218e1b8e2a14efa781d,WATCHLIST,4aa0160f2e8a161b1d72fde3f72b5893d52a714370473d970ef837dc476bca76,2026-01-28,true,ADJUSTED,66.13,ENTRY_READY,B5|DSI001,NOT_APPLICABLE,HINDCOPPER,REJECT,NOT_APPLICABLE
SKIP,REJECT,495e3b40a062ba26aa47e66a12774de6d4aa3a9fd2b32bfab5f341190738b139,,true,10c51e109616629dbba21213eeb461f5a612fbb35fb8cb9acf7841448b4adb20,SELL,1fa34c2d5e851ae0ea08d51dabdcd7e6602f773084fc6674d9204e38724df510,2026-07-14,true,RAW,35.00,INVALID,B5|DSI001,NOT_APPLICABLE,NMDC,REJECT,NOT_APPLICABLE
SKIP,REJECT,495eebe32ab2b794fb8515232af4ea32679d51945c22b7988fa0812efaf66104,,true,e4b4255b0be4a730ee995d0fec9100200c05cc9d4e7c8c76d0ddc2207f07ff5c,AVOID,aff050b8afca3cb9d2535f6dc873a90b9c3abec6747eaaa8ee48e6f0100f9e40,2026-05-12,true,RAW,42.09,READY_FOR_CONFIRMATION,B5|DSI001,NOT_APPLICABLE,YESBANK,REJECT,NOT_APPLICABLE
SKIP,REJECT,49874782da99983fb3dd6db98fa4f81e147f1500afac368f999dc92098fce0e1,,true,8a1ad58c57b13ea5980ae66b07caabd72a5e012fe217ed991f900b1e76ae3b2d,AVOID,b0420c27a039b9df41ed2516607c2c4f45ba28a1214af39fda12a56971aaaca0,2026-06-09,true,ADJUSTED,52.24,BUILDING,B5|DSI001,NOT_APPLICABLE,PNB,REJECT,NOT_APPLICABLE
SKIP,REJECT,4993f137c623d4cef3b4a3181545e6043e38c59cad7cc8506e13aee7e3571754,,true,d0448118e989ea51e396ccf9b69dd033a73bc82f127f5d3f32accc1bdc06fd5e,WATCHLIST,ff811ebd855b3034ab69b350ed6105ba467a6426511fac68ffaba30f570ffe91,2026-04-28,true,RAW,74.00,READY_FOR_CONFIRMATION,B5|DSI001,NOT_APPLICABLE,JPPOWER,REJECT,NOT_APPLICABLE
SKIP,REJECT,49962b6cabc9cc289f1b1c63cae47bfe42d26652da1461fb9463b9acc0ef8d5c,,true,5b5ab674f82b1e889138a5a91b8cac0e87e054c5babcf58127232b7f02d23cf4,WATCHLIST,ae3ad75aafb75fe73cd1994ed0b6ba3032d6a866b4f718dbdcf94ed68d672584,2026-06-23,true,RAW,74.00,READY_FOR_CONFIRMATION,B5|DSI001,NOT_APPLICABLE,OLAELEC,REJECT,NOT_APPLICABLE
SKIP,REJECT,499fa35f3204c0744dd482538525c5af2511af521384a8f8a83f7510845d67f2,,true,3801d5c831f1ab8c3a228434a880c111bd08825e8a6b8f5a2d7746e91926fd90,BUY,a07a1dff27d56d5015245d71350b21e32380432185401f89afeaebcbae61db46,2026-07-01,true,RAW,75.55,ENTRY_READY,B5|DSI001,NOT_APPLICABLE,PAISALO,REJECT,NOT_APPLICABLE
SKIP,REJECT,49c351001ba53a45c14f734de5cc36ce1c51e4ab1fc3c05b9ade34d5b2039780,,true,0583568e929a3ae5b04d0e6bff812be0be876ac3b6c4ece4bc9d56e13ea9b273,AVOID,6b7b65bb9bfc58928902993a63803324f245a9ba715648523485f5a254bc6062,2026-04-06,true,ADJUSTED,57.88,READY_FOR_CONFIRMATION,B5|DSI001,NOT_APPLICABLE,JPPOWER,REJECT,NOT_APPLICABLE
SKIP,REJECT,49d60ddf4f5719a65cbb03bcb96e757330188994830340376b4def4010490ef4,,true,5477a3584c872b5e5209a19652ec06092d8464e466afeb8a739592dec4b487fb,WATCHLIST,93755d89b2059416df261e0e845f70ceb7fce1b3cd5b61fde759500c27f9cd30,2026-02-25,true,ADJUSTED,70.42,READY_FOR_CONFIRMATION,B5|DSI001,NOT_APPLICABLE,SILVERBEES,REJECT,NOT_APPLICABLE
SKIP,REJECT,49eb7409753e4ab66800b56bef5015a9c26ba71e6149847fb92a90a41064de70,,true,821c195b0d7a1be3c66e4e6dbe0b6d8d4a507a669b5676f92d785602dd303192,SELL,8e01830ea901d63a0343e7d218007b29dc8fb4fd5f0ea91b0fa97b1beed08511,2026-06-08,true,ADJUSTED,35.00,INVALID,B5|DSI001,NOT_APPLICABLE,ASHOKLEY,REJECT,NOT_APPLICABLE
SKIP,REJECT,4a03fa58e8664d748eea029c392122179cb9987dfdc20894396a8af2af49bea6,,true,30dbd70da66260ca5431266cd73a5177c829a6597bc8b5e24a9cb8d9ef3b1235,AVOID,49cdbbaa3074c238fb627f5159d6b8a5c85c8b48cca813368d2c2a5795cc9253,2026-01-12,true,ADJUSTED,57.67,BUILDING,B5|DSI001,NOT_APPLICABLE,SILVERCASE,REJECT,NOT_APPLICABLE
SKIP,REJECT,4a18f57f3e55049f3a1a787d003e2ea17833b1bac79b92e79bbfc918ccee72be,,true,6d68326b675b08849365c3bec1fcf6a11ffe975028f09f00c3a97cde2f33f5ee,AVOID,1f4e6c026140da4e0ad82167740a55233b82de97ccb445f0accfe6422b8e6f39,2026-04-24,true,RAW,43.60,BUILDING,B5|DSI001,NOT_APPLICABLE,GOLDBEES,REJECT,NOT_APPLICABLE
SKIP,REJECT,4a2020537ce8c8c09b5087e8924d2b3614c67ec6d7863d47765d8bf01110f8b4,,true,00c05a1a5bcbd20388ff90f7e9f05280dfa4a90847cafba3afddfea8a1963a37,AVOID,d097d38ea032183714585e81ea6ac399e9c9940e6f76d34a176a269ccfcab478,2026-06-17,true,ADJUSTED,58.15,BUILDING,B5|DSI001,NOT_APPLICABLE,CANBK,REJECT,NOT_APPLICABLE
SKIP,REJECT,4a2e23af7c1890348a79bd433f10ff38747b72eff3d3965cf44e427c445b6e03,,true,0ea135004739dad2cf12ac1ce5a9a6a0b8ce8575552c258a1708a9fa848bc224,AVOID,faae4fdbb7b89d3fe00421d279944ca418c84227f5277d16885a69a44cc1d881,2026-06-22,true,RAW,54.87,ENTRY_READY,B5|DSI001,NOT_APPLICABLE,IDFCFIRSTB,REJECT,NOT_APPLICABLE
SKIP,REJECT,4a3300342861dff0aed8d80aea65a18c8dc631079554e2c64b4132d81baa18eb,,true,becfd24bbd1445c5bd9d2390dcac02fad2f8aae5bf55ab0233bc5539fa56fb59,SELL,127077eeff164f5a45d2e0db281f7f4ae01bd38894fd47b404a2fa730d1497b9,2026-03-25,true,RAW,35.00,INVALID,B5|DSI001,NOT_APPLICABLE,FILATFASH,REJECT,NOT_APPLICABLE
SKIP,REJECT,4a3ddfb29f9788244d5e5ec69d8d347171eebf910feb1fd41ec8e7c8d708a1dd,,true,e9ff15358f04d9d1db6794d0d14330b7f9db65b3c5b0e2a5c78fd19564fa905e,SELL,06653f8f21707cda508b7fecca24d37e65e119f0c4e80cd434955022d264f372,2026-02-10,true,ADJUSTED,35.92,INVALID,B5|DSI001,NOT_APPLICABLE,YESBANK,REJECT,NOT_APPLICABLE
SKIP,REJECT,4a6a238ccacbf924519464ca85954494b1a5641a133fcb758b89edf5db3b822f,,true,204c35a8e205c215bba481ddbe6cf45354e2a41ee0fb94d94117fc821da1c8b2,SELL,d42f65729134cf1a91b137fefdc71e79505a102a9349725d7fb0961b382eb4e9,2026-05-15,true,ADJUSTED,39.00,INVALID,B5|DSI001,NOT_APPLICABLE,WAKEFIT,REJECT,NOT_APPLICABLE
SKIP,REJECT,4a9f9d7de620c8d7c0f1aaa8223cfb46a6769eb209a7fe36eb5491197f4c3327,,true,9819a13fc28c29f6ca55b3193a4373311049e86cdbef66686adba8f0744a93cc,AVOID,ed4d01396d2976ac212a50c520131bddcb7429e01a9fcf531d8fa082f7fc7474,2026-07-07,true,RAW,40.00,INVALID,B5|DSI001,NOT_APPLICABLE,HDFCBANK,REJECT,NOT_APPLICABLE
SKIP,REJECT,4aa314145467a534fe4b718b1ad2843b32426eccd59081342385fc3e3757f3e4,,true,5db77ad10d127f4c599ddba828eea41660612a1de488e2f5d70f9e86e4e28151,AVOID,daf3e7dee72f40dc8f901d541649cf85cb9c7755a91a984e5514e7086f2c059e,2026-02-09,true,ADJUSTED,53.07,READY_FOR_CONFIRMATION,B5|DSI001,NOT_APPLICABLE,PCJEWELLER,REJECT,NOT_APPLICABLE
SKIP,REJECT,4ab3bf1e03a1b176e51a4b74bcfc4be86cbf1706b23171f37a0c2d2df6eea494,,true,eed3e920f5c6af5010255344578dbcf73b57e88e9a409267b4c28c7b69a8b11f,BUY,2c834001150e07fb3a3370091c17ca27ff8c6632f222bc1d6d6d5503d2483445,2026-04-27,true,RAW,82.29,ENTRY_READY,B5|DSI001,NOT_APPLICABLE,IRMENERGY,REJECT,NOT_APPLICABLE
SKIP,REJECT,4ac8912515f9464123cc07729df8935933a6d32da32fd84d2e8087fe7bc2b617,,true,f8740f209a8ad05017e07a43163fc1a10da7bc0cb0b90fe7a362253759c7fa16,WATCHLIST,73f8991c6d0596c100f0f6e2cf1a53b1352d78ffae04e6c1861ba7c963a5cc2c,2026-02-20,true,RAW,69.81,READY_FOR_CONFIRMATION,B5|DSI001,NOT_APPLICABLE,TATSILV,REJECT,NOT_APPLICABLE
SKIP,REJECT,4aca4de3b63e7357eadde13ff5dde046b0474b7d6b712c911747212f6160c651,,true,1da2e2dc2c52eb6b272c0be22bb7550ae3898537c64fc7e45054ad71adea003d,SELL,741c0bd5d66fb0938e4dfa945e5038ed53128b8f604b1f81ff1baf90f9f8a0bc,2026-05-18,true,ADJUSTED,37.77,BUILDING,B5|DSI001,NOT_APPLICABLE,LIQUIDCASE,REJECT,NOT_APPLICABLE
SKIP,REJECT,4acfd8b074afd1c035fa6132e94c44b7c5890121ccef9f114edc51ed37a4715b,,true,96a817864fdb7cd6401c44fd5fcc8ae7521716b544ea1a579ae8e7c5060a2dea,WATCHLIST,2bb0484a2b2757ee2353bc8e620b3a6f7ecdd1a9e5387c944804faf63f666e2e,2026-03-05,true,RAW,74.00,READY_FOR_CONFIRMATION,B5|DSI001,NOT_APPLICABLE,TATSILV,REJECT,NOT_APPLICABLE
SKIP,REJECT,4ae4fadcd5bb4d9c73ed78e9a6207a9cc50785ecd50e5166e2f22d0c3cec792c,,true,9b4bc2cef888b9191eece9ad9aa17e1a07b242bb4528ffc50074e9d9e60f2979,AVOID,c2af99caecf83ce2a56efd035884387d022074175b97829f03775f9a53193f26,2026-05-15,true,RAW,40.00,INVALID,B5|DSI001,NOT_APPLICABLE,TATAGOLD,REJECT,NOT_APPLICABLE
SKIP,REJECT,4b547cc16f41eb185ec4a31d64ba47e932c4a88db38e45a3b3608236cbcc2098,,true,6d5411e41836fb3278e790035d7def4922f547718fcace921d1f56d22ea5e412,SELL,bfe68fe6ef40aa833c562e8ffd0bb6bcc1f51f6a64d06e941a839094559998cf,2026-03-09,true,RAW,35.00,INVALID,B5|DSI001,NOT_APPLICABLE,PCJEWELLER,REJECT,NOT_APPLICABLE
SKIP,REJECT,4b57413524746a6bed34649cc9b37f4dc3f135bd94cd74b7e42eed3dcf0bffde,,true,12313a74e632ddc6ef7e38b8cca46f420b0af76f2f6fc1e1f2af9cea805c6a32,AVOID,3c34c6122a2c40a814edf36338aa9ef5ff0f853378e707e0cf1636ad821e094b,2026-07-10,true,RAW,59.98,BUILDING,B5|DSI001,NOT_APPLICABLE,GKWLIMITED,REJECT,NOT_APPLICABLE
SKIP,REJECT,4b96a74c380aa4280bc7a95564ecbb8e2d119179ce42c42b7c7ad2e9f925d7c5,,true,bf835d211ac2e9f0fb1a03fc6dab01fd828725f1e803e0c3410dbce7a4783db2,SELL,576eedf038c03b93fb8e4dd2f1404ede6c07c8810d80701122eb6ddf3065842b,2026-02-06,true,RAW,35.00,INVALID,B5|DSI001,NOT_APPLICABLE,YESBANK,REJECT,NOT_APPLICABLE
SKIP,REJECT,4ba38a6bb2adfe1e052f0d85eed9a287552e6f60a2779e26f3854cd401056aeb,,true,d77f8f6c7c7be5d5d8f57298cfdc75e4f0732e1d6096aad94ef75749989900a3,WATCHLIST,e92289f30a97f896f9b7b3880a8b028d956f47f67e723bbbf8399d3d857e8cb2,2026-02-23,true,RAW,69.22,READY_FOR_CONFIRMATION,B5|DSI001,NOT_APPLICABLE,MOREPENLAB,REJECT,NOT_APPLICABLE
SKIP,REJECT,4ba71bbec950392715efcb9bfaf48140bec3e0e8ea7b4179c0cba4e22913474e,,true,ea628f4d4120500aa4eb5b296f2493cee59010655ca31132350bf22a2572fead,BUY,e82009e9463059d3ebba474eaa262f5c7632fc85885863604fafc7f9413b6d41,2026-01-16,true,RAW,89.70,ENTRY_READY,B5|DSI001,NOT_APPLICABLE,TATSILV,REJECT,NOT_APPLICABLE
SKIP,REJECT,4baf96542d182ccc5e9596e7d781ec0a8f29d0af4da14efe180f8adaf37effa2,,true,3f2495ac1ffa9b0cc4e82f4de0c02b256dc4b8607b9b904f80be4adebc3d515e,WATCHLIST,17118f77cb6ccdb1c072c0fc87ea4f2c1d8bcb8ac5559fabde5bc5a7c2f74df6,2026-05-22,true,RAW,62.72,READY_FOR_CONFIRMATION,B5|DSI001,NOT_APPLICABLE,OLAELEC,REJECT,NOT_APPLICABLE
SKIP,REJECT,4bb76384ad4b2e026fc61b23e7ca75574c1e6e5c4b170ec254c6ceb296a4eb8c,,true,c81eb778663922155f03267456914b89c4aad23d3ef40b9ebaf7f8aca5dc24f0,AVOID,7707471a25df7e6b4007744d5ece785e8a3770ee2d9e0b03edf27bfbb7fd5381,2026-04-22,true,RAW,56.53,READY_FOR_CONFIRMATION,B5|DSI001,NOT_APPLICABLE,GTLINFRA,REJECT,NOT_APPLICABLE
SKIP,REJECT,4bcfd4ac5b77cc71d0235df2cdb57eb15d65073717dee5149c209c0a19276f98,,true,4e0aeef8a5134e400bb6e2bd43d172e601d0f55ccf564e372444c98da550d254,AVOID,002e1918bf822996977fd2a4bbc96dd49ad54d280790676e9bd38b5e63fa590f,2026-07-07,true,ADJUSTED,58.49,BUILDING,B5|DSI001,NOT_APPLICABLE,GMRAIRPORT,REJECT,NOT_APPLICABLE
SKIP,REJECT,4bff00c5bb4d40595d8a140cca97b0e91411428361a9e659ec280919ba73eb45,,true,61844de8bd9b75dbd0fae608f6d88fd8015841c81e8e548204a168ccddd72b84,AVOID,d947bbc04d99b176cfcc8aae11c426bcd2209164cdc274909c82394537fdb762,2026-01-01,true,RAW,44.80,BUILDING,B5|DSI001,NOT_APPLICABLE,TATAGOLD,REJECT,NOT_APPLICABLE
SKIP,REJECT,4c1a03c8a06e374f0251c61b470e335e3fa3c12d0d18a2002dfcb64af745da0a,,true,ff7c2a254491a5e1476c90d3d17cd64dc086000763b2504d252a2c00c17a6710,WATCHLIST,fb2472322333efd7dcdedc92970b076dd826bcdcf446b2ef04881a68e4dc55a1,2026-06-02,true,ADJUSTED,67.94,ENTRY_READY,B5|DSI001,NOT_APPLICABLE,OLAELEC,REJECT,NOT_APPLICABLE
SKIP,REJECT,4c1cfbd070573b66c4b1b52ac5e7f7b0dda7c2bac1aaeb29d9a7001bea1f1bf3,,true,8c833d066fe747c44da924210e5d5642cfef5d2123ffdb2209bfa3073fbbacd2,BUY,226c53143058fdf258db42882d8a687f801cd0124bca7db723355ef20e5df081,2026-07-15,true,ADJUSTED,89.99,ENTRY_READY,B5|DSI001,NOT_APPLICABLE,PCJEWELLER,REJECT,NOT_APPLICABLE
SKIP,REJECT,4c57f3531d2c07f66aca3d1ed3e3ab2a81064b51c66d7d18b1eed12dbdc7282e,,true,711c68aa6b83d297416d36a8474e6dfa13fe1af3c74dd4a655386536856ddd03,WATCHLIST,a11858e34888caaf5e68dc60262f92d935de66194d23857c39af216fcfcd95b7,2026-03-13,true,RAW,69.22,READY_FOR_CONFIRMATION,B5|DSI001,NOT_APPLICABLE,NTPCGREEN,REJECT,NOT_APPLICABLE
SKIP,REJECT,4c681e2bfc4131cc5c1222600d44520113221c148a46e6292d3bd10fb1acd1cb,,true,f9ea617754d9c0c5242e4308bf5ee5e3f5137800e70624c63e0be37a6deed7f4,SELL,44a2bf1dc5d2f368ca98cb8916e438ca300c0b05472f5c69ee044667a53ac58f,2026-01-01,true,RAW,33.58,INVALID,B5|DSI001,NOT_APPLICABLE,YESBANK,REJECT,NOT_APPLICABLE
SKIP,REJECT,4c6f9a5457d8321a31258acaeec07168024108bb72c8593826c427a51e0351ca,,true,6156d000152dcdde9e3a45e5480cc0596b22b0b3cf1570b2c148cb210304c4a8,SELL,ddeb05358508b13c184774505617a311b63c985e4a3dbe98a0e20a82e095a2b0,2026-03-06,true,ADJUSTED,39.00,INVALID,B5|DSI001,NOT_APPLICABLE,JWL,REJECT,NOT_APPLICABLE
SKIP,REJECT,4c72b515c219a425d408c8ae3e2ae39af43031a8cb6a0ce675afd4725c2b6ac7,,true,70ef54a8e4417fbf916476f23ec4dfb57cf69de605bc7adc99c1666a2f0930d9,BUY,8bd670cbd9c07fc8e016ffd343021f769c1e532ed2a03fc03f5ed7a558e1abe6,2026-05-07,true,RAW,83.00,ENTRY_READY,B5|DSI001,NOT_APPLICABLE,YESBANK,REJECT,NOT_APPLICABLE
SKIP,REJECT,4c81a15aa35cddc78ac768421400c40de1b9c5ece660e434881700d844b6b02b,,true,2a32a8bd0fcbc33041bef8395fba8d7b547facd9b7d196cce139859d7beb6f25,AVOID,7db8195d5acd2162cd9332aaa952aa7ee8886ecf0d62d085ec42dde4a10a62d7,2026-03-12,true,ADJUSTED,51.11,READY_FOR_CONFIRMATION,B5|DSI001,NOT_APPLICABLE,JINDALSAW,REJECT,NOT_APPLICABLE
SKIP,REJECT,4c8e7c956473960cf98f836b14da9cf7052dfae6ef8dda0d8f3763443902c74a,,true,74366d66b3e443472ae59f53a68b19faa736cf756047b26468c9f35e46a53213,AVOID,6408f97e418b09ca4ae2f591074b8a6c13348558ded067940b98190ae415a9e9,2026-04-08,true,ADJUSTED,59.00,READY_FOR_CONFIRMATION,B5|DSI001,NOT_APPLICABLE,OLAELEC,REJECT,NOT_APPLICABLE
SKIP,REJECT,4c9589ab0b040ad3240d314bd00dbcf6c9b698efef84221c09a415e7fc70d646,,true,bf835d211ac2e9f0fb1a03fc6dab01fd828725f1e803e0c3410dbce7a4783db2,SELL,576eedf038c03b93fb8e4dd2f1404ede6c07c8810d80701122eb6ddf3065842b,2026-02-06,true,ADJUSTED,35.00,INVALID,B5|DSI001,NOT_APPLICABLE,YESBANK,REJECT,NOT_APPLICABLE
SKIP,REJECT,4ca97e2b43b0eebf5b4eccc1d34a0e99d8f89cfa874400ad7adf0a2caca6b15c,,true,84a7649a7315809272ab7c8d103c219db28320a7434df5af7d486cd2d614c800,SELL,53f92a8940d38fca8de23ff4cee357d8a49fdee16fc1bb34dc4ab4b8cf83f5a4,2026-05-08,true,RAW,39.00,INVALID,B5|DSI001,NOT_APPLICABLE,MRPL,REJECT,NOT_APPLICABLE
SKIP,REJECT,4cbeb8489230bf57675245d8db7fb51e18aa3baec60894622e34ebe439ec0edc,,true,d300d313987a7329f361bcee6a84de966d73d8a13de3b3a57e94bb2c1842a564,AVOID,0a4c0829954e40eee4664da7c57c81d48421bb479b0fd38c9369d3b8c13da13b,2026-06-08,true,RAW,48.58,INVALID,B5|DSI001,NOT_APPLICABLE,TATAGOLD,REJECT,NOT_APPLICABLE
SKIP,REJECT,4cc133e86dd8c708a082c15396218a403204e7e0ef61545bbf2398e7e8c9da8e,,true,67b84cba81a4c803103a48910464c969721d6879008a319614246f27d67e3d55,WATCHLIST,9bbab28a561bd39f59d35fe11ccd45dd67c85fd96527f3721e0d7d1badd9221b,2026-01-22,true,RAW,74.00,ENTRY_READY,B5|DSI001,NOT_APPLICABLE,PWL,REJECT,NOT_APPLICABLE
SKIP,REJECT,4cc1e607555cd3064ea6b1bc03519d0a0a9e86917edc62d28df0571663213318,,true,6f36122fb435280c77d896aa1de5f1ab89607d7c5af8c5fae9a65e52ed748b7a,SELL,05eb4bd7b130bad8ee322292f879ad2c3e03d21aea35b076bade891f38a45228,2026-04-30,true,ADJUSTED,35.00,INVALID,B5|DSI001,NOT_APPLICABLE,HDFCBANK,REJECT,NOT_APPLICABLE
SKIP,REJECT,4ccc09513dd9873e7333d7a3f48535d2940251cc713f686d418d0cd3b0bb4c24,,true,cdeac0385a3d74d688bcd63c8365cc32b7257383a6e8962a0e52d4d2e6515673,AVOID,5e822bd680e7788cfe9deb2bd09f93dacccc48b01b463e830d967c42d6716a31,2026-04-06,true,RAW,52.95,BUILDING,B5|DSI001,NOT_APPLICABLE,GOLDBEES,REJECT,NOT_APPLICABLE
SKIP,REJECT,4ceee3fb7361f8a9ee70840e4cea7496d1cbf24d8d0538f226301f7cf481c63f,,true,ad8af38807d656996c33afdc41bf97ad54957f01b88239ea022cc80d2401d698,SELL,0353b99a2751990fc64d73ad68f2306a643c81c116cd87dd6b63a099a51abc1a,2026-02-05,true,RAW,39.00,INVALID,B5|DSI001,NOT_APPLICABLE,DEVYANI,REJECT,NOT_APPLICABLE
SKIP,REJECT,4d097511e34aef0d3d8c3ac0fa56b322523a44e59953622c031c3347e102d5ca,,true,ca0af8dfd126b2cfe58d699500ef404bdee1530b09079473797840e52fee955c,BUY,4b88cee3fdcf83bbeb43a5f6a4e9f36629e73449ae1eaa915967e9d96d390784,2026-02-10,true,RAW,80.52,ENTRY_READY,B5|DSI001,NOT_APPLICABLE,ETERNAL,REJECT,NOT_APPLICABLE
SKIP,REJECT,4d6a46ad8740a9ec3dee4083522af9641bb9915f1214be9fda10bfe4f73bb2a7,,true,abff23ea7d08fd659b663d2e6061c371a3b4992bcdeac9defd8bd4d100bf3e28,AVOID,19a030525712d6370d7907425ebef9775ef31742ab8f32e16490652762df6649,2026-03-25,true,ADJUSTED,59.00,READY_FOR_CONFIRMATION,B5|DSI001,NOT_APPLICABLE,GOLDBEES,REJECT,NOT_APPLICABLE
SKIP,REJECT,4d6df059b74d77d85ff8f28d2219a9c494618da6d631ecc1afff13bcaf6af7ee,,true,c2c42e40b1c6c9661e1f6892addf820b11b6392e411ca2b12a25db07fde57534,SELL,92d5c2724ac00b544d9ac65866170fdc0bc9794ac4dffc77bbc03ca6932d6ce2,2026-04-20,true,RAW,33.96,INVALID,B5|DSI001,NOT_APPLICABLE,HDFCBANK,REJECT,NOT_APPLICABLE
SKIP,REJECT,4d72d0e5d9fb8332dd7c26a240586d58cd628dc64be867c4ab60e37c2b7d54f1,,true,8a4a263cd3926763f52bfff4ff35a1d96e0b607385ffcc34de8d10243ff4ab05,AVOID,7acc8d7a62796893c1872aa4ca6100dfb21c10bb5e6e926d5fbcdeac3ccb1bcc,2026-05-26,true,ADJUSTED,45.08,READY_FOR_CONFIRMATION,B5|DSI001,NOT_APPLICABLE,TATAGOLD,REJECT,NOT_APPLICABLE
SKIP,REJECT,4d96f6bf22e794164a43bfce660677d45ce2e16b1e822c861361e4f2105f8c9f,,true,3a44a1c0256d18eb7e39330f1138df1017c703bb907abed8dce4e4c6c28abc9a,AVOID,148d8af5f56bc12abd8e956bfb927b552829fdbf4f2eb7b1a5b01a7af1803d17,2026-06-11,true,RAW,47.19,INVALID,B5|DSI001,NOT_APPLICABLE,TATSILV,REJECT,NOT_APPLICABLE
SKIP,REJECT,4d99567e66622cfddcc6a50f7bf6c2b101f9859f6482caf46afee3f00c0e9ac8,,true,c0a02b6b7dc67fa500ed4bba188f2308a154dc70ebf7a74867faaed8b05909c3,AVOID,cdacedb1ceb4ea5c413eed525dab4addd28ef9510b1f78171cc52ac9ee4bf3ee,2026-04-08,true,ADJUSTED,51.06,READY_FOR_CONFIRMATION,B5|DSI001,NOT_APPLICABLE,HDFCBANK,REJECT,NOT_APPLICABLE
SKIP,REJECT,4db27de1e595cbda8d79e16d0e6bd3fd4aa50f57b7cab69e4da9a84d885dfaa0,,true,2e875df9dca212c04a1c875aa917ae2ab95f6935fe8705237d63a20f46ef8a6f,BUY,94b8b02e9f17358eeacc7979dd6f259af4bbb352d49b5ff890d022d8e12cc6ec,2026-03-02,true,ADJUSTED,78.60,ENTRY_READY,B5|DSI001,NOT_APPLICABLE,SILVERBEES,REJECT,NOT_APPLICABLE
SKIP,REJECT,4e1018bf02f95c95b3bc900a142fc314707ad30ba981caed20ce51f0ce15d1ac,,true,d0a8793dfcc4e0cb6758ed97df63802d043a003db0ef941029147c0eebbb9376,AVOID,725a3e69d5b01c2debacf20088f4ea384d062e1c286f0fc2bad5c1ed751e1e9a,2026-03-13,true,RAW,42.28,INVALID,B5|DSI001,NOT_APPLICABLE,SILVERBEES,REJECT,NOT_APPLICABLE
SKIP,REJECT,4e164742151ce79c6cf1312515adf1a6bca92e51047435ee887ccdc6634ace86,,true,af4f641e3b4feb2824b2ad0059d6d08988a2f3dee432b8d5e5e9f2ee2afba901,AVOID,b1f31b604f1e6ca529f0e9c2a5cc76544b02f7ecd75b71c4e0e5752dcb60282c,2026-03-02,true,RAW,52.37,BUILDING,B5|DSI001,NOT_APPLICABLE,BEL,REJECT,NOT_APPLICABLE
SKIP,REJECT,4e30a2a6b22987e4d7fedbcad4bb4b36213570bd29f981dd058e9fb30f4b8242,,true,373933e404fe4bed05f5cfdf131630d8c74f025e2b63babdadd58a55334aef7c,SELL,4c7928d1989af9bba7a112477bd194385160473dbd5005f6ab7d290cbe26b579,2026-02-17,true,RAW,35.00,INVALID,B5|DSI001,NOT_APPLICABLE,YESBANK,REJECT,NOT_APPLICABLE
SKIP,REJECT,4e361948cea7bf8ae2f4dc8a9cf130afc5702a8fcebf8a2bde3fe03be8767f08,,true,7b4a39b8079bec943ab6ac8a32c2ed7842d70ab204a14b7ad6489849be32a742,SELL,9c5b259205459c540fdc49a2157f48bea957fa94d91e88fac8a1416af3c47f02,2026-01-29,true,RAW,35.00,INVALID,B5|DSI001,NOT_APPLICABLE,YESBANK,REJECT,NOT_APPLICABLE
SKIP,REJECT,4e4144bc49e790c73a828a8af2889de3af0c3628eea70814d60fd15a3ff21c6c,,true,55f34228c8a915de04a323758c768f42a1ffd503c69229a5a248723af313a1ff,AVOID,c4a914850216dde44f1623a9d38698c5b71ac6ec44a50cbeb978bf7ab53878f5,2026-01-05,true,RAW,50.47,BUILDING,B5|DSI001,NOT_APPLICABLE,TATASTEEL,REJECT,NOT_APPLICABLE
SKIP,REJECT,4e4e6f6018d28c904875ea7c7e8598761eca35ec92fd39babd23b23ea4e4af9f,,true,97d37861234405998522b9fec3339b1c44ebe6c5603db6fd598c00f506259d31,AVOID,3d6afd29b57d6e0385568d04c6dbce4e2456f7d91adf4c585467a9149a5ddc06,2026-01-23,true,RAW,50.23,BUILDING,B5|DSI001,NOT_APPLICABLE,UJJIVANSFB,REJECT,NOT_APPLICABLE
SKIP,REJECT,4e5c5ed71044f4fb958bbdb28d1cbaf53b743169102532c7f8f9fc7eadf41a31,,true,180cf71eaa5ac3ecfb2e7e72bcd86be430fc81a7568af004efca2ff2de7867e7,AVOID,a4f3f234441562e5c9519f9b250c4b364394848cb4de4f427ea0c3ff30897866,2026-05-13,true,ADJUSTED,59.00,READY_FOR_CONFIRMATION,B5|DSI001,NOT_APPLICABLE,YESBANK,REJECT,NOT_APPLICABLE
SKIP,REJECT,4edf294af0388fb229d8283c57c87a6ae02e31c34868e183a72265a7f42847d4,,true,681442ecb0a1fbd9fc76d0f9e1ddf72e34a9bdc0008c5e2a94f149b062e01aec,AVOID,43699a3490cbc6ce6cf04159c178f8fb5203b4f4c1c80a3f5640ca7ff81ef893,2026-05-05,true,RAW,51.74,BUILDING,B5|DSI001,NOT_APPLICABLE,ADANIPOWER,REJECT,NOT_APPLICABLE
SKIP,REJECT,4edf7a8e91d7130425ebf655ff85b1a39980560a8632b2b00fb25bfa1991ec44,,true,cace8dfd62c87a7c0f12711c644379862393d4ebc0483f26d306ee8e3f12ba33,AVOID,37f2ab850d0567db84a4150bd0c8917b54300e992323ac29d3cd4bda4a0abced,2026-05-05,true,ADJUSTED,40.00,BUILDING,B5|DSI001,NOT_APPLICABLE,LIQUIDCASE,REJECT,NOT_APPLICABLE
SKIP,REJECT,4efbc8821f5ba65b3529c6976a184b99dea654f2c5969a6b7d2258411283e7a7,,true,7a413e640dab374202a133762a8f7e2ed031d698ddec8c3ae16773c73b8b11e2,SELL,04b309795953d18cd46ec6b1ceb49b0af3578722a7a1d88be3ea4bb8d901fc8a,2026-04-07,true,ADJUSTED,35.00,READY_FOR_CONFIRMATION,B5|DSI001,NOT_APPLICABLE,SILVERBEES,REJECT,NOT_APPLICABLE
SKIP,REJECT,4f0717969e2437df4891a49da808417a2b6e6ec38a01984f12d8cb4eb5670996,,true,f4ded8b8a28dd4f4140712560aa5c5fe7aac70c29836b13b9ff116c0dc4047da,AVOID,80f846cc3fbaa54dab136046bfd8657ca73797bfcc8592d096ffae17b5ff83f3,2026-02-23,true,ADJUSTED,59.00,READY_FOR_CONFIRMATION,B5|DSI001,NOT_APPLICABLE,TATAGOLD,REJECT,NOT_APPLICABLE
SKIP,REJECT,4f1013235d2eea083524bd3d6746872a0222be13bfd26c621eee086b91b00f42,,true,dbe84674e95e4af04064ff2815e377c450ef65db514be6524ac226defea1c9ec,WATCHLIST,b45d4fb7f5c0c481b5eb3d03af2db0baf560649f60c50ec97b879f671291fda5,2026-05-14,true,RAW,74.00,READY_FOR_CONFIRMATION,B5|DSI001,NOT_APPLICABLE,TATAGOLD,REJECT,NOT_APPLICABLE
SKIP,REJECT,4f14d4b518c8c69696fbbcb5d09f6ec9719f68e4dfa58c9dedb634c7e22b7009,,true,9d3d977a89bceb399336ce1156bdc13ba37f0b74d5d84066bea2ea3361390afd,WATCHLIST,c8beadfc3461e37595d059a8289d70373f8048c74a6924bfcaf85c89977f1b2d,2026-05-20,true,RAW,69.30,READY_FOR_CONFIRMATION,B5|DSI001,NOT_APPLICABLE,YESBANK,REJECT,NOT_APPLICABLE
SKIP,REJECT,4f2159bef1b8ff0a5013c80c612caed0746caa9ac78f7516bde2aebc984a7418,,true,765f5c3ea419ab6bdb2ff8221330bf40b47c4da70ce6776bc14a1d1b915ffa5c,AVOID,17b4330d6d33699f9ed93db09b72fa032c5ab0f7ace1418ee3d0a3d75ff27eb9,2026-07-01,true,RAW,55.38,READY_FOR_CONFIRMATION,B5|DSI001,NOT_APPLICABLE,JPPOWER,REJECT,NOT_APPLICABLE
SKIP,REJECT,4f3234036229ecc0ee639b7cf311e6bb7b5fd4600b1d66539448e89284b890e3,,true,b0365f3acce6a2c13d1c7c8101c4e2534b904212fa12852c7c79930cf397cfd8,BUY,433d77341c5af0f54c46ef4dae6fce72907234553701d1d0fc79982e2aabdd96,2026-05-18,true,RAW,86.26,ENTRY_READY,B5|DSI001,NOT_APPLICABLE,FCL,REJECT,NOT_APPLICABLE
SKIP,REJECT,4f4c6d7b9e8435abffd7f66d7d3d9e4d53c345cd30dcee4cdd401338ce07e665,,true,cb14a74ebc3fae72d356f000207bcdcd0d1f288c6107e4ba43351530f95b1f55,WATCHLIST,8623f20da8b1cc73a0f2f3f22b64b02ef9aa0d8449403352b3977c599b356be4,2026-04-29,true,ADJUSTED,70.78,READY_FOR_CONFIRMATION,B5|DSI001,NOT_APPLICABLE,DEVYANI,REJECT,NOT_APPLICABLE
SKIP,REJECT,4f718f8a8c4a157cbd880f3c4b4bcfba5cb38e36300587b1c9a2b53484ea50ac,,true,3fce704f0fa86b2473a4bd4c4d1171f18c3aadb9a278f95ab695e60e672471d3,AVOID,22e6f0a3ec2aca050ea20b650e7ed8234660061c375a0adaeacc06f77a2ea767,2026-05-07,true,ADJUSTED,53.06,BUILDING,B5|DSI001,NOT_APPLICABLE,GMRAIRPORT,REJECT,NOT_APPLICABLE
SKIP,REJECT,4f8fbe2af159c38f5041a0bbd6f8509cc65630547d3029abd44445cd5e90824a,,true,eb87e77c84a41b93660e93e60fa23a5e28f15f2f21e773d1e14c5b7786002206,BUY,362e30899d679cec116d8180270d4fce66f23bb0c021ca76a80d05b64a8a102e,2026-01-13,true,ADJUSTED,75.17,ENTRY_READY,B5|DSI001,NOT_APPLICABLE,DAVANGERE,REJECT,NOT_APPLICABLE
SKIP,REJECT,4fca0edb662f4a4fe0f09f557ac040f116df5d9f26f410b60066999916d10410,,true,a93a7acf168696d4e4ae7b6de501f10bf532d499a350dbee7a56b792f08507a5,WATCHLIST,21eedd0a196968c1cdd0c7eef2d5a33b620a18a48495d14a9d771a0f13f09138,2026-03-06,true,ADJUSTED,66.57,READY_FOR_CONFIRMATION,B5|DSI001,NOT_APPLICABLE,TATSILV,REJECT,NOT_APPLICABLE
SKIP,REJECT,4ff48bbcc1f163642061aab8d9f06928d64e25d674fd92c3abbe113cd1070a27,,true,65ca7717d51d6f22ed75806af33d19cfc712b8087c0a0cad809b3867c01d17be,AVOID,2f1375fc33169eda1066a7d283ccecfd205c2e87b5a2020f42fce5b1ec145e52,2026-06-19,true,RAW,44.25,READY_FOR_CONFIRMATION,B5|DSI001,NOT_APPLICABLE,GROWW,REJECT,NOT_APPLICABLE
SKIP,REJECT,4ffbed0e068273cae55411cccad7a91fdb5925bb21502bb9e458fe87f6a598de,,true,43e8ff395d4f9802dd15ec849aae5bd9f237b43dd701994fe1dbf1bbf5cd0b1c,BUY,fca77e838ff5143bd57e000fbbe05eee448a8d4319a4956b223c4fb782b67e00,2026-04-16,true,ADJUSTED,87.26,ENTRY_READY,B5|DSI001,NOT_APPLICABLE,JPPOWER,REJECT,NOT_APPLICABLE
SKIP,REJECT,5012e36d95d8dad7f7d68adb07a6596657f205c6cdb0fbcfacd1329b4ddf6353,,true,74fbd96c354d48b3165607fada63e65bdf87a5d4daa3f2ee9e4600ba336d6099,WATCHLIST,86518c602c676888c822be4a15034b14279fdfaded2ab4c2fa018aa6e98cd167,2026-01-30,true,RAW,64.61,READY_FOR_CONFIRMATION,B5|DSI001,NOT_APPLICABLE,TATSILV,REJECT,NOT_APPLICABLE
SKIP,REJECT,5065fcbb570c388f23bcf5630593692f5669dd9e1accc741258345a29b8072d5,,true,ef8efc719f310f7cf9fb54662673120b4f4684ab86da0b9920f9c33b922b9dc7,AVOID,162b4f2559770be858a52a786b965b41f1708733d6640a1036d0d754b83617e1,2026-04-21,true,ADJUSTED,41.14,BUILDING,B5|DSI001,NOT_APPLICABLE,TATAGOLD,REJECT,NOT_APPLICABLE
SKIP,REJECT,5082fa5cdadf3dbacf093d76309fc1e1c7a3bab3acabfa826bfd2e742f4af543,,true,3f68cbc57e80308a1be890a46d4f2b3bc78942baf62795f206b577a676f5a8c7,WATCHLIST,d50453f4a8289ba26e7c9d9404488bfc4ffd65caf2482ff066e3c25a341e69e5,2026-05-06,true,RAW,62.87,BUILDING,B5|DSI001,NOT_APPLICABLE,MAHABANK,REJECT,NOT_APPLICABLE
SKIP,REJECT,509bda2207e0f88473bde61a0bac46410f4173c884f83e573e9781fde1be1037,,true,0e188bca9e84193ad0fd8acbba4e200a39c62e90959c6d9ec8531c57f4fe09e9,AVOID,bc41164c4303eb90a2c5429f86bdd2bdea0dcbc521c307d30abae64068b836db,2026-05-07,true,RAW,57.88,BUILDING,B5|DSI001,NOT_APPLICABLE,HDFCBANK,REJECT,NOT_APPLICABLE
SKIP,REJECT,50e854121732483edc22aca50b9d9b8c9f6f1128725f93205385d05a24623ff6,,true,b7ee4021b98a61ffc3979efff4156094c7f933a6da97a223322b318d34f23e06,SELL,dfe850e6db396fa0fc5e37eebfdda0882d03a437815ab4f9a378f676619cd985,2026-03-10,true,ADJUSTED,39.00,INVALID,B5|DSI001,NOT_APPLICABLE,RSYSTEMS,REJECT,NOT_APPLICABLE
SKIP,REJECT,5151af3caf7a6e003d1d33807b6c7530be8e73f3b6d1bd9aa3329f78a0d24862,,true,cc7e2642242038a0bafe64326221b3a716a1faf08f6c0511ccaa1fd80920ce7c,WATCHLIST,68e184de019576e7b4d4fadf5235c0768d5e3560ce21e2469e2d784d2f3852cc,2026-01-06,true,ADJUSTED,74.88,READY_FOR_CONFIRMATION,B5|DSI001,NOT_APPLICABLE,TATSILV,REJECT,NOT_APPLICABLE
SKIP,REJECT,5156b38ae993eca61b944d7a237f3797eb6ea2f5cdb7203a6d0cff2c8ef036b0,,true,bc80dac58b5d550dbbd052ab2faa416c8fcea920f62e3ec2c3fb9f321015a476,SELL,284793de7649cb41179992d6112382230dbb8ec79111d4945d994be726d9a6ca,2026-03-23,true,ADJUSTED,35.00,INVALID,B5|DSI001,NOT_APPLICABLE,ETERNAL,REJECT,NOT_APPLICABLE
SKIP,REJECT,516094dc5433a9a4d718ff182d32b6c1da32b55d6fcbe500b30a22e7e0b4c7e9,,true,979160fc4b745f916cfa93dab7b3ddda3043f65853419ad650f5074067e64245,AVOID,2384a55221a363e7713ac2cc52648ca15261e59c7d06e8f8d03a0698ced6798d,2026-01-19,true,ADJUSTED,53.06,BUILDING,B5|DSI001,NOT_APPLICABLE,FEDERALBNK,REJECT,NOT_APPLICABLE
SKIP,REJECT,51824be0fc84423152401e8b53f2487fd4a6af17f598e3280a0ad54f44db20a1,,true,31eac6612ce83f4b53c54db53b0445829b963d814bd84b1dffe4756e65eee5bc,AVOID,6976fc9bfa2c12b81a2c1565cac3e4aab3520990f2aad17bc4a8ed29fdcc2772,2026-05-27,true,RAW,59.00,BUILDING,B5|DSI001,NOT_APPLICABLE,HFCL,REJECT,NOT_APPLICABLE
SKIP,REJECT,518e67e2800e5bdeee626651ecd7bd71e22991f43e5089afc7ded651f59c4b5b,,true,eb4ae06811b6927903320ccd6be14f54dac37503eaa046086f76048a6e4f922b,WATCHLIST,212c6d5e70b9d5fd628b099dcc78a45791b59150a59f4c4221810eedaf1508cd,2026-01-05,true,ADJUSTED,62.32,BUILDING,B5|DSI001,NOT_APPLICABLE,GOLDBEES,REJECT,NOT_APPLICABLE
SKIP,REJECT,5190ee5d62fc2aa948a5749beb3b3d8029dabd15774c80d07901abff3f39df74,,true,23e4b1c0a7ca7ad31fada9785d42ad8a968de2eb5a8fb7f77db7d2e059c3c1a8,AVOID,3d2b08a48f934f90a6a60cf7054fd5130916743ccb6addeda84f88680b68831d,2026-05-04,true,RAW,59.00,READY_FOR_CONFIRMATION,B5|DSI001,NOT_APPLICABLE,ADANIPOWER,REJECT,NOT_APPLICABLE
SKIP,REJECT,51ac90e7c980594ad71d443e518b06d7cf01fdc43c5c533cbc7f760ce4a86f1f,,true,c885eac7d33d30f47f1b5714a28619410261ed27a7401c18c695330a0f5890cb,BUY,24e5aacfd4a06afb67f0350199e480ad8db431f77b6c0834c25198c1c2570b38,2026-07-20,true,RAW,77.69,ENTRY_READY,B5|DSI001,NOT_APPLICABLE,BEPL,REJECT,NOT_APPLICABLE
SKIP,REJECT,51e728905fc306cc6b0bb8598bffe974cf3d5390f06de6391d823d7c64be3173,,true,da5368ed5a757b21994d12001a7f85431eec9fa58518f2ced1e5e6b45cc175f6,BUY,428c85eb016bb8a46ddf9bc4ece225c6d4d69408ed98c5e500294169ddb3f78a,2026-06-16,true,ADJUSTED,82.96,ENTRY_READY,B5|DSI001,NOT_APPLICABLE,YESBANK,REJECT,NOT_APPLICABLE
SKIP,REJECT,51f926402fbb60c223f123b9f02f0be69be99a35847b64802d8a4cb044c53df6,,true,67ac8ed9d5c76d6253769b273e647cd9aeb5b411beeb4bc8f95fd0f0f1f902ad,WATCHLIST,576f40d8f181923393053e088809febb4b220ce82f9dc1423f67bac773be058b,2026-05-20,true,ADJUSTED,69.79,ENTRY_READY,B5|DSI001,NOT_APPLICABLE,TATAGOLD,REJECT,NOT_APPLICABLE
SKIP,REJECT,51fd4d00fa20a09269563491d71e97a36f5c2d55c5881161766903f74153f679,,true,3b2ac0671c307aaf825f1391f396b7043a5ee0190828fb1ccd8eae7fd680dc39,AVOID,b0d971cfd88ada4e30f2581ce4a78b4b9ee5b25961323627afe24d2d5e5fe914,2026-02-25,true,ADJUSTED,47.34,READY_FOR_CONFIRMATION,B5|DSI001,NOT_APPLICABLE,GOLDBEES,REJECT,NOT_APPLICABLE
SKIP,REJECT,51feb69632be4bf4f39f8830115828af8053046eda0aa5f35713cfb91b4189a7,,true,ddc22fc0fb8655f2f7f6000d6120deb4e553280aaf5d123e2a6d97582c96e999,BUY,04f5a1ef4fd87d08b2e58afc9db1086360f34f5af539fc06673983ef63a2088d,2026-07-10,true,ADJUSTED,82.42,ENTRY_READY,B5|DSI001,NOT_APPLICABLE,KALYANKJIL,REJECT,NOT_APPLICABLE
SKIP,REJECT,5215e59c692b65268c29c94340d8d2abefd6692add02b442dad0188d946a3adc,,true,e251d07d65b13f5a14cb60bea6396e90f222427cdb723a2ca4aff30122b01b96,WATCHLIST,4be23ad0f55ddf060b0788ed7348a8e2069c67634f0a3326eb4e57cdd62c40a1,2026-04-29,true,ADJUSTED,66.14,READY_FOR_CONFIRMATION,B5|DSI001,NOT_APPLICABLE,GREENPLY,REJECT,NOT_APPLICABLE
SKIP,REJECT,5223520b82d433fb3654916fe3c8d58a298dab197183e2af0823c19b6099ff79,,true,f1bda2ec709c6bbb85a4971ae7e6e2383a70e75c5a671811107d8d1ecc1e62e9,AVOID,0593e3b03f832d67babbd9f0bd84ba08a32d0c4cd646739f473057629f72fe7f,2026-03-25,true,RAW,45.59,READY_FOR_CONFIRMATION,B5|DSI001,NOT_APPLICABLE,ETERNAL,REJECT,NOT_APPLICABLE
SKIP,REJECT,523d9e9ae2991a2d11314c13661f838951ad5ebc3923f5902798695232c42be1,,true,92e9eac17a9af001c016352f02bc728e487d2244e8785fbb49691cfa7f748701,WATCHLIST,ff1f81d2e5a6be9f8746fc9be9952938edbce0fc070dc3f01bbcc555af97a27c,2026-07-09,true,ADJUSTED,68.18,BUILDING,B5|DSI001,NOT_APPLICABLE,BORORENEW,REJECT,NOT_APPLICABLE
SKIP,REJECT,524b267b6946da12696210cb3b6895c41ee8b820e246868ef733d9b8699451db,,true,9a6fad3613a20b0962a0a25271ecd2f9625ca16d951bcb69bae75e602ee62114,WATCHLIST,025acdd5c6acc3006bcf8b40849695a8945431c0fe5e779e4acbe71b1abcd57a,2026-01-20,true,ADJUSTED,62.86,BUILDING,B5|DSI001,NOT_APPLICABLE,SILVERCASE,REJECT,NOT_APPLICABLE
SKIP,REJECT,528f77c3721b51d7d158b38397f4b6ae4abfa0fdb4c140eeca07851d8518d966,,true,dc23932519834052f8f75186341bd10491e53d955596c5e980731d3594b9eab9,BUY,5aeda0c39d245a81faede60081e3cb6b4ef299742fd85d4c3a304b6135771a4d,2026-06-05,true,ADJUSTED,89.72,ENTRY_READY,B5|DSI001,NOT_APPLICABLE,OLAELEC,REJECT,NOT_APPLICABLE
SKIP,REJECT,529648b035cdbc9d640dafc148ef20237672096d491a52f4a2c3340207961468,,true,fcda27c5f927341bf5d5c23d09f89000921802914c3e3120fdf534cee8510418,AVOID,93b5c0644e8533a8d154d1b1ea338ec4e0a3c97c525ef4a30a4e8be5e3faf347,2026-06-16,true,RAW,54.71,READY_FOR_CONFIRMATION,B5|DSI001,NOT_APPLICABLE,IFCI,REJECT,NOT_APPLICABLE
SKIP,REJECT,52ad5a1a066c07eb70e2a429cc0864918ac0268cac61b6019fcd7fbb69387d53,,true,e9e4be2cdb05463a38a8ebaae50b67d2245d78540eb7ed2d330527f9e7e89c2d,SELL,d15ffc62c3eb96322e1c1b7906ff5e587c2256b02e3d6d93059fc76b660cc75b,2026-06-11,true,RAW,35.00,INVALID,B5|DSI001,NOT_APPLICABLE,HDFCBANK,REJECT,NOT_APPLICABLE
SKIP,REJECT,52b352fd1c3546f71aabbd2ee9ff795d66c3fc0d6967df010ffb9853c3829e2f,,true,e8c8d9253ee2a5c6e9516a271a944fd38735b807e6070cf03495564ddec059cd,AVOID,8fd3e5ddc57cde3834e26f11109307442480219d81552048dbc23027eeb99c0e,2026-01-28,true,RAW,57.20,BUILDING,B5|DSI001,NOT_APPLICABLE,YESBANK,REJECT,NOT_APPLICABLE
SKIP,REJECT,52d178e44d4638cb296dae29758026a3534a171a8c0e2065ac0869331efd9185,,true,2459b3d0aa13420b6cb759ddb8ab0c94e330daeab0f86db96acc8bc30880484b,WATCHLIST,56211a96d17903dc2b664088b1d441f5e725062caa784c6475e44e7c5f034b5b,2026-02-02,true,RAW,71.15,READY_FOR_CONFIRMATION,B5|DSI001,NOT_APPLICABLE,POWERGRID,REJECT,NOT_APPLICABLE
SKIP,REJECT,52e8f2c93cdfa048ba813a348a3ffb6040c379605d4845f170bdd9d5dce29b1e,,true,d1abc385cd742afbf18f6324bc684fca5659384dcf0e8ceb562bff254866abec,WATCHLIST,ebd611ec755014cb540b5360c1dbdb1265e6c566ab719ae0519a2781a40a86f8,2026-07-08,true,ADJUSTED,74.00,READY_FOR_CONFIRMATION,B5|DSI001,NOT_APPLICABLE,UNICHEMLAB,REJECT,NOT_APPLICABLE
SKIP,REJECT,53029a58cdab3bfc824b6bde7535b9d81bf126e29e3be87e2eddede856500e6d,,true,cc55f2b6ff2aeb2918d8cf94dfd5de83ae46a263e935bc6c13f4804dfcac00f8,AVOID,9c9d3ad64478d8bef53ca00bc4a02bedb519d7e56c716b19e5b5e90c2d697f17,2026-01-07,true,ADJUSTED,56.65,READY_FOR_CONFIRMATION,B5|DSI001,NOT_APPLICABLE,SILVERBEES,REJECT,NOT_APPLICABLE
SKIP,REJECT,5329b1b0588fa83d575aa02ca76ac86e8e55611011452ac65e9437bd09e23974,,true,cffc01391bab940a1545ae5b94fd7487f9a1cdc5d1c898a01f25cbea9cb0a6db,BUY,798f68e39ed0c9d4e97b10335f5a9f93b8439d0ac1f42aabc6dd0f263628c38c,2026-07-13,true,RAW,79.38,ENTRY_READY,B5|DSI001,NOT_APPLICABLE,KALYANKJIL,REJECT,NOT_APPLICABLE
SKIP,REJECT,536a7f646afbe28e3e35f4e739c93ef84a1bedb91a898152c3d645af1e4f6b50,,true,8a2af36b5d5be36839e8ad616cb0f6c561456bed07c3aa17aee0bbbc91f05403,SELL,cd0560ab214593bd41f457bd3d4ca8aa665d369f4c44464dca546306c6942591,2026-03-19,true,RAW,32.91,INVALID,B5|DSI001,NOT_APPLICABLE,TATAGOLD,REJECT,NOT_APPLICABLE
SKIP,REJECT,536bc141e1fb2588ca66b22c3bd9b45479c2eb89528ea3e0a03a23028c1e099a,,true,5c1294d081097722fa321334fed386ba2124104d93b93d4e8b4d1da67b40dbb2,BUY,fcc8493effbfc8c6d178521f396abcfa8230809558a0d97e79650ad6368dc6ff,2026-06-05,true,RAW,76.95,ENTRY_READY,B5|DSI001,NOT_APPLICABLE,YESBANK,REJECT,NOT_APPLICABLE
SKIP,REJECT,536d9669fcff96b2f9c6a1c0200578d891416c91d9e88f4ad62591acab3f5c04,,true,f39e7b44805b9cfb03e24bdd387fa5a59f5c9cfeb9146e077b59c68885e8914a,AVOID,67e7f819ad7adfdfff23001d97520e5195b6e889a0e699fb3a2a4b9364f9026b,2026-01-27,true,RAW,40.92,INVALID,B5|DSI001,NOT_APPLICABLE,NILASPACES,REJECT,NOT_APPLICABLE
SKIP,REJECT,53825a5e20be80ef01fd4cb7cdb719f9d504255496c0f561f3a53f9a45818b7e,,true,b37d81bc6ae02f844b28c3c1063dfc833b3d8becaad4ce52f6927a2e34309304,AVOID,89bb1dcf9f77cc732e19e2b4533ef3306e789a341f955f32d4c9fdb3e22b9a8e,2026-07-09,true,RAW,58.57,BUILDING,B5|DSI001,NOT_APPLICABLE,RADHIKAJWE,REJECT,NOT_APPLICABLE
SKIP,REJECT,5393b2cd48ab5cace17224073be4aa0437b703962370187c759b22fb3deda5f3,,true,739b5eb287012b9d33de884d218a8eaf8227e8ac20e47e09aace5ab1fe18c094,AVOID,714581ecc97c2e9608f9dc8d5724c0a3b686d40c39e7680196b79dcd40b34014,2026-05-21,true,ADJUSTED,40.00,INVALID,B5|DSI001,NOT_APPLICABLE,OLAELEC,REJECT,NOT_APPLICABLE
SKIP,REJECT,539a7e985facc3bb34c34eca7ca2ecd9371106e2809f0010c305ba514f4cb455,,true,adce0c9c82834fa6478e1600006abcb494b5b8374f67f5558fce242ab66af3e6,SELL,143cf239afa95868b1a0ada2a43af0387e2f597848fe99fb28e32f91218d4409,2026-03-04,true,RAW,35.00,INVALID,B5|DSI001,NOT_APPLICABLE,ETERNAL,REJECT,NOT_APPLICABLE
SKIP,REJECT,539faab1768be8edabeb4873fefbafedb351fcf6b608472b4a8378a425153525,,true,daafd127ddf7ea83f41bf04fc7f95493fa722116c8116de7e38911943909eb68,STRONG_BUY,569266cddcfada6224cc286d646269599d7b2698b6a4ac3c19af66cc983da358,2026-01-29,true,ADJUSTED,91.38,ENTRY_READY,B5|DSI001,NOT_APPLICABLE,TATAGOLD,REJECT,NOT_APPLICABLE
SKIP,REJECT,53aa86a0a1c83916a770a2e62d8d3962bd8f9fa77eccae8edc5c44e1eab6821d,,true,ca796c72ac46b9c90656be535853f73fb15ed87b67d34cce8f6d2ceb7e063f12,SELL,488cec7693a65e75c11c59625fb32ee1255b85cc0e99665c0a9ad4d398805048,2026-02-25,true,ADJUSTED,39.00,INVALID,B5|DSI001,NOT_APPLICABLE,ETERNAL,REJECT,NOT_APPLICABLE
SKIP,REJECT,53ab3662555b5e6efce0059f607a74462d3038b648f65ea9431d8bdf15c62099,,true,df631df1e5204e30c518259a4d5c523cc9953ab5c4c4f2a912d49ca630a203c2,BUY,497447cc8cd693e574b817558a34937b4eccc73b2a6f996e0a215d55b80cce0d,2026-02-03,true,ADJUSTED,88.04,ENTRY_READY,B5|DSI001,NOT_APPLICABLE,TATSILV,REJECT,NOT_APPLICABLE
SKIP,REJECT,53aea171976afb9cfd7605b502f1c941fa33a5446f07f67181aee16e36b4c76a,,true,cc3a79b24e6f6f113062808fcfe0e4da55f3860475ff9ad209e7b4aeb843229a,SELL,78b6b3a9a7e7824a9aa4c5ae6bd706505df632334df368280307f1a1dbdadea6,2026-02-04,true,ADJUSTED,35.00,INVALID,B5|DSI001,NOT_APPLICABLE,RPOWER,REJECT,NOT_APPLICABLE
SKIP,REJECT,53b82332a2106c2f268b9f31217ddc55fb1a3a31d2682802161c67917798b932,,true,15f2bd7c1e97a4587363d5c3d8a855d189d38594cf8ed101b45919831bae2c7a,WATCHLIST,2b1fbfe3cc2014cbaba65a60aeeb5f725ebf8e8a29e045a3f7341ee252e572b7,2026-04-24,true,ADJUSTED,67.22,READY_FOR_CONFIRMATION,B5|DSI001,NOT_APPLICABLE,JPPOWER,REJECT,NOT_APPLICABLE
SKIP,REJECT,53da07d856d1d91e5db883ef34fafb8a6a064493722d8514c4948f0568a134aa,,true,55619db7e454328a721771e673010c799040a41f5d32b05e1f6a38c37dd6bd77,AVOID,1dcd697c2e7175798dfe31e95297ce8c80e0eac5d6a7f6f03ced52ffa8fad777,2026-03-27,true,ADJUSTED,48.03,BUILDING,B5|DSI001,NOT_APPLICABLE,LIQUIDCASE,REJECT,NOT_APPLICABLE
SKIP,REJECT,53e6eabf957cd4d0e027f74793a6099d2b8d0dda8533ba4f3f63072c4b629fba,,true,774e55e4e795a76c6f97d781b08e2ea332fa2e4c37ba21c51256a194b8b17181,SELL,86a2f2c9a45bdfa37cb536efc35564db31899adbdf3e5a9f18d05ddeee3d07d9,2026-04-01,true,RAW,35.00,INVALID,B5|DSI001,NOT_APPLICABLE,OLAELEC,REJECT,NOT_APPLICABLE
SKIP,REJECT,53f39d821e480ea747b72532ab93108b2483aba7de3f96df6495fca1069e8bd3,,true,4df7bbf6cce788afc95ac5218c613efe0711d9468c6a603ef784feee9a634f37,SELL,d2cb8968c7ebc144ad3a9ad10097832224143b97700d0c1ce78648491d138caf,2026-04-02,true,RAW,35.00,BUILDING,B5|DSI001,NOT_APPLICABLE,ETERNAL,REJECT,NOT_APPLICABLE
SKIP,REJECT,541bb45b30295c261c6ed2f39adf465bbfb6149f2cf6fc0c8904cea7dac738b2,,true,c885eac7d33d30f47f1b5714a28619410261ed27a7401c18c695330a0f5890cb,BUY,24e5aacfd4a06afb67f0350199e480ad8db431f77b6c0834c25198c1c2570b38,2026-07-20,true,ADJUSTED,77.69,ENTRY_READY,B5|DSI001,NOT_APPLICABLE,BEPL,REJECT,NOT_APPLICABLE
SKIP,REJECT,542c7485a0235ce03eea850fd0d274e2345a6c49d1277bf64ea0b9be86db760b,,true,5477a3584c872b5e5209a19652ec06092d8464e466afeb8a739592dec4b487fb,WATCHLIST,93755d89b2059416df261e0e845f70ceb7fce1b3cd5b61fde759500c27f9cd30,2026-02-25,true,RAW,70.42,READY_FOR_CONFIRMATION,B5|DSI001,NOT_APPLICABLE,SILVERBEES,REJECT,NOT_APPLICABLE
SKIP,REJECT,542cbc915e8c1d144c0c5ab71583e4edeee1fbbaf70d021e012b40e5877dfda3,,true,9143c0a2803b19931a1a15c833d2804dedf73b7955fd9ee6fe3a7d9cf363606a,WATCHLIST,079c870aeeca3622bfcfaf79add2552fadc63316c6eb3ad311b3fc429aa71b9b,2026-01-09,true,ADJUSTED,74.68,READY_FOR_CONFIRMATION,B5|DSI001,NOT_APPLICABLE,YESBANK,REJECT,NOT_APPLICABLE
SKIP,REJECT,543038cd008a96a9ba82dcda925b44ab256cef75755c907dbf2adebcde35d485,,true,01d6732a9355018ea9f874c7dfcf7a5fc268631046722ca05f6a50babfc15644,SELL,802cdb6f2f990319c6dffdf06dbd048ee89c40a07d5b1152014e4a305e61e525,2026-04-02,true,ADJUSTED,35.00,READY_FOR_CONFIRMATION,B5|DSI001,NOT_APPLICABLE,TATSILV,REJECT,NOT_APPLICABLE
SKIP,REJECT,5433054627dd32677267e4a76e1fc3a7e3cb93d8bbf40d55d2db6c9cf13b6583,,true,e0a68fa0af23886a05b8ac9895a2c15d950d2cdb8db0ab694d35e7eb6583baf2,AVOID,2bf462039e190272072e33a5bba5ecfdaa2fee88903f4b9c169ebe9f3ac2c2b4,2026-01-29,true,ADJUSTED,53.43,BUILDING,B5|DSI001,NOT_APPLICABLE,HINDZINC,REJECT,NOT_APPLICABLE
SKIP,REJECT,544e0478a9db8009cb7e8561272dc7e46fb84e1b4052982d23fdafa5a8643020,,true,d38aa559f29519fe63d3bb50b3f33048859d52a4f37e3c9b50400e9a44a7659a,SELL,579a10b1cd021b6d246476c155137123dd1cf210268485cfa0204566e4cdc55c,2026-01-22,true,ADJUSTED,35.00,INVALID,B5|DSI001,NOT_APPLICABLE,NITCO,REJECT,NOT_APPLICABLE
SKIP,REJECT,5496a940fc8c32b7cd5ccadb042a345ad6a66faca91e45956e1028f3579267a5,,true,5ce77a5609d01c79a71c74b9a856857b206feece5aa31939afd15c807fcc72b2,AVOID,88d266b7ba7690fc7f808b0637afcbf95a7801f4ad1e5ca5ee891e2f12f49130,2026-06-04,true,ADJUSTED,56.94,READY_FOR_CONFIRMATION,B5|DSI001,NOT_APPLICABLE,YESBANK,REJECT,NOT_APPLICABLE
SKIP,REJECT,5498263b05f7cabba818996f4d720989c6a81d43b9ba8a5203e633ae4f2ee5f0,,true,b303c50cdf69392323323edee83bbde4d13dbe8439456d660915eeb363904828,AVOID,cd1a4a0f3afc843c50e44d53c59c1c51e030f06ad4e87f573cdaa8adca4a3845,2026-06-29,true,RAW,49.35,BUILDING,B5|DSI001,NOT_APPLICABLE,NMDC,REJECT,NOT_APPLICABLE
SKIP,REJECT,54991a6a641d63af8e8eb1d27043062c16761eae2ea4a9688b2ab803b24a2eb4,,true,9fdcf8e771c5c4a961a8ea63208d8d06650aa4f44b4e5272d1cbcf4790da2b41,BUY,35d4f59de6882d7a5e07646f67b045a5f53d88a113dff467479defe566dfa1cd,2026-04-21,true,RAW,75.75,ENTRY_READY,B5|DSI001,NOT_APPLICABLE,ROLEXRINGS,REJECT,NOT_APPLICABLE
SKIP,REJECT,549c9a6b35eaa4957fd1f50753ef5a66be77523afd11d731a2e349aeed51c66c,,true,2101b694ec5fedcebcb7bec1486d4e7782e4ab23426e4fc7ae1f99dc5d456774,WATCHLIST,3c80bb64729af08bdd151c2458631a5f3bc175f1a103b4f39a876626fea1e68c,2026-02-06,true,ADJUSTED,63.83,BUILDING,B5|DSI001,NOT_APPLICABLE,NYKAA,REJECT,NOT_APPLICABLE
SKIP,REJECT,54ad9a23e02a4204b29b55c5965f07c00cd2e7f4c6c14cca369ee174ad08c89b,,true,5f746347373abfa39a0b8dcdce0875abe472ddb6fd5af14f8b613a512208c278,SELL,67e4fc223f8d815c135c783b3f0cb1177dd752fa23a315e38b42247fa9529fdb,2026-06-03,true,RAW,35.00,INVALID,B5|DSI001,NOT_APPLICABLE,HDFCBANK,REJECT,NOT_APPLICABLE
SKIP,REJECT,54b69bb8cb1fe7c57fb3495d0580461e08a589317164be7b9f7460363e0de0b5,,true,3e4b192bae620522a4ee661d7d5c96037c8b074446c558a00015bdb1449259c5,WATCHLIST,498e0ab1445e1b7330b5c9d8a303cf6053dbe3ca47fa59ccdf879b68f8c00c40,2026-05-26,true,ADJUSTED,65.52,READY_FOR_CONFIRMATION,B5|DSI001,NOT_APPLICABLE,SAIL,REJECT,NOT_APPLICABLE
SKIP,REJECT,54c77a9a894e155af21f707bcf78a85f3193600817825ac5166192bbbe53f169,,true,ab651c61b386fca1578a8ce9bb687f3e818deb21b25215cf498d0345b64a5285,WATCHLIST,17a796a1b0f77f21505eeba07d6dfa469633c85968209b432613c29084a9cf85,2026-06-05,true,RAW,64.54,READY_FOR_CONFIRMATION,B5|DSI001,NOT_APPLICABLE,GROWW,REJECT,NOT_APPLICABLE
SKIP,REJECT,54ceae92b914fb4df8ec11b08d1b36e14908eee2a02f12d4cff8bb24c38d2e95,,true,728b030eae28a99a0e1f5f9e230c053023de2ec46352759d2ba6544fbc11f602,AVOID,2577f3a8f76f5b2bc98e13f94f44d84cbce524f593818987b1dc44e0fcfb83c0,2026-02-10,true,RAW,40.00,INVALID,B5|DSI001,NOT_APPLICABLE,HDFCBANK,REJECT,NOT_APPLICABLE
SKIP,REJECT,54e7e5db58aa53725c29840c8330022b752fdef8a9dbbb5d79e23a1b6ed69f7a,,true,51be6b42e85322da36bac29de8d8a621adf3a0dfcf71fbccde4e02f7f4e8bc2f,SELL,ce0dcd54cddc36a2e0e9a1b55768500c1714d5a8b58fc53691ff472427d8cad6,2026-06-04,true,RAW,39.00,INVALID,B5|DSI001,NOT_APPLICABLE,NHPC,REJECT,NOT_APPLICABLE
SKIP,REJECT,54fcfcf6ca95c2407f5c38ce4694c2de5e9c31881226d62ae50f4d71e3fb1313,,true,e4d4d40075c010e1558fb2156601ecd591aa04e15a46453871bc717cefc5018c,BUY,721e81b47fe24aa61e223491d16e30f7848ded74fdf5449c7cc9ea9cb6e81dcb,2026-01-12,true,ADJUSTED,75.38,ENTRY_READY,B5|DSI001,NOT_APPLICABLE,YESBANK,REJECT,NOT_APPLICABLE
SKIP,REJECT,5501d2b05bbf78f432a91142536957240f78a697e3cb34d939e2426735088f02,,true,1baab1c8bf6ddfb7be0a0ab6868272afcb26bdbd6ddc1fcf3830cb7ac423cf92,AVOID,b1c7061ac78269ac696d5b0d0cff1a9edc9fca4828d243155fb7aeddaaaef138,2026-01-06,true,ADJUSTED,54.48,BUILDING,B5|DSI001,NOT_APPLICABLE,UNIONBANK,REJECT,NOT_APPLICABLE
SKIP,REJECT,5507214a5a4b0ddb38bb94254c12b420f3eac2a05b896c4eea05c939ef77b6d9,,true,48cf7314e745d6627f7ccfdcd9ebb0fb1b6887c9d02e523a1028e719c8b72ff2,BUY,a19ae4d75202fa07b8a5d57ed0bfc5e7fee7b8103d87cda695ed83fe599e73f5,2026-06-04,true,RAW,79.99,ENTRY_READY,B5|DSI001,NOT_APPLICABLE,IFCI,REJECT,NOT_APPLICABLE
SKIP,REJECT,5542cd1238a37667fd7953d5b5e8f73f25e65602ef9cb67401aacad2b643767d,,true,6df4612468fd500c843836fc001b49d637d60d39bf969d16523528dd1e92062f,SELL,489a72c620f596562a08ce16babec13b54c05f84d6180239348486d3e53f92be,2026-07-20,true,ADJUSTED,35.00,INVALID,B5|DSI001,NOT_APPLICABLE,TATAGOLD,REJECT,NOT_APPLICABLE
SKIP,REJECT,5544c74371023c09029d68828050087e7f5fcc9b0d174114c89a020c2720c039,,true,67ac8ed9d5c76d6253769b273e647cd9aeb5b411beeb4bc8f95fd0f0f1f902ad,WATCHLIST,576f40d8f181923393053e088809febb4b220ce82f9dc1423f67bac773be058b,2026-05-20,true,RAW,69.79,ENTRY_READY,B5|DSI001,NOT_APPLICABLE,TATAGOLD,REJECT,NOT_APPLICABLE
SKIP,REJECT,55536d64182528425e96f6efda6560196492c2f78022af7e999aebbfdebbb334,,true,88fa39bb69460c321d5faaeb1ddd0c90634f960a84c85a395ec9bbef5ec71211,BUY,b364acdafc0f21b4856eecaa5e495c34cf1cc3a35cb27d4a1cf9c05cde18f51b,2026-06-19,true,ADJUSTED,84.58,ENTRY_READY,B5|DSI001,NOT_APPLICABLE,NIACL,REJECT,NOT_APPLICABLE
SKIP,REJECT,5554a82ea94fd3936cf6a37ab533dfbcdc92c2110b826b16fe145eb7de99d22b,,true,03eaa1843baa87089fb49ea6d204d41ac495723140e4cb1e197d912395f53e4c,WATCHLIST,0084130e865bd5e969daac06c708ad4b5db29857cf923057cd772b38d747235a,2026-06-25,true,ADJUSTED,63.84,READY_FOR_CONFIRMATION,B5|DSI001,NOT_APPLICABLE,ASHOKLEY,REJECT,NOT_APPLICABLE
SKIP,REJECT,55807964f7bf03158e1d3d76f8751d271e02e2aa4f5b5f2b9f9e594176738321,,true,514063a28d24b6ce5d6cdf38da087d7f39d36adcd562e1ba670aa528c222dc25,AVOID,4297efe5e34e3b5301b2d0b2f755f5a889c2322f96f2bac26e12d1533aa7d1e3,2026-01-13,true,ADJUSTED,51.45,READY_FOR_CONFIRMATION,B5|DSI001,NOT_APPLICABLE,GOLDBEES,REJECT,NOT_APPLICABLE
SKIP,REJECT,55ba567d775914b3f539cc69419367049f97c3d408ff707d67149c8029a35846,,true,7e7da7e963782189ec19ab50bc474af28f34a342de73af443cd9b70ca923ce3c,AVOID,06fc4df10d22d1fc0fba00b98ef2dc72e068903230616cc79d7c584f4b86ef4d,2026-04-20,true,ADJUSTED,48.00,READY_FOR_CONFIRMATION,B5|DSI001,NOT_APPLICABLE,JPPOWER,REJECT,NOT_APPLICABLE
SKIP,REJECT,55bbe1e44d5315a8db49f1a51642c918953333b3cbb223aa14f739d429d96563,,true,9dd779746292b1957aa570faa106d845058d792fb4d2dd806f9d95d34b23c557,WATCHLIST,8a00c8a8fb513946be2a370b576aec0c0719cd2266a370ef5be123e0e9716037,2026-06-08,true,RAW,74.00,READY_FOR_CONFIRMATION,B5|DSI001,NOT_APPLICABLE,OLAELEC,REJECT,NOT_APPLICABLE
SKIP,REJECT,55c1ac14327e7765d18d7389260b45eb76f7c93476b671e9f31a0fc30de6c315,,true,85edc8275bc67714d8f4cf87252617ae8393a18db0c0351222cd347bc3ac0ba1,AVOID,6d32744d918f994b14c160784a0ac9641869a7433186015f3e3b485849e23c48,2026-05-12,true,RAW,40.00,READY_FOR_CONFIRMATION,B5|DSI001,NOT_APPLICABLE,TATSILV,REJECT,NOT_APPLICABLE
SKIP,REJECT,55df86ae2ce7f029638ec0d84246530b7e6926a0594accd9fe2935c95c17a66d,,true,334f036938f4d4224c12ceea2db2fefe02a9207d21ae0e87e3be5da2c83252e2,BUY,ff1d25dddbc98d1fe38e004bc2935e7fb7e501a76a3bc144c661023a188bac0e,2026-03-02,true,ADJUSTED,84.15,ENTRY_READY,B5|DSI001,NOT_APPLICABLE,TATAGOLD,REJECT,NOT_APPLICABLE
SKIP,REJECT,5604a64029ae82f88dd1a643096edb0c4c6912c75dcc9e3cf4ce1dc791367b9a,,true,d757d80194e55b4e08f15a8bbfddf99c2fdafed7cf88657ed8d2eecbb2e42b5e,AVOID,1dd3ac5478398f4b6680309a3a7b35250c01017290dce3a531829f45359aa9c7,2026-04-23,true,RAW,55.45,READY_FOR_CONFIRMATION,B5|DSI001,NOT_APPLICABLE,GROWW,REJECT,NOT_APPLICABLE
SKIP,REJECT,562825e571235c9802b2a5a3beaa31a74779a9fb4a99aa3fe5271c29c7d91dfc,,true,cfc6d1c99e78ff9b7f4a37328bbfda8650cd030e95301540d752d03bccbd1a44,AVOID,4ece54efab2f57d347e75047730fbf1bdcf249e2ab18e6f9e800c32d7e312371,2026-04-09,true,ADJUSTED,40.00,INVALID,B5|DSI001,NOT_APPLICABLE,TATAGOLD,REJECT,NOT_APPLICABLE
SKIP,REJECT,5640809cc83a47217a16b9c800db2c654edfc40cc6362b31770586a6e83dc99d,,true,6be88b6a77653e99d6fd8b60fa496b0675d034c4d31f4ea6a5a6823562861271,AVOID,7b42a73fe2448f71040679a61ff6f9ee85a843ca2f11bb901f7d396d4f4eeb90,2026-06-01,true,ADJUSTED,40.84,INVALID,B5|DSI001,NOT_APPLICABLE,TATAGOLD,REJECT,NOT_APPLICABLE
SKIP,REJECT,565b3abb1d622c9e8a25974eca288001eb7f508273000a58f25704f316ce9fb8,,true,8edc582fc630c5ed127df873f2d219e42b60f97e09df51841b597ebcc5743d16,STRONG_BUY,c4a13c1544628b089f1600163424cb6b3bfbd6b63cc1818bd4dcc68383ec253d,2026-05-07,true,ADJUSTED,91.10,ENTRY_READY,B5|DSI001,NOT_APPLICABLE,GTLINFRA,REJECT,NOT_APPLICABLE
SKIP,REJECT,56cbdeafde2ae5b03ca8fc86dd5b09ea9feb83846c4758f931628f29ad27a20b,,true,29972faaef2777ef8edee75788a167a48b6582c6bce76df837ad5936add7cacd,AVOID,b85d6d91c10b8d7d605b78202c62236f1b60d71e2a47993128d7cc8ed1e94344,2026-02-27,true,ADJUSTED,59.00,BUILDING,B5|DSI001,NOT_APPLICABLE,SILVERBEES,REJECT,NOT_APPLICABLE
SKIP,REJECT,56dd3c072d172694c16b41f6e9e123194a30d94ee81dfcc15b7a91c644a754f4,,true,bc627ad97cd3713411af990b7faca8e6b1f9775cf0a2c3a2622b2bd847418635,SELL,ce80467e279a00893f1fd9d8d64a63bcf3339dd80054f6405b42454354c05f77,2026-01-28,true,ADJUSTED,35.00,INVALID,B5|DSI001,NOT_APPLICABLE,ETERNAL,REJECT,NOT_APPLICABLE
SKIP,REJECT,56ef076489f489190ec722d0ff32d45658b7992b81df5c67dc0cf2ba4ef48b7c,,true,3574547672c202f5c54692bd833678709a276eaad0a7509b8754ad25fcab9d3c,AVOID,f987f7492e569f30e1e567caaed15d145f62cd1c6088025255bc1240942b379f,2026-04-16,true,ADJUSTED,43.62,BUILDING,B5|DSI001,NOT_APPLICABLE,FILATFASH,REJECT,NOT_APPLICABLE
SKIP,REJECT,57062a3d6fb46c9b3ce4f42d8dec14db01788cea4a5baeec3ddd9ee2b665c367,,true,037fa21ae1bb0f291c0cfbdb1a51925e7e2ee7e46153878cb2d9f053faf2dac5,SELL,6f956d7d1ee0dfff6d3e459e06c6141a89387bbd610a01b1c19ff7af142728bf,2026-03-27,true,ADJUSTED,35.00,INVALID,B5|DSI001,NOT_APPLICABLE,OLAELEC,REJECT,NOT_APPLICABLE
SKIP,REJECT,5708cd75fbbe90c8266247c1d45fc70b396812f1b2a187c92b095950b30e11bc,,true,7dcc0a1c24671f8cbbda35889f5f34e2fea51648a4992b3142a2c9ac4a3d1eb5,AVOID,0f847732f438f8c2b6e031a057153c3263e92d878b87f0947e8e7d04b41f6f34,2026-06-08,true,ADJUSTED,40.00,BUILDING,B5|DSI001,NOT_APPLICABLE,LIQUIDCASE,REJECT,NOT_APPLICABLE
SKIP,REJECT,5710aac18ba9626dd91704b88ebf438d57e76f9813434f03a20f8ce91eb50b18,,true,be4dcc88d6f67dc60d7d92772ce6e5774975b79dd343c403d3e543638e69680b,WATCHLIST,b34c32fef44ac4ebca0d56349b1949eb1b9fb5050d9efb0b70e8d91b95e63941,2026-06-02,true,ADJUSTED,60.54,READY_FOR_CONFIRMATION,B5|DSI001,NOT_APPLICABLE,ITBEES,REJECT,NOT_APPLICABLE
SKIP,REJECT,573cc480c96ef42043b634936d03e3a71e588b004a8fe84e4ee1105d3fc2e6dc,,true,a2fc6da46c79dd41ae07ab71ed715ccfcdd487b8c3970ce3e71c0e9e17da99bb,AVOID,b791057a0e37411f1c2558c985ab37279dd0c9d58367d5466a8b8f4a3bcc8dab,2026-03-27,true,RAW,40.00,INVALID,B5|DSI001,NOT_APPLICABLE,GOLDBEES,REJECT,NOT_APPLICABLE
SKIP,REJECT,57532fcfe31bf9971069a2f53dfa5d124355892cdaac45da8b42e0f294673fe2,,true,ed3b0be605f00826d61068f1dd42ccf84cb5bdb26712d982bf3b9cdbea23f646,AVOID,33586b1e58a30f37e860a13e71fbd7437b1b19831c6b0f39005ac34edab094e4,2026-05-08,true,RAW,44.29,READY_FOR_CONFIRMATION,B5|DSI001,NOT_APPLICABLE,TATAGOLD,REJECT,NOT_APPLICABLE
SKIP,REJECT,5785bed23bc37d95568efc29e4645764a28e8db8e32bc6f2938a33b947cf7ca5,,true,a6727d181b2448c022f362fb8057dfff2c95d8322798834db9ada7542d0924e1,AVOID,753ee0aab233a54b9406f7a1f6013363805226ea08ca4ac96ae1e6ba38f7fb34,2026-07-03,true,RAW,59.00,BUILDING,B5|DSI001,NOT_APPLICABLE,YESBANK,REJECT,NOT_APPLICABLE
SKIP,REJECT,57a3a98df55d6c8c88279521a95afc97c22284c79f89eca55e70b99ae0c7c5cb,,true,4469f3d0016e4b8011d05fb3b364b79dd3fb5dfd13d00f959fa917e1df36f194,AVOID,37f5c774b1e558f07d9e418c1fd0c5baf427e0c9d3c828ba1d6c2e631dc508da,2026-04-22,true,ADJUSTED,45.82,READY_FOR_CONFIRMATION,B5|DSI001,NOT_APPLICABLE,TATAGOLD,REJECT,NOT_APPLICABLE
SKIP,REJECT,57ff9574f9a041e648ec132f2f99c634655232ecdb13bfd34f0b43911c41d129,,true,71d65e754ec2dd0157f13da014dd36f2884b6d7af28e8fc078274fa3c61feb12,AVOID,54ea51b1cbc6a4c264463bc8de17b91081852ab0afbf58738fe9893b02e8859e,2026-04-07,true,ADJUSTED,59.00,READY_FOR_CONFIRMATION,B5|DSI001,NOT_APPLICABLE,FIRSTCRY,REJECT,NOT_APPLICABLE
SKIP,REJECT,580bf008ef7b9ff957c29bc16735ada8ca1c325752aa1f31022e6029950a3e4a,,true,f2bae57f9544041ef02911df03ec782a6056a0b4a3874d9bc477ed1fd4040d41,AVOID,80e6faae62650b1f52a8546ab953b5904205fa93949ca083ef303f419325fb44,2026-02-23,true,RAW,41.48,INVALID,B5|DSI001,NOT_APPLICABLE,SILVERBEES,REJECT,NOT_APPLICABLE
SKIP,REJECT,5815e9898d2909c25c3f25925c6abfa9ca1aeed38036a4fceae99b2ccde49946,,true,c25eae30901d82dd9bb9db40db1a9bfe528af93e1fcc48406f59a551c89a1acf,AVOID,f942928634be1521e9b6fb775c322a6408a8f2950cc2fdd51fd5b8dd2ddeb217,2026-02-11,true,ADJUSTED,41.32,BUILDING,B5|DSI001,NOT_APPLICABLE,LIQUIDCASE,REJECT,NOT_APPLICABLE
SKIP,REJECT,5817f5754ca731c21fffae82fba284c571bf93783893dc8e5ed5e4ce5ceee828,,true,8c5d0c7831f13b58e2a4b91f23d2002a2ad62a29983d3ffb8a17c258f5af9ddc,AVOID,64d573189761eceb26447fe8a25cc9738922c6dde72bde101b1486d7efe725fc,2026-04-15,true,RAW,58.00,READY_FOR_CONFIRMATION,B5|DSI001,NOT_APPLICABLE,YESBANK,REJECT,NOT_APPLICABLE
SKIP,REJECT,582cd853b1636d5eaeb876b84d4a7464126bc679afa8005854dcf7d295837a41,,true,2f37443b94c72697e94b267ed8a43e3f603cacc729bfa5159e4fcc2d5f5dd563,SELL,6ecd7a1556cdf98213be8bd1922ecf1727377842c9f1db0aca89a58d7590d816,2026-02-19,true,RAW,39.00,INVALID,B5|DSI001,NOT_APPLICABLE,NEWGEN,REJECT,NOT_APPLICABLE
SKIP,REJECT,582ec8fdddf27538069cd24c9891baa8b6a3da3385f547590dc1de80d8cc6605,,true,2f2067ebb8ac16157c45af34cb7e3b88b6446ad35c972da40a799bac842c609a,WATCHLIST,92b28cf6684834624ecd4a7da6d994bdc323f7d6e9875ba74459e4bafc7b92de,2026-05-15,true,RAW,61.90,BUILDING,B5|DSI001,NOT_APPLICABLE,SAKAR,REJECT,NOT_APPLICABLE
SKIP,REJECT,5833d5fde06ae76b4d6c6c6f31412ef7e3b56c831d4b3bfb176a6a898e03bb7c,,true,ad6b0214045d8231b9ccbbac0ef0ce73c58420f2ed84373d322ee11b5f84ca90,WATCHLIST,5ffdc2e472945f65af4534bd7e600acb1e5ac6ecd0a532b7f6c727a89cf92d17,2026-07-14,true,ADJUSTED,69.03,BUILDING,B5|DSI001,NOT_APPLICABLE,ADANIPOWER,REJECT,NOT_APPLICABLE
SKIP,REJECT,5834e9c3bfd50ba6fe874ec3d2063983201e318c7289091d96a117173808b1e8,,true,47ca6fee376c26846f27fef11e4df86fdbe5570c6f720bbc038cb1a34597568b,AVOID,55c1de08161994b427f9254b41ba5af5d38b35568924d0a2279ddad05bf7bb06,2026-06-15,true,RAW,41.13,READY_FOR_CONFIRMATION,B5|DSI001,NOT_APPLICABLE,OLAELEC,REJECT,NOT_APPLICABLE
SKIP,REJECT,585eb9ec71c755231760441b2831e7bc9084894275a18571c00ac6f46f2d3ac5,,true,ab237a654782cf8342fdf0bc5ec675c73036e78c7044a1ae7ed2f04a8741d9d4,AVOID,4362f04d8237c46ce150babe3e9e95ca1f455ca49506a27f9a90c0ca7ac68b77,2026-06-02,true,RAW,59.00,READY_FOR_CONFIRMATION,B5|DSI001,NOT_APPLICABLE,JPPOWER,REJECT,NOT_APPLICABLE
SKIP,REJECT,58903bee5935d936ac8f326672f585c11976345f75a305291486c906ee424a16,,true,a6b125fc5ba2c0bcf2b07e7384ef1ba36e04d66fb1107a24e438137523e5a350,WATCHLIST,d887abe3e7fbe9bee2e7755dbe19995150dffad7dc7d9882ab8f2876cdde38ee,2026-02-13,true,RAW,62.35,READY_FOR_CONFIRMATION,B5|DSI001,NOT_APPLICABLE,GTLINFRA,REJECT,NOT_APPLICABLE
SKIP,REJECT,58b9baaa99507941e724f5f5bc1fe27743481e55eeb47bae543539f4502f7004,,true,85c1c01d3eb6ed7938335e66cce30da556938c567f4281cad39f6f5e69a3bd81,AVOID,ee229a2fb02a9a9dbf601c0450aa75ff64d87a624869bd3e082e4bde0e23f26c,2026-03-17,true,ADJUSTED,40.00,READY_FOR_CONFIRMATION,B5|DSI001,NOT_APPLICABLE,GOLDBEES,REJECT,NOT_APPLICABLE
SKIP,REJECT,58e4e9f4b340e136bbfe3b3dcc54b9c4f291ea05ac145b67f7f4d254fcc5a493,,true,9819a13fc28c29f6ca55b3193a4373311049e86cdbef66686adba8f0744a93cc,AVOID,ed4d01396d2976ac212a50c520131bddcb7429e01a9fcf531d8fa082f7fc7474,2026-07-07,true,ADJUSTED,40.00,INVALID,B5|DSI001,NOT_APPLICABLE,HDFCBANK,REJECT,NOT_APPLICABLE
SKIP,REJECT,5906939b65f8565a401d8f2e7ce67a1b1e4af222ff8ff2526b5f62ac3bf81878,,true,cb0a8077b142453ccb5006b27176c12a9ac1e6613e4b275c74e07bf438b01b6e,AVOID,692cfa06dfff13ae6f81280707d2288650404941fc0644bdd7e8c91fa41e3213,2026-01-13,true,ADJUSTED,59.00,BUILDING,B5|DSI001,NOT_APPLICABLE,ETERNAL,REJECT,NOT_APPLICABLE
SKIP,REJECT,590b5360212c6816e5b485746506a749096e0159d8762080851a31bc6aa6620a,,true,49c966c328cd6e996236acfdab4c6e31e2e468cabd009ce254e1f3a826e36f16,SELL,66cf65e6e9a5a45329c299eb4d235dcac46c4f3a654e2e2f1e58977b1988cb59,2026-02-06,true,RAW,35.00,INVALID,B5|DSI001,NOT_APPLICABLE,RPOWER,REJECT,NOT_APPLICABLE
SKIP,REJECT,5911c41313d34b4df79c59ff5456933792f4b864db4ed40d0fa11624eb993299,,true,8812074343b860c730b2ee392b973e1dab13bb2f8f871ba004c9df33256301e8,SELL,9996353aec0ef64c17e072f8fa0d54bbe5636e57050c4998d7d189b9e3011173,2026-03-27,true,RAW,35.00,INVALID,B5|DSI001,NOT_APPLICABLE,PCJEWELLER,REJECT,NOT_APPLICABLE
SKIP,REJECT,596695210ec6b8207822466dec95c063a1cfa06b1379c2a6a91738fb12088b38,,true,0f7b9f7083434b38e284754cff4f9d67559e3a029ddb446dc0920ba0c81573a0,AVOID,be61c4c8a8df2fd41e8b040ea1c322ae665a70bb111ff023cb1a1662e137eb6b,2026-06-18,true,RAW,53.52,BUILDING,B5|DSI001,NOT_APPLICABLE,IDFCFIRSTB,REJECT,NOT_APPLICABLE
SKIP,REJECT,596ebcbd3fcd4442e261314d210ed642b8cf36736ad39cf9155caba56e61376f,,true,fdc67b9d4a82577799ddc30623b631c8e58eb5514a0eff7a46713b1a25fd9d3e,WATCHLIST,df762075f028ae64d3f3b4df04cbcd05dd57585a1223df9cffa80132a2939543,2026-04-22,true,ADJUSTED,69.73,ENTRY_READY,B5|DSI001,NOT_APPLICABLE,GROWW,REJECT,NOT_APPLICABLE
SKIP,REJECT,5970876924f2b865f72fb14f6d95a8ddb9ba24a58dac68beb4742ffa750711d0,,true,331098b5822b61eca54dca82a54bb4ca50ae859c806ddd9d9df4e849f8dd4d20,AVOID,2306a9e8c6b6016f94a28f6b29ba4efe48be500a6d7715dbdefb767fb6f53304,2026-06-16,true,ADJUSTED,43.11,BUILDING,B5|DSI001,NOT_APPLICABLE,CANBK,REJECT,NOT_APPLICABLE
SKIP,REJECT,5994a1035eb8718646cb0313d54dc025fe6589b8b3f4e644e20efd47c6637c31,,true,a293717a8e54359e0791cd96134b542f4b0b86768f4de7876a8796c1d0bd7052,SELL,8f69ceceb88aa10b2bb3e336e670976680ec3eea86ffa6b542fdf2054e7c9e05,2026-06-08,true,RAW,39.00,INVALID,B5|DSI001,NOT_APPLICABLE,TATSILV,REJECT,NOT_APPLICABLE
SKIP,REJECT,59a86901bcb81503566fae373b673c86aabf5cc9f2782ed98c8b9f988f774bdf,,true,791ba6ce8146c1a545848f435cc27321a5dbeac244fcb2ea8f5fa336ecd15067,AVOID,1ef52dcab69544fcead97fb44b3da3d8aa6a8345125c2d1995a87404d35a052b,2026-03-30,true,ADJUSTED,59.00,READY_FOR_CONFIRMATION,B5|DSI001,NOT_APPLICABLE,TATAGOLD,REJECT,NOT_APPLICABLE
SKIP,REJECT,59aa38f3dd3bc6278f06560ad4a385c8cdab4c501e1a5cc5493f198ad8b1c4b5,,true,d513d1ba9f9eec3843f7c805b176b45797f85d30001935085d8692a2ff8ae3d1,SELL,1fe72394a8c1c665685a7c6086c2b61478a094a4193def53e28c3d299eb50275,2026-05-05,true,RAW,35.00,INVALID,B5|DSI001,NOT_APPLICABLE,VEDL,REJECT,NOT_APPLICABLE
SKIP,REJECT,59b11755a56da7a27124ff2c53b65a2a4c8d25b45b1e33704cf2fedf76bc4b0a,,true,a615ccde7769eec88a0a54214a413c8affc71a7abcdafea7ce553d62d7816a3f,BUY,ddb88f2ae1c0bca80abb36d69ad9aa2eab1a3555d034b64f5cefac3880c35eba,2026-06-03,true,RAW,87.28,ENTRY_READY,B5|DSI001,NOT_APPLICABLE,OLAELEC,REJECT,NOT_APPLICABLE
SKIP,REJECT,59d46f13ef42c818076be535feced88be697ba3081d519c2d0d8b32f361e431a,,true,9f19b66528b73ab0873f223a0e6318013501c60c49e42f536cb87449f9503190,AVOID,99537f2400fc4f06f6ffc382031b411e3bad82709430155811dd75ff8cbcae78,2026-06-30,true,RAW,59.00,BUILDING,B5|DSI001,NOT_APPLICABLE,IDFCFIRSTB,REJECT,NOT_APPLICABLE
SKIP,REJECT,59dd7c19393d6febd10f68e1b4c0ea69ea61355688a087b9b953d22819490632,,true,4cf4c409503cb1b167bb7219e9a28a56c73a7232bdd5f606862e9470969e357d,BUY,58f83220adbb20c1fb775f279c07d77b3c70ccad732ea5f4877cf789aeb657e9,2026-02-09,true,RAW,83.17,ENTRY_READY,B5|DSI001,NOT_APPLICABLE,IFCI,REJECT,NOT_APPLICABLE
SKIP,REJECT,5a10cd0026dc24cac1adcd215ad630081705d66bad016ad347865d2561b505e9,,true,a3d32ad96c3aa99e8a2d1fda35664526d54fe27312f701dc58a81498ee3abfae,AVOID,47faf2b31a4cdab729aa832d80c6e00da10dbce41727dfde9c6474a15fa5a295,2026-04-02,true,RAW,53.09,BUILDING,B5|DSI001,NOT_APPLICABLE,LIQUIDCASE,REJECT,NOT_APPLICABLE
SKIP,REJECT,5a2f345b161d3cdd2475ca17f4bdefccf8e652c2d88d1f13accc4ac453c1b353,,true,fc82fc09306948bc8c1f5736af4d030874f5ef76104d074934c849c10c155745,WATCHLIST,a4f25eb6d0ecf26a931d2766a97490c643a77ff2b43a8589d73696146adec515,2026-05-20,true,RAW,74.00,READY_FOR_CONFIRMATION,B5|DSI001,NOT_APPLICABLE,OLAELEC,REJECT,NOT_APPLICABLE
SKIP,REJECT,5a6d45800c1b16fbe70a4e9487206798eab3e5fde11ec7fe6ba41b60ef58a629,,true,4d7a1efc145d58e1626a022f1f4ecbbe4b1c560edef2d32665e6db55a6ba07e0,AVOID,7bdd44d341da7a3bcf8d11ed2301a5b39bdb76f4f458750b9ce523dc1d63fc58,2026-02-03,true,ADJUSTED,46.16,BUILDING,B5|DSI001,NOT_APPLICABLE,SETFGOLD,REJECT,NOT_APPLICABLE
SKIP,REJECT,5a9e65c3c1a13ef8a485f14b83c0d2f921bac612eec2f6134c1c296830a4f141,,true,602f8286df94c07bce0b88623fc1af62fee4f8007432de7f46f70102f2355f60,AVOID,e010c2bacbab7ee25a3f535ba52427765c8bebc5ab4d096c5667d1f9f7c6eac5,2026-02-04,true,RAW,59.00,READY_FOR_CONFIRMATION,B5|DSI001,NOT_APPLICABLE,GOLDBEES,REJECT,NOT_APPLICABLE
SKIP,REJECT,5ac176cfdc10b9bc87315f3ef56bd13aa0c98c673567d999c5f0830e4c29ddc6,,true,c4130f044023c28775b38f18fff7f784c3324d2a653875f1bcd5acb2e0262196,AVOID,9d2a82c34bfbacfb5e12554d4493c089d420906dff5cdd0d399c4a3e51051e15,2026-05-26,true,RAW,40.00,READY_FOR_CONFIRMATION,B5|DSI001,NOT_APPLICABLE,TATSILV,REJECT,NOT_APPLICABLE
SKIP,REJECT,5ac4b7e19b20ecab1178f12279d3e088a8e6250b94db7b4bedef4896804bbbc8,,true,b27564f6bbb10e13f2339d86961f1b940335e40b49e91774041b436524e70918,SELL,801e28cddcdc97f3c7af03267f4c7fda7d4af0ed6840a20ff0c91b438f03e7f9,2026-03-25,true,RAW,35.00,READY_FOR_CONFIRMATION,B5|DSI001,NOT_APPLICABLE,YESBANK,REJECT,NOT_APPLICABLE
SKIP,REJECT,5ac8eec7e4348c2c1c1c2efffd0f0caac103b487a884d3849f4f23d245db4ea6,,true,b1a00972d7c1030f5e2a1a04b319270353f08d9c24250006523c26bd99b7b941,AVOID,3edcbdee8743549a2be4747c2f7e768a38e467dfbf7fb23651ce45844f4d6a49,2026-05-07,true,RAW,44.16,BUILDING,B5|DSI001,NOT_APPLICABLE,TATAGOLD,REJECT,NOT_APPLICABLE
SKIP,REJECT,5aca5bd0e2179f1024e3555ee275d45d4022aa35d70b11b8f25194f6c66e37a4,,true,83f30401e7f69677501ef6a08537d53db053e976690402eed74cbd089eea3552,AVOID,dcd2e77a536c7b6ef3cc4c533c082c29e70630c10379992ffab584b7972c66be,2026-03-10,true,ADJUSTED,56.00,READY_FOR_CONFIRMATION,B5|DSI001,NOT_APPLICABLE,SILVERBEES,REJECT,NOT_APPLICABLE
SKIP,REJECT,5ae50c93f1b059f37aea89fbf1f5635d9b36481b531b9bf67b8b8d880e8d84a5,,true,ec03b13e374e7f742dc784a6ed5a71d00a46e3ee478b6fda711dd5a27334bf11,AVOID,a569d4fc15dace6e21d32e3ead476dc7c2ab55a3164d9e54cfeddb9b8b7ab447,2026-04-06,true,ADJUSTED,59.00,READY_FOR_CONFIRMATION,B5|DSI001,NOT_APPLICABLE,TATAGOLD,REJECT,NOT_APPLICABLE
SKIP,REJECT,5af7702d2eaf60f88e3b0b4a02f2ae87a09a5d8896a3096781373935b00c75ba,,true,3787f3882bf9979c05f3538f6267e8a3a2e573b6d79b9e7fa84f9b29a57f46e0,SELL,4ea8f22d1261bef245bff1fbf5cb523b36e5c0add2023612d7d24a4bfccbd2c3,2026-06-29,true,RAW,35.00,INVALID,B5|DSI001,NOT_APPLICABLE,NTPC,REJECT,NOT_APPLICABLE
SKIP,REJECT,5afb2eb49224b25223a58ebf33189fabf9493f033cc7b93e08b0dd13edcc857e,,true,a254309b9a705261a9694cbd76b46d53b4219f0827cd0eb99ac3d14e690049f5,SELL,98de7ac0bcc1015cf3f22290ecec29f195ccfe95dde59a0b325abd95c43ae4f6,2026-05-14,true,RAW,35.00,READY_FOR_CONFIRMATION,B5|DSI001,NOT_APPLICABLE,DAVANGERE,REJECT,NOT_APPLICABLE
SKIP,REJECT,5b03aee337b1b4b4a4593b415bc9b7aaf05a5c210445f345690b2cd7a80284da,,true,ec0d06a13781df5b770b909690b7476c895342f5aa741636effc6321ecf3008b,WATCHLIST,73afa7c3812c2af41692b3a0a6a79e187b82c53c0d61d7d9e50fbc3dd6847ff2,2026-06-19,true,RAW,62.33,READY_FOR_CONFIRMATION,B5|DSI001,NOT_APPLICABLE,OLAELEC,REJECT,NOT_APPLICABLE
SKIP,REJECT,5b065f6d927d98b58845ee923f6f059df313c884a517b790c031bdc6d95e0775,,true,6df4612468fd500c843836fc001b49d637d60d39bf969d16523528dd1e92062f,SELL,489a72c620f596562a08ce16babec13b54c05f84d6180239348486d3e53f92be,2026-07-20,true,RAW,35.00,INVALID,B5|DSI001,NOT_APPLICABLE,TATAGOLD,REJECT,NOT_APPLICABLE
SKIP,REJECT,5b13ba3b650952c639d93b2279261c6339ef5a53bd7b67565ce7932c1376e941,,true,e3786b28810e89fbae71c9ba6c5b2f2983a40411f365e0151554e7e99b852c6d,WATCHLIST,57932bfd74b9f70da22976d1e237415a7a390c26303fca03358b93349ae95b54,2026-01-23,true,RAW,60.00,READY_FOR_CONFIRMATION,B5|DSI001,NOT_APPLICABLE,TATAGOLD,REJECT,NOT_APPLICABLE
SKIP,REJECT,5b1e4b39110f0001282dda644b540d6a0fd9569f049424f3916d0a07dc51f62b,,true,023af5588166cc0f3e53c179f59f86cc1795dcb7adef54e118aa8d98e7fc1942,AVOID,9cbd8dee37100ec1b87c49180a04c54d971d31d76521f9ed2f56e1c42949b7a5,2026-04-13,true,ADJUSTED,46.44,BUILDING,B5|DSI001,NOT_APPLICABLE,HDFCBANK,REJECT,NOT_APPLICABLE
SKIP,REJECT,5b2f004883380f585cb6f226c7d445aba4a67900f9fe1f066cfe1e3a7c07792e,,true,0583568e929a3ae5b04d0e6bff812be0be876ac3b6c4ece4bc9d56e13ea9b273,AVOID,6b7b65bb9bfc58928902993a63803324f245a9ba715648523485f5a254bc6062,2026-04-06,true,RAW,57.88,READY_FOR_CONFIRMATION,B5|DSI001,NOT_APPLICABLE,JPPOWER,REJECT,NOT_APPLICABLE
SKIP,REJECT,5b3ba8c8966d064632b0e7cca6e284df9ec869c47ccd1cf2a1d5ff824fcca6f9,,true,d6d6e2041c89a53bc6fe45282cdcbac8a42f3a53f9a3e99853c730fd9c9514d1,WATCHLIST,7706c6e6fa2ea7d547ad570ba11ae7b30d855051b3f5060f0b6392916fa8c829,2026-02-19,true,RAW,60.00,READY_FOR_CONFIRMATION,B5|DSI001,NOT_APPLICABLE,EASEMYTRIP,REJECT,NOT_APPLICABLE
SKIP,REJECT,5b4054c03803d20de52f5f22bb8e1d40140a5e8701a6f94ac69a963d7301d8bf,,true,957551677039237191e002e332505279b0cc0764b87038c1fa6c79d1675108e8,AVOID,0673797b2dc331c69dd2f1c27d11a2534fb58af626e86ca192f980b9ab5bae3b,2026-03-19,true,ADJUSTED,58.73,BUILDING,B5|DSI001,NOT_APPLICABLE,BUTTERFLY,REJECT,NOT_APPLICABLE
SKIP,REJECT,5b456fc2f44fdbe761b39b10a98c7db51bde0a4669ad1821b6ae18219aa5324b,,true,2240a8f7c5331bb6114991eaed9bcd702f2ccbd0741abf74b61d8d82c13c464a,AVOID,a4760abccd8d67c55cf86c39dfd06c164a001a033a1514a1d8aecfe0cd5542fa,2026-07-01,true,ADJUSTED,41.04,BUILDING,B5|DSI001,NOT_APPLICABLE,HDFCBANK,REJECT,NOT_APPLICABLE
SKIP,REJECT,5b6001fc51bb1d5ba0d71eb03e0f0003bedd767f685cf5787fc221dfcfc522e4,,true,499a676ae87aedc5f8f726f60631ea105d404361c8a30bbfa5944d96f0a76715,WATCHLIST,178d1f89bbb820ebed2c2597ffa7be6f282a93771b796581c9d360cb9f56cec3,2026-04-28,true,RAW,72.91,READY_FOR_CONFIRMATION,B5|DSI001,NOT_APPLICABLE,YESBANK,REJECT,NOT_APPLICABLE
SKIP,REJECT,5b70541fdf47ab7a9dd863587bde4e4f8a12f4f309da67b8827e7f195e709327,,true,cd33576118038ef2c9f26c8daebadbcfe8dd9588b7cda1c8f03d350402ade7e3,WATCHLIST,5e3434347a6311799c8ab1d07f873e47c81c00e796773c2e52cdd5f4709dbaf5,2026-05-19,true,RAW,67.39,READY_FOR_CONFIRMATION,B5|DSI001,NOT_APPLICABLE,YESBANK,REJECT,NOT_APPLICABLE
SKIP,REJECT,5c0141a3ca04fb07305bde3306d3ee4f59ef7cf5562b6da62299b0d149f2ffdd,,true,2d0db311d2233755eb9a713760b7021904b48ce22aca0c9686e36970814e8144,BUY,20958e6c02a749114c8532f1077cfc8795d13731d12a26538e69b68ff524885f,2026-03-12,true,RAW,79.13,ENTRY_READY,B5|DSI001,NOT_APPLICABLE,ADANIPOWER,REJECT,NOT_APPLICABLE
SKIP,REJECT,5c1a47c9e12b6d0fa813499c66af93da456a85f800e6b4feb66141a1c0af9006,,true,00357d4be79daded92f2d25d0364db84dccbb487c1cca56a58c48bd0db2373fc,WATCHLIST,864b95eb34e6b8676015383b3d0946491e9f185b735825216d93d889a33298ed,2026-05-27,true,RAW,73.61,BUILDING,B5|DSI001,NOT_APPLICABLE,COALINDIA,REJECT,NOT_APPLICABLE
SKIP,REJECT,5c22b892fb49c24c02fff995d9052cbd5ee2d10c65a32eecc4f92b1d116cec78,,true,3612c5b0f75e69ccdee00c11199f5ded0541034a951df418ea50a8a5ebf8f53e,AVOID,9b17b9d4ace558924a0cd31a2039b563c1195908d88d7ea299b2fdfcd3836fcb,2026-04-28,true,ADJUSTED,57.87,READY_FOR_CONFIRMATION,B5|DSI001,NOT_APPLICABLE,EPACK,REJECT,NOT_APPLICABLE
SKIP,REJECT,5c26dc9485706d2af151610e288a635f7e251a77a8d771fae9c0ce374f2b6bce,,true,ecef39b4e62affa02a1dae5740ab836a0b272a1f4728fb2d38f15eb654a6c20f,AVOID,2e9840b7af96484e49bcfaebf4000b07e0c48d476b7ea00380666ce70e0a56dd,2026-04-24,true,RAW,59.00,READY_FOR_CONFIRMATION,B5|DSI001,NOT_APPLICABLE,GROWW,REJECT,NOT_APPLICABLE
SKIP,REJECT,5c3cad7dcfb60202bc415f46f8510551fcdb335d32ead366dae4b916f3f14bd3,,true,071b72124f56435736f2829991a8483f3c55b2e427721668ca25c42adca0b994,SELL,6faf7a59437be78d6659e155ea5c9f3c844b4d6cfb2dd5991ef901f8a10a6a60,2026-06-17,true,RAW,36.17,INVALID,B5|DSI001,NOT_APPLICABLE,PCJEWELLER,REJECT,NOT_APPLICABLE
SKIP,REJECT,5c7179e10bdc4a7ff45b71bef991384cdb4f81ce4870b5cb0047ea9a9e3d7f2b,,true,ea59dc32e51446d804f226a69d354440b6b6382d701a90d3c8294206aa08926e,SELL,40805ef422df7be306bcba9e44c439c60a62fb13d0d8f8aff2e89cef64e8dbb1,2026-01-09,true,ADJUSTED,39.00,INVALID,B5|DSI001,NOT_APPLICABLE,IEX,REJECT,NOT_APPLICABLE
SKIP,REJECT,5c808527c3e49bda1742aa1ceee8f20fb201064a9a50513e4ef49e0d8a318556,,true,93413bfed58232a91b765082bc52b88bc629137ba57a069a044b67938d324637,AVOID,851b4196f623e5ae227da496383d1a50b2cc5630f78f6167286bca6e84f43a50,2026-04-15,true,RAW,40.00,BUILDING,B5|DSI001,NOT_APPLICABLE,GOLDBEES,REJECT,NOT_APPLICABLE
SKIP,REJECT,5c83103364d2486431f790387b7ae89c5550e98518e57ae634426417c7c90743,,true,f2bae57f9544041ef02911df03ec782a6056a0b4a3874d9bc477ed1fd4040d41,AVOID,80e6faae62650b1f52a8546ab953b5904205fa93949ca083ef303f419325fb44,2026-02-23,true,ADJUSTED,41.48,INVALID,B5|DSI001,NOT_APPLICABLE,SILVERBEES,REJECT,NOT_APPLICABLE
SKIP,REJECT,5c8b2ff59ec9e0e6d3c27c3cf18ba426b1c08978d2f96941ab55d2c09ce666d0,,true,22fd2cd51a69b9c8d93a29318979d30219abf0a2c66442b4885dc8a1a97ee4d3,AVOID,91841142fcc41658bce5a774e5e164dd7571191024bb6a09a084409aed73897a,2026-02-19,true,ADJUSTED,51.03,BUILDING,B5|DSI001,NOT_APPLICABLE,RNBDENIMS,REJECT,NOT_APPLICABLE
SKIP,REJECT,5cd107c79b800f2ec305493a9852fd60c9363226fdccc15fdfc3ed1d45a9e3d4,,true,eaa93dc9442ad8cb0c14cfffcac4833b101853ddfdb8bb4d061442f35c5900c0,AVOID,3d94693510afb1b79f44e166cd4ea388d92dd021d59bc1a5b51c8d7168138a0d,2026-04-28,true,ADJUSTED,52.81,INVALID,B5|DSI001,NOT_APPLICABLE,TATSILV,REJECT,NOT_APPLICABLE
SKIP,REJECT,5cedb671a6115200d6bc0cea3900a1c902d3c56dcae9184ad3a7b14bea990245,,true,4b86ce0a1d8fe132530adb5c88fa48bc0332774d1dce7a27313a53cb44ff81d8,AVOID,fcf25fe240aeac83236d1b7e3d3fcd021b11fe6ce5a28aebb34dfff82cb578f5,2026-04-22,true,ADJUSTED,59.00,READY_FOR_CONFIRMATION,B5|DSI001,NOT_APPLICABLE,OLAELEC,REJECT,NOT_APPLICABLE
SKIP,REJECT,5cf6dd357542f03540780fd0d9b32821ab16763d8334402ad49ba57a712884de,,true,f1f60dcea13d9a2392882603ec598999b3bfa76c4e158291417a257a40fa197d,AVOID,ececf26072544e21a16b35e0fbe2d38cbd4ef8cb02bf784503ce51dac638ae04,2026-04-08,true,RAW,59.00,READY_FOR_CONFIRMATION,B5|DSI001,NOT_APPLICABLE,YESBANK,REJECT,NOT_APPLICABLE
SKIP,REJECT,5d339baf4b8a87ed088a46bac526679ad4c5c0a83a12839f3183223458831f61,,true,4040d80d00a07bcd15293695307bfaa9111b454d33d24fedd9c60361b7128939,SELL,84f83e6dc8ce315534ef391f8f87e07873658f6f4487ecbe8167fa202f16c70c,2026-04-06,true,RAW,35.00,READY_FOR_CONFIRMATION,B5|DSI001,NOT_APPLICABLE,YESBANK,REJECT,NOT_APPLICABLE
SKIP,REJECT,5d50a70888046f482967cc7b290afceed48619b078fd5133d14622bd36124e78,,true,c687754bb72165aee997a99b5f8942a4bb106082c44d76aa5710c7be88777322,AVOID,ab53dc094826f990590d34193f0a18246045c89965df0af932790aef83ee11c6,2026-06-24,true,ADJUSTED,50.00,READY_FOR_CONFIRMATION,B5|DSI001,NOT_APPLICABLE,OLAELEC,REJECT,NOT_APPLICABLE
SKIP,REJECT,5d76bd2b3af30ed8df477d3de77853c4375e02bc15af2604564bc6896340dbba,,true,c1d1d0c54063b8fc431a4af8bd158d0fb78f5184910aa22ccd870ed405d29608,AVOID,30eeedaa8500ffb4f33469230571586dddf334e942ba3b62245c1768fffcb9e8,2026-04-17,true,ADJUSTED,57.74,BUILDING,B5|DSI001,NOT_APPLICABLE,LIQUIDCASE,REJECT,NOT_APPLICABLE
SKIP,REJECT,5d8bfdae34d40ea654d26ff434f44899ac96b365989f7b087ef61cd112834f77,,true,3e4b192bae620522a4ee661d7d5c96037c8b074446c558a00015bdb1449259c5,WATCHLIST,498e0ab1445e1b7330b5c9d8a303cf6053dbe3ca47fa59ccdf879b68f8c00c40,2026-05-26,true,RAW,65.52,READY_FOR_CONFIRMATION,B5|DSI001,NOT_APPLICABLE,SAIL,REJECT,NOT_APPLICABLE
SKIP,REJECT,5d9351d89d3d773e240e89fe9668d5dde95293ab2e3d3b756dba06d7c5a24966,,true,4c9f5fe30dbd5da485cab992fdc2c27263af5ac72b36e259c3fe83c668e25afd,AVOID,0f67448b428398880cb08b492679b12b8b9b890d41d4f2f14c53031a76c2287c,2026-02-09,true,ADJUSTED,59.00,READY_FOR_CONFIRMATION,B5|DSI001,NOT_APPLICABLE,SILVERBEES,REJECT,NOT_APPLICABLE
SKIP,REJECT,5da316a884c59354cf64b5a32ab9767378ee3ac7c5d8484bff3b913146b5831f,,true,b4e046410e0bbe51a704fd6556f092da66c0195359642fc0e88f43af3b4a0070,AVOID,a8b20283a7eea580385b68401a7b0399965f5342f4b168a1e1e5338220b49324,2026-05-04,true,ADJUSTED,49.09,READY_FOR_CONFIRMATION,B5|DSI001,NOT_APPLICABLE,YESBANK,REJECT,NOT_APPLICABLE
SKIP,REJECT,5dabe38279a713cad60842c2c0b9cd073b8aa5a47de062acabb65b214de058d5,,true,24e5ab0da41c001126456c6a6a804f4b2fdef176e3bc576d0401d086b85820b2,AVOID,17e1973a68e8bf87743a7658fa33cbd4129d00808876a3904ce6b65fee039c03,2026-03-09,true,RAW,40.00,BUILDING,B5|DSI001,NOT_APPLICABLE,LIQUIDCASE,REJECT,NOT_APPLICABLE
SKIP,REJECT,5db957cab1df3ca58fc2c16bbcde54d829bd1ed517d37622e0da5ecbabd75480,,true,8e52c9dc25c8adc6f2656b3f77c0a4c09cb538ed29d6a0a1ac253ccb78b1da97,AVOID,573345726cd3770214bcd150b35ead8b2189f7b3653fb5acc7ab050e4bc1c111,2026-01-29,true,ADJUSTED,50.71,BUILDING,B5|DSI001,NOT_APPLICABLE,TATASTEEL,REJECT,NOT_APPLICABLE
SKIP,REJECT,5dc7eebc89fd9d488315a3faab246e2b760e3d24ab3b03df647f5c72dc9d565b,,true,ab23d765e5c471f7e88f936d4268271978c2f303194f97540c8dbce85c8bddbd,SELL,da2f43e0f78e1b239e1b7312419ecda71cecfb9f073a818bcd7f9f648ac04db5,2026-04-07,true,RAW,39.00,INVALID,B5|DSI001,NOT_APPLICABLE,PCJEWELLER,REJECT,NOT_APPLICABLE
SKIP,REJECT,5de8ad5836c885f61dc96929d8ed0612335df444efd47baadb94f377f5d0aba5,,true,dd7740cdf1b7d3b86da687761763c03777228659c0551867b1dad7dfbe92ca59,AVOID,b699d157c54019b69b04bd6c43d074164c263b983a9eb6b0622eab6751c47507,2026-03-20,true,ADJUSTED,40.00,INVALID,B5|DSI001,NOT_APPLICABLE,YESBANK,REJECT,NOT_APPLICABLE
SKIP,REJECT,5df98304235bd602c0ffe5a8ccbd2f62cb509a5a763dc186ba5c1997d4d1da95,,true,fa1a40358247130ce19379a6b1e76e6018d4305436430639e289123194da4fc2,AVOID,b85c591a06987b7ddb227e59a790e8d0365bb3a75cf459e27f0e38394cd6b1aa,2026-04-27,true,ADJUSTED,59.00,ENTRY_READY,B5|DSI001,NOT_APPLICABLE,WIPRO,REJECT,NOT_APPLICABLE
SKIP,REJECT,5e09c841108da02a1d0234360d7a471803a18731245ac015ed0b75eed5614c87,,true,9f1d29a5fc87d8fb5f7f9674ff7e1948cb528a0fef8c9a14963ea4cb1f6cd424,AVOID,cfff6d935d0e719221ee0fb75d1d7ded05267bdd894cba21f7339ef83dd3e160,2026-04-08,true,RAW,59.00,READY_FOR_CONFIRMATION,B5|DSI001,NOT_APPLICABLE,TATSILV,REJECT,NOT_APPLICABLE
SKIP,REJECT,5e48b239c6100887f71b1d743d16bd597f15ec0526a5e331caac3a1e5e865e26,,true,7058045120000243c571fcda53805310170b42cc98db210e429beadde63c314d,BUY,bc49dfd72d908290793b02fd2634fe0dfed537150dc8a80449408cf1d1cfffd3,2026-05-26,true,RAW,79.99,ENTRY_READY,B5|DSI001,NOT_APPLICABLE,ADANIPOWER,REJECT,NOT_APPLICABLE
SKIP,REJECT,5e493a89a2586e733341b83a76ccd81c2836e7f0c042126d3b9a207ca72ccd70,,true,415729f3ec8ec5cb9fec73631e483f1e65e85e46d4f08d9c61430416122085aa,AVOID,a63d1b5aa17f9a84bf1a3e3d426cec7c3e4770a3cfa8f152c4e25f4ae3c8653c,2026-02-25,true,ADJUSTED,59.00,READY_FOR_CONFIRMATION,B5|DSI001,NOT_APPLICABLE,TATAGOLD,REJECT,NOT_APPLICABLE
SKIP,REJECT,5e5558daf6157944a9ed5e3f48333b043470f4874701ba7415d55669e43c1d79,,true,ee625f18c2122552ce785456a688ba1f146bdcab4f3263da2f6e73bb0b8643b7,AVOID,c65c593ba17ac2dafb7378b896e0140cb6a16d359765661fde306b44a7d9c139,2026-04-21,true,ADJUSTED,47.47,READY_FOR_CONFIRMATION,B5|DSI001,NOT_APPLICABLE,YESBANK,REJECT,NOT_APPLICABLE
SKIP,REJECT,5e62135911893010e9515223fb7513933c23eded1e4782a1c2dc0b2ce522db49,,true,4ed3ccd2978ef4f921cb44a881948a9f87a9517e1253d31b3baaeff7b485dd0d,AVOID,352205636a81b3812181cffa45d7b9e904692a837345cf55819fc946d3454994,2026-01-23,true,ADJUSTED,50.95,INVALID,B5|DSI001,NOT_APPLICABLE,PCJEWELLER,REJECT,NOT_APPLICABLE
SKIP,REJECT,5e6d6464e3b519c134c1a2fb831d47aa1e339900aff92c64a038d23979cc943f,,true,37edc64376e4df6c552ffca2b6efe3c1f627fe812005829125b2b23f1001162e,BUY,4b7603457ec72ff936c7783ef095f9eccdd456d19c0f04b906f39d4803b9561d,2026-01-27,true,ADJUSTED,80.13,ENTRY_READY,B5|DSI001,NOT_APPLICABLE,SILVERBEES,REJECT,NOT_APPLICABLE
SKIP,REJECT,5e8a8d65c4dc7488846b963e703b148c4a08a7a0f915db3e4ab23ae195c5ff04,,true,d6e7df6fa6373e13d5635821f21e0f6e6303430e470a39902025c8d79ed53c27,WATCHLIST,f3943f9f45519922d5e671f83260e05892cd9b1445bf4aa7521568a127500e75,2026-02-05,true,ADJUSTED,63.94,READY_FOR_CONFIRMATION,B5|DSI001,NOT_APPLICABLE,SILVERBEES,REJECT,NOT_APPLICABLE
SKIP,REJECT,5e9579d590fdebeca1936e8f800a913cba96c807a555269a97d0f4a223d60d1f,,true,995643c81dba15b258dea27ec9b1d16e9fd6e868bb32a566f40e762b0fc43a9d,AVOID,ba9e30319c5044f9e74df66edf40f667255c6a6d20440a26340de6e9b37af936,2026-03-13,true,ADJUSTED,42.55,BUILDING,B5|DSI001,NOT_APPLICABLE,GOLDBEES,REJECT,NOT_APPLICABLE
SKIP,REJECT,5ec775324fc3dc3757f5aa74ada7a7ad169b5d3837e3bc7bee99073b783970be,,true,b17599b085bfd0431ccb7398871b0550ade4c49f2c945cc063bf48dc416d4d2a,AVOID,929809f70a8c6a489a4463a47d0cf7ce09db12b4f44cd7f72a3204dc408796cd,2026-02-24,true,ADJUSTED,59.00,READY_FOR_CONFIRMATION,B5|DSI001,NOT_APPLICABLE,TATSILV,REJECT,NOT_APPLICABLE
SKIP,REJECT,5ed46a0a83189ffa27464962ab9542ecf6a0ae9aa3292283bd4c0bc404c194dd,,true,f5151730901e615ad788dd48aa2d1648e6c075476195a88da71c9eb7aa7faa70,SELL,a5e659a79d2ed742aac52118519883fde2dee606ebef5bb6e2e044cfba642ec7,2026-06-29,true,RAW,39.00,INVALID,B5|DSI001,NOT_APPLICABLE,SAIL,REJECT,NOT_APPLICABLE
SKIP,REJECT,5efdbe2127e123fbd3df14a58cd4923227660bf83bf7dc4e666746fa562a77e2,,true,c14f40df1df3cf9119b2dfb1d10e3edd8bd5d139aa6fbc4d32e55c36fc202093,AVOID,195db4f3911bed54a51d9a2d7e5899a435f55f06fc9ce35f6c0b6b111bf71e6e,2026-02-05,true,RAW,40.00,BUILDING,B5|DSI001,NOT_APPLICABLE,GOLDBEES,REJECT,NOT_APPLICABLE
SKIP,REJECT,5f35087fab603b1ee3ad8a33ba5396aa8c799a1e34c4e907da7ed20b54c338f0,,true,f39d8b888d3098d335dd1a638d3daefe66442312569b18ab868dd7c59b299960,WATCHLIST,314a47f6c88dc8d01453b861e27acbc6840a1053f2839aa951c9275b729211df,2026-02-17,true,RAW,63.45,BUILDING,B5|DSI001,NOT_APPLICABLE,MANGLMCEM,REJECT,NOT_APPLICABLE
SKIP,REJECT,5f54a3eed7b6ea46aec668d1e5255caf975c68ffc81fc4ab5610c02f42041a11,,true,4a795c1fff33ecda34ec73ee4a988646b91a5f09dc9a9d1c0204260640dd9b63,AVOID,c55c2bb12e9818cbe0a913af763f18dac1061ab1b9be0c557cbb3aabb22512e0,2026-04-24,true,RAW,40.00,INVALID,B5|DSI001,NOT_APPLICABLE,RPOWER,REJECT,NOT_APPLICABLE
SKIP,REJECT,5fa1e8f3abaf64766c6db359197a72f8c17cb91ef95e22009bb50e29fd3ccaa5,,true,d8ceb7e9d2e750665b41f76b823958fb37946f4cdf95256831466c4aa643fd60,WATCHLIST,1559f13138393df030e50c07e9458d8a3486d21bbdfb794dc87f8e815c0889f8,2026-02-18,true,RAW,68.78,BUILDING,B5|DSI001,NOT_APPLICABLE,PNB,REJECT,NOT_APPLICABLE
SKIP,REJECT,5fad3fa03915db0ae2488c150ee8a89e550f9da69847a0ac002aa5ae20e06ebe,,true,9767e7eb8bae71e273f86ce15c4404385a177775b98701e610e38e0152cade76,AVOID,02b224bb0637851eb1424ea49131d536b05e86a37f45a6d4d2e098fe19816c09,2026-03-09,true,ADJUSTED,40.00,INVALID,B5|DSI001,NOT_APPLICABLE,YESBANK,REJECT,NOT_APPLICABLE
SKIP,REJECT,5fbfe4bf4b6d8c7080a3650f4738fbd2c1223606542997d87587e416825ef84c,,true,1089132b3b8856329424502f2c62c02b0bfb9658ab6b68a3dcebbce70352939a,BUY,e20555fed3828e600ec3b8d141f0045bede3ca2cf5d56d35489dac5b9953b157,2026-05-05,true,ADJUSTED,84.24,ENTRY_READY,B5|DSI001,NOT_APPLICABLE,JPPOWER,REJECT,NOT_APPLICABLE
SKIP,REJECT,600bb829dc3f41a32022fb8c950da5f7360a8352d3abb71c45809a5cbc87a11f,,true,af79536b28de2de754d72e81ee5bd981db4a623ec321c364a7a9695d4b2b4f0f,BUY,56d66040be703c03652cf2b32df76f8a3659833b2bc9b872e61891e78c71686d,2026-01-28,true,ADJUSTED,77.46,ENTRY_READY,B5|DSI001,NOT_APPLICABLE,GOLDBEES,REJECT,NOT_APPLICABLE
SKIP,REJECT,601122d07de2dc23aab2cb77ed013ffaff6a2ed7265a46b94c1f347c15d3a048,,true,c953d4bdb5f8b429cfacf91efda03058e94ae6730af1131576e5c7e208f0d247,WATCHLIST,a6e08682f00b62dafa6ec4e01a3184d058caaa81b769c61ebd6673240f779789,2026-07-14,true,RAW,74.00,READY_FOR_CONFIRMATION,B5|DSI001,NOT_APPLICABLE,KALYANKJIL,REJECT,NOT_APPLICABLE
SKIP,REJECT,60127f5c02430550827bbacb9ff4d03534355865c5e98952333984382db88458,,true,68973f766b94953875b0136a20159a3149a6cc3abee75ec079892c69e559751a,SELL,e7d13180d955c505dda9fed5c31d8a9f30c587dec790f5fba0cd7a6324c77fc0,2026-03-09,true,RAW,35.00,INVALID,B5|DSI001,NOT_APPLICABLE,CUPID,REJECT,NOT_APPLICABLE
SKIP,REJECT,604acea59bc810713a2d6518018ab69127a9e56cea624894e9b6ee145938467e,,true,9454e40d6e0a3c73da7631bda391af7b6861acacb4d523e303f28e0f777acedc,WATCHLIST,b538a66b00dbda1acbf9b7ff053d1ded1d7f935f817f53823863653dc6ad7bf0,2026-05-04,true,RAW,72.63,ENTRY_READY,B5|DSI001,NOT_APPLICABLE,BHEL,REJECT,NOT_APPLICABLE
SKIP,REJECT,604e0cfa03f4cefe38ea188ffe85b100f7b65a25f92df5fbde67b9fccb5fad9d,,true,8e52c9dc25c8adc6f2656b3f77c0a4c09cb538ed29d6a0a1ac253ccb78b1da97,AVOID,573345726cd3770214bcd150b35ead8b2189f7b3653fb5acc7ab050e4bc1c111,2026-01-29,true,RAW,50.71,BUILDING,B5|DSI001,NOT_APPLICABLE,TATASTEEL,REJECT,NOT_APPLICABLE
SKIP,REJECT,6053229901a4575ab55ecc47031b827f07b1657bac6250efe9cee617e297f01f,,true,e329d4ccf3707b10a2646bd382edbcb30434a2644beb17af0113300ce28b6c60,AVOID,9b66f178bab8d2517e0467f6c642c470a97bf4bd5eaaafd2476129e8d1282ed1,2026-06-03,true,ADJUSTED,40.00,INVALID,B5|DSI001,NOT_APPLICABLE,TATSILV,REJECT,NOT_APPLICABLE
SKIP,REJECT,60b07b5e592ef540494c79ae85fa003fc8ca231b693cbb168450bb25f7900bd8,,true,d75d051cc361484edf4fbedd05e6125ab8176a78a81762509ee9dd942742c62b,WATCHLIST,24c6af314510759d0d986d81754142389a8f79e04235658ab2d13539bce314ab,2026-02-10,true,RAW,69.06,ENTRY_READY,B5|DSI001,NOT_APPLICABLE,EDELWEISS,REJECT,NOT_APPLICABLE
SKIP,REJECT,60de1a849637b598426ee8e44336f9fc195dec3b027043a7be6522510c908cbd,,true,237394805a50aa7ea82dceaefa3db8b5f7a057b4470a0d6623bffe855f7a95e8,AVOID,4d2c3adf6903f51ec9db003bf2dfa9ef944eba6d9e0caac39280b88bd952c5ab,2026-07-03,true,ADJUSTED,56.94,BUILDING,B5|DSI001,NOT_APPLICABLE,IKIO,REJECT,NOT_APPLICABLE
SKIP,REJECT,60df163eb35e994f6026deafddd689023d7ecfe0d6fa5d8549178310cb0de45e,,true,9c3bd987165f310fab9796add1e1c35e1cac8bdbbdf1a354c0b329fda5ee14d3,AVOID,45595188f5ddf1db383d0712d741520e9a9c4d398314438708506c65c0f575ee,2026-04-15,true,ADJUSTED,56.00,READY_FOR_CONFIRMATION,B5|DSI001,NOT_APPLICABLE,OLAELEC,REJECT,NOT_APPLICABLE
SKIP,REJECT,6132b42a11f71b88933996d02b2359a7db52581bd951595ecd326e810e98f82d,,true,14db495efde4c157bc5dd09ab38dfc002e2300b3924a30e8a9b8c78e96309618,WATCHLIST,68e8e5e25211c3fa904703fde8b6284d0598696cba7dfad0f5b8d0d455afb1bb,2026-03-11,true,ADJUSTED,68.70,READY_FOR_CONFIRMATION,B5|DSI001,NOT_APPLICABLE,TATSILV,REJECT,NOT_APPLICABLE
SKIP,REJECT,614a43f82c70c11a6ac71e4ce7291e25b35f10a249a6fd30a5c60e1115ea8bc0,,true,071b72124f56435736f2829991a8483f3c55b2e427721668ca25c42adca0b994,SELL,6faf7a59437be78d6659e155ea5c9f3c844b4d6cfb2dd5991ef901f8a10a6a60,2026-06-17,true,ADJUSTED,36.17,INVALID,B5|DSI001,NOT_APPLICABLE,PCJEWELLER,REJECT,NOT_APPLICABLE
SKIP,REJECT,615c5ed1456dc32541e933b2367ab0fe2ef3a999b683b95f30ff8ced26f5e595,,true,49fab86360ca7ec3514226b157482b0a31d1ac5377e4e0aa22f74240a889e048,WATCHLIST,0188cf3007db6568e465b399d944d028d2fbe58972fb29e00340016fb8c8ef56,2026-06-01,true,RAW,72.26,BUILDING,B5|DSI001,NOT_APPLICABLE,COALINDIA,REJECT,NOT_APPLICABLE
SKIP,REJECT,6183653faf2fb49ad183533c01418b01e2c177b5f367d0f9c416f913847c0c2b,,true,9dc61b98f8904795794588686ad8cbdf85388dec139add0a15576a1f4d12a0cc,AVOID,3b9d792030a18e51651def3fcb080c7842bf38d5fb3c0609b8eed17d55b8b338,2026-03-13,true,RAW,40.00,INVALID,B5|DSI001,NOT_APPLICABLE,YESBANK,REJECT,NOT_APPLICABLE
SKIP,REJECT,61e8c316a1dc5439bc0e1be23c084a3adb4d55372f3f6be6bb5883dc9533e52c,,true,c899cdd9ffe6120dd528a62541b5d49bee349755bfbdf5f54150bbf9402d62c2,WATCHLIST,86ca5950845fd53a199162f85871c07c949cf2313ab3752ca84dea749ec28f16,2026-07-10,true,ADJUSTED,65.22,BUILDING,B5|DSI001,NOT_APPLICABLE,SAGILITY,REJECT,NOT_APPLICABLE
SKIP,REJECT,61e9de6309775d7ae606d4a75754e5b64cf8377d4cbfa97dcbcffb85aaaf589b,,true,1891ebd29f77b8ef4ec1d5102563309f787939e796cef817f36072be42a73b00,SELL,638d67531c4d589fc7b4cce6addf7658545fc94ae892379cc96df636468d932b,2026-03-18,true,ADJUSTED,35.00,READY_FOR_CONFIRMATION,B5|DSI001,NOT_APPLICABLE,YESBANK,REJECT,NOT_APPLICABLE
SKIP,REJECT,61f9c6c6ee59ade59a1a9a4c718b51c88c6c130a6767b48c3f8a4ee3d13bc91a,,true,8a99d8c226cf767df1d6a1cdbc47d378563e9c3a1bc20760301cab80975417ee,SELL,f325691c743ab5d6c2cda1550017048375a9fb8837ad00812e44104a5d247166,2026-03-24,true,ADJUSTED,39.00,INVALID,B5|DSI001,NOT_APPLICABLE,GOLDBEES,REJECT,NOT_APPLICABLE
SKIP,REJECT,6205f405da6cfb7f49fd04096e2f7c4e5b8450d0b9a22408dc241a8d33e64035,,true,00e0210d66d56cee2ac85b224a69251a7b19ef6d035c1d46ec4573e2f5a654f8,SELL,d7711d6c3f9966c2b7471b7036a118fdb93faeef9918ac5f14d1760f4e09baef,2026-01-06,true,ADJUSTED,34.29,INVALID,B5|DSI001,NOT_APPLICABLE,HDFCBANK,REJECT,NOT_APPLICABLE
SKIP,REJECT,620673f5c098e4642ba87e536c8c3d02d05528e655ebf806a74ada339a55b9e1,,true,eaa93dc9442ad8cb0c14cfffcac4833b101853ddfdb8bb4d061442f35c5900c0,AVOID,3d94693510afb1b79f44e166cd4ea388d92dd021d59bc1a5b51c8d7168138a0d,2026-04-28,true,RAW,52.81,INVALID,B5|DSI001,NOT_APPLICABLE,TATSILV,REJECT,NOT_APPLICABLE
SKIP,REJECT,6228a39b75c83d35a57cabb6a8e7f95662002f2f9330838594c6e9a9e221ad35,,true,2c1b6cebe0a7ec712eb34866d59a7f193dbc4a3ff49a2ae5dc3ddfe128d28701,AVOID,67eac40023c544f97cec51229f4abfc8ebaf2553602aeedf776822ab3e51d525,2026-05-25,true,RAW,40.00,READY_FOR_CONFIRMATION,B5|DSI001,NOT_APPLICABLE,DAVANGERE,REJECT,NOT_APPLICABLE
SKIP,REJECT,622b8544fc0a137f6ef891017d891f13e5ce1239864bd8fc4eb1acb797c9c714,,true,a83dd4d4f7c3d8204b45d3f0071473077c55f8e0a00b87c1904ac153c1b9e0de,AVOID,f4e0a8b14e1f9f61f3ac9f9e2fd00ee4d7cd87f62be274fac1e5213a8cc4f520,2026-03-06,true,RAW,40.00,INVALID,B5|DSI001,NOT_APPLICABLE,YESBANK,REJECT,NOT_APPLICABLE
SKIP,REJECT,6237f71f891d45459ecf19e69f5b0712895674029e3ff55cc3bb667b0b91abfc,,true,b39931454c1aa863ca004618f2cfa78e491a04a07d1b8ad4f5cfa8d7b3886262,WATCHLIST,d16f9402338d3798c68c12afe40b5daaea17ccd8c63cb2b2aa14866abf912d5f,2026-07-14,true,RAW,74.00,READY_FOR_CONFIRMATION,B5|DSI001,NOT_APPLICABLE,PCJEWELLER,REJECT,NOT_APPLICABLE
SKIP,REJECT,623ef376a9c5b2e36a96846d7061b68d00e79790cbc36a47a6d88e809dd40bcd,,true,9c0ed715d2886fd37463c857a57946e3657c9f5083a54054242e9129c178a93e,SELL,4ad76d4e547e81723efe4da2969ec66f90fd34c656b5a97d9b2112ec33bf18da,2026-06-25,true,RAW,39.00,INVALID,B5|DSI001,NOT_APPLICABLE,IRFC,REJECT,NOT_APPLICABLE
SKIP,REJECT,62424698bd37ff6dac5c00e259fc53af0129bf7811c0a36bac7d1732eb8b86fa,,true,2055ce2c231948ec4fb7beed8f1b2c7c0c74f222b771c8f372ffc8dac490c46b,WATCHLIST,6420dfae49c836576398f9fe56d89c4b252905bb47917cc8351748517d1ae37a,2026-07-17,true,ADJUSTED,65.21,BUILDING,B5|DSI001,NOT_APPLICABLE,KALYANKJIL,REJECT,NOT_APPLICABLE
SKIP,REJECT,625b0aba14382b78a8323be65b151773501b8fdf2609abd9e9172569dac3dc98,,true,89d7942f5198a52b2a077dba34c2d0838cfaab0cb55b09677b126fe2bef2752a,AVOID,1a26169fa751a582235396f2d0f78db6e38eefd61e99f4b67fee8a5e210fee88,2026-03-30,true,ADJUSTED,59.00,READY_FOR_CONFIRMATION,B5|DSI001,NOT_APPLICABLE,GOLDBEES,REJECT,NOT_APPLICABLE
SKIP,REJECT,6261ede69af4ed61a649b9cbd586e2bcfb03add6c67a449c28a4ef2e43e8f042,,true,9aff2c4dd16b007775b10ef734e2daffdf2fea836014784c56633dd6f45a32c5,AVOID,ae41d43efb6cef88103aa9dbb6ed1779952dafb990c3bf19d9648555f72d2182,2026-07-06,true,ADJUSTED,57.20,BUILDING,B5|DSI001,NOT_APPLICABLE,PLATIND,REJECT,NOT_APPLICABLE
SKIP,REJECT,6295aa364fad1856215ef80728b58d51a87fa6d13d8cd9386bb54b37f23a1687,,true,8fc01534eaa2bcf8a5a0e63b5192735b402176ca6cf064d5824f218e35aa6cea,AVOID,623aa803f15e8b4abba433f62cb231c5c06d70f923d05839dad44271cfdb8162,2026-06-15,true,ADJUSTED,46.45,BUILDING,B5|DSI001,NOT_APPLICABLE,SILVERBEES,REJECT,NOT_APPLICABLE
SKIP,REJECT,629e4a17be1a752f0aee8f989cb769d62ff52bb4c4b9a76884a88dc5294a6c04,,true,8859b6785114051270781494e71d199024521afc78d1d05f607d9ad322772119,AVOID,4cb02ca9ef9969873a310ba0d4a103888bb6bedf2fdf43218f624c13912db63e,2026-06-16,true,ADJUSTED,55.78,BUILDING,B5|DSI001,NOT_APPLICABLE,HDFCBANK,REJECT,NOT_APPLICABLE
SKIP,REJECT,62aa575e8c038ca7ad215ead030173c65a17fa545e90091ccd12d5934b8f0aec,,true,ef976765aecd8ab45af47f77cc90e84c4469bf1361e9469c7f8cdbfc3a4d35c0,AVOID,8acaf88330a5537c9019978e81af36d795f348b06f751ab7379e0de107efe3a9,2026-07-08,true,RAW,47.69,BUILDING,B5|DSI001,NOT_APPLICABLE,PWL,REJECT,NOT_APPLICABLE
SKIP,REJECT,62b866d38b601c1cc2694b5ab23623d8369c1a7428f855f5dbb1a1012fbfdce5,,true,7096d1a4dc4b60cb23957dbc907902b9ae173a57d781250d8c5c98e3940a0d65,AVOID,ed6dd724d24820aa9640134d4f93de8e06ed0ef9ec8ee7972479ec66681005f5,2026-06-04,true,RAW,44.21,READY_FOR_CONFIRMATION,B5|DSI001,NOT_APPLICABLE,JPPOWER,REJECT,NOT_APPLICABLE
SKIP,REJECT,62df46da204d13bf68081ee0fb043757e6e65b37ec84fcfaac711492b46f9b1d,,true,1e36730a5daae42deab15be4719d9418f0b54a65542d6841cac5da9566163a3a,BUY,38ce3f53e2e5abb2922174796e8ecd4d2302acbb34e774234d00e42c0a325838,2026-01-16,true,RAW,77.07,ENTRY_READY,B5|DSI001,NOT_APPLICABLE,YESBANK,REJECT,NOT_APPLICABLE
SKIP,REJECT,62ebc997f906eafaa0a37f0f45e7fe7c613e0430e4ea963df19eb00539ed5433,,true,93f3d5babdb66dc1b36260007af8a87918b641535340dbf36585f16c1a96ccf2,AVOID,a1d7b8becb91bac03d8f963f4a6ad707405b7c886d1e9ea379ae634bdd4d75ea,2026-02-27,true,RAW,52.10,BUILDING,B5|DSI001,NOT_APPLICABLE,BLKASHYAP,REJECT,NOT_APPLICABLE
SKIP,REJECT,62ec32687a93e18998f4a533684d98b183b47f82cf0ff85257fb0950495360dd,,true,2c1b6cebe0a7ec712eb34866d59a7f193dbc4a3ff49a2ae5dc3ddfe128d28701,AVOID,67eac40023c544f97cec51229f4abfc8ebaf2553602aeedf776822ab3e51d525,2026-05-25,true,ADJUSTED,40.00,READY_FOR_CONFIRMATION,B5|DSI001,NOT_APPLICABLE,DAVANGERE,REJECT,NOT_APPLICABLE
SKIP,REJECT,62f7df6ccc701047317d056a5cf02d9cb74cf393284f34443821775e3d0d9baa,,true,ced82b75ecb3fa1f144657b5cd7e4679ea16eb0ee04495adf5161fc8df1261ef,WATCHLIST,7ee1f514b17bbf281e3afa879c7244c7087a351492edfc1fa95d4811dfa82464,2026-05-25,true,RAW,69.38,ENTRY_READY,B5|DSI001,NOT_APPLICABLE,ADANIPOWER,REJECT,NOT_APPLICABLE
SKIP,REJECT,633b88363dd73e48e2e0ade7a82e66f2cd6b8dff226c20e94ff84a5653f6c5f3,,true,35cf2dd6844fd0cfea4d00fa0fdee34491b41229c43dfa313d2a64dd6d609357,SELL,f1171f584ef3883f59ae6d7671ce563bbb688ae54a9f96bd3067bd30d30f2f37,2026-02-26,true,RAW,35.00,INVALID,B5|DSI001,NOT_APPLICABLE,YESBANK,REJECT,NOT_APPLICABLE
SKIP,REJECT,63451f98f0ace71a6f3f86c29b1fd42ad948eb82f8ba7007ee5733a59a26efe8,,true,2a32a8bd0fcbc33041bef8395fba8d7b547facd9b7d196cce139859d7beb6f25,AVOID,7db8195d5acd2162cd9332aaa952aa7ee8886ecf0d62d085ec42dde4a10a62d7,2026-03-12,true,RAW,51.11,READY_FOR_CONFIRMATION,B5|DSI001,NOT_APPLICABLE,JINDALSAW,REJECT,NOT_APPLICABLE
SKIP,REJECT,63738d5960216cf8df682b509c278e548e0f74fe491e0f3bfa057dbc4519d0b1,,true,2610d025508f6eb34f0306214931f60a1cc7c72c820959ddd7df6d1570e558b0,WATCHLIST,482e59f0f9919505ce8b9513d51518e5b60772289cce0f1c82f0ebdf812f368b,2026-02-04,true,RAW,64.46,READY_FOR_CONFIRMATION,B5|DSI001,NOT_APPLICABLE,SILVERBEES,REJECT,NOT_APPLICABLE
SKIP,REJECT,639ee3841e0f9b8b4ffe46279d3405c4eaebc7ae8e488f121320a664b219bb54,,true,a615ccde7769eec88a0a54214a413c8affc71a7abcdafea7ce553d62d7816a3f,BUY,ddb88f2ae1c0bca80abb36d69ad9aa2eab1a3555d034b64f5cefac3880c35eba,2026-06-03,true,ADJUSTED,87.28,ENTRY_READY,B5|DSI001,NOT_APPLICABLE,OLAELEC,REJECT,NOT_APPLICABLE
SKIP,REJECT,63bb54652a36fb4552fc11d0d5014d2e12f6e3ea0ea194c572e1e533793705c0,,true,7b1da3bf9c7bf432c46583199e7e5314495e6976a72b9288ccf1ff078c777b31,AVOID,52afafbf91473ca0401feeae70cbd420e022fde95c9a309a2495e4215e9fd7a2,2026-03-20,true,ADJUSTED,50.10,READY_FOR_CONFIRMATION,B5|DSI001,NOT_APPLICABLE,TATAGOLD,REJECT,NOT_APPLICABLE
SKIP,REJECT,63daa9a9e1f2c84bb626f2dd146f3c09a44f14a2400b322aa4875c2b2a7d07fb,,true,ade379b7bf790c77c6300ae84b8655c85a4fcceb9c466976b79b34632b276e79,AVOID,0a8161fff3a315beedcfb28989a082ac3a3eb09029853c4ef05aea7b5b50e859,2026-04-07,true,ADJUSTED,59.00,READY_FOR_CONFIRMATION,B5|DSI001,NOT_APPLICABLE,TATAGOLD,REJECT,NOT_APPLICABLE
SKIP,REJECT,6444cd7db131fd5870a5e8030f6e8a0d26a34d0081fd3a7cbd25ad41da8ad995,,true,50129ec555a010ffa50975334d4995cab9d1e504b3c092bee115776b7dac262e,BUY,56db90c78b53eb5ff9f9ea37990c3a13b2b930e3f9d6745f10e00e84c879dbc4,2026-06-05,true,ADJUSTED,87.23,ENTRY_READY,B5|DSI001,NOT_APPLICABLE,ZEEL,REJECT,NOT_APPLICABLE
SKIP,REJECT,646811c3008183c37255b73d75a795d38c35e57566f288107cb222e08f25474a,,true,fb03a4e7ea7429d28540014e765f68621b98b55df7b99ee400adfdab15cdcac4,WATCHLIST,417611ff1240480066cc72a36d812511bbec98dd430ecca12089f14237ebfb81,2026-04-29,true,RAW,60.00,READY_FOR_CONFIRMATION,B5|DSI001,NOT_APPLICABLE,ETERNAL,REJECT,NOT_APPLICABLE
SKIP,REJECT,64823e05d306f9073c72c7c978e76b43fdc291e9e1c7736368e695e1ba4929b8,,true,66bc542147a2668719bb7e79283affa2ebc7378f59902a4beebd7e6dc359d6c6,SELL,de8725eaeea480231b5b3701bace53aa900aa2042fd87c81def91e8cc40e0acd,2026-04-17,true,ADJUSTED,39.00,INVALID,B5|DSI001,NOT_APPLICABLE,JIOFIN,REJECT,NOT_APPLICABLE
SKIP,REJECT,64aeab3fba158b8f35248315d1753415b6e8c5a3c2fb394ca85a306e6f68465c,,true,a518b06284384c6e00c4c8a9fbb23343910036947cdf285b01ae884184a3dad3,AVOID,2e21c726b3ec23aab79b519938f0e7006f986a2fab2425f5b2ac192eee029ed6,2026-06-11,true,ADJUSTED,55.51,BUILDING,B5|DSI001,NOT_APPLICABLE,ICICIBANK,REJECT,NOT_APPLICABLE
SKIP,REJECT,64b191b2d03f480d47b615d0490b1143a31dccde95d43ef6fb9262c56406d96e,,true,1e36730a5daae42deab15be4719d9418f0b54a65542d6841cac5da9566163a3a,BUY,38ce3f53e2e5abb2922174796e8ecd4d2302acbb34e774234d00e42c0a325838,2026-01-16,true,ADJUSTED,77.07,ENTRY_READY,B5|DSI001,NOT_APPLICABLE,YESBANK,REJECT,NOT_APPLICABLE
SKIP,REJECT,64b408926b01bed25f0e47646ae3b99dcb3143b5dc1a6886be4e41a08faf4554,,true,161cb8cf226fde1f57867761b2d9e6adb0d24ecd4418ea97040491cd428616f1,SELL,efe4af33032fe67abae2ba944599f6d0a47529ebb9e74c1c94a42b2e2283c2e3,2026-06-25,true,RAW,35.00,INVALID,B5|DSI001,NOT_APPLICABLE,TATSILV,REJECT,NOT_APPLICABLE
SKIP,REJECT,64d27523e44d4ba0857ffa6e11e9d8de377f80664fb1399ff4bd75ddd9f35953,,true,200cadbe60cfd3e40f235f1cdab8af3bb9d8adc47a4a745e9ccda33f223cfcb9,WATCHLIST,1b8afed88721ae4b8f8e7b041bbdcb54a7b61214ff825f5d056a8b455a25a8be,2026-02-04,true,RAW,60.29,BUILDING,B5|DSI001,NOT_APPLICABLE,ADANIPOWER,REJECT,NOT_APPLICABLE
SKIP,REJECT,64d41f4465cbd27c28c71f508d5be44b11132baeff727b054ab99e9cc9b597d7,,true,dd067e064911ebb75f76d6aaa28846c20e8e2716e49714ac774ab30caaeda876,WATCHLIST,56bb283837984248f65a1f83e46a7a3a1cce145445a7b0baacf3ef726f0a00cb,2026-06-03,true,RAW,72.47,READY_FOR_CONFIRMATION,B5|DSI001,NOT_APPLICABLE,JPPOWER,REJECT,NOT_APPLICABLE
SKIP,REJECT,64e861f790fa0cdd090392699e737b4cfc4f6a361d076409b4b533c1e6b4776d,,true,a85bfac4b588c92761a173c4780fa56b17df32211e2ceb41b967ebc84ea39843,WATCHLIST,45fdc9a01f1b0ad826fc1d502ce4e3f227f7600bc60855760f180247864003b1,2026-02-13,true,RAW,71.16,READY_FOR_CONFIRMATION,B5|DSI001,NOT_APPLICABLE,SILVERBEES,REJECT,NOT_APPLICABLE
SKIP,REJECT,65257fa3e52751e1d208272b310a5dde0249b1a67b6b94c2cdcb12f80bfccadf,,true,c08aaec16476670c5903f5f8d5ef284a69120c102f6de5ac9218e3cbaaf4416c,AVOID,f6cc53d34ecd6fce901febd2cadc530564803797f12523d75d7e70c70fa80fa6,2026-02-19,true,ADJUSTED,59.00,READY_FOR_CONFIRMATION,B5|DSI001,NOT_APPLICABLE,GOLDBEES,REJECT,NOT_APPLICABLE
SKIP,REJECT,654fe6b64ffc5788699ffd5ef7e47155f28b70bbb9412a5306fb6d0476048652,,true,011df09c5c9f408f189dd661d949d0a3a74571559fba3a8eeac0fa95f2c9582f,STRONG_BUY,b0777bc16fbddfa7ac2fe93a30c999fbeadcedfa07df95c3ed0694b8fa668f83,2026-01-21,true,RAW,91.15,ENTRY_READY,B5|DSI001,NOT_APPLICABLE,TATSILV,REJECT,NOT_APPLICABLE
SKIP,REJECT,6551e16098dbf45ffdb98d5d8f78219858aeb353d7dcdc2e2693c4d0c9b671e7,,true,91374f4b410fa6960b218c9aac127355e457ccc6fd0194bd2e6806468bc5c90f,AVOID,f91a49202b8fef9226e5b2598880e14a49cf847ab9529c22ba1960a42b6a4ddf,2026-05-14,true,RAW,54.97,READY_FOR_CONFIRMATION,B5|DSI001,NOT_APPLICABLE,SILVERBEES,REJECT,NOT_APPLICABLE
SKIP,REJECT,655ab8aa42353ffc029db51488f948083545e38dd14ec7bdeff054bfd9f50f62,,true,da704a75dbde8da5d3a27f17f1966a4851b27bd5d707eb2018f7fa4b1b101951,AVOID,bad51d95e8eda4d7c9b7be76cf3e5f48e234bc18e27126cbe63c18bc75ccaa0f,2026-06-05,true,RAW,46.37,BUILDING,B5|DSI001,NOT_APPLICABLE,ETERNAL,REJECT,NOT_APPLICABLE
SKIP,REJECT,655c228fd2bf5c727dbb082f8ca001400119e0ecdea02d6b46f243e1156ba053,,true,6388dffd38561b6d3ec1dec94717d78c021c00cc2b87d364e7db733f202efe09,BUY,6c0669153bbbcbab849a097afac706faf55696b29bb609e3ab7ced33a0834ede,2026-01-19,true,RAW,79.86,ENTRY_READY,B5|DSI001,NOT_APPLICABLE,SILVERBEES,REJECT,NOT_APPLICABLE
SKIP,REJECT,656b6c5992447954a33b2578ab41ecc94cc648e0c27e15d5dce2e4def2a6ac93,,true,ad34aac668a91480101499d18c2f8826678e1a32a5528d0a51d8bcaa8009ac3a,AVOID,52ac6fc387da2204bb579f2c5c3b4f304519b62c6536e2cc96ef607e2fd14fc8,2026-02-24,true,ADJUSTED,50.96,INVALID,B5|DSI001,NOT_APPLICABLE,PCJEWELLER,REJECT,NOT_APPLICABLE
SKIP,REJECT,656f5b3e3ef6badbe9877ec9a1c5f1f196208b6cea009bb2097973fd903a391e,,true,d02c8a4f85e967745bfb046970cbcc8868a3be31314f51d4197bae3697df9dfe,WATCHLIST,0b617b489b0ad05218ccf08efa8e98f57c4a85139cb74cb2ddd8b528b9fd20c3,2026-01-06,true,ADJUSTED,70.21,ENTRY_READY,B5|DSI001,NOT_APPLICABLE,SOUTHBANK,REJECT,NOT_APPLICABLE
SKIP,REJECT,65cfa8483e8b6265bbde718748a2b406777c0b6c5402e91cdd790795b7ced9c2,,true,68bcfa1d0bfe40ffac5bf527948e27a3575becadaff480cb6e321eea3e700cdb,AVOID,da4168da1fa1803a532fef3250f8b35770858afc3a29a491dd1267318402191e,2026-02-18,true,ADJUSTED,59.00,BUILDING,B5|DSI001,NOT_APPLICABLE,SILVERBEES,REJECT,NOT_APPLICABLE
SKIP,REJECT,65e6404fcf07c75f772977a54b0d30c0e07927ca4421e3b8fefec045ca04f6d0,,true,19e9febcec10ac76c36b9f10e3c1141fb8a95ca42ac93d280d1952ce3d54a804,AVOID,936a7caae812da5f66790cf0611ad03a4fa88ba5978d86ff9163171ee60c0652,2026-07-15,true,ADJUSTED,51.05,BUILDING,B5|DSI001,NOT_APPLICABLE,ETERNAL,REJECT,NOT_APPLICABLE
SKIP,REJECT,65fdce2a4e8e22380587c1961109e7cf46c2f937719da0c9a2eb58ae9aa46a88,,true,1080f3cb0cf56bf03c0e869d03f76a6598f39f0dda52af9304b0eaec61a736e7,WATCHLIST,ad4c6a1438d0ec1c864bf7a28f7811d91b729e18f0e0a0250999c2f998632f55,2026-07-02,true,ADJUSTED,64.53,BUILDING,B5|DSI001,NOT_APPLICABLE,DIAMINESQ,REJECT,NOT_APPLICABLE
SKIP,REJECT,661b4bd02a76f3fa4bb6ba0707ae2b894fbf1f848de23b9e73355edb543467c2,,true,a99211d1877e8c1062f653af6f1c73c1540523c0b65874a6ff6b38bb1af48803,BUY,8e2e3635bc4cd333d681aeb875e3918a8f8fbedecb09dd3dd2bb623958178fc7,2026-06-19,true,ADJUSTED,86.50,ENTRY_READY,B5|DSI001,NOT_APPLICABLE,IFCI,REJECT,NOT_APPLICABLE
SKIP,REJECT,66308e0339547948322de77ae6a37192306d66e05c5ca100ef09aa872761a10b,,true,7c1cbde10d2f4736970308288c0472d78c61f8d1e87c3dfa64a4c5cad79c8bab,AVOID,90eaca57bbbdfed0ad8f430ac7b5686bd3b7979abc0b100958d492ffffcaff9f,2026-05-22,true,ADJUSTED,42.79,READY_FOR_CONFIRMATION,B5|DSI001,NOT_APPLICABLE,HONASA,REJECT,NOT_APPLICABLE
SKIP,REJECT,664602510752c916063fdd3ce57dac9484f416a319099eecf56c29216392734b,,true,681442ecb0a1fbd9fc76d0f9e1ddf72e34a9bdc0008c5e2a94f149b062e01aec,AVOID,43699a3490cbc6ce6cf04159c178f8fb5203b4f4c1c80a3f5640ca7ff81ef893,2026-05-05,true,ADJUSTED,51.74,BUILDING,B5|DSI001,NOT_APPLICABLE,ADANIPOWER,REJECT,NOT_APPLICABLE
SKIP,REJECT,6666cdacb43420f417065a9c75a22d19e8378f5d8deb390d06b024905f688c18,,true,088ceae1abb802a03c5d1f2c83a340e20fbedbf80e83f90f71e14356f70c32bf,AVOID,2bbb85e4c1092aed98877e364da29982fe6e1984eb26647438b2ba99f35e55c9,2026-01-08,true,ADJUSTED,55.89,READY_FOR_CONFIRMATION,B5|DSI001,NOT_APPLICABLE,YESBANK,REJECT,NOT_APPLICABLE
SKIP,REJECT,6682563f4e1a6e37a4a1016b5cc74fa0d43de0622593c00e016a2171c529fbbc,,true,b4ab526917429eaedd288d73446a6afa589be47f4ffb750faee6b644d7db1354,SELL,6d600e71642bbf09b4105d2fba66ed5b923155ed6228868cd949df3c586c54f0,2026-06-29,true,RAW,35.00,INVALID,B5|DSI001,NOT_APPLICABLE,TATASTEEL,REJECT,NOT_APPLICABLE
SKIP,REJECT,6683820f36d07716b70d4adf5dc7e69231edf1d8289f5c34860fa6d078237184,,true,ec3f8b69a30b335c9f78ccff1663d28d4402eb2939155d90f5df95033ce9901c,AVOID,c8924074ea76ad96ef27cfdd3edc5db0ba3268db7a7b49038da4831ae322e723,2026-04-23,true,ADJUSTED,40.00,READY_FOR_CONFIRMATION,B5|DSI001,NOT_APPLICABLE,TATSILV,REJECT,NOT_APPLICABLE
SKIP,REJECT,6687cad240b623765f5161040dd423b0266a5d9f5a839584c90658c057215201,,true,3b1d09eb6cf7867847656aa1ccaac45ac94681928af291169dbbdfc0950007a9,SELL,c2708cfd24c745a567d53f588ca88ad138e45b94b07e51f3fccd569c1c2959f6,2026-03-30,true,RAW,35.00,INVALID,B5|DSI001,NOT_APPLICABLE,KNRCON,REJECT,NOT_APPLICABLE
SKIP,REJECT,668c42dda7dfb076f2af93029375f662735f5328d0745ef3b042f9866cc9f37b,,true,802c35e92a0a0fca59811bfbd95f6b1479d301ea228faf5ee6606991bc66bdc6,BUY,0860584790b2fdd3099aea744a6fdcd1c9cbab26ad20f6b05e846965ec94bedc,2026-06-15,true,RAW,80.05,ENTRY_READY,B5|DSI001,NOT_APPLICABLE,YESBANK,REJECT,NOT_APPLICABLE
SKIP,REJECT,66934e6fad6ef2625397fd1eea0b9f00e67c36a63b0d1f31df8f17231fdad0fb,,true,ae745ee7417ab2aad20a3ebfc622fdb774da0fd3b88a1f3e946b16f7e4edab3e,AVOID,9d1c593dbf838d71108a5f203f07803d667538f43cc515b30ece3ae5270e8944,2026-04-29,true,ADJUSTED,42.76,READY_FOR_CONFIRMATION,B5|DSI001,NOT_APPLICABLE,OLAELEC,REJECT,NOT_APPLICABLE
SKIP,REJECT,66a881582452db96c8ce8e04f8e96bdb051128db8ba7241b5640e87daf8d105e,,true,f0191d2807a9a5127be9b17784d3a85ad0c1460c548b292934a748cd30b1f9e9,AVOID,8d7f4a49783258da6f6daf4269dd901788e66e6c386cebdb34131881b735dadb,2026-06-09,true,ADJUSTED,47.93,BUILDING,B5|DSI001,NOT_APPLICABLE,CUPID,REJECT,NOT_APPLICABLE
SKIP,REJECT,66a9e0ae3812f7a3aea822ebf739c27b7fb9c3843e87c31c477b3ae3b34272c0,,true,aa48ae31903c5a38d18bbe935ceef55b54bbc3fd1218c525112dffc6edaf83e6,WATCHLIST,44404ec851e690466ee16c130249a658ebfe8de5c3b5bfce4431d7583831864c,2026-01-13,true,ADJUSTED,62.35,BUILDING,B5|DSI001,NOT_APPLICABLE,MAHABANK,REJECT,NOT_APPLICABLE
SKIP,REJECT,66c34c65675909d51b19820bbd004e9efec2557e50746530aa661dcc028ef697,,true,5dd74dc4abec1f8fb0ebf59f57df12553445274e308066c6019fbb73dfdad652,AVOID,844706c2a8fbda924b24a72d6b309d322073ed8b0acd212c2206c58ab8ab9347,2026-02-03,true,ADJUSTED,56.86,BUILDING,B5|DSI001,NOT_APPLICABLE,POWERGRID,REJECT,NOT_APPLICABLE
SKIP,REJECT,66f0c2c533bb813f6679912bbdc485760f40eaec3f58c5b89f50d64edfee006e,,true,c507713b4303300e418d118a3f17b911de4f98508e986ae8b0fb689186cd676d,BUY,8c27114f739f38a9def73c1b78ab5377070a9d30d2da91423cb47f397d8f99fc,2026-01-21,true,ADJUSTED,76.32,ENTRY_READY,B5|DSI001,NOT_APPLICABLE,GOLDBEES,REJECT,NOT_APPLICABLE
SKIP,REJECT,671d017a72c3d83da1b7b42365d25e666450dc221fdd10a4558f9d88bd8c19b1,,true,5e402c056b714c43b5634c86d01eec00402f40160774e55f516bd7068332c0e5,SELL,42eed0bf568ed4e610ec46c1e84fd55cac38d192b5f8b481a1d47a02b8ca3910,2026-03-02,true,ADJUSTED,35.00,INVALID,B5|DSI001,NOT_APPLICABLE,YESBANK,REJECT,NOT_APPLICABLE
SKIP,REJECT,6772298f415b51e6a0a49ab5e28709086de17001f742ba78806d97d535aea2d5,,true,95c2b903186cc2897ce3529f7c509f10b56740802404dac06e4e08d205315f05,SELL,e20564ec10d8e50a241fd43d4d37f3ef8c8b402f724b91facdb660e40a667225,2026-03-30,true,ADJUSTED,35.00,INVALID,B5|DSI001,NOT_APPLICABLE,ETERNAL,REJECT,NOT_APPLICABLE
SKIP,REJECT,677e46c5adcd71f1a4d0be961c52d12db0f3754288610509838e1dc904140b42,,true,ffee3a7445c6ec0e5f3a61a5a99d4bfa26147d1e705647c42bb6cf5b06f85913,WATCHLIST,1eed5e14509fb7b065abffeb180b98fd43821b7c86255e6de6197f5164feb3aa,2026-04-10,true,ADJUSTED,65.91,BUILDING,B5|DSI001,NOT_APPLICABLE,UNIMECH,REJECT,NOT_APPLICABLE
SKIP,REJECT,67a472dabc01ab24d69efda477212724df39b60e0912bcbc92f729101c4bd8eb,,true,b20bf3fd03b2b6c18d18cac6228e4911063a0a43a9fdc6d90ed03f0cddc2d1f0,AVOID,1a1814b4779ff5efdc53a27fdfa400fa3777b8a3b3c58d51f48dd6cbd68bf70f,2026-07-20,true,ADJUSTED,59.00,READY_FOR_CONFIRMATION,B5|DSI001,NOT_APPLICABLE,PCJEWELLER,REJECT,NOT_APPLICABLE
SKIP,REJECT,67a8697eeebf6393ac60a0b29ab0dfea21e9821bebb4146956311e6e880d0a40,,true,e1f7bee53ff28ba2d3559b75ecf1b1c3858f47db9722a797ec9919ef508f286d,BUY,38b30996452b4a6218d4751544a9dfa828c47a108fea1c942b8776266843f1ba,2026-01-07,true,RAW,75.05,ENTRY_READY,B5|DSI001,NOT_APPLICABLE,IEX,REJECT,NOT_APPLICABLE
SKIP,REJECT,67b2bf64e358bd2191687ae3a4bc4cc9cecd7432e74f69106d5e94181caa3f91,,true,4fc0d6ee46757f57097bbaa1f0e6cad5fd8ad96833ff7a9ed413e118f4c2dff5,SELL,385cb6a4938a666ecfd74dcf2adc515da23361dcd7173db75dfb6a76f43043f5,2026-02-11,true,ADJUSTED,39.00,INVALID,B5|DSI001,NOT_APPLICABLE,BHEL,REJECT,NOT_APPLICABLE
SKIP,REJECT,680d3abbc7a6bedb9d4cbe6f223bbd9249b8c680ea36bb2e693a410cc2a74afe,,true,b616c996e0c9e7823374032c9f0bee49bf885d68f87de04bf20badeedcb29077,SELL,06399be57e3417a1915dfc9270f1453d20ee3c7120eadff45ae71400dd9ef939,2026-03-16,true,RAW,35.00,INVALID,B5|DSI001,NOT_APPLICABLE,HDFCBANK,REJECT,NOT_APPLICABLE
SKIP,REJECT,6823587d432c92415a8213511e48f14959dc31deabd61089dcba85055e661844,,true,29d58c4128d3af4efcb75979f2198e63253305726865dda9fb95a2d7f7dca627,WATCHLIST,b06b44b3566c6f32daca1a00d6d33b49f5d8ccb227420abdab07fc3c90514338,2026-05-21,true,RAW,65.77,BUILDING,B5|DSI001,NOT_APPLICABLE,TATSILV,REJECT,NOT_APPLICABLE
SKIP,REJECT,6833bf4b6f65610735e1742d69c4ac52ab96103a2b80ee72e45c3eba5f1b6f4a,,true,eb50ed704d226421ef76f19d70ae4f6dfdd5ff4198723d809e90bf90ab229c80,SELL,b738a7f68ca6dd771c74b50ac9ac7bcb69276fa6ba4b5cc002342be3e6706aca,2026-03-05,true,ADJUSTED,35.00,INVALID,B5|DSI001,NOT_APPLICABLE,FILATFASH,REJECT,NOT_APPLICABLE
SKIP,REJECT,683a53810ab83d3190292f77ccca8808ccc9e608ff962a652493a868e0a31a4f,,true,ba5fadea219d2a31dd5d04b4aa0413511456a55f8ff5e5d3364f652b3ac953e9,WATCHLIST,0869041a380a2af76a1c83f9d50ac42bc6cac52655d325d5c109cc5a18037302,2026-04-17,true,RAW,73.72,READY_FOR_CONFIRMATION,B5|DSI001,NOT_APPLICABLE,YESBANK,REJECT,NOT_APPLICABLE
SKIP,REJECT,68441127b811c5e14091d22c4e31583664e1d448ab81049af3e62c4e9cdb4e72,,true,65128f76f6c1bc6ad3df1a64a13f6ce13779660f35022e67cadf97ce566be5df,AVOID,a4b500a2e10bcc49c8d84914662e8f9b079c6abb1e118bec60f18b91d77fd591,2026-03-02,true,RAW,59.00,READY_FOR_CONFIRMATION,B5|DSI001,NOT_APPLICABLE,GTLINFRA,REJECT,NOT_APPLICABLE
SKIP,REJECT,685f7fcba02e0572497c1d0588a61581f96b56507093ac6432863eccf6e0c646,,true,f25c502d3cfc8378ce733f06073b50dee37cabcdfb46af44831ba7187ee2ba16,WATCHLIST,306e2f4e8c2218c2a6e7dc1f3337466f3e3c9fe23d5796a4799e969d966eac66,2026-04-23,true,RAW,69.30,READY_FOR_CONFIRMATION,B5|DSI001,NOT_APPLICABLE,JIOFIN,REJECT,NOT_APPLICABLE
SKIP,REJECT,6875773861dffcb037591c63daf0d432a0e629398f35c1abb576e6ceb43dfa58,,true,ddbe54e0881dfa797776445e30870eb68cf3a98f5fae4742740bbe8dea3dc5d3,SELL,0f4319ad02fc67017e1f35fa5d68a69add5233b5f8a257345f51350204fcbc34,2026-04-08,true,RAW,39.00,INVALID,B5|DSI001,NOT_APPLICABLE,ASHOKLEY,REJECT,NOT_APPLICABLE
SKIP,REJECT,689c4fecca614e4c343ccd4438c17d6ea4139a8f84216c11d43a05338c92a14a,,true,72524bb90268617397b150d9adb64afa8a12538dbd823667f990a91a082cb24c,STRONG_BUY,89eab7431e47616d237522569c327c359faf1acce3974b7fe2d1ce6c79786c27,2026-04-21,true,ADJUSTED,91.79,ENTRY_READY,B5|DSI001,NOT_APPLICABLE,GROWW,REJECT,NOT_APPLICABLE
SKIP,REJECT,68bce8d836b1da358f73f2139e312bd99cdee3c3e49dd39609c849d7c1da39ec,,true,a0a2c9b8ab95010a153e9f80354f478388894e954e810167ea27bb82448b6f9d,BUY,58cc82a6ae990290cf9381e6707cf312722a0083b7361c7a4da65eddae812cb1,2026-01-12,true,RAW,89.49,ENTRY_READY,B5|DSI001,NOT_APPLICABLE,IFCI,REJECT,NOT_APPLICABLE
SKIP,REJECT,68c621fedff8e5a53a9450f41587904fa3850dcf88b3d4ae480b6ff758aaf6e1,,true,3cc1179c2a84c28ac5ad9f32f741269ec1936e7f3a14aa34a071fd867fd9d9ee,WATCHLIST,0724b590879cc1f81482a9ee0efefa8f26f2825d3c5e080010ba869fbf2b7730,2026-06-01,true,RAW,64.10,READY_FOR_CONFIRMATION,B5|DSI001,NOT_APPLICABLE,NMDC,REJECT,NOT_APPLICABLE
SKIP,REJECT,68e103ed6224e16bd101276206145de12274475e3d1b65b09444f5e40e004972,,true,9767a126f534f728c7b2870fd0df1793ecc22258dd4c5506b646ecef4baedf8a,AVOID,e51cbb2158cf007e2931583e207446568069f36737ba1a9225e7a9176ec57c99,2026-06-08,true,ADJUSTED,52.90,READY_FOR_CONFIRMATION,B5|DSI001,NOT_APPLICABLE,GTLINFRA,REJECT,NOT_APPLICABLE
SKIP,REJECT,68f6163960e44c2990a3b769cbc6e4fe89da657db6fccddfd08fbcc733e7a218,,true,70c5ac26e2ae8c9ffc520209a6dff1a991b1634a32f79d11d1638c5f8f2179f1,BUY,142f80868f420ad4bb2016ed3bba6c956f0d6abca0ea10a4f175f4a6d166fe49,2026-05-26,true,ADJUSTED,79.41,ENTRY_READY,B5|DSI001,NOT_APPLICABLE,YESBANK,REJECT,NOT_APPLICABLE
SKIP,REJECT,6901e802529ad72a082b68e26aa3bfb2247bff0ea488656502ffcec241261e89,,true,959bf13ff099fe31995654591a45efcf92d763221dbb9292dfc93161311d1024,AVOID,a6280619291212f5a372bb5150b2f41c2b9e49efbe4cea3b7070632dcc5ecb30,2026-04-16,true,RAW,59.00,READY_FOR_CONFIRMATION,B5|DSI001,NOT_APPLICABLE,OLAELEC,REJECT,NOT_APPLICABLE
SKIP,REJECT,69279ef14e659e0956cb12ed5ca07f305aa08038c650ea317a069724bb7310cc,,true,6b0ae07f90dacb0aa8f20872887912f2e1f7dae9cc30361a3879ebf903dccbee,SELL,d37784487b4fca52077c9e3050bb573bbb7afa74993f349e3ef047493036164e,2026-02-24,true,ADJUSTED,38.09,READY_FOR_CONFIRMATION,B5|DSI001,NOT_APPLICABLE,SILVERBEES,REJECT,NOT_APPLICABLE
SKIP,REJECT,694d2b077df962fa0ff5dec38da6348cdc738fc70a183f7b298251e07ea8755b,,true,d5561ab6eca828fb3b32c28fa5a48112a46e66be136d0567ac7bb82a8c9d55d5,SELL,1e5e418a4590799b6ffdf13421feea2f7fc5df1f10cbd6e35d34ead1681f1f9f,2026-02-26,true,ADJUSTED,35.00,INVALID,B5|DSI001,NOT_APPLICABLE,RPOWER,REJECT,NOT_APPLICABLE
SKIP,REJECT,6959012d2e4c2c5f4ac09fbd8e9ce56f650a03894ac9b62be7816214d1f10401,,true,e5e78058115dcbcd15aeaf7d9438cb920ab8bcc9e3ee39fb47d57efb975cbbc6,AVOID,760133c84beb228fbec055c51d0bd3d5860819e8702852b1f394ab8741a10e62,2026-07-08,true,RAW,54.36,BUILDING,B5|DSI001,NOT_APPLICABLE,DPABHUSHAN,REJECT,NOT_APPLICABLE
SKIP,REJECT,696bb7de97a63bfe65d1cb8ceaf3c987ac608dcf42a0a3ccd25cb4a1b07a4b9d,,true,bd330aa2bba8e9ee459356b01fca073c96f4634143cc87a02f4c34b4ca311124,WATCHLIST,d694530acfabd245274e1ac8dfdab5f3bbd04679881248cfa8f1f78a49b5780e,2026-05-21,true,ADJUSTED,64.07,BUILDING,B5|DSI001,NOT_APPLICABLE,MOTHERSON,REJECT,NOT_APPLICABLE
SKIP,REJECT,696f1c156f3f9f9ec0e350c721baeafa7d32bf306c2e340969b2d7bf3bece5c5,,true,bee90ea21ccd966062874b37f602aa4fef552cfd4b341f5b745796271a7b9742,SELL,5e8b9a545233d63bbdb2cc56021012d7f141e8783f5c873bc0dd337bcefa723f,2026-03-16,true,RAW,39.00,INVALID,B5|DSI001,NOT_APPLICABLE,ITI,REJECT,NOT_APPLICABLE
SKIP,REJECT,6979288090c69d85c2f92e6e0c5dfbdb6d6c804912bb80f56ec6ace2503f2f2a,,true,34f3b87c503d82b671b934fce379ec39d8551cce347892b6362fc49aa885aac6,WATCHLIST,35703dfae08c489822ed50ebbc4f60efc5231a805a98e9fbfe954cbe81b8ba83,2026-07-10,true,ADJUSTED,64.06,BUILDING,B5|DSI001,NOT_APPLICABLE,UJJIVANSFB,REJECT,NOT_APPLICABLE
SKIP,REJECT,698e1230f63063cb625dce293e7f7199e0cfe1deadd6f875c7affb854f0928e1,,true,66a748471f8335e602aa1a8c5b8c1135c5b956c8c1e52e34e3ee3e05ec528a4d,SELL,6f29cb262abd19c44280654d0b32d4d3275ec8bf3be67e81caad2131e6894019,2026-03-23,true,RAW,39.00,INVALID,B5|DSI001,NOT_APPLICABLE,JPPOWER,REJECT,NOT_APPLICABLE
SKIP,REJECT,699bfed8a8d360a4a3f54dc63fd39b039bb5c432c87384adc183757c7c375c07,,true,fccd1da5eb7a9de1441d908aecd0d46922f3faa6eea1a1e804e13d0a9ac6282a,AVOID,d3bbe28979836aecfe240947c3e0d208f8bce1f9c0ac7e79ea48cdb4d5858a00,2026-01-02,true,ADJUSTED,59.00,BUILDING,B5|DSI001,NOT_APPLICABLE,SILVERBEES,REJECT,NOT_APPLICABLE
SKIP,REJECT,69a8629588a496e80143d9ab18551f2c208e214787dc412440c9199ae0cb2da9,,true,8c867e0fed99aeffe5f74a0e5ff34ee53259b22d0d9624131852361d79e1a14a,SELL,ccbee9cc11bcaeb1fc3b807289fc1539fb7af8ee243a3207939c303b47ecd14c,2026-03-06,true,ADJUSTED,38.37,READY_FOR_CONFIRMATION,B5|DSI001,NOT_APPLICABLE,SILVERBEES,REJECT,NOT_APPLICABLE
SKIP,REJECT,69b88c04987690789a856008ed4cd4617938ff6f6fe4cc5e4d770fb0b36f657e,,true,b4ab526917429eaedd288d73446a6afa589be47f4ffb750faee6b644d7db1354,SELL,6d600e71642bbf09b4105d2fba66ed5b923155ed6228868cd949df3c586c54f0,2026-06-29,true,ADJUSTED,35.00,INVALID,B5|DSI001,NOT_APPLICABLE,TATASTEEL,REJECT,NOT_APPLICABLE
SKIP,REJECT,69ca478d5830d632bf786e6a6b862aac6626b6d834c4d8b3356e77af38e060da,,true,a4cf9534ae2b80be3b481f901877c356bb1eaae9e130f6fd171942e1a52bfdf7,SELL,166e18f307e58a969d065ebe8ece789d28d4738c88483eebf6f2a75264375fbe,2026-06-10,true,RAW,39.00,INVALID,B5|DSI001,NOT_APPLICABLE,MEESHO,REJECT,NOT_APPLICABLE
SKIP,REJECT,69db45cc5e9e6aa2b27593e9c21eb4c8869300d40b5e0184479d718d74fab450,,true,6b5a54d4e40a5471225e62e2dad472fa190a667d171b58cc04a09feccf8dbad2,SELL,bce4f7ebc4f9749a1acff5857d6a8757c1b97e0f622c916d7339c48610e54a3b,2026-05-21,true,RAW,37.91,INVALID,B5|DSI001,NOT_APPLICABLE,PCJEWELLER,REJECT,NOT_APPLICABLE
SKIP,REJECT,69fcf58a372185f4f01e53a712a9fdbb0d13da01f6881980f382756583ac4bc4,,true,5e61ee1bc909518c34fe812af63937399faccaa651c06aeeca83eea7a8f7f9b1,AVOID,da9d21800cb7f7fd6598da0effa51dc7b710dbc9300a6cf8b0ff21609f13e0da,2026-05-06,true,RAW,41.44,BUILDING,B5|DSI001,NOT_APPLICABLE,TATAGOLD,REJECT,NOT_APPLICABLE
SKIP,REJECT,6a38f199be0fdd116254c470509960c68b9113611a88630a4882af5b2b8fdb61,,true,527321bdf654f5a493a17d3b486a5dc4543bad620f55286a97cb0c3a30f513a3,BUY,d0de0e08ac6cb957c35d6d1afa1f5f40e3fd91aaed5c8850fc7c7e1a74fe8a8a,2026-05-25,true,ADJUSTED,83.84,ENTRY_READY,B5|DSI001,NOT_APPLICABLE,HFCL,REJECT,NOT_APPLICABLE
SKIP,REJECT,6a3a269db4bf005a37f0ab4d829753777a7133232746261a1c320e3dec1cc4fa,,true,bc627ad97cd3713411af990b7faca8e6b1f9775cf0a2c3a2622b2bd847418635,SELL,ce80467e279a00893f1fd9d8d64a63bcf3339dd80054f6405b42454354c05f77,2026-01-28,true,RAW,35.00,INVALID,B5|DSI001,NOT_APPLICABLE,ETERNAL,REJECT,NOT_APPLICABLE
SKIP,REJECT,6a640f2d8455c4c8e1de6d8c2a31dbe0e642f5b41785f3b943c4cbd56add3f14,,true,7922681865fb2eb1d834006f880ce1da64abf56104ad8810f98a34d63e95f2a9,AVOID,d358d731479b0a1e64c8e1053d3e01d3a770550d54a9fe0336f86726f030ceef,2026-05-20,true,RAW,43.51,READY_FOR_CONFIRMATION,B5|DSI001,NOT_APPLICABLE,JPPOWER,REJECT,NOT_APPLICABLE
SKIP,REJECT,6a7485d9c66133872ddf0853f35b66623998173a2273841b44d2a0f4ac32c96e,,true,c52707759bfbc2192cb21cd93f004391e4770b3d7404c4c76022f2ee7e28c362,AVOID,d8b0a1699933db3caa16644ba8a981bb6be97ce4ee9073f398e86d0c0d7efec3,2026-03-05,true,ADJUSTED,55.27,READY_FOR_CONFIRMATION,B5|DSI001,NOT_APPLICABLE,TATAGOLD,REJECT,NOT_APPLICABLE
SKIP,REJECT,6a781c1f98f3dc3238a15bd2689b23a2df98a5b10a858ff0335d71dce8475795,,true,63a40fabb0880a739c5cfa8db8550266f5aa803a2c2d0fdf3626c27a13783053,WATCHLIST,5e9c6b9aa954f2e6b6cb9933ba5daee34f8f0ae1293529a2f6a982ddebc93eeb,2026-02-11,true,RAW,60.00,READY_FOR_CONFIRMATION,B5|DSI001,NOT_APPLICABLE,GROWW,REJECT,NOT_APPLICABLE
SKIP,REJECT,6a8bf36f4185a306b088cff8fd23dc7c3103f35def7e37b59ff5cb0eb7f334f9,,true,8493b89f3fe4304fb608d62de8201c7664587121ef43d6ffad86c92cf8407bee,SELL,98d57289dc5e3c8b9fe05ed903e8161d5c9c47a584be98fa87bd698b9a975e05,2026-04-20,true,ADJUSTED,39.00,INVALID,B5|DSI001,NOT_APPLICABLE,SBIN,REJECT,NOT_APPLICABLE
SKIP,REJECT,6ac9b2d6ebb259fda6a41de959fb66ee9c9b4531f24c3623170023bdedb5eaa7,,true,5aec033ee3656d751fe0ca7e2e699b182e001f5be7d2ac5569fbabeebc186c42,AVOID,1a700eeca56f957d7f705d5935a8cc69d41c521c1dc9b0c0a1c16fdac3ef4d68,2026-02-13,true,RAW,41.05,READY_FOR_CONFIRMATION,B5|DSI001,NOT_APPLICABLE,GOLDBEES,REJECT,NOT_APPLICABLE
SKIP,REJECT,6ade68bf06ab6c20183d1a8496b6dbe49a958c5c14a3ad2ef161532427ad9cac,,true,c48d4f07bc50c98a03a1229891c3c2fb83bc417b86ea1fbd3d92b58ba5b0a1b8,WATCHLIST,d326bd4df1f465da7f1e0a5c563f6093e001d360bb4575429863e97592127ce8,2026-03-17,true,ADJUSTED,71.05,ENTRY_READY,B5|DSI001,NOT_APPLICABLE,GOKULAGRO,REJECT,NOT_APPLICABLE
SKIP,REJECT,6ae1ccf94946d97f0c7d958d957122a9437565ec058a968920d303aed054cb99,,true,c4d7fe9277b1288d071ca7a0a80a341d44ac86368852976fcf9ef7bc611127c6,AVOID,582c6d9c5fbcf675772f3d4afe2e75b65962ec4b3ab2e1ddadd3ff4e05ec54d5,2026-04-27,true,RAW,40.00,READY_FOR_CONFIRMATION,B5|DSI001,NOT_APPLICABLE,TATAGOLD,REJECT,NOT_APPLICABLE
SKIP,REJECT,6afb766af01a9e5dff54c50f1f716e73ec4e8596da20940ff32ff09d625c4138,,true,81e3bdc8e6ac9607d026ecdf24dbbd3da485b9b1d42f8e67a43c83e2a3e08944,AVOID,ab4ae3da57d7d992ecb658042a89e6b788c977bde657bd13de6cff0873d0a874,2026-05-19,true,RAW,46.51,BUILDING,B5|DSI001,NOT_APPLICABLE,LIQUIDCASE,REJECT,NOT_APPLICABLE
SKIP,REJECT,6b211b2d4c711e8829fb039fbc47a16c260242d5fc80d3657982ce74ff696033,,true,96443fd01c300d9ccf2be7388b473c514ce305cc7568280661b7b1071065a84a,AVOID,9e83d5d9fe38e145d3bd46691b9d558ab8993fd1c89d3ae0760c755b93265317,2026-05-11,true,ADJUSTED,40.00,BUILDING,B5|DSI001,NOT_APPLICABLE,LIQUIDCASE,REJECT,NOT_APPLICABLE
SKIP,REJECT,6b22709214a30cb952ec57299f360a60824c510c2ec468257d09f7cb07e0c83b,,true,e37c69ebc1e1939b83799e36f71c48b25170d9f126b2f5bdf67911cb956d20af,AVOID,e04289039f4e59e930105fc28723af6a3f2855f7a865e4afd5b164023b8f142c,2026-05-29,true,RAW,53.25,BUILDING,B5|DSI001,NOT_APPLICABLE,MOTHERSON,REJECT,NOT_APPLICABLE
SKIP,REJECT,6b23dcc242005dfb59fdc92ff4b7983de0abd8e1224f8308e901eba12e3cc931,,true,821f45b1064de157632a57ffe1e5f31532dc8e2153eecc96a2ec5acd174568c7,AVOID,acd04fe2542c24f44fe212f69391524cc2f8bacaa88b4e0d3f2a59cc291b2d60,2026-02-13,true,ADJUSTED,53.18,BUILDING,B5|DSI001,NOT_APPLICABLE,SBIN,REJECT,NOT_APPLICABLE
SKIP,REJECT,6b4f8410475ee1b0f4c96b6083b222e7b5530cef63f5f85a9e035e55fa697861,,true,d03d121d5c927d967fdb4bc368e7c00858aa0a5174de78b3275daf4ac7820829,AVOID,ba6b4942ed6b349635a1c4e9e10d0e0d5968a6cafc84e587b84393dac98f9a34,2026-05-19,true,ADJUSTED,40.32,READY_FOR_CONFIRMATION,B5|DSI001,NOT_APPLICABLE,JPPOWER,REJECT,NOT_APPLICABLE
SKIP,REJECT,6b57ce91443462ae22426f7c359e8e9241e9b115b7bbae649d1919c7122cf26f,,true,2238e3b92743be4167df1fdd90a5ff6fde8443983acaddd8ddb34ef588628e1e,AVOID,68a319011e68ee822608c3293e8ab3cc496fc4c88336596f196adf63fead610f,2026-07-03,true,RAW,47.43,BUILDING,B5|DSI001,NOT_APPLICABLE,NGLFINE,REJECT,NOT_APPLICABLE
SKIP,REJECT,6b97bf449280818489a7b868517ad18601ec00233733c46863342ae2dcf7050c,,true,514063a28d24b6ce5d6cdf38da087d7f39d36adcd562e1ba670aa528c222dc25,AVOID,4297efe5e34e3b5301b2d0b2f755f5a889c2322f96f2bac26e12d1533aa7d1e3,2026-01-13,true,RAW,51.45,READY_FOR_CONFIRMATION,B5|DSI001,NOT_APPLICABLE,GOLDBEES,REJECT,NOT_APPLICABLE
SKIP,REJECT,6bb0b38aad6ec318805ad66014603ac0870f89ca18b17bce64ef9e7077e6868a,,true,4a9b99574c0b1a57f6a6d28551f4e62231ddc1f1320a1a555f00fa49f439ffaf,WATCHLIST,f025daf458ebf72e827645a783a0bd412b49aaeb1f4580457fb8c634f08fbe41,2026-05-08,true,ADJUSTED,61.72,READY_FOR_CONFIRMATION,B5|DSI001,NOT_APPLICABLE,OLAELEC,REJECT,NOT_APPLICABLE
SKIP,REJECT,6c03e2c160968362d6d525a968544b308028c1551501fe1c3680dfd209841dff,,true,ad0a6fe1a67540089f3a3219469843ae3202555e3eb6bab28b107aa6e323c06f,BUY,4074f14652816838d1b9e559430711ce6e5aa69acd79ca952e4d714f9f113f16,2026-04-09,true,ADJUSTED,88.67,ENTRY_READY,B5|DSI001,NOT_APPLICABLE,OLAELEC,REJECT,NOT_APPLICABLE
SKIP,REJECT,6c09d4aa9d191fa0736bc638977955316008af1ea8f97f2d82c9466584152c79,,true,51fc5452ac8a805ca3c0d98656ef74785f3e9d36502502b10532083e91cccb05,AVOID,739cfbed3f92aa39a0b595e0cba8e7a0e55cc873c605355a3c4c09b9440816f9,2026-07-07,true,RAW,46.85,BUILDING,B5|DSI001,NOT_APPLICABLE,OLAELEC,REJECT,NOT_APPLICABLE
SKIP,REJECT,6c1074d8dabf0cd051808aeb65963424e95fde00904a6466fa99efaa5a56800a,,true,f51bee755a3fb721d09e67821a7c2564b2f6aa8f381a7ff1ed745ed25dc5efad,WATCHLIST,eaeefb6295a7e9ce5e70365b1c88a6f9350f5184ac9dad039828dec53f5a5a2c,2026-06-04,true,RAW,70.91,READY_FOR_CONFIRMATION,B5|DSI001,NOT_APPLICABLE,OLAELEC,REJECT,NOT_APPLICABLE
SKIP,REJECT,6c37ea5756ce0a78f4a51410380fd80944ad818d1bf058f50f28b4b91808fd58,,true,98ade49c2985cd38d62f901c55a58ad9e056cafc57e30424bbfb7513f5ec8776,AVOID,ebca1cc29afb82051cf13bf184e8b9ffa50aec20020c6d7f44f798f369fa62da,2026-02-04,true,RAW,53.59,BUILDING,B5|DSI001,NOT_APPLICABLE,NMDC,REJECT,NOT_APPLICABLE
SKIP,REJECT,6c5664cd1ca7735b47cc8ac4264ea06e9a491804b6ceade46cb47267a861b298,,true,26cce5900a99b27ab40f1a91bb4d631340a616f77e41613782a3665b8284ff65,AVOID,312cd65dca4b4f7ea3ae80eb9a99b42b38e942205403500fc238137179482ed2,2026-04-16,true,ADJUSTED,55.13,BUILDING,B5|DSI001,NOT_APPLICABLE,ETERNAL,REJECT,NOT_APPLICABLE
SKIP,REJECT,6cca126f35db2346ca2732beb48a5a3820938741af23e858e4cef989ceceb826,,true,9dc9786a00ae40b00669d94a4838afe797b179d9298fa79cfb95883aa1e896a3,WATCHLIST,5bb5a3a5697a46165558a306d14a75d37bcfbb59f6439d3de1fb25c800e7fd87,2026-06-12,true,ADJUSTED,66.68,ENTRY_READY,B5|DSI001,NOT_APPLICABLE,MMTC,REJECT,NOT_APPLICABLE
SKIP,REJECT,6ce1d1a2241272dbedcb4e802ce43e5240dc9a6561b507db179d9114c4d0a843,,true,a6bce03dc20880229364538ee74e67be0691f02611cb37f9db0180abbf10ba4c,BUY,7f6313b08b3c1c67e1ad7f2ae1c6f416e14df753373ad0e4f0d4ddc8d4ec5dc3,2026-06-30,true,RAW,80.08,ENTRY_READY,B5|DSI001,NOT_APPLICABLE,SAKSOFT,REJECT,NOT_APPLICABLE
SKIP,REJECT,6ce43f19752dc1478811477cb083b5323cef21b86dc42d14dc7af14210e83d12,,true,4963bb399409aa64b63af5120fafc9f5e288f60f24279c95e96620526ee21c1a,WATCHLIST,6a5ee7d602b4403549b64a66a910180b52384a44b62ef8379a914a7ee1411dc9,2026-04-16,true,ADJUSTED,74.00,READY_FOR_CONFIRMATION,B5|DSI001,NOT_APPLICABLE,YESBANK,REJECT,NOT_APPLICABLE
SKIP,REJECT,6ce65cb4ab16235d0703945dcbf63be8c61dbce654928217ab2ee4c1994d5444,,true,f8069d4c13f00a6afccc0cc10013d8c7b5210fe14cc52413fa384ad47a8c40df,SELL,635d65d7a763a7e27defb0c89688a070383fb83a31fb6c16827101d71a50cff0,2026-04-02,true,ADJUSTED,35.00,INVALID,B5|DSI001,NOT_APPLICABLE,YESBANK,REJECT,NOT_APPLICABLE
SKIP,REJECT,6ce88c6d08a3a7a352790e86bb017184b07a094dbb1070999569b7047e78dd4e,,true,ef3baefc32c1eb63dbb4e67d7d4b71bf2ba80f525f4fd78dcffea68b42c3801c,AVOID,e7c351b036be5232697ce39dd130d738f6312ca2ba704e8c115335ceb0a410e1,2026-04-15,true,ADJUSTED,46.00,READY_FOR_CONFIRMATION,B5|DSI001,NOT_APPLICABLE,TATAGOLD,REJECT,NOT_APPLICABLE
SKIP,REJECT,6cf114688b67ef7ebd1828543ecce1d3be1dceba12b2bd643a91abb80b0505a6,,true,ff7c2a254491a5e1476c90d3d17cd64dc086000763b2504d252a2c00c17a6710,WATCHLIST,fb2472322333efd7dcdedc92970b076dd826bcdcf446b2ef04881a68e4dc55a1,2026-06-02,true,RAW,67.94,ENTRY_READY,B5|DSI001,NOT_APPLICABLE,OLAELEC,REJECT,NOT_APPLICABLE
SKIP,REJECT,6d0e09182bf4adb08ecbfc9fdb5fca54b4b665b86b24b977d0c28625d7ee2da9,,true,a6e6c6132c0b1b0b16c7df194711bbd644cc4a2b221a250a00212349be277ed3,SELL,b82b2a0966c2f851f6123e2f74747c9463fa6e7bc20c8ec6d52501526cd98e00,2026-07-13,true,ADJUSTED,35.00,INVALID,B5|DSI001,NOT_APPLICABLE,TATSILV,REJECT,NOT_APPLICABLE
SKIP,REJECT,6d20bd813e1e48fae12fcecf3f90b45b9ef4e5ee2c01e928c6568e06912bf6ad,,true,50b1b21b0aaaef07c5021206258af69ad029f03ad3946234c6744849c4654bba,AVOID,f669eb3ada585549bcf31a68fc30c2046535e6b4fa13eca0d166c48d2e5b1d5c,2026-01-13,true,ADJUSTED,40.00,READY_FOR_CONFIRMATION,B5|DSI001,NOT_APPLICABLE,YESBANK,REJECT,NOT_APPLICABLE
SKIP,REJECT,6d2113daef441a026f90447d470fe1e1c636a40d55f8cbaffd732efa3480b868,,true,6da9a8ad0b35ec30033489168e902c83a2bc540b7fd56164e2795e2934572cb0,STRONG_BUY,e7091596e1dc281914aa65385b599f47b7bc8836b0c85786d5780ce6f2a57fd9,2026-01-14,true,ADJUSTED,91.09,ENTRY_READY,B5|DSI001,NOT_APPLICABLE,TATSILV,REJECT,NOT_APPLICABLE
SKIP,REJECT,6d31d290864d0a434f8d6d2df97f6dc409ace7fb8f7cb8c5c2ec1d09d31d2a71,,true,856350be344cdcca8be8b3cd5fd0ffcc9176962bcf45b93a5f1d6c81623362d5,AVOID,d506e33a660a8e3d59ce1429fc27aad5c9db4841907f94dc3e9e0283cb58aeb1,2026-04-20,true,ADJUSTED,49.58,BUILDING,B5|DSI001,NOT_APPLICABLE,LIQUIDCASE,REJECT,NOT_APPLICABLE
SKIP,REJECT,6d3e445e2b37a21dae110d85c85df32837f30c95b4901bd5fab12134cd535411,,true,eb0fabb8acd2241e34dd2defff251707b0f38ac944935d1e2f43e63309d6e58a,AVOID,1d97c6b37ccadaf8cda1760f376bd490825b2793edb84133619362b346098bc1,2026-03-16,true,RAW,40.00,READY_FOR_CONFIRMATION,B5|DSI001,NOT_APPLICABLE,GOLDBEES,REJECT,NOT_APPLICABLE
SKIP,REJECT,6d6ef33ddfbbf5a3f7dc774672fe2114e6268090d9f554e82ac2509ef54f2f71,,true,041d2727d5dcf7b5826703c4164b96c5f22ca5d150bc15ab90a12fd664349718,SELL,ee2a9fec16c8b5f5522a559bb4ca63ae4bd7b31bd4ee2a828becb8878ade66d6,2026-03-23,true,RAW,39.00,INVALID,B5|DSI001,NOT_APPLICABLE,TATSILV,REJECT,NOT_APPLICABLE
SKIP,REJECT,6de225512b63248e3b05ad19488002c6d91d05a898b5fea9d3d5a9f1f1189d48,,true,d1abc385cd742afbf18f6324bc684fca5659384dcf0e8ceb562bff254866abec,WATCHLIST,ebd611ec755014cb540b5360c1dbdb1265e6c566ab719ae0519a2781a40a86f8,2026-07-08,true,RAW,74.00,READY_FOR_CONFIRMATION,B5|DSI001,NOT_APPLICABLE,UNICHEMLAB,REJECT,NOT_APPLICABLE
SKIP,REJECT,6dfd2a70744f70a54ec2ac2a45acc6deb3a93174b5ba22e64d0b957a2d95d55a,,true,72ca504f0ed3d77b0079f49867e4041636a1f9003d2ea7b3e8dcb4c71eb6a710,AVOID,3eef5302019ac1e10f5ec80ecfd85cba95a17f826f4f4a977d3dc3a4648e16d7,2026-05-11,true,RAW,57.25,BUILDING,B5|DSI001,NOT_APPLICABLE,SILVERBEES,REJECT,NOT_APPLICABLE
SKIP,REJECT,6e4424a47e03559e9e1cfbca7299284bae0c3dfc74d0266deab1d5008c44494f,,true,5b9f64e1e796514ae8ec58c85c8d2197408b72695183674b3efa32b8ccd18789,WATCHLIST,240dcb449c9e2f653577a30b3b3807b570a3b23c29b4750f74c2cdfb5ef4fb16,2026-02-12,true,ADJUSTED,73.26,READY_FOR_CONFIRMATION,B5|DSI001,NOT_APPLICABLE,TATSILV,REJECT,NOT_APPLICABLE
SKIP,REJECT,6e5cd9abe176c7570b9cb23536b12aee6ef7fd3760f4b20169c588c422ce1f1b,,true,67937f2464d6f26295bb2a7a861f5651934be1f79dc3bc0251a288a9922cd6c1,WATCHLIST,0919e8639a9c868d493e1c4f8b4187528aecbcd2e26718aa1106b19804d66623,2026-06-11,true,RAW,71.19,READY_FOR_CONFIRMATION,B5|DSI001,NOT_APPLICABLE,MOTISONS,REJECT,NOT_APPLICABLE
SKIP,REJECT,6e5e103e4884bd012f888d399b4afedf550d19449a1d19ba8fedefc5a57eec8c,,true,0647569f2cbc3c346c02eeb2a33e4e8d23d8aba797def858b4e8f37263447a53,SELL,ffe3c3fdd4fefab6fb4e5a81783b8f60b2c46e7b5659a11bef1b97ec6285d351,2026-04-02,true,RAW,35.00,INVALID,B5|DSI001,NOT_APPLICABLE,HDFCBANK,REJECT,NOT_APPLICABLE
SKIP,REJECT,6e7f5807866236158ae9aedddaab13e822ddc19758813168ffefaaca0d35bb48,,true,af427262df6bd3a61d1a9383000b91a5368712708fa9f9ebd3089e6fd9424dd3,SELL,9bcf0e4496b59638846727b6168912db164a99137aa9d49c7fd278c57eb4f8f0,2026-04-20,true,RAW,35.00,INVALID,B5|DSI001,NOT_APPLICABLE,OSIAHYPER,REJECT,NOT_APPLICABLE
SKIP,REJECT,6edd2b7ac5b84a146146e716f00355dae6403052da89ab29ae6128a2e7c10459,,true,10a7e9871596f5dbbb1f0e6965a8324d138f24068d4643771fff8b4825d2a2df,AVOID,816a81641d90b853fe4727c3cf7aaa5d1036a2ad89b9e2109eb4447ed3ff8fbd,2026-07-17,true,RAW,40.00,INVALID,B5|DSI001,NOT_APPLICABLE,JIOFIN,REJECT,NOT_APPLICABLE
SKIP,REJECT,6edf1b3e2fa3ca9c4091c98b01b141fcccdc84b0b0ac8b4d5836f8bb4e8bcd82,,true,2c5068a90cc20d3ae421c93e7270f103db38235de595c14894bcd121f2c9547a,AVOID,080985946bb4f82d45b09c5d2192422145d1c0ab95f70fcde783a1eb5bd82337,2026-03-04,true,ADJUSTED,56.20,READY_FOR_CONFIRMATION,B5|DSI001,NOT_APPLICABLE,SILVERBEES,REJECT,NOT_APPLICABLE
SKIP,REJECT,6ee6ad27780a3fab12d658477b1eaf79e23089b2e97b5c731e7c5d2b516ebf63,,true,772248d9d85176e15b3b65410561c8852cbe394b156e5826cbd266fd8bf0aa63,SELL,93a4c028ba29198b005f885ca49ce7fe19a9a5e42ce702a9cb50553b8f059013,2026-02-17,true,ADJUSTED,35.00,INVALID,B5|DSI001,NOT_APPLICABLE,ITBEES,REJECT,NOT_APPLICABLE
SKIP,REJECT,6f02d2d5701b70a67e8a7d64858ed5bffe7d6be1d6e37443bce126886eb9c984,,true,35745695928ba57812b249ba93d052651137adf8e218a6f2ed1f27b9fd6a7b88,AVOID,70575ab0bef684447cf8b5d1aca597e134499a3604d014279ae43506c2fecb98,2026-04-17,true,ADJUSTED,51.12,BUILDING,B5|DSI001,NOT_APPLICABLE,HDFCBANK,REJECT,NOT_APPLICABLE
SKIP,REJECT,6f0e6c06d3e3d9837112af7a25a8baa87c92605146d7b09586ee8887e5327c7c,,true,b77f17d67fc3d2d7889c163b80cb292da5617b10b867239b6cade6266daa7c5a,WATCHLIST,89c7ae4f3e0d6c11cfb3ceb56417a7f597f5173b340a44cefb006fde3937ef9e,2026-01-09,true,RAW,66.84,READY_FOR_CONFIRMATION,B5|DSI001,NOT_APPLICABLE,SILVERBEES,REJECT,NOT_APPLICABLE
SKIP,REJECT,6f0eeb5e2b4112f01a48cc09488cb59d7135a41f288561a43e4da553c78b71c0,,true,b8e107fee6529a40efd5c5afd3e55312b4aadc242299f7265cd399dff2d1e929,WATCHLIST,1f22eb1b92fcdcb1869d5aca643911304b9faa3de6dde63a512cb4cb18cfca6a,2026-01-19,true,RAW,70.01,READY_FOR_CONFIRMATION,B5|DSI001,NOT_APPLICABLE,GOLDBEES,REJECT,NOT_APPLICABLE
SKIP,REJECT,6f29d01fe65bf3e16918cdccf432a69140dc10723540c88229ca00c2021de6b1,,true,b8da826d5c2e53dcd07a64c7f03c2754b85ef4f10ff8be00acad7bb8775c048f,WATCHLIST,c1eae75288e0c72967e060921dc2adb2d9d5b289a4a3ed95d02954854ace8ebf,2026-06-04,true,RAW,66.36,ENTRY_READY,B5|DSI001,NOT_APPLICABLE,ZEEL,REJECT,NOT_APPLICABLE
SKIP,REJECT,6f3911616b67fdd4ac0418a216bd682d007feb2da5ada409fa32e9bab9e1bdd7,,true,e66a0deda24824695e932196a3e2d437846a27f3cef3e7d7d35df938cef65352,BUY,fe5c073950b0b65f761facb14e188f0a56256b5d93d4d690ea766355e12761ca,2026-05-18,true,RAW,76.22,ENTRY_READY,B5|DSI001,NOT_APPLICABLE,TATSILV,REJECT,NOT_APPLICABLE
SKIP,REJECT,6f4f5538c71f8e638da0bedc585bc3c15a7d40e215868165e0d613ac43a7ba6e,,true,362b134f15b8a694f8bf74c4fa4ea887566ca8a968ee26ed648cd1727b4d0148,AVOID,416a2a386dcdd1f2c593b1933bd80294b5448a2dce77f365ea0115a68bc098be,2026-04-17,true,RAW,59.00,BUILDING,B5|DSI001,NOT_APPLICABLE,TATSILV,REJECT,NOT_APPLICABLE
SKIP,REJECT,6f585908e8d8cdeab67b5410174495e4162817414fcdeb09153299ece0d3ea34,,true,9221dc56efb06e7e2e5f35b18757322b22f58d0da53b762aa26a9ea8182369e5,WATCHLIST,1582e86b87ccbe0ad45425930796725aeb334e653edd5d52908331d70fa1e7ee,2026-03-11,true,ADJUSTED,60.94,READY_FOR_CONFIRMATION,B5|DSI001,NOT_APPLICABLE,HAPPSTMNDS,REJECT,NOT_APPLICABLE
SKIP,REJECT,6f7160da76a1ea374bad400d0839ee546dbd0a0aa68784b54b6182c652df2be4,,true,2e56290f25f5b9f6007b042624423b79575122c6141200ca0c12b48176910465,WATCHLIST,12e4e6996503c7566dd04bd79b6cd6e1c428f6973d3f4b62b00da9c45ba1c1e8,2026-07-03,true,RAW,69.35,BUILDING,B5|DSI001,NOT_APPLICABLE,MOSCHIP,REJECT,NOT_APPLICABLE
SKIP,REJECT,6fb4357dff83f5c6bff1103e143213510aca927cc84017badde9a195c0a50141,,true,ad8af38807d656996c33afdc41bf97ad54957f01b88239ea022cc80d2401d698,SELL,0353b99a2751990fc64d73ad68f2306a643c81c116cd87dd6b63a099a51abc1a,2026-02-05,true,ADJUSTED,39.00,INVALID,B5|DSI001,NOT_APPLICABLE,DEVYANI,REJECT,NOT_APPLICABLE
SKIP,REJECT,6fbc7589438f5e647a5ab94fe86626e63492fdfe15be6bc7810712f6613a61cb,,true,9be9a4d2af67e970ab271996f3ffb583328d672bf42af68e1606466367991cfa,AVOID,9f0121b9e92872728e344c4279b274a094b2e3d7288798a3691067d9dd94a9dd,2026-04-23,true,RAW,49.64,READY_FOR_CONFIRMATION,B5|DSI001,NOT_APPLICABLE,TATAGOLD,REJECT,NOT_APPLICABLE
SKIP,REJECT,6fdf88c935461fe5e80024d895d86b44bd0686414284e8a25033852d74a96e5c,,true,6e318e85a5520ad0b6d2ec28b24f5d12aa86c035a006917b4c5fb3fe43c35444,AVOID,11bf13ec3a9c4cb54711d040a243923ec3e3e887c9708c8d012b6818845cda47,2026-07-20,true,ADJUSTED,50.60,BUILDING,B5|DSI001,NOT_APPLICABLE,GMRAIRPORT,REJECT,NOT_APPLICABLE
SKIP,REJECT,70135e38f6b2bf81a24d270ac6e012d95eddec512e8bf10bea2ac0ffac86833e,,true,daecec2ef50bea7a586fde4184edcacf5de26b6fc0be924a1f28073565571af5,BUY,453ad65775b4a8c30d1bf2f856f112bb1a6e81e8c3b55a753d9e4016c2fb75d2,2026-05-13,true,RAW,83.95,ENTRY_READY,B5|DSI001,NOT_APPLICABLE,TATSILV,REJECT,NOT_APPLICABLE
SKIP,REJECT,705638498ab96dfe5cfec27eda020d22d193fb44ccfeb42d9ccd983daa265a82,,true,9bb32042068f6e518b22ad0813d6de4dc797a63fc1f86970eb7c9f043aaf26c3,SELL,43bee63cf5f3f78a45a30a4f9e71c070502f99b4b5aade40754eedcc64beccc7,2026-06-08,true,RAW,39.43,INVALID,B5|DSI001,NOT_APPLICABLE,GOLDBEES,REJECT,NOT_APPLICABLE
SKIP,REJECT,706b11506d3f90eaa013ee26d8cff65723b9707fbde78cedc4bf6a1726b6de2d,,true,37ea06628d7864be3057797764d1fa584b468a1b075a5ae653a97955595c2360,AVOID,1dc0ea539a0fe38a461709c8e9b167a820cc5540c3aeb46fc684ef7ceb27b3a9,2026-03-11,true,ADJUSTED,40.00,INVALID,B5|DSI001,NOT_APPLICABLE,YESBANK,REJECT,NOT_APPLICABLE
SKIP,REJECT,707b13bb87756f7d9f7bfe992f6864cff1a23da8ca6254d091bf4c575c6bb198,,true,2b8225e4873f88d2c0eae90bee0cf6e2f99d7486a17b381b509b0a97b5b779dc,AVOID,2a427104355ce8b91a3a237345701ddf2621a78d32c94b4afabaedac0db96315,2026-01-14,true,RAW,59.17,READY_FOR_CONFIRMATION,B5|DSI001,NOT_APPLICABLE,YESBANK,REJECT,NOT_APPLICABLE
SKIP,REJECT,70860b8be0e1399d0f07dc13f6ee5dc623dc239ae347e466205064e1adc8fcd7,,true,20e1f542356eeaff4b36f02db00bd30a2287d759a7f7f75bd8ed86b5dd82a75c,SELL,a3e7afeca07db98bdf0fd79aff3fe3386c8d5d3fb6e2524b976de06ab6576fc2,2026-06-19,true,RAW,39.00,INVALID,B5|DSI001,NOT_APPLICABLE,SILVERBEES,REJECT,NOT_APPLICABLE
SKIP,REJECT,70bf1ee7db7f0c4bb5744d88b29b7f346400c45700dc896bd6759f46ba74601d,,true,bd5bcaa855801504cb66c61a3bd963700ad142ebbd720c6d1f16f3ce9eb02426,BUY,dc1bef023f95bf49f0e146d44980217ac474ccb4bb24e996c6e3d1eaf646108a,2026-05-22,true,ADJUSTED,87.55,ENTRY_READY,B5|DSI001,NOT_APPLICABLE,JSWCEMENT,REJECT,NOT_APPLICABLE
SKIP,REJECT,70dbd681770265836355ec3387c53e8bc1091a301a2e45aa1fab1f35456e618f,,true,27f6e0b6e1c35804704e5b5c8e0e920fe533cae0bd865836b114e933b6678fcf,SELL,688879e7c0b128328fdfd21088b48c1e7fccce0af0150ec90591b1f862f9415f,2026-03-17,true,ADJUSTED,35.00,READY_FOR_CONFIRMATION,B5|DSI001,NOT_APPLICABLE,YESBANK,REJECT,NOT_APPLICABLE
SKIP,REJECT,70ffc84d8d9e5ffde34411833a236033aa6f66e3e83e4edc2ec46b5625d0b6d4,,true,3170ee895fff1dc2dea4e687e815df0cb3a2b2642c82139d0c300e6b3a423853,WATCHLIST,95c6d827fb7aa78702d4b08d5bc98b2b68b170aab56c3e0dc169daed51d3920a,2026-02-12,true,ADJUSTED,74.00,READY_FOR_CONFIRMATION,B5|DSI001,NOT_APPLICABLE,GTLINFRA,REJECT,NOT_APPLICABLE
SKIP,REJECT,71001bd21fdd77df1700fe955515fccc98a46febb208ffa92e20f4cda841f6ef,,true,88a410806e78adfb5527eb5c0e0f99dcb86f77d74757c64486f62ca7638047d8,BUY,d883d489869ae990397e44c0269297a473aad6bd3e6962aaec62e8e5720149b2,2026-07-16,true,RAW,85.19,ENTRY_READY,B5|DSI001,NOT_APPLICABLE,MRPL,REJECT,NOT_APPLICABLE
SKIP,REJECT,710ace88236baf879b31342b8dfefda9ea2ff348a8d891fbdd07fea187e37a7e,,true,9287b63d35acbe999deb6e6ed8d590f7cf6e765cd566aad021bbe3ca7098d80f,AVOID,2d15aac92bd08a67acc8508cc9c7a292a17626c81f51f385f6468f7e20caa008,2026-07-07,true,RAW,53.64,BUILDING,B5|DSI001,NOT_APPLICABLE,JIOFIN,REJECT,NOT_APPLICABLE
SKIP,REJECT,710b63217bf99c136ba8351af76d11851558437c15ac7ba7b2c7813e0a571c9b,,true,8fbc563bb5caab4d1e72228ccf11766aee93c719e9f373379f965ebf5cd26665,SELL,f25f0b720226dce526a8a0022eb83cb7424b7ac1875b588cb0e68b13c39c15f7,2026-07-20,true,RAW,36.87,INVALID,B5|DSI001,NOT_APPLICABLE,YESBANK,REJECT,NOT_APPLICABLE
SKIP,REJECT,711162d4fb4779822fd28e7e4c0e5967de60d373bdc250dbe601b6cdf573ce93,,true,b10feed0aa2242c7b182f1dfdcc7119043c7426685443995d8c54f6a97e88a0e,AVOID,b761747ab52c331885148a0e772626b553c0fe597f744d171b5b711bd6a441ec,2026-05-07,true,RAW,50.04,BUILDING,B5|DSI001,NOT_APPLICABLE,ADANIPOWER,REJECT,NOT_APPLICABLE
SKIP,REJECT,71309ac957cd595486a292138082d86a63dfa5f2c1f7574c5af82fb871e666d4,,true,512dceab6d063e472916deb67add0b8bc455e52433c87fca12b5688e01b842f4,AVOID,e51256c5973c0a09164290003045233f599d6335e7026a8d70e65461980baf00,2026-06-29,true,ADJUSTED,53.48,READY_FOR_CONFIRMATION,B5|DSI001,NOT_APPLICABLE,ADANIPOWER,REJECT,NOT_APPLICABLE
SKIP,REJECT,71588dd3c575528deb680dfc573fecfb1ffc3cc932d422c8350ccd8200763267,,true,c40c521edd5dcc69b1bf2e2c4e62fb5b959e0a86db6f9549e7e50c4e4fafa154,AVOID,ee747e6c1c15382a602489fe46e7cb8874f6c781855de6a5715a5ca3f3be1f88,2026-05-08,true,ADJUSTED,59.36,READY_FOR_CONFIRMATION,B5|DSI001,NOT_APPLICABLE,TATSILV,REJECT,NOT_APPLICABLE
SKIP,REJECT,715db233d1313a71930f92c9327327f3b66919563e506ebb67d528d6d9d3a8be,,true,8454c3781bae05b3ec2504e4228364de80e842adb49da6df3ba59571bf59abec,SELL,2457442751e86d93a721bb8a79a2b3ed6f8d2b39bffc2799b7b2c5bf4255aaa6,2026-04-10,true,ADJUSTED,39.00,INVALID,B5|DSI001,NOT_APPLICABLE,FILATFASH,REJECT,NOT_APPLICABLE
SKIP,REJECT,716ff4e0a30a8040567ffd76bd7df42f7cf22b0a6abf35ffbe11ba1662b7ba6f,,true,165586768606a15916054ecb5f0e1491a3962bd76093b7fa2255be464cd6bab4,AVOID,86dc4f0dff6321d367603eada3049c1898b9670ebf84452533726e078e412590,2026-03-02,true,ADJUSTED,57.42,READY_FOR_CONFIRMATION,B5|DSI001,NOT_APPLICABLE,GOLDBEES,REJECT,NOT_APPLICABLE
SKIP,REJECT,717cb799d8c5e98e9902f20ae5c9afcac670b80b75a96afcc60734fecbaf3d40,,true,ab8ed6b2e1dc9d6618df04d1e68777112622f82cbc3ef12c3aab18c9fc8d3c5f,SELL,c1aa7e5789af58eb749d7db354f0d3a0415effd84b59c8c9eb792ee220251bf4,2026-03-25,true,RAW,35.00,READY_FOR_CONFIRMATION,B5|DSI001,NOT_APPLICABLE,SILVERBEES,REJECT,NOT_APPLICABLE
SKIP,REJECT,71d6b9f3ca6c673a413ad39e8a9a83a2a45282b93e9ccdcbb867d5d4557450a6,,true,41c5047c704599a9a667a3e3cedee4b6e87dc6e3966c6cdbe44340a30dfc9c3e,AVOID,c09bfac3a45bc02fec3820d16d03eaa56165c704fd1fce18d1d6323e6eaf5fb4,2026-01-07,true,RAW,40.69,BUILDING,B5|DSI001,NOT_APPLICABLE,GOLDBEES,REJECT,NOT_APPLICABLE
SKIP,REJECT,71f1b59ef5e76997e58ef05d91d636bfef42d338747b3ec548726af169fe77f5,,true,ff6acf4111751208ec42bbf90dbc48c2ff6c063095d4210a754ffdc97e6f1438,SELL,1635bef039631e0d6e7c2d0a151dd4bb1b3c81fe90231655401360f8e6a3f3c8,2026-06-08,true,ADJUSTED,35.00,INVALID,B5|DSI001,NOT_APPLICABLE,HDFCBANK,REJECT,NOT_APPLICABLE
SKIP,REJECT,71f210a052a8bb43f1993072b399b0702d7eb816c9fe53c597b5c906acfe6fbf,,true,ad279d1e1d144a76a3e96ffd303c7d6ccef76ce71bc32ca71c04e684741da494,WATCHLIST,d2a905a4aa8da5c80bfd99b8a1efba7689d7ac38e7cdb5f76b31e70a854071ae,2026-06-18,true,ADJUSTED,61.14,READY_FOR_CONFIRMATION,B5|DSI001,NOT_APPLICABLE,IFCI,REJECT,NOT_APPLICABLE
SKIP,REJECT,71f7d3dc6a4e54f13a0c90ef34dd3c664012199396191a5299e53bf3074e2d62,,true,d42997c6c4a6b202d0230b3b478f26d7c289c6b1cc3c13fd0b80ae2c298c1d58,WATCHLIST,e5daaaee9ae3dd4601eed2282fdd3050fc31e38c8e9b90ba9b4a876cadc8cffe,2026-02-06,true,RAW,64.53,READY_FOR_CONFIRMATION,B5|DSI001,NOT_APPLICABLE,GOLDBEES,REJECT,NOT_APPLICABLE
SKIP,REJECT,71f7eb45e495d385173b24f566961cbc3fd4760efe5e48f5d6c4d87e28598875,,true,15603dfc69403e30dd3767e0161d9febd4438fb4dae5c5b98b2f593f1438994e,AVOID,0ce4986f83f24561caa20a827bf9d70b5dfdfa8b35d3ce1f684e80c9f44e4f62,2026-04-17,true,ADJUSTED,43.38,BUILDING,B5|DSI001,NOT_APPLICABLE,TATAGOLD,REJECT,NOT_APPLICABLE
SKIP,REJECT,723551e170d35c5a6b73e6367493c46177dff9f397f6708df2283186f72620ae,,true,75c2479da528b74e49588eba2814e5f45a8eeac56d47890891df2ee988f01a3b,AVOID,3767dee6016f1eaab3f8e447fe00f91e371fa6668772b561237f2befb86a8232,2026-01-20,true,ADJUSTED,51.25,BUILDING,B5|DSI001,NOT_APPLICABLE,HDFCSILVER,REJECT,NOT_APPLICABLE
SKIP,REJECT,723e07c2786986a2fb8639f9728281d680a91b8977dd006e13a74ef74cba3c51,,true,1cd916810020f8091eeb0634f645b90139988a0749e9e9904d4f5531a105b5bc,WATCHLIST,ece4334981e5a518baeefcb83b93ee3f01f6c60ab66916285b02f3e780bee97e,2026-01-05,true,ADJUSTED,71.27,READY_FOR_CONFIRMATION,B5|DSI001,NOT_APPLICABLE,SJVN,REJECT,NOT_APPLICABLE
SKIP,REJECT,728b3850a2136557c3998766908afc0f0e0f3ee373008b4784c717bc49199c3c,,true,134d5df9497996cebfa906d46af23a60b178dbd867a1fdd2dd48777170d5a09e,AVOID,6dfb785f870ba3828569213afc0c2b06a09af0dc312477c17ec9c99b6f917aa6,2026-05-11,true,RAW,40.00,INVALID,B5|DSI001,NOT_APPLICABLE,GOLDBEES,REJECT,NOT_APPLICABLE
SKIP,REJECT,72b497a1d0b35ae2371ec091704c340da0e04b614772d92b7c3a84565838396e,,true,441ba96c014a300f748d90ec6edbe2d6484ceb6f93d3081bb4a734ad2afd9fae,AVOID,3ccfc7e3c9819df93525d57d9471f1b9d910279258cba5b3077c09cc3a560a95,2026-02-11,true,ADJUSTED,59.00,READY_FOR_CONFIRMATION,B5|DSI001,NOT_APPLICABLE,TATSILV,REJECT,NOT_APPLICABLE
SKIP,REJECT,72b96bd52a615c8540c151cf5a90d51f576a0f7a712bb313295f22a5ed2c303b,,true,fba6d479b359cdce7825413803bda0ac6e8f76eb9a38403fe35b37d177519cbd,WATCHLIST,bbd6ce606b5b2fab46c0057351ce3722445ae5930be1ad76bf4547e36a88a560,2026-04-29,true,RAW,65.20,ENTRY_READY,B5|DSI001,NOT_APPLICABLE,VEDL,REJECT,NOT_APPLICABLE
SKIP,REJECT,72dbad131c725615db4d38365e7bffa0feae7f465232f285323c577450ca02a1,,true,943eddda60974424e63a631104713ce8ecae192cc554e8eb9dcece58300f6238,WATCHLIST,2aba1036f28b08b62b6c60ba09a16a7e4102f4c0dbd7824bd34c2c00982982c6,2026-07-09,true,ADJUSTED,68.11,BUILDING,B5|DSI001,NOT_APPLICABLE,MASTERTR,REJECT,NOT_APPLICABLE
SKIP,REJECT,72e6f39ebf26146eb1aa2b6b7a6792ad209d84d3436aea64da4a5fc029879834,,true,83c3998f9f200f0ece24662c68d2fac6f0445499e06032d091fd5f6421b55819,SELL,ffeb0fc55b41b9f7420814f498fbf2ab8caa2a54a16de0899d82118efb801d37,2026-01-01,true,RAW,39.00,INVALID,B5|DSI001,NOT_APPLICABLE,TARIL,REJECT,NOT_APPLICABLE
SKIP,REJECT,72e721ce08168b63594c9e78f2b57d771f6c98e153b0d0efc1353d1b43ab72c8,,true,6d9047ba1fe636b182f16dbe8f855c97559de7e627f468003f24d2f1c5054620,AVOID,d8b819bc37aece03dc215d152e7242089172029d5a07e9985f791a8fb0280b06,2026-07-13,true,ADJUSTED,58.58,BUILDING,B5|DSI001,NOT_APPLICABLE,OLAELEC,REJECT,NOT_APPLICABLE
SKIP,REJECT,730c416722b477137d6199b95d3110d1f6916aa3631a36fbe2c7c0e346f88d14,,true,5e25add397029697918e0e7247321a6ccf7b48d92a2bffcee681fc90e6e43c9e,WATCHLIST,c09e504f7147592cfb8fa8117a7930cfaa3964be4c07f6917345b556b99ff21e,2026-05-19,true,RAW,74.00,READY_FOR_CONFIRMATION,B5|DSI001,NOT_APPLICABLE,OLAELEC,REJECT,NOT_APPLICABLE
SKIP,REJECT,730d13b5ca99343e36cad1fff14da4133c94441db2bc5ea2b1a61b64c72d348b,,true,e53149b6c07e615e65bf965259360c85f541d58a7ba777625b2a21b6048f7682,BUY,b5c42de37e8bcf74b046999da07acd4559aff5da07be15769a3726b1b1bf4033,2026-05-25,true,ADJUSTED,79.73,ENTRY_READY,B5|DSI001,NOT_APPLICABLE,APOLLO,REJECT,NOT_APPLICABLE
SKIP,REJECT,7316de2884aa8ac7ac76fc0d1828df15751baa54d73994959a6d97679879cc8a,,true,c9ac3b781637e6c9d7e6d0703430ac0ec1cc07ead8434320b01b92ff561f6817,AVOID,7ba258c621658d078d4ed5457c2c552ce92f2d2bfeafb891c35b6e17928e7c98,2026-01-23,true,ADJUSTED,40.00,INVALID,B5|DSI001,NOT_APPLICABLE,YESBANK,REJECT,NOT_APPLICABLE
SKIP,REJECT,73430c217708691a9ed356fdd0ed0e76d471c6daf30e9567aa445663a1bc3e8c,,true,db3b89e7a3f9854137c02dcc3ba9837fc6d87f174763ba9f7090e31dc4718a4b,WATCHLIST,de6bded7482663b6a308a5144a30e2f276ec31da7c51a05372d8dd36d21dee34,2026-05-07,true,RAW,61.78,BUILDING,B5|DSI001,NOT_APPLICABLE,SILVERBEES,REJECT,NOT_APPLICABLE
SKIP,REJECT,7345037bc6cb55ee224b28c091d0f8b764f19296cd2a00ced457aed57db17178,,true,6942bfbb4db8315e4ab56ed12c502e1b59085202a3205f943544cf7857a63997,AVOID,7154c404795c5aa89adc1f09749a24cd172fd038f10ab05ba58026487b2ee42b,2026-03-10,true,RAW,54.37,READY_FOR_CONFIRMATION,B5|DSI001,NOT_APPLICABLE,GOLDBEES,REJECT,NOT_APPLICABLE
SKIP,REJECT,7390fdd97550c373301f37dd3c47f2034631cd93eeb33ebf27a08cc2d34b2623,,true,221808cf9faf526f96ca1c42c80bd52b7c8957b3e4c1f80274db3586700113ea,WATCHLIST,9fc7f61e6d16fcb104b674883c66613a4fa193104bcbf25520034254e3410238,2026-03-19,true,ADJUSTED,69.34,BUILDING,B5|DSI001,NOT_APPLICABLE,GUJALKALI,REJECT,NOT_APPLICABLE
SKIP,REJECT,73bd3d3dbc04208270f20df4a6093ebc014b57cd5872b5e214388a09314595b6,,true,6af3271efba80232a4df840c2179fbf2d3eb9c65a423b9d4de4ad27264052d6c,AVOID,1fee3eb14514817f2d45576cda50ca1af702a8b1c769ebf20023ac19cfa27782,2026-02-09,true,ADJUSTED,54.68,READY_FOR_CONFIRMATION,B5|DSI001,NOT_APPLICABLE,GOLDBEES,REJECT,NOT_APPLICABLE
SKIP,REJECT,73c88fc9332fe725c1db6beba4bf14bbc5bbda1e3150f36c9a9ca7b9ca074eff,,true,e7a7c32d6dcead3722da86b650c77869f9bfdec1ae5ca87e650cef0473002ff8,SELL,b7f569adc64630f09253cd83018c8fca1ed827acf253a4c7d6e7a3a6d0c472a2,2026-05-04,true,RAW,35.00,INVALID,B5|DSI001,NOT_APPLICABLE,HDFCBANK,REJECT,NOT_APPLICABLE
SKIP,REJECT,73d3fa8b3fdb91737c9e42d88141ea5adddb523c73e423cbcd5ab39a85669cea,,true,f7e1b00d03e4581d9731242b7521a0c2d002ea5c00b08566d56794086dfb42e6,AVOID,09d1e3e7313b4a68579417917534e0c9815bc5639883ed5896524dbd0def01c7,2026-07-13,true,ADJUSTED,42.04,BUILDING,B5|DSI001,NOT_APPLICABLE,YESBANK,REJECT,NOT_APPLICABLE
SKIP,REJECT,73de8bf6edcb808aad71069f3ef000fcb99acb301e59dbf3b754558d45cbf378,,true,a6e6c6132c0b1b0b16c7df194711bbd644cc4a2b221a250a00212349be277ed3,SELL,b82b2a0966c2f851f6123e2f74747c9463fa6e7bc20c8ec6d52501526cd98e00,2026-07-13,true,RAW,35.00,INVALID,B5|DSI001,NOT_APPLICABLE,TATSILV,REJECT,NOT_APPLICABLE
SKIP,REJECT,742cb2540464e2e10ee82ecd5b1122f28de53318a41a729e0ac329cce6e24f35,,true,9c7b22a21e0310941afee56325736ae69c4af568ea2ddc2354f6161da824ea9a,SELL,33c490487fd93299c016193329071ceb711418749b4a1fb53224e502133899d2,2026-02-20,true,ADJUSTED,35.00,INVALID,B5|DSI001,NOT_APPLICABLE,FILATFASH,REJECT,NOT_APPLICABLE
SKIP,REJECT,7431c5f5f54c25ebe11e258dca5c3a0ac61657fda8b25e0c955acff04b9f4ad1,,true,485766b4b03c0f23a6a679ef1d2acd4f78138148c9dce9c2a01fc4e57f424145,WATCHLIST,61eed8c890145f28e46797935fef6f7b542776758e346c53b09d743d8e1f321c,2026-04-23,true,RAW,70.56,ENTRY_READY,B5|DSI001,NOT_APPLICABLE,DELTACORP,REJECT,NOT_APPLICABLE
SKIP,REJECT,7437c5714374282a87d3e5c62fdd32060f64028e723f734a4c600f73f745d6a7,,true,92b8e3559490109172fb8b9c561efa6c508414b19e0432f058cafc01f6630d5e,AVOID,fc6b525ca47f8a38ded1ed0943363f387f8edb5609cff1ab858aa2a2470a5877,2026-02-26,true,RAW,47.78,READY_FOR_CONFIRMATION,B5|DSI001,NOT_APPLICABLE,SILVERBEES,REJECT,NOT_APPLICABLE
SKIP,REJECT,7459e5098d0d45623adb694e9f39e30c0c75d5bd539e34cc129adc00ce18ef76,,true,ab1f330cfb15320e14e45953bc26e65528c20f9d395049ac55cb048a1895a702,WATCHLIST,f615a3f9fd09a14ca34a02261780b5f218879f90334a1859aab99523fe890c2e,2026-07-08,true,ADJUSTED,74.00,READY_FOR_CONFIRMATION,B5|DSI001,NOT_APPLICABLE,PCJEWELLER,REJECT,NOT_APPLICABLE
SKIP,REJECT,7494507551105738ee43facc7a14eff862b205faf8091388c302da41eaa4c1c7,,true,ad5e909a6c95068cc27d2c7f79118364df218f51d21a19be7e872d2aac24a87b,STRONG_BUY,97c3af6924c72a00dbc4352b529f07636d84c415cbff1a5ef4f4ccaf72e143a3,2026-02-17,true,ADJUSTED,91.51,ENTRY_READY,B5|DSI001,NOT_APPLICABLE,EASEMYTRIP,REJECT,NOT_APPLICABLE
SKIP,REJECT,74a62665c6a9c4f9eec8d9cbbfbea7b7e4322cfb5dbe5c9cfac90d39a23f241e,,true,d52883b23b6c1fa888985a5568038268fd84544a3ad36803f4e3fbf8ed080bbe,WATCHLIST,4c85fa55b3513a8939d49c8b91a0f3152ee82642e8365dc13737842b72597a22,2026-01-07,true,ADJUSTED,62.09,ENTRY_READY,B5|DSI001,NOT_APPLICABLE,NMDC,REJECT,NOT_APPLICABLE
SKIP,REJECT,74c897412ce019253b73525c2c418e813ce2b02033203c5a295f96a8114a622e,,true,3a04ed5951f966ec0e0e21c7b0145a0a8a77b23ea3d0ba10db8c0ba54672efad,AVOID,1f9723cbc0e2cbd5e72233fec0750ee3319c7a4a72c9e0beae0a34deaec61564,2026-06-08,true,ADJUSTED,51.29,READY_FOR_CONFIRMATION,B5|DSI001,NOT_APPLICABLE,ZEEL,REJECT,NOT_APPLICABLE
SKIP,REJECT,74d2ad29c40a004874085b5d01d7e136f67c93bd1145d228c813881635111f3a,,true,ef48c03dba8df12edaa5111b14e1c5d37310d556c1080f624421827a77238901,SELL,8555515ddf6cdc371201066ea88506e011ffa714dd7eec81f523fc576bc8dc67,2026-01-08,true,RAW,35.00,INVALID,B5|DSI001,NOT_APPLICABLE,ETERNAL,REJECT,NOT_APPLICABLE
SKIP,REJECT,7533b7206680c5d8aa4104628753429b962c199e8267f724174e3697cd02fc20,,true,640884cbd744559dffa08605a1827b1c0e8a861c8951821de230a5f70e42ef11,SELL,4754d33421e1651adeb6afc8bf72d998404f3236c6e3dc7f8c0eb1c59b0a3a9a,2026-01-23,true,ADJUSTED,39.00,INVALID,B5|DSI001,NOT_APPLICABLE,EKC,REJECT,NOT_APPLICABLE
SKIP,REJECT,755ada55d5466b91e289a7c14210caa659a35560ee249902893435bcd103f8f1,,true,1e1a65538f814656016d9649282753ed2204c63030ad6368eeae82bf283ad5fc,SELL,2a82f2c3e5f05cdfdd8bdd31ac5dada4513996daa684e82b16bf2a040332c73f,2026-01-12,true,RAW,39.00,INVALID,B5|DSI001,NOT_APPLICABLE,IREDA,REJECT,NOT_APPLICABLE
SKIP,REJECT,759b21b6254f80f8e3813a5af10453b2242473413c98565b91135c2d82d6c012,,true,6b9418104f37eb3822c2e45dd1ae807a9c4c712fc831dbf423538d39bbc49845,SELL,3f11d2580dab0ea90bcad441b4022775a268200a6251b20e17891f68668575f7,2026-02-23,true,ADJUSTED,35.00,INVALID,B5|DSI001,NOT_APPLICABLE,BLUEJET,REJECT,NOT_APPLICABLE
SKIP,REJECT,75a0b2ef6da2eadc8727fbd90a70ccf106720cf4acedf6db5c492dbce7db2165,,true,164f4273f3116840191b8ac7c71e62936bc1175ebca6364877b23acc22452c7b,BUY,14a4fdbfe650ac687e345a69d420f2a53ed1e36d20c5c2838359f08e12cc87be,2026-07-09,true,RAW,81.04,ENTRY_READY,B5|DSI001,NOT_APPLICABLE,KALYANKJIL,REJECT,NOT_APPLICABLE
SKIP,REJECT,75a288b7fc48f6aa28c4794d27a1a1b8c45cd2b5e2afcd855eea939300743e6b,,true,3c8f805844d354c692f979c5df206b194fc0046b5f21883322be07f4b0017828,BUY,bcea30927b34ce3bd2748a98ddc79085a14c9517870edbf7cf3da469acb5be62,2026-05-11,true,RAW,79.11,ENTRY_READY,B5|DSI001,NOT_APPLICABLE,HFCL,REJECT,NOT_APPLICABLE
SKIP,REJECT,75cb0292d483a235ee23ee56551a2765f902fe1e89a44dfaa93430481d02f71c,,true,f7882dcbb12f1f9dc2dd387896f79adb78bfc85a5628a0b275aca24406a7c96a,SELL,c4d760d4185f634a11571f8faf8beedda61ba0d5e4bd7fef66cc56e1512cb829,2026-01-02,true,ADJUSTED,35.00,INVALID,B5|DSI001,NOT_APPLICABLE,ITC,REJECT,NOT_APPLICABLE
SKIP,REJECT,75d962664335581122ee447c402eb874293ea60f2de1131ac774bb0299836993,,true,b12a33e805d25951a7df38a772ecdbe05ee3417e2510f9d93268587f554275b6,AVOID,aaa5f357800656ff6a22cd328f193a5f950ced65372ace21aa649390e5b5d1fa,2026-02-17,true,RAW,56.13,BUILDING,B5|DSI001,NOT_APPLICABLE,UNIONBANK,REJECT,NOT_APPLICABLE
SKIP,REJECT,75f794a851fb50c76d860f8d2ed1a0bf2c4fceb3a5ed8c667275219861c826f8,,true,cfa23f2f3cc4d90add1929d1f0b1390b082b4c5df4b5d5d60d00dbc5e7459daa,SELL,955290809d58b9ea4a85085287179643a7df7f9ab1b9264d5250d89909d472fc,2026-03-17,true,RAW,35.00,INVALID,B5|DSI001,NOT_APPLICABLE,FILATFASH,REJECT,NOT_APPLICABLE
SKIP,REJECT,75f9b81f70c4276a511b0366b8445f84615f7278de76643a24fa141ccf6ed2cd,,true,0ce58db8c381b499fc657468257acf4aeef3f07eac5f62617614b24cb579e9ad,SELL,a1309ec798d16685792bf97e80faad47c6df4a7a374ad57aef9c947e4c5c2dd8,2026-04-01,true,ADJUSTED,35.00,READY_FOR_CONFIRMATION,B5|DSI001,NOT_APPLICABLE,YESBANK,REJECT,NOT_APPLICABLE
SKIP,REJECT,76157f75cf43676251a868378a19a47910ae1bf278443c275100b962a9b2b95a,,true,0ea0660cd9e0c040db1e7c647872d47fce5a03fa0e459c32d1334b453c5c28ba,AVOID,ad480d81f564e26dee7838083dd03bd55d2b8ae0cde3fa9d711e995738a09e8c,2026-01-19,true,ADJUSTED,59.02,READY_FOR_CONFIRMATION,B5|DSI001,NOT_APPLICABLE,IFCI,REJECT,NOT_APPLICABLE
SKIP,REJECT,76246e37e4e05697a5c1dd9b112d5cbbbfbe5412ed2a4fe4397758ecdab63272,,true,730ae2ade9a12ef3c62364731f6ceb1fac4c01b021cbbe04457389041668d9f4,BUY,e0588377a236507ff6335dc5e96fb92121760e53505515f6b0458bbceceb19b3,2026-02-16,true,ADJUSTED,82.38,ENTRY_READY,B5|DSI001,NOT_APPLICABLE,ENGINERSIN,REJECT,NOT_APPLICABLE
SKIP,REJECT,762a4ab267426b2c83053fe35a2b221fa93270a406b348a7fe6053cb98a912ef,,true,a99211d1877e8c1062f653af6f1c73c1540523c0b65874a6ff6b38bb1af48803,BUY,8e2e3635bc4cd333d681aeb875e3918a8f8fbedecb09dd3dd2bb623958178fc7,2026-06-19,true,RAW,86.50,ENTRY_READY,B5|DSI001,NOT_APPLICABLE,IFCI,REJECT,NOT_APPLICABLE
SKIP,REJECT,7641c066ea5ef7b7275b85b498e3d89c91a54d77ed13f8beec2974bbb8c7b728,,true,f84727d22910a754d2876ab99eeafdbf1756670e75ef43aa2f9a78b848595332,SELL,852207e966825127849ffcc706a7d7ec59a43eee80dbcda1f65ae03212918567,2026-01-02,true,RAW,39.00,INVALID,B5|DSI001,NOT_APPLICABLE,FILATFASH,REJECT,NOT_APPLICABLE
SKIP,REJECT,764362272c439da4a664b1040ab6512c60ed69cd7760eb3f867540a331aed55a,,true,fc515913da3bceaac2075cac58217e336873b7df0a9e5311678d747b49852d56,AVOID,35f2fa7c9b7810cc20b459a02e55abdf25fef5a1158c3180f2797b6cbc86db08,2026-07-01,true,ADJUSTED,45.84,BUILDING,B5|DSI001,NOT_APPLICABLE,GROWW,REJECT,NOT_APPLICABLE
SKIP,REJECT,764695a483915fecd00348fdcce0e7eb355241593b85c6f588dfe44bd6dd4378,,true,adc30df4aab96c14b78cbe3ad17fcdd94607c550b16dda90998d53f69005b947,SELL,30f47819b83793b2ab73fd661b7f33e092ec2f463fb375126230637d25a816fd,2026-02-24,true,ADJUSTED,35.00,INVALID,B5|DSI001,NOT_APPLICABLE,IDFCFIRSTB,REJECT,NOT_APPLICABLE
SKIP,REJECT,766bef88b38154e30955dfd8dee2c97f67fb9bb5d0bff81d35782dd8d8e340de,,true,8fbc563bb5caab4d1e72228ccf11766aee93c719e9f373379f965ebf5cd26665,SELL,f25f0b720226dce526a8a0022eb83cb7424b7ac1875b588cb0e68b13c39c15f7,2026-07-20,true,ADJUSTED,36.87,INVALID,B5|DSI001,NOT_APPLICABLE,YESBANK,REJECT,NOT_APPLICABLE
SKIP,REJECT,76713b4f87e160a22f7c925b5c2283d1e99fa759281697307060cdca7f2e86d1,,true,cf3c691379e96681adedf030931bb4ae43491b023b5b63ae8f79cc41495f5ebe,AVOID,8123f671ef49243773a91d4851e9435e92892b606c38e11a3d08093d24a8ed61,2026-07-15,true,ADJUSTED,58.54,BUILDING,B5|DSI001,NOT_APPLICABLE,FCL,REJECT,NOT_APPLICABLE
SKIP,REJECT,76868f41a62dc829500551cba7c2e0a0bab398945345ead99d0bc2ad54810829,,true,554769a80ae91c6765f41b08ab4e4a0d8f450ea4bcb098dffd8a5501bd5c5b1a,AVOID,a1d633af2ce8cbf39b25c8726c83dadf12b99efd9d6e6244fd7ecede62ebd3dc,2026-01-12,true,ADJUSTED,48.60,BUILDING,B5|DSI001,NOT_APPLICABLE,HINDCOPPER,REJECT,NOT_APPLICABLE
SKIP,REJECT,7690974133045fe58f53dac67f906472077e0dbf08390f871c922009068680e2,,true,5f51ca2947dea3b50e5086ae999ac36c219e6d0849bcde650ba9c5de59674b4b,STRONG_BUY,48578f222b07c48b7d2da0da647638a4cbd9dacb45f7f840f020f7a2d3b8076f,2026-03-02,true,RAW,90.10,ENTRY_READY,B5|DSI001,NOT_APPLICABLE,TATSILV,REJECT,NOT_APPLICABLE
SKIP,REJECT,76b7568c8c68bc5f986e18d95ec180154a1c4741a7b388102004f70cc556632f,,true,a7ed417bfad527148d8f29561c70e56559c60cdac6ad663f45db059ed99827ac,SELL,8b0d14fb1bbbc0aff64ab350a2de0b17730ddc6c7f69da504f92c93ad1a32aa9,2026-04-02,true,RAW,35.93,INVALID,B5|DSI001,NOT_APPLICABLE,TATAGOLD,REJECT,NOT_APPLICABLE
SKIP,REJECT,76de1c0ab1313b015b8660d03de78abd27c9c72a111a2c3bde657241e766f77d,,true,a5ff7c02b5571ee5d1a5402025e9b86a8884b6068809dfbf5257137d481f3f5b,SELL,193bf77412b762229401d274bd2617ca3916aaaa5cb1285ec74b82cfc72e54b1,2026-03-19,true,RAW,35.00,INVALID,B5|DSI001,NOT_APPLICABLE,MASKINVEST,REJECT,NOT_APPLICABLE
SKIP,REJECT,76e7254a8e1d0239713b673ca05b7ab0b65a658f3248c7cfd7d778367b7ca3b3,,true,cbd7389de03b0b27faa5bd4c5d83c93ec9537df44b2ac91decf5360e08971ed5,SELL,a3c541ed92f904b0c291bb7358f36eedd266960d9131eba9886594c137bedfe2,2026-03-30,true,ADJUSTED,35.00,INVALID,B5|DSI001,NOT_APPLICABLE,IRB,REJECT,NOT_APPLICABLE
SKIP,REJECT,76eec2b67580e63e70ab6b9b65d3071f51e9162595e0e999c40c710ad1d64b8c,,true,9dd779746292b1957aa570faa106d845058d792fb4d2dd806f9d95d34b23c557,WATCHLIST,8a00c8a8fb513946be2a370b576aec0c0719cd2266a370ef5be123e0e9716037,2026-06-08,true,ADJUSTED,74.00,READY_FOR_CONFIRMATION,B5|DSI001,NOT_APPLICABLE,OLAELEC,REJECT,NOT_APPLICABLE
SKIP,REJECT,76f43b16d0c3387a6966e7bb7f511dd6dc0851afa0c8095c5b577fa467ecb766,,true,28dc9e3db26fad7678eb88c7c44a38154fc0e2831fb16e462a9a458753f2b52a,AVOID,0626a055c3cfe7baefd5f8a46c00b167931b19a028a3ca3a0bacd42786f48b49,2026-04-10,true,RAW,56.54,BUILDING,B5|DSI001,NOT_APPLICABLE,ABDL,REJECT,NOT_APPLICABLE
SKIP,REJECT,771dc2e91eb92e22d109be6fe6063f852b011c88760f6615a70200b93588740c,,true,22b7413af626a1980af0713aaaf1ef48d075ea612c5d1cc8d6b371508ac5a802,SELL,6911d1e86f65de96e4fab0c32580e8ab72f314ffec8639bc0e941cbd2115920a,2026-07-02,true,ADJUSTED,35.00,INVALID,B5|DSI001,NOT_APPLICABLE,ITBEES,REJECT,NOT_APPLICABLE
SKIP,REJECT,772d8a9dc3f9e67b9479514830efc6a5ae911320cef32602873f8e8882f5237c,,true,bee90ea21ccd966062874b37f602aa4fef552cfd4b341f5b745796271a7b9742,SELL,5e8b9a545233d63bbdb2cc56021012d7f141e8783f5c873bc0dd337bcefa723f,2026-03-16,true,ADJUSTED,39.00,INVALID,B5|DSI001,NOT_APPLICABLE,ITI,REJECT,NOT_APPLICABLE
SKIP,REJECT,7737b99eee4621badfcfcf9b355f406b2a82779903f46c63aef2087cef1e6e12,,true,975bb97ff0367a2c68091e07383f5a1d45b297e8fbb9d329d5f913747c07c648,AVOID,4d6b24e62d01d6dd058470349ff92f1edc9bdd1df49f6c6d0a03d020059cc671,2026-07-14,true,RAW,59.33,BUILDING,B5|DSI001,NOT_APPLICABLE,ETERNAL,REJECT,NOT_APPLICABLE
SKIP,REJECT,773843f0d056315444a4770860d937d3e9c70f1a78c00d8c3b7d18d47da3a338,,true,c021c317f93c4ce5acbadd696a5e0ab939ad6beda54a9967873ae6e8708ca14c,AVOID,8c528cf3639e9781d94bd3d1e81f263748cd8741597d14f8b6bbddcddd7c2ca1,2026-02-23,true,RAW,49.19,INVALID,B5|DSI001,NOT_APPLICABLE,SHIVAUM,REJECT,NOT_APPLICABLE
SKIP,REJECT,774d6295ee96e908b33339f3295d45fcb221c89e1e716ec4a7bf95267420beac,,true,3355635673a13fa6acb857529b5bd9a5541ba2d8cd9ddba1b97bf9cbd6635101,AVOID,adc4b05fe4be0d652c1359cb7a3e887423e8cea98bf21b57eb6bcff7d114f960,2026-07-13,true,ADJUSTED,59.00,BUILDING,B5|DSI001,NOT_APPLICABLE,GROWW,REJECT,NOT_APPLICABLE
SKIP,REJECT,77741010ad4b3ebccb2b479fe21a24ec1ace54fd90fddb89a8aad6810cdfb7a0,,true,7a8eeabb5941df7819a72feb4eb7fee17a4d804ee4b77066adaf53d0e87565dc,SELL,3d1612837c20cbf095d62d1ce3f601f464c47c737759c0b8ae00e39fa86d38a5,2026-03-20,true,ADJUSTED,35.00,INVALID,B5|DSI001,NOT_APPLICABLE,HDFCBANK,REJECT,NOT_APPLICABLE
SKIP,REJECT,7785ee1687dce0178cd44d57b9c88a3ba2b9222faf05140a9b76c100716e04b8,,true,4535de01c6d7d7f9305c0dcac222efcf3d4b90f148067e85f291f68e4c636ac9,WATCHLIST,51c80bfc7b8125e91ad7ff361d0cf384d945732e0e76abc32670d696616f6856,2026-01-16,true,RAW,73.16,READY_FOR_CONFIRMATION,B5|DSI001,NOT_APPLICABLE,GROWW,REJECT,NOT_APPLICABLE
SKIP,REJECT,77930acb716d721bbdb3f93b9b7b83f5778e97b45a168cf3717843475b3c4885,,true,03a2161624865bca2b76045e0e223512d8cb2d02de9cd02b0a1c519a21ad3ce4,AVOID,1cccb0db95a070d13281b19a7c1815181e2952a3fa67cce4ab15903b101693b1,2026-01-19,true,ADJUSTED,59.96,BUILDING,B5|DSI001,NOT_APPLICABLE,SILVERCASE,REJECT,NOT_APPLICABLE
SKIP,REJECT,779de202c5e4616aa6997955c4dd368267998fbc2e4f13bfe534525c28123159,,true,3cd372e2a7df28d06550e526d0940797c5fde173b68618ae93fa1104f9d7fa9e,SELL,cbfe397fe1e652ab86fcd654ddd11e2a99dd31f1e3d4f5fc1bf5d23b62e87503,2026-05-13,true,ADJUSTED,39.82,INVALID,B5|DSI001,NOT_APPLICABLE,JPPOWER,REJECT,NOT_APPLICABLE
SKIP,REJECT,77d2e5902b4eee71197a9d68b52cff39c776f5867f443f59b2fa9041f38ff33c,,true,f0c3bdb2103ca8affc6e7b6723e66edeb89bc5c146ae52ee596a7cfc5e7352aa,AVOID,ffb8b948509541f78cf83eaa90f0d597a9e9809bb6779da9a99002e614d7f107,2026-04-27,true,ADJUSTED,48.00,READY_FOR_CONFIRMATION,B5|DSI001,NOT_APPLICABLE,TATSILV,REJECT,NOT_APPLICABLE
SKIP,REJECT,77d64dfd25e75ac390ff78ffbb6e93c0133288db3c865d9cf8b670077ecb8d03,,true,44624426445ddf0919f26cd7a6b249f34ccb40366cab484890d6ed52fe0413f2,WATCHLIST,17169ee3312e47532d05305ff1a91d3d4164c384a1bba61e0e67d650d9c7b1ae,2026-05-13,true,ADJUSTED,65.90,ENTRY_READY,B5|DSI001,NOT_APPLICABLE,GOLDBEES,REJECT,NOT_APPLICABLE
SKIP,REJECT,77de92f51e7f6a6e6e0f06500a286232b58a1662db0132e0b4d7843a71f58fec,,true,bd330aa2bba8e9ee459356b01fca073c96f4634143cc87a02f4c34b4ca311124,WATCHLIST,d694530acfabd245274e1ac8dfdab5f3bbd04679881248cfa8f1f78a49b5780e,2026-05-21,true,RAW,64.07,BUILDING,B5|DSI001,NOT_APPLICABLE,MOTHERSON,REJECT,NOT_APPLICABLE
SKIP,REJECT,77ee7ef821ed6cee93988733ee61767bdfb3afcd7ca56890ab9b49acddd06d9f,,true,602e92c1f48c37e9dd5c66376b07a437106e1c36526351b261c27f78cd31273e,AVOID,ace1ddb896c6ebbd42651a76280fa786a536d06a927d2f99633d25c267eb9460,2026-01-08,true,RAW,58.12,READY_FOR_CONFIRMATION,B5|DSI001,NOT_APPLICABLE,PCJEWELLER,REJECT,NOT_APPLICABLE
SKIP,REJECT,783b6fcbfa0c88e42ac03aa4d96a99a22dd250b138da0881541511d4abb9a3f0,,true,0e8e28a218f453c4b7b999d2ddc92357eb028acdfb2749ee377d26478780207e,SELL,d434bd86f14f8c980b5c4e4db008227d0809e5caf26b83386ca9596769697880,2026-06-24,true,ADJUSTED,39.00,INVALID,B5|DSI001,NOT_APPLICABLE,PINELABS,REJECT,NOT_APPLICABLE
SKIP,REJECT,7847b12f168309d749f3afdcfe70c43160221b8ad7d3fb996bb493e475d0713e,,true,004d5f8deff6e2b7afaabb9b09104d19b2ff345221260ebbaaf2ef0a2700c595,WATCHLIST,fa300c173be17b129ae12ec78ed43bcc5c6aab01c2e5598ff09b2cfd622af07d,2026-04-09,true,ADJUSTED,74.51,BUILDING,B5|DSI001,NOT_APPLICABLE,HFCL,REJECT,NOT_APPLICABLE
SKIP,REJECT,7874d4c46e1521be36befd18f27c13453b481c7f89674a23580c27092d13a079,,true,70a36f58edde19e2e78776fff00a8b1f4595463bfe6f9a7318abd67d6cfaf066,WATCHLIST,ada7dc636027b3cb098dc2fb02c5975e1252f7b55282d7b3656c009fa3970a7e,2026-05-18,true,ADJUSTED,61.80,READY_FOR_CONFIRMATION,B5|DSI001,NOT_APPLICABLE,YESBANK,REJECT,NOT_APPLICABLE
SKIP,REJECT,788a29bf45e1d9e3eb3bd9aace44414e4e5728ab148e4f567454fbc0eaf37237,,true,8a1ad58c57b13ea5980ae66b07caabd72a5e012fe217ed991f900b1e76ae3b2d,AVOID,b0420c27a039b9df41ed2516607c2c4f45ba28a1214af39fda12a56971aaaca0,2026-06-09,true,RAW,52.24,BUILDING,B5|DSI001,NOT_APPLICABLE,PNB,REJECT,NOT_APPLICABLE
SKIP,REJECT,788bde79de785e87db64d23563176b3e010c4e1ea61ac6e6aaa143aa3b650269,,true,164f4273f3116840191b8ac7c71e62936bc1175ebca6364877b23acc22452c7b,BUY,14a4fdbfe650ac687e345a69d420f2a53ed1e36d20c5c2838359f08e12cc87be,2026-07-09,true,ADJUSTED,81.04,ENTRY_READY,B5|DSI001,NOT_APPLICABLE,KALYANKJIL,REJECT,NOT_APPLICABLE
SKIP,REJECT,7895051d4d7b370782f06819e89515722a65a465368def0259ab4e1bc6511b54,,true,415729f3ec8ec5cb9fec73631e483f1e65e85e46d4f08d9c61430416122085aa,AVOID,a63d1b5aa17f9a84bf1a3e3d426cec7c3e4770a3cfa8f152c4e25f4ae3c8653c,2026-02-25,true,RAW,59.00,READY_FOR_CONFIRMATION,B5|DSI001,NOT_APPLICABLE,TATAGOLD,REJECT,NOT_APPLICABLE
SKIP,REJECT,78a7599296c041da2c5bb96e06aad4a1babf24eb9aaaa2d26450a1dbc8beafda,,true,eaa8a5aad979073d82c321d4d7f687ccdf0122247f186b9a3d4b5d9b2c8613bc,WATCHLIST,ce417d867e20f634a04e44a56f908a10046ae6e56f5345344fa60b7429c4ee28,2026-07-13,true,ADJUSTED,74.00,READY_FOR_CONFIRMATION,B5|DSI001,NOT_APPLICABLE,PCJEWELLER,REJECT,NOT_APPLICABLE
SKIP,REJECT,78c0763da00292d41a4ad88ffce59285d6d88e721ffc564aebded67d697f4313,,true,7b03d82f66a544ec5d72d8257ab55d555369c4337f595d4c69ec86ecd1229663,SELL,5080be056d4e2c46cf54b0d2f86b22f8afe3708d995687fe7bed5b8dd5c7f981,2026-06-02,true,ADJUSTED,39.00,INVALID,B5|DSI001,NOT_APPLICABLE,NHPC,REJECT,NOT_APPLICABLE
SKIP,REJECT,78ca62420ccaffc5cd881bd8c398059e60f3c2aefabb43aa96400c0f2861fa45,,true,85b135f601c328b373b000e806691ea431e1e8a6fa0f8f43c6fe7e6119feeb0f,SELL,bb949f3dd4ee999493fc901e6e9684422ab8c749009aaa72123a105ad44aeea4,2026-04-02,true,RAW,39.00,INVALID,B5|DSI001,NOT_APPLICABLE,UJJIVANSFB,REJECT,NOT_APPLICABLE
SKIP,REJECT,78f59b1f0fe1430bdd3a96a14dd320803917943cfc7aa775468ca170345f9fa0,,true,f0d91587045d7c5b1e0e7d93aed1748f72309202678467211d8f673f9e86bd43,BUY,9fc463ee238d1f5358d15db3e51df54ba0b44ae00e659efedb312dc46d46a945,2026-02-20,true,RAW,88.29,ENTRY_READY,B5|DSI001,NOT_APPLICABLE,EASEMYTRIP,REJECT,NOT_APPLICABLE
SKIP,REJECT,78fa4ebb39b1c36964cf7cb6d2e014591871f0065c88f880616b24b4e2729859,,true,be4dcc88d6f67dc60d7d92772ce6e5774975b79dd343c403d3e543638e69680b,WATCHLIST,b34c32fef44ac4ebca0d56349b1949eb1b9fb5050d9efb0b70e8d91b95e63941,2026-06-02,true,RAW,60.54,READY_FOR_CONFIRMATION,B5|DSI001,NOT_APPLICABLE,ITBEES,REJECT,NOT_APPLICABLE
SKIP,REJECT,790a4ad37863da1c33acb9dc6957f0e39366985835eb39bca946d67ab02202c7,,true,4df7bbf6cce788afc95ac5218c613efe0711d9468c6a603ef784feee9a634f37,SELL,d2cb8968c7ebc144ad3a9ad10097832224143b97700d0c1ce78648491d138caf,2026-04-02,true,ADJUSTED,35.00,BUILDING,B5|DSI001,NOT_APPLICABLE,ETERNAL,REJECT,NOT_APPLICABLE
SKIP,REJECT,790da92f8372fcab2bcc29c66cdee4aa857ae7bf5dba7ed4ed453ad35dc51f9f,,true,e329d4ccf3707b10a2646bd382edbcb30434a2644beb17af0113300ce28b6c60,AVOID,9b66f178bab8d2517e0467f6c642c470a97bf4bd5eaaafd2476129e8d1282ed1,2026-06-03,true,RAW,40.00,INVALID,B5|DSI001,NOT_APPLICABLE,TATSILV,REJECT,NOT_APPLICABLE
SKIP,REJECT,79138504b3956be8fd146051f862a27bdbf2e6367244f029162a6a94da4129d8,,true,3796e198afe28ad059c96830018e674d2e04f6b68aa53353e37cde7175b84283,AVOID,34c5b2bb3f38bde836499c2ac79f50d445051fe4453a47929d6ef58b7ca3246f,2026-05-21,true,RAW,55.61,READY_FOR_CONFIRMATION,B5|DSI001,NOT_APPLICABLE,JPPOWER,REJECT,NOT_APPLICABLE
SKIP,REJECT,7923b52cc952774de2cab3110e0f39eb630d9caaeb4a153bc09a30b153fd40b1,,true,b0b2e0294ab1a40cc62b8fd7e5579b7832d07b0fbbfbf1cbca64353b770bb7ad,BUY,fc46393922c8b93e673bbafa8f9a50f98b93b1cc112d03c2ba2a1d22a280582d,2026-05-04,true,ADJUSTED,85.89,ENTRY_READY,B5|DSI001,NOT_APPLICABLE,HFCL,REJECT,NOT_APPLICABLE
SKIP,REJECT,792bc93bfe4ccd4baa1eca2e4235a279b93af9461b0b41f10089c9382d7d3b1c,,true,5e402c056b714c43b5634c86d01eec00402f40160774e55f516bd7068332c0e5,SELL,42eed0bf568ed4e610ec46c1e84fd55cac38d192b5f8b481a1d47a02b8ca3910,2026-03-02,true,RAW,35.00,INVALID,B5|DSI001,NOT_APPLICABLE,YESBANK,REJECT,NOT_APPLICABLE
SKIP,REJECT,792da61001af57b12d2ff63ee80580a470e776c4d3e8fb9a73b68fd2a068bcd7,,true,4490b9d5b0c85d0684f24e11cfade0754acf9c1d77fa914e41fa1427a6413f30,AVOID,eb5741542f213f1b1e6c9b6c0e20cc101b08b7a99452f6f5322d909ab82a5a58,2026-02-13,true,RAW,59.00,READY_FOR_CONFIRMATION,B5|DSI001,NOT_APPLICABLE,ENGINERSIN,REJECT,NOT_APPLICABLE
SKIP,REJECT,793ec5ddc875d5b45fb38725c71bab02d38d5b10a49bb86f6f20d4ed21b90b34,,true,d757d80194e55b4e08f15a8bbfddf99c2fdafed7cf88657ed8d2eecbb2e42b5e,AVOID,1dd3ac5478398f4b6680309a3a7b35250c01017290dce3a531829f45359aa9c7,2026-04-23,true,ADJUSTED,55.45,READY_FOR_CONFIRMATION,B5|DSI001,NOT_APPLICABLE,GROWW,REJECT,NOT_APPLICABLE
SKIP,REJECT,79564ae5b541651bc64b5b33a564459b33867a36907fe2ed4ce5611e96e995ad,,true,4d7bccc08ae925fd7701457daded56a58f979bab25e8e32da07cfe541be2f6a9,AVOID,572996e534f2a6c1d05aed37fe45420cda4b8acfa16fb93df9ab6056b2a7cb9b,2026-01-14,true,ADJUSTED,52.79,READY_FOR_CONFIRMATION,B5|DSI001,NOT_APPLICABLE,TATAGOLD,REJECT,NOT_APPLICABLE
SKIP,REJECT,7960d3d30ac0c1c456c016c0ddccb0c466148ef53f30ee5eab2d70ac9c0861cd,,true,b39931454c1aa863ca004618f2cfa78e491a04a07d1b8ad4f5cfa8d7b3886262,WATCHLIST,d16f9402338d3798c68c12afe40b5daaea17ccd8c63cb2b2aa14866abf912d5f,2026-07-14,true,ADJUSTED,74.00,READY_FOR_CONFIRMATION,B5|DSI001,NOT_APPLICABLE,PCJEWELLER,REJECT,NOT_APPLICABLE
SKIP,REJECT,796185f05e9059931dfc8258e4d072a2db6f02dda1f6bd2d40d8682adc6f5f1f,,true,bd43621c8ea7fc2ca0d8115a4f1ae49c4824c31550a9a7384cd787571e32d99f,WATCHLIST,0eafb154100c3cd0ab9e67d5542c65715efefb8f0dcea0f793b20b524e921f2a,2026-07-07,true,RAW,74.00,READY_FOR_CONFIRMATION,B5|DSI001,NOT_APPLICABLE,RITES,REJECT,NOT_APPLICABLE
SKIP,REJECT,79760886fdfb79765323a47b503f46aa6d9c24588d02a925ea0d7708fb669235,,true,3b0faa24ef80659f3e4cc27e67a4360ce99431d2294586249edddeafbdb57676,AVOID,30c22ab52f63b0606c45f1d9644af9258d6ffeafecaf02196eaeadedb27889c8,2026-03-27,true,ADJUSTED,52.21,INVALID,B5|DSI001,NOT_APPLICABLE,TATAGOLD,REJECT,NOT_APPLICABLE
SKIP,REJECT,7992bd15c43850597c43f365880204972669cf20b557ffcf8fb3e65ecba00c53,,true,48394d5ad3fb4a45d06a3563fe2c74afd66f761a6f65d6dbd9a437fe9a453b84,WATCHLIST,04bc6302cd4102f21e857cb932959295958d11b328a9f41588b42576e9cba4c0,2026-07-03,true,RAW,74.31,BUILDING,B5|DSI001,NOT_APPLICABLE,ZENSARTECH,REJECT,NOT_APPLICABLE
SKIP,REJECT,79aa55a6671930633d48b49057d8b299b015f05ed6b88d2ab9175f998f845251,,true,e46d3adc965f593170e94c3ce759c93e4d376080f7a91e092060892b1a47770a,AVOID,5f005e10366accda25a4de64e4a0257b5c2ddb35912287166928db31812f4e08,2026-02-02,true,ADJUSTED,46.44,READY_FOR_CONFIRMATION,B5|DSI001,NOT_APPLICABLE,SILVERBEES,REJECT,NOT_APPLICABLE
SKIP,REJECT,79bcc5ead4469ba5dd3eb585e06392550e9bc75bcf3c18a73261503bd75467e8,,true,2ffaa2b7ee1b18dba9472dd4b832dbfa31ca59db56bcea0539ab6a174bf473cb,WATCHLIST,f057daa96f99a0d16babdb9e66883583acd1823d471eb157e811a2b89092f24a,2026-01-21,true,RAW,71.61,READY_FOR_CONFIRMATION,B5|DSI001,NOT_APPLICABLE,SILVERBEES,REJECT,NOT_APPLICABLE
SKIP,REJECT,79c041533ee231be201649942979ead5bf54680ec6bafb2a05bda79a1ea2b7d2,,true,237394805a50aa7ea82dceaefa3db8b5f7a057b4470a0d6623bffe855f7a95e8,AVOID,4d2c3adf6903f51ec9db003bf2dfa9ef944eba6d9e0caac39280b88bd952c5ab,2026-07-03,true,RAW,56.94,BUILDING,B5|DSI001,NOT_APPLICABLE,IKIO,REJECT,NOT_APPLICABLE
SKIP,REJECT,79ee41e66edf24b97231b6795d248edd81a0f08cd51e4896921d6bdb87dfc02e,,true,3b09c89dd3575cb0c6d155950380d762082ff3ad03152f7ba9629e2e32b41fc9,WATCHLIST,2e3a756b7661ceafab3ae7af2c2d44c39c2b24cd8a2fab10da5c79674c004bb9,2026-02-09,true,ADJUSTED,71.72,ENTRY_READY,B5|DSI001,NOT_APPLICABLE,SCI,REJECT,NOT_APPLICABLE
SKIP,REJECT,7a076f2c5b9e935fe6a0914719afdaf4dfb7b3a8a08675628fccb15644c82c97,,true,4ed66cc3d50644529f461cbabb966af7d8f50f1276c0afc91b2dcc7c801561e7,WATCHLIST,1d6dc9a7fdf576f189b1c8d8b3dc7f2a49705c008b43bacca0e237c149608ee4,2026-03-20,true,RAW,70.49,READY_FOR_CONFIRMATION,B5|DSI001,NOT_APPLICABLE,FIRSTCRY,REJECT,NOT_APPLICABLE
SKIP,REJECT,7a10640d00d41e39af337b082663d04faa5b518909ebf4038d867eae4c6417e1,,true,80bc11422cb5a3d28503295eecfe716ed01b8448580facb3f94f9238472f5b1f,AVOID,457c5a309a0adfb678f2eeb1a38349889914fc4d8d69e6f9dc4a7f99fa378719,2026-03-09,true,RAW,57.10,READY_FOR_CONFIRMATION,B5|DSI001,NOT_APPLICABLE,SILVERBEES,REJECT,NOT_APPLICABLE
SKIP,REJECT,7a160a57f5cbfdcc0640505d607652a77934213b4ff984df64bdfbb7d9f3e311,,true,5b75cd897be24eb9b43dbc78c78b58b8fa192f70668029e54d33848c7dfcf05c,STRONG_BUY,aff28d805b65297b19743794a0df15023d46296ffc4398b528c46eb06edd48a7,2026-05-06,true,ADJUSTED,91.90,ENTRY_READY,B5|DSI001,NOT_APPLICABLE,YESBANK,REJECT,NOT_APPLICABLE
SKIP,REJECT,7a3cacbc597f71bb53aef764b7d98d15187eae1c035e8c2f18b6f9bb26ede825,,true,72735a35ba864f77088969c48b3671e1b582e03daf49765e44d89569a2c5c050,BUY,4af2a2731c49a29bdb72021187c5e3a7958384d6adb625773165186d19781699,2026-02-10,true,ADJUSTED,76.07,ENTRY_READY,B5|DSI001,NOT_APPLICABLE,TATASTEEL,REJECT,NOT_APPLICABLE
SKIP,REJECT,7a48180ef54b11ee19877e3c57772b6f5ca08a1637665e58ae69a5a77b5686c1,,true,ddc015638d9a3c119084a58c1e46eef73ccf211fd78d3fa06fd0d07468fc7bd8,STRONG_BUY,627152c263c057f889bb8c9fa6f8b8c23f7f70f95ed91e2f72cdddd76cc3b28d,2026-01-27,true,RAW,90.62,ENTRY_READY,B5|DSI001,NOT_APPLICABLE,TATSILV,REJECT,NOT_APPLICABLE
SKIP,REJECT,7a5eb62bd818dc7b81dbf84a8942ba8ee8fb08e053188310d0ddbd143c701fab,,true,640884cbd744559dffa08605a1827b1c0e8a861c8951821de230a5f70e42ef11,SELL,4754d33421e1651adeb6afc8bf72d998404f3236c6e3dc7f8c0eb1c59b0a3a9a,2026-01-23,true,RAW,39.00,INVALID,B5|DSI001,NOT_APPLICABLE,EKC,REJECT,NOT_APPLICABLE
SKIP,REJECT,7a9e65954cc650151acc5a4c68ae5f6ae4a2e9b830c787c26b1834ed971f98d1,,true,44624426445ddf0919f26cd7a6b249f34ccb40366cab484890d6ed52fe0413f2,WATCHLIST,17169ee3312e47532d05305ff1a91d3d4164c384a1bba61e0e67d650d9c7b1ae,2026-05-13,true,RAW,65.90,ENTRY_READY,B5|DSI001,NOT_APPLICABLE,GOLDBEES,REJECT,NOT_APPLICABLE
SKIP,REJECT,7abfc33aba5bc8cde34bb982b0f0c681bc8a680c4e619adfb440c7c6244485f5,,true,9f1462df05d2bb24fb48e4baf6a54f7994d4f8442eb9e81f612e0cc633754a64,AVOID,142d3ae65636b7f38f574c071a7962fe64a1acb83468c92a73892053d67afaaa,2026-01-06,true,ADJUSTED,40.00,BUILDING,B5|DSI001,NOT_APPLICABLE,GOLDBEES,REJECT,NOT_APPLICABLE
SKIP,REJECT,7af06af413161de981f56d77577dff551f0e270f51dae32fb7084f80a7fb83cc,,true,a605a8291fc4539d24b5fcda513f7014ba64287853eeafc6f0de4fe6e6fac6a4,WATCHLIST,46d3339d2ad45bbaeb8519738c7dd60a6effceda4860346eca8cf12a994ac1c6,2026-06-12,true,ADJUSTED,68.18,READY_FOR_CONFIRMATION,B5|DSI001,NOT_APPLICABLE,YESBANK,REJECT,NOT_APPLICABLE
SKIP,REJECT,7af31ba814e25c0d3e762034028f1901babd0522f92af87b81941b6ca5363e72,,true,3499ec69cd279f68e1a663ae3c4b4c5bc7d6246276fa2bf41d196a9de4db10aa,WATCHLIST,4808ea8446ea9c9d3048802cd3eb1ea0bcdd333b5614b6e268436903524167ec,2026-02-03,true,ADJUSTED,74.00,READY_FOR_CONFIRMATION,B5|DSI001,NOT_APPLICABLE,TATAGOLD,REJECT,NOT_APPLICABLE
SKIP,REJECT,7b2251254caf18a19c74f3585b270ea58d0a626514d9cc03d9355615f8cfd4c8,,true,05cd053ec85490ecc4f836050999d9d228b8ebe9166f6ce3236f048e33a7b235,SELL,2a65cfc7f52eb600c476eb5b9212c70820f1a3a167f30174d4a9990e0b83d3fd,2026-07-16,true,RAW,35.00,INVALID,B5|DSI001,NOT_APPLICABLE,TATAGOLD,REJECT,NOT_APPLICABLE
SKIP,REJECT,7b37201f40a788c8f1cdd59580f8da20e96df2fba569c920f33be3113d501cfd,,true,e0a68fa0af23886a05b8ac9895a2c15d950d2cdb8db0ab694d35e7eb6583baf2,AVOID,2bf462039e190272072e33a5bba5ecfdaa2fee88903f4b9c169ebe9f3ac2c2b4,2026-01-29,true,RAW,53.43,BUILDING,B5|DSI001,NOT_APPLICABLE,HINDZINC,REJECT,NOT_APPLICABLE
SKIP,REJECT,7b3c0d8f20a04ae18f0eed3ef460f3b5106e0bcb61eeb0d4a963446bf683ca67,,true,2f6c36f5f6bd098d49e349dc5896f0b318810ca3407b9992655dabb3dab9e931,AVOID,bc6b849639978ec7fc14f5b44735ce456e18b5cb68e012cf6b547cf76aa9aa4b,2026-04-27,true,ADJUSTED,59.00,READY_FOR_CONFIRMATION,B5|DSI001,NOT_APPLICABLE,OLAELEC,REJECT,NOT_APPLICABLE
SKIP,REJECT,7b4395b9e4dc15dab667ff12d55aac6e69412e79f9e1b1cbbe68caf58101c765,,true,5373c6a4f0d3f0b718e283cb5b21b28894a83fde4f56c162476a8c157b6c6744,WATCHLIST,5820c600b773e5c09ee550a4f50a12781e2940cd36be0c3c1a14aa782d3f9950,2026-03-12,true,ADJUSTED,60.24,READY_FOR_CONFIRMATION,B5|DSI001,NOT_APPLICABLE,TATAGOLD,REJECT,NOT_APPLICABLE
SKIP,REJECT,7b63522c467b93ba72a208bf99ab421f3f9a31ff26639afff25598cadaeff0fc,,true,e6232091d7cf2850cbfc0a40711054b720acd6258c1e43d90d16dc3f90adde08,WATCHLIST,d3e11ddcdbe6aeb80000f8356b1f4c7557742fd2c4fd06bc6962d33923e208fe,2026-01-28,true,RAW,70.57,ENTRY_READY,B5|DSI001,NOT_APPLICABLE,SILVERBEES,REJECT,NOT_APPLICABLE
SKIP,REJECT,7befa4a91aac2d26de0fd6908e32eb8bf92aafc96ab17ac0b520b10f57887b6d,,true,f772460c9d99473fc0b7600d1dbcf47ecdbbadb1b5057d192a7eeb00d57a1fce,SELL,570f785bb957463cd82b2bf651fb4eb801285561edf4c0ef9517b26133bda18a,2026-03-24,true,RAW,35.00,INVALID,B5|DSI001,NOT_APPLICABLE,TATAGOLD,REJECT,NOT_APPLICABLE
SKIP,REJECT,7bf409f536a242e79b7d49582cffe4826b0185cb3b461923077e416feecd7dc1,,true,66bc542147a2668719bb7e79283affa2ebc7378f59902a4beebd7e6dc359d6c6,SELL,de8725eaeea480231b5b3701bace53aa900aa2042fd87c81def91e8cc40e0acd,2026-04-17,true,RAW,39.00,INVALID,B5|DSI001,NOT_APPLICABLE,JIOFIN,REJECT,NOT_APPLICABLE
SKIP,REJECT,7bf4eb78a1c4c840fd8215440e85d0c13805ae77c783d7dd1974cd7df9da2467,,true,daafd127ddf7ea83f41bf04fc7f95493fa722116c8116de7e38911943909eb68,STRONG_BUY,569266cddcfada6224cc286d646269599d7b2698b6a4ac3c19af66cc983da358,2026-01-29,true,RAW,91.38,ENTRY_READY,B5|DSI001,NOT_APPLICABLE,TATAGOLD,REJECT,NOT_APPLICABLE
SKIP,REJECT,7c41bac01d272a67e094867e89d775a4ba0847325e9395b234faff3f07511455,,true,045083d983b2ed1bc46c204c7e00789aa56a6b9f059f04f4780807b205788e57,SELL,0f542ea1e56cf640b09999089372ef209c4b53ce04d02deb92bd782d29b5885e,2026-02-25,true,RAW,35.00,INVALID,B5|DSI001,NOT_APPLICABLE,YESBANK,REJECT,NOT_APPLICABLE
SKIP,REJECT,7c4c160b22ad90132e69401c1f08ffc5880ca810a98440c8b693d1b5ec0c2f02,,true,5406f9bc811cd2c72baf268ede8e080d54cef170e04a78e3b627d783feffafe0,AVOID,21225489a3a72f8def8e032249b0d6fe806f43a0741621fc576bc33c508f5bdd,2026-04-22,true,ADJUSTED,45.61,BUILDING,B5|DSI001,NOT_APPLICABLE,TATSILV,REJECT,NOT_APPLICABLE
SKIP,REJECT,7c51b642655630956368f9c2fa94d4c72b8e8b470481bf58a7ed1e778042bd12,,true,113ca0283587b8cd6e8b9083923dc1a59ecf854dddcb9ffec7e1f04342504c47,SELL,3b6b7b7209ea1e1abb6bf97fe877835f7f759084c9a167c738ceac59313e7b7d,2026-04-01,true,ADJUSTED,35.00,BUILDING,B5|DSI001,NOT_APPLICABLE,SILVERBEES,REJECT,NOT_APPLICABLE
SKIP,REJECT,7c64cf4a71b4a11ed55790070e9987581d42c4066b3368d0ab29947ed3c9488e,,true,243d759d9523a6a6f519204eb98b156b1e9ef7d16bb3f8e4c9d5283fac82cb33,BUY,f7e6bbd54716bc4b22b314a51e23be24b3213076bd2dd4fe2ee1bc8a54162fac,2026-07-06,true,ADJUSTED,77.65,ENTRY_READY,B5|DSI001,NOT_APPLICABLE,DIGITIDE,REJECT,NOT_APPLICABLE
SKIP,REJECT,7ca2e260d649f37f91a5650a6673d86c3f97fa4aeafa86fa369083f3dbba190f,,true,602e92c1f48c37e9dd5c66376b07a437106e1c36526351b261c27f78cd31273e,AVOID,ace1ddb896c6ebbd42651a76280fa786a536d06a927d2f99633d25c267eb9460,2026-01-08,true,ADJUSTED,58.12,READY_FOR_CONFIRMATION,B5|DSI001,NOT_APPLICABLE,PCJEWELLER,REJECT,NOT_APPLICABLE
SKIP,REJECT,7cb853193d53effe1cc2e337324a79335b0ef7386d6204469ed7567c076edab5,,true,af16606ca7bc7318454196be86edafc5e6d97969322fb6f187ff0757f62dc63e,WATCHLIST,de086f9a2dfe4ea73ec3befb8b0c8921ff6c09df54414e7a0aed57a65d491195,2026-02-05,true,ADJUSTED,72.38,READY_FOR_CONFIRMATION,B5|DSI001,NOT_APPLICABLE,TATAGOLD,REJECT,NOT_APPLICABLE
SKIP,REJECT,7d0862f8ca4ad8e88ecc2f839993de0cb91c25f75f8ba051a1fac59bef349c31,,true,58a7373ea9fac26d090d9eaa1564291b52db506a8e8b7014cb173c19445b4fc4,WATCHLIST,f65f99c256143bbf8618f9e3d05c8218d733d248b832cfda3bf949a0bb66b09b,2026-03-18,true,ADJUSTED,74.02,ENTRY_READY,B5|DSI001,NOT_APPLICABLE,URBANCO,REJECT,NOT_APPLICABLE
SKIP,REJECT,7d4f09cb37b12fe14f3f82e51112788c3d9a78d837777cc82d65d9ce341db7aa,,true,d25a4926012e560b691970d8b0fe30a3ce562d292e7b72f14d8b2c9e71c5bf92,WATCHLIST,844cd84c943660760ad8b66f24811fdae8ce8f5a0b623d38bcd97d695ea38409,2026-03-04,true,ADJUSTED,63.68,READY_FOR_CONFIRMATION,B5|DSI001,NOT_APPLICABLE,TEJASNET,REJECT,NOT_APPLICABLE
SKIP,REJECT,7d69697ac442cebcdf58852ea8a343f83a1eff4720d9db2d416fcea7ff7dc5af,,true,27f36f2fbec5a77252a5068087b2a7a454e65759d03ce3f916f8a82e3fab723a,BUY,6193c84dff127c1f3b2ba1b2e6071867bc02fa87fe0c3f9319be13ade4fc71a7,2026-07-07,true,ADJUSTED,77.50,ENTRY_READY,B5|DSI001,NOT_APPLICABLE,SHAREINDIA,REJECT,NOT_APPLICABLE
SKIP,REJECT,7d6e1eed96126d10f4a7f269aa629a65d9c472069749fe584b23d9a2c24531ed,,true,3612c5b0f75e69ccdee00c11199f5ded0541034a951df418ea50a8a5ebf8f53e,AVOID,9b17b9d4ace558924a0cd31a2039b563c1195908d88d7ea299b2fdfcd3836fcb,2026-04-28,true,RAW,57.87,READY_FOR_CONFIRMATION,B5|DSI001,NOT_APPLICABLE,EPACK,REJECT,NOT_APPLICABLE
SKIP,REJECT,7d9a69f7bb74b70e3eefc27b609a1e0957129810d283c75b61dd8efe7386b16f,,true,c0a02b6b7dc67fa500ed4bba188f2308a154dc70ebf7a74867faaed8b05909c3,AVOID,cdacedb1ceb4ea5c413eed525dab4addd28ef9510b1f78171cc52ac9ee4bf3ee,2026-04-08,true,RAW,51.06,READY_FOR_CONFIRMATION,B5|DSI001,NOT_APPLICABLE,HDFCBANK,REJECT,NOT_APPLICABLE
SKIP,REJECT,7dc2cf3600eb2474078a1358d8d2e75b64da347b01ea173d73abf485ba03568c,,true,775b60ae66874b1affaa07c62aa41e0481de1a7333f60f589d8a798914593ca0,WATCHLIST,31e8f1393753042977a34b53bd08ef60dbc48e7559afe8911ea83da0e29bcbba,2026-04-28,true,ADJUSTED,63.34,READY_FOR_CONFIRMATION,B5|DSI001,NOT_APPLICABLE,ADANIPOWER,REJECT,NOT_APPLICABLE
SKIP,REJECT,7dd33ac1444b0440bd5f42abf0129fcdf7d12a50f1ced5f7f66b4dac9b85cb93,,true,2f37443b94c72697e94b267ed8a43e3f603cacc729bfa5159e4fcc2d5f5dd563,SELL,6ecd7a1556cdf98213be8bd1922ecf1727377842c9f1db0aca89a58d7590d816,2026-02-19,true,ADJUSTED,39.00,INVALID,B5|DSI001,NOT_APPLICABLE,NEWGEN,REJECT,NOT_APPLICABLE
SKIP,REJECT,7deaa8e809905ff849ab826c3ec065d51f498601cc51ec1a3320a2547d4116b1,,true,f8cf4f192bc6cca57e2bdb210a11f644bd8bef4304904029fcbb9163169f8bef,SELL,12a60257a14dc6670f07ae999df5239d1c357fc5d8b36520659e6a7ba05d4478,2026-04-06,true,ADJUSTED,35.00,BUILDING,B5|DSI001,NOT_APPLICABLE,SILVERBEES,REJECT,NOT_APPLICABLE
SKIP,REJECT,7e082c8808c80a6e82059d6d6e7e643d5d6824a413791cf97dbe851ee17b1d1d,,true,ca2dbabb50e35c41ccb9d6d2faac9a1fd51c8bfc0eccba2e9a7a7412bfc9ed19,SELL,f983415d805fc6b37e5a9a07081ecd0970c97ca891c4a9eab8a8d8cfa4a6a600,2026-02-18,true,ADJUSTED,39.00,INVALID,B5|DSI001,NOT_APPLICABLE,OLAELEC,REJECT,NOT_APPLICABLE
SKIP,REJECT,7e3b9d32733dc8a05c813a1138d5cb58d91b7d50c6d007a24aa18bed432af2ff,,true,23b0638f6bbf08c369d5fd01f54d55667c5fed892f912427007f629000e98251,WATCHLIST,b3b8f2fa5708fab1211f930a4ce63fdd8f1d3f33b610511ca9c9ac6fead05142,2026-07-03,true,ADJUSTED,60.34,BUILDING,B5|DSI001,NOT_APPLICABLE,BUTTERFLY,REJECT,NOT_APPLICABLE
SKIP,REJECT,7e52736fd73e1f374b20720c768634fb63124193b7b16a80fc7e1bd057607a8f,,true,9be9a4d2af67e970ab271996f3ffb583328d672bf42af68e1606466367991cfa,AVOID,9f0121b9e92872728e344c4279b274a094b2e3d7288798a3691067d9dd94a9dd,2026-04-23,true,ADJUSTED,49.64,READY_FOR_CONFIRMATION,B5|DSI001,NOT_APPLICABLE,TATAGOLD,REJECT,NOT_APPLICABLE
SKIP,REJECT,7e548cf44fb8c1dabd99eb8819082d7407cd3e448a764677e244381f93869cb8,,true,c4d7fe9277b1288d071ca7a0a80a341d44ac86368852976fcf9ef7bc611127c6,AVOID,582c6d9c5fbcf675772f3d4afe2e75b65962ec4b3ab2e1ddadd3ff4e05ec54d5,2026-04-27,true,ADJUSTED,40.00,READY_FOR_CONFIRMATION,B5|DSI001,NOT_APPLICABLE,TATAGOLD,REJECT,NOT_APPLICABLE
SKIP,REJECT,7ea7756712df6a8e7c68bcc9be450f7309323e5350595266f1902b692c364444,,true,0f71b73ec8c0a5b432a287c84ba9eda4bc16d28b4897eb575f4949a560381c4b,AVOID,4fafd2fe1eb5163c45b9f1f2fabaeb11e4b5bc2bc84efb31b252a6fe6ebbc27b,2026-06-12,true,RAW,59.00,READY_FOR_CONFIRMATION,B5|DSI001,NOT_APPLICABLE,OLAELEC,REJECT,NOT_APPLICABLE
SKIP,REJECT,7eaae860c8f5c1f8f940db5ac9aa45e9c98007d000d1b3f28723ce4524439859,,true,a78a3770fcc4d7d18f36cb038e5fa53c25ecbdffc7bcb33c66708175b03ed76c,WATCHLIST,89d499b7d1b20383530fc5d33ad0fd432ff5d2bae11e5515fad1064abcfbe904,2026-02-02,true,ADJUSTED,60.00,READY_FOR_CONFIRMATION,B5|DSI001,NOT_APPLICABLE,TATAGOLD,REJECT,NOT_APPLICABLE
SKIP,REJECT,7eca5df929b52e6efe6ffdd33a91342b6dae6eb6f55f301d5ad4d55e43b2eb64,,true,d5d00d1073ab561a1d8f4de884eed787ee36f27f5919533bb5040f2db6993697,AVOID,b9a8b5fa643e17cc51543887cb0b30472066d3b8f6ad7e0de3d50beed2575ed5,2026-04-24,true,ADJUSTED,45.28,READY_FOR_CONFIRMATION,B5|DSI001,NOT_APPLICABLE,YESBANK,REJECT,NOT_APPLICABLE
SKIP,REJECT,7ecb140ac9389b5605ec2a25a1ff127ecd52a7fe834b104e9dba6a0d9f5bcc48,,true,334ffc0dbb71c92bf424d2d7622cf7c1fcf156247bcd8b0d43cc5f5db99925c8,BUY,22ac1efc904d52cbe7f4f2ed3adc13a793d0ccc75f34bb19796bfaf09a44145b,2026-04-21,true,ADJUSTED,82.46,ENTRY_READY,B5|DSI001,NOT_APPLICABLE,MAHABANK,REJECT,NOT_APPLICABLE
SKIP,REJECT,7ee08edab6bb11904e65b2aacb2cd177732a7c07dc5894484f4f8d0d32621521,,true,c77b370446a267e7929dcae50362eded1ed2ad7a08f2c440d8a991c54ade6d2d,AVOID,548cb56a0c4c35156ed76078b410163ec9bc5a92b89919d7c8822978d73295f3,2026-04-15,true,ADJUSTED,54.27,BUILDING,B5|DSI001,NOT_APPLICABLE,PCJEWELLER,REJECT,NOT_APPLICABLE
SKIP,REJECT,7f0f9eacaeb407c82b2f4e1366a42597aafed6aef622b031cf3624f84b837c1c,,true,b27564f6bbb10e13f2339d86961f1b940335e40b49e91774041b436524e70918,SELL,801e28cddcdc97f3c7af03267f4c7fda7d4af0ed6840a20ff0c91b438f03e7f9,2026-03-25,true,ADJUSTED,35.00,READY_FOR_CONFIRMATION,B5|DSI001,NOT_APPLICABLE,YESBANK,REJECT,NOT_APPLICABLE
SKIP,REJECT,7f10ce0300e4e9085daaf0d4c598ed5342874d39c4a82add33e45d43a9c29bcf,,true,7b0248d15f5c75be20cfef54c074dbcaf22eed83661e04c571c61bb9e67f7ba7,WATCHLIST,bddbaedfbed8a13086a50fbe0bb74c7ec2fc8eda063d4a5a239e9826cf8d35f1,2026-06-15,true,RAW,64.03,READY_FOR_CONFIRMATION,B5|DSI001,NOT_APPLICABLE,PVTBANIETF,REJECT,NOT_APPLICABLE
SKIP,REJECT,7f16267fd43a134e252d06b2f2cd73634f7a75115193989bc50bddc58a70665f,,true,70ca9cdc539bed380782913af1c9b2334f483f71dbf0738dd0c76de4fc85c571,AVOID,8e4f845c934b2668085aac86cec02ed518907e6898ded9e69a28345b712eb309,2026-04-21,true,ADJUSTED,44.15,BUILDING,B5|DSI001,NOT_APPLICABLE,GOLDBEES,REJECT,NOT_APPLICABLE
SKIP,REJECT,7f37f98c3a848453192fc03038f87e64d52ed7ee969582ec368ba93dfaa2730e,,true,42b8a86e0c388332d653e0972cfe5dbabfa975374d2276a7a335fac3ddf7ce8f,AVOID,3e8ecbd1772b01440ad3aa3bedaa511eefd8597810afeda46e5c83debe5b21fc,2026-05-21,true,RAW,56.34,BUILDING,B5|DSI001,NOT_APPLICABLE,JSWCEMENT,REJECT,NOT_APPLICABLE
SKIP,REJECT,7f3d7df55e09cf067dca49e1370fa6efcc2ee3acf9b2efbf4b8b6bd0d3141108,,true,fc79aaa96155df9b253a6d512eb1df4fb5930d8c9cdc590e63ea4d38f18063b6,AVOID,1cca8f1e746b05a9465791b3566c101c30e4931ac7af6f8d59ee6da2a77cd513,2026-04-24,true,RAW,59.00,READY_FOR_CONFIRMATION,B5|DSI001,NOT_APPLICABLE,HSCL,REJECT,NOT_APPLICABLE
SKIP,REJECT,7f464e90fb42e79754c467d0ac59d2332e3201d9600b4548cd040a4162ebb92c,,true,d149a633d89ebe0de5cb7d94b352ee4420d3f3e2e6c968b51989f984ea8fb215,BUY,4c876744b2aa584701cb7cc670e02cb54221c17be243571a60963835ecea57c1,2026-07-20,true,ADJUSTED,79.88,ENTRY_READY,B5|DSI001,NOT_APPLICABLE,PNB,REJECT,NOT_APPLICABLE
SKIP,REJECT,7f555453f3ec53848fa68f70d4a2335784a9b8a7d76b34c14175e3a3198b6bff,,true,883811cefd08cb9593d3c28db9ca1575f1e15553b7089b82be47797d3f233eab,AVOID,be36bd2c1c7b5afc253d428d58c8e5b87d5535fdc4ee18f7e45aae2e28430558,2026-07-07,true,ADJUSTED,40.74,BUILDING,B5|DSI001,NOT_APPLICABLE,YESBANK,REJECT,NOT_APPLICABLE
SKIP,REJECT,7f5e510b0a29cee543338b4d91b8fba8df80806f4f88bf7e3bb1f5cc0a41a549,,true,86aa615533e9c9b9982287291b0313079a53be41f394a7e14c047ee956211b64,AVOID,951b61c0474cddeaf4fa62338afcca18c020e535905ddf405bf16f0c6f1c528c,2026-02-18,true,ADJUSTED,41.84,BUILDING,B5|DSI001,NOT_APPLICABLE,TATAGOLD,REJECT,NOT_APPLICABLE
SKIP,REJECT,7f711814ff83bf1c03032edf5fb0f647101932a30ccd044433eda8381d276784,,true,f51bee755a3fb721d09e67821a7c2564b2f6aa8f381a7ff1ed745ed25dc5efad,WATCHLIST,eaeefb6295a7e9ce5e70365b1c88a6f9350f5184ac9dad039828dec53f5a5a2c,2026-06-04,true,ADJUSTED,70.91,READY_FOR_CONFIRMATION,B5|DSI001,NOT_APPLICABLE,OLAELEC,REJECT,NOT_APPLICABLE
SKIP,REJECT,7f762624108802614220d40cf2c7832af9e02543e70c735ad048154b216f0e97,,true,607abebaa2a2ff8aef878fc12e0a5ec4f537dae86a6f4f02a6cac7f35ad280a2,SELL,86bc72ebc60eda9863338ddc711c8aaa6812d9c5b2563587f2404929aa5b6dca,2026-03-11,true,RAW,37.69,BUILDING,B5|DSI001,NOT_APPLICABLE,LIQUIDCASE,REJECT,NOT_APPLICABLE
SKIP,REJECT,7fb654467cb5f7a58ef3efac323c9313b638b64901505ce0f6a94c53374aa35d,,true,711c68aa6b83d297416d36a8474e6dfa13fe1af3c74dd4a655386536856ddd03,WATCHLIST,a11858e34888caaf5e68dc60262f92d935de66194d23857c39af216fcfcd95b7,2026-03-13,true,ADJUSTED,69.22,READY_FOR_CONFIRMATION,B5|DSI001,NOT_APPLICABLE,NTPCGREEN,REJECT,NOT_APPLICABLE
SKIP,REJECT,7fbef7e3f160fa8699270a76cfac9187a24af66be838a2aec3d33dcb5da9419e,,true,a60beae80e49af6aec50b45f8c712c5b7d26098d7656550e180b2548bdd8c289,AVOID,7eabe4aaef7c2c538781b713690f833b6a258e7e3442473f997ac3899873353b,2026-07-10,true,ADJUSTED,44.84,BUILDING,B5|DSI001,NOT_APPLICABLE,SOUTHBANK,REJECT,NOT_APPLICABLE
SKIP,REJECT,7fdc425136b8a3a6b77d02408be54705151982519b569e7ef15063cc19a391ae,,true,7e7da7e963782189ec19ab50bc474af28f34a342de73af443cd9b70ca923ce3c,AVOID,06fc4df10d22d1fc0fba00b98ef2dc72e068903230616cc79d7c584f4b86ef4d,2026-04-20,true,RAW,48.00,READY_FOR_CONFIRMATION,B5|DSI001,NOT_APPLICABLE,JPPOWER,REJECT,NOT_APPLICABLE
SKIP,REJECT,7fde301784394fc7d8defd5d13cc413d000b26927ea619e247732f88df0df553,,true,2f2067ebb8ac16157c45af34cb7e3b88b6446ad35c972da40a799bac842c609a,WATCHLIST,92b28cf6684834624ecd4a7da6d994bdc323f7d6e9875ba74459e4bafc7b92de,2026-05-15,true,ADJUSTED,61.90,BUILDING,B5|DSI001,NOT_APPLICABLE,SAKAR,REJECT,NOT_APPLICABLE
SKIP,REJECT,7fe42ba579875660a5c8661fad942e05ecf7cc04f7c596df4189d578e935fd7e,,true,4c9f5fe30dbd5da485cab992fdc2c27263af5ac72b36e259c3fe83c668e25afd,AVOID,0f67448b428398880cb08b492679b12b8b9b890d41d4f2f14c53031a76c2287c,2026-02-09,true,RAW,59.00,READY_FOR_CONFIRMATION,B5|DSI001,NOT_APPLICABLE,SILVERBEES,REJECT,NOT_APPLICABLE
SKIP,REJECT,801e7af97b643a78785dc6554e7f9e86339375e1879fcaed8a4bd8575a3ea2f2,,true,27fe06ebb05df7e6ec87c32e9f73fa56e1a8b52040eb59f23e95ca8b654171fb,AVOID,b2c48e2c10d2cada4d5d669168d897189f4e88916276acbb835a013b88ebb492,2026-02-03,true,RAW,53.56,BUILDING,B5|DSI001,NOT_APPLICABLE,SILVERIETF,REJECT,NOT_APPLICABLE
SKIP,REJECT,8024cad20b1fa871ccad0380102e65f52858cb97c165250f87ae30aa3d70e2f1,,true,916793a613bcaecc3643149c3c280bcd958f9717bdb3bff7792efd789b8fe801,SELL,fc5c2699446f67f947af9b63b4bb809759ea1f65fbcf20996938184e66a4b2c7,2026-03-13,true,ADJUSTED,35.00,INVALID,B5|DSI001,NOT_APPLICABLE,HDFCBANK,REJECT,NOT_APPLICABLE
SKIP,REJECT,8025fe2b7f76e325faafd422daa480899aeb2b54adbed2d1fca5ea9d7032fdc1,,true,73af90b1820cdc4cd0efecce1c8602cce7cffadb89b2e3aee601057cddb94759,WATCHLIST,44752b1f5f3380ee4c17c008b46d002f106a0b030047a180a89f533c76813b11,2026-05-12,true,ADJUSTED,72.17,READY_FOR_CONFIRMATION,B5|DSI001,NOT_APPLICABLE,GROWW,REJECT,NOT_APPLICABLE
SKIP,REJECT,802e567b26a1e513ee5b62b1c36e0b24fe94063440b9c0ca917f8a7f63eee3d1,,true,6c1d71f76aec2a5d655ce5dd6dc8577d91bdf6931d5b85cc00a6b21d0c6ae7d7,SELL,941d1974779fdb1d9f56299ab234c66d9ba4c6c3397e7aa2087f6370df512eea,2026-05-21,true,RAW,35.00,INVALID,B5|DSI001,NOT_APPLICABLE,IRB,REJECT,NOT_APPLICABLE
SKIP,REJECT,803b07e6bdf18c07814911063b5611320131b8756fd06d37bf7e6b2f19ff6eb3,,true,70ca9cdc539bed380782913af1c9b2334f483f71dbf0738dd0c76de4fc85c571,AVOID,8e4f845c934b2668085aac86cec02ed518907e6898ded9e69a28345b712eb309,2026-04-21,true,RAW,44.15,BUILDING,B5|DSI001,NOT_APPLICABLE,GOLDBEES,REJECT,NOT_APPLICABLE
SKIP,REJECT,8097c0babb34d2b63ef943314afd9835e70156009d434fa1d505471451712a61,,true,37edc64376e4df6c552ffca2b6efe3c1f627fe812005829125b2b23f1001162e,BUY,4b7603457ec72ff936c7783ef095f9eccdd456d19c0f04b906f39d4803b9561d,2026-01-27,true,RAW,80.13,ENTRY_READY,B5|DSI001,NOT_APPLICABLE,SILVERBEES,REJECT,NOT_APPLICABLE
SKIP,REJECT,80a529a07b3bf010834bfe9bc0995e4d90a84ade3d08f3703e8a47ccdb4029c0,,true,935c531c5317d83404dea05e023a77c5fdb9f108a6d9fc6ce0c1da384e0bd5e3,SELL,35c25e1743642ebe66b0f916c47b11c9b88f7dbc39b5d81808c1dcd62ed6fdbc,2026-01-02,true,RAW,39.00,INVALID,B5|DSI001,NOT_APPLICABLE,OLAELEC,REJECT,NOT_APPLICABLE
SKIP,REJECT,80d50783c2aa3cc6cc7941cd6ae3513c4cb1a977287c4556ebe97fa6487d3413,,true,39066cb16bf0d543d0c9dad35af9d4b346b0e3bf2cefa460ffc894948844265c,WATCHLIST,2fc1e42ea87401264b2678bc5df907dc8ffbac0309ef075e991454fe09a5cd66,2026-07-08,true,RAW,61.38,BUILDING,B5|DSI001,NOT_APPLICABLE,SGMART,REJECT,NOT_APPLICABLE
SKIP,REJECT,80d6e3f2e2d145465f6bcc5a759894c09c744a945de1e735b2ab3a821eebcd45,,true,29051b55b50a06c5bedfc26520257c5d259e32574f3461e8581be14f93a4ae94,SELL,ac71a13441d2a9132150bb25cc19eb0ea8607bce650fa015520a8dab347217cd,2026-02-17,true,RAW,35.00,INVALID,B5|DSI001,NOT_APPLICABLE,RPOWER,REJECT,NOT_APPLICABLE
SKIP,REJECT,80eceb673a63415703a36d7bbf2eddf6f5b9cd9270749bef0da3154a608600bd,,true,6494039486f530254161dd97776b8505e084cd5a04556004e21a0242905afdec,SELL,9641877f98fa028a411790ecaaa7ceb8aeaffcdd6d5a7eaa1cec47ad2abc2d94,2026-04-07,true,RAW,35.00,READY_FOR_CONFIRMATION,B5|DSI001,NOT_APPLICABLE,RPOWER,REJECT,NOT_APPLICABLE
SKIP,REJECT,8100b01d4afe23549fff3819402d628f1bc24eccf8ddd90717690dcf3d3c6e8a,,true,1e6fc0aa83163b4bae27afb3275dd5b350865929a6f3bcc9232f4ceecd8a4939,SELL,8cb2c85430c4cf26b9a87e8fa2afd888a7f933365bb73960df16bdd7a6c28287,2026-04-07,true,RAW,35.00,READY_FOR_CONFIRMATION,B5|DSI001,NOT_APPLICABLE,TATSILV,REJECT,NOT_APPLICABLE
SKIP,REJECT,81037fcc3c56952e75da8e5ed66a1d724d39427d777b59481ec76d6f87fa2893,,true,3f68e61ea093696f9ef04754c6d8e03fa478a186c4b06cb0a771c46d3f0e80d1,AVOID,ac6ac6d7fa4296bc70b90b2e9cc4ea9dbcf1a31896d2fcfe8de3877586376c74,2026-05-20,true,ADJUSTED,50.21,READY_FOR_CONFIRMATION,B5|DSI001,NOT_APPLICABLE,TATASTEEL,REJECT,NOT_APPLICABLE
SKIP,REJECT,81ac2258dac4d257b35d6e2827db812174e8f25f4d8004b873e4093e4422169d,,true,78a29298ab6074bb5b8b92376fdaa4d58f04c75a029af68969d53eecf2de95f7,AVOID,e7a777d829163ef9f5babd052e0a1251707884cf276968c2960284f57a3d7292,2026-06-10,true,RAW,40.00,INVALID,B5|DSI001,NOT_APPLICABLE,TATSILV,REJECT,NOT_APPLICABLE
SKIP,REJECT,81b186737d7c83bf6063320933246c468dd780b618a07487fbf1742f715f7705,,true,24a9a442d116210a27540d882f4d6b7747e32bf7bd2e4f280762e0b2676248ec,SELL,c80f0052109bfafe742f27edcb1117f32978b3ad5f611d6e6b6faceac3c1c08c,2026-03-12,true,RAW,35.00,INVALID,B5|DSI001,NOT_APPLICABLE,RPOWER,REJECT,NOT_APPLICABLE
SKIP,REJECT,81c5114bb7a748e66dddfd410401818d97251b15450192aab49ace53318e8c38,,true,0d74a83e4adf6d4c335bdaa67436bcbadc18ea73f68f18a96f6602f619b40302,SELL,f3b1a67325aeec7488b55334e215e09c177388de3d9145b987bdae617cf8d57c,2026-07-06,true,RAW,35.00,INVALID,B5|DSI001,NOT_APPLICABLE,ONGC,REJECT,NOT_APPLICABLE
SKIP,REJECT,81cf31ecde2038a9e35bab31af148bf9c30285368404d91e8d27e4ae87d6ba93,,true,fe8cc7a1f205845e78e7914322acafdf614504173cd167c64a984dcaa965a944,WATCHLIST,2a41f9cbf3c94c807c5df6bbd03f1000f08318c37294de887c752408123e0a7b,2026-07-01,true,ADJUSTED,62.74,READY_FOR_CONFIRMATION,B5|DSI001,NOT_APPLICABLE,ETERNAL,REJECT,NOT_APPLICABLE
SKIP,REJECT,81df4138cf4ae6df8e5cb09bf23beb24d6b4621e3e57ab20ad4307f3f27ed584,,true,d10a8246acad5c560d9c3f76f12fa2c2c656ff4908cca6d5f912e1c4feeb9b60,WATCHLIST,806a73d8fb3e58bfb0e389d189b5e42a360641d6412453e08f6fca9a646698ed,2026-01-28,true,ADJUSTED,74.00,READY_FOR_CONFIRMATION,B5|DSI001,NOT_APPLICABLE,TATSILV,REJECT,NOT_APPLICABLE
SKIP,REJECT,8209b55aca29a17789f628709e1b072319e0f00d199cd3a3063b6e2f5ff18bf0,,true,9221dc56efb06e7e2e5f35b18757322b22f58d0da53b762aa26a9ea8182369e5,WATCHLIST,1582e86b87ccbe0ad45425930796725aeb334e653edd5d52908331d70fa1e7ee,2026-03-11,true,RAW,60.94,READY_FOR_CONFIRMATION,B5|DSI001,NOT_APPLICABLE,HAPPSTMNDS,REJECT,NOT_APPLICABLE
SKIP,REJECT,822035b56fed9d43ca9c00818955c5d57dcd721ad64dfbc46fb0deab3ea2c1ea,,true,730ae2ade9a12ef3c62364731f6ceb1fac4c01b021cbbe04457389041668d9f4,BUY,e0588377a236507ff6335dc5e96fb92121760e53505515f6b0458bbceceb19b3,2026-02-16,true,RAW,82.38,ENTRY_READY,B5|DSI001,NOT_APPLICABLE,ENGINERSIN,REJECT,NOT_APPLICABLE
SKIP,REJECT,8221a9cb3999d3a826c0c2c1e91935b213b4324f2a43371d697891d598598447,,true,d362525886757d775bfb232a271248c431a3e17a8bd3b70e6202da63291d8226,AVOID,9fbc310f68e4f49f99a4a29d5aaad374be1cb3bfe0d1f6fcf53949b3136b48c3,2026-01-09,true,ADJUSTED,41.16,BUILDING,B5|DSI001,NOT_APPLICABLE,LIQUIDCASE,REJECT,NOT_APPLICABLE
SKIP,REJECT,8232ade5aafd9ce69d150cb95a5d9d1cea7644b5aa3a19adf5d6e39eec109e18,,true,a32e21dc71a39cfb81b6b85765678f179053a9322ae6b5594823f4f73e2b63ad,SELL,8b909ffcc899e87dc6b49bb6cee205ac25457dcd07eb8e82400f2a1cf13e7a1d,2026-02-23,true,RAW,39.00,INVALID,B5|DSI001,NOT_APPLICABLE,OLAELEC,REJECT,NOT_APPLICABLE
SKIP,REJECT,825d61977bf143c9b30aae36dbf91aa26b66a91f181769a7a9b416bbfe90299f,,true,c5727d447699142f64760c02f2038691cc257cebdc5f74f5721353c457cd52a7,AVOID,38e51430f5b2bb450fe4a8979d21db93e81350700669fb899209a71fac5856f8,2026-03-20,true,RAW,57.61,INVALID,B5|DSI001,NOT_APPLICABLE,TATSILV,REJECT,NOT_APPLICABLE
SKIP,REJECT,826a6193d48bfd05e946bfa8c58e62150705ea3952a1b2adc4c50dee6fc3d2b7,,true,f16633f7ec1c7561ad1bd300a74385f4dc7005709c770fa2a8dc1fd36eca2516,AVOID,4d9a312b2ad73e4750d7eec02a71744707a5a48a8b19fa13a7bdc461f1b450fe,2026-06-03,true,RAW,57.32,READY_FOR_CONFIRMATION,B5|DSI001,NOT_APPLICABLE,HFCL,REJECT,NOT_APPLICABLE
SKIP,REJECT,82d309994069ac04185ca4fe9efecf8840cd883dd0fd28690388dca777c811e0,,true,197d4c32a21a25ee56b6dd4a04adf573e67e718410043f29a947475460366c6c,BUY,faa945728c90463a96c0c113d103b296a1d74e8f95d146ef7e4daaf8d84ba91e,2026-01-14,true,RAW,75.47,ENTRY_READY,B5|DSI001,NOT_APPLICABLE,UNIONBANK,REJECT,NOT_APPLICABLE
SKIP,REJECT,82d7a81f2e93d68c104a08e3bc8fef64f12569d723fe5cb7c34b70809ef49f8c,,true,15603dfc69403e30dd3767e0161d9febd4438fb4dae5c5b98b2f593f1438994e,AVOID,0ce4986f83f24561caa20a827bf9d70b5dfdfa8b35d3ce1f684e80c9f44e4f62,2026-04-17,true,RAW,43.38,BUILDING,B5|DSI001,NOT_APPLICABLE,TATAGOLD,REJECT,NOT_APPLICABLE
SKIP,REJECT,82df8a25f0a4731163f9ed7e5dbf8a24ca1dc5673c5ac30a8d069088023a3e11,,true,1efa3188fe763f90fb0a5b4326c3f5bfb54c7c4cccca178cdf8cda4050fa71f0,WATCHLIST,3bd129aac309ed2712337c9a371e7ba8a73e523bf52251bdd09169f84e0d2138,2026-04-15,true,RAW,74.80,ENTRY_READY,B5|DSI001,NOT_APPLICABLE,GROWW,REJECT,NOT_APPLICABLE
SKIP,REJECT,82e832a6291348d1f09d33c6532e6e061c6991e2a937ed7037106bba246e4549,,true,916793a613bcaecc3643149c3c280bcd958f9717bdb3bff7792efd789b8fe801,SELL,fc5c2699446f67f947af9b63b4bb809759ea1f65fbcf20996938184e66a4b2c7,2026-03-13,true,RAW,35.00,INVALID,B5|DSI001,NOT_APPLICABLE,HDFCBANK,REJECT,NOT_APPLICABLE
SKIP,REJECT,82f4b83ffed6b00f37b11c77b19e07d518c1f597436c65addd928a22952abfc5,,true,2ffaa2b7ee1b18dba9472dd4b832dbfa31ca59db56bcea0539ab6a174bf473cb,WATCHLIST,f057daa96f99a0d16babdb9e66883583acd1823d471eb157e811a2b89092f24a,2026-01-21,true,ADJUSTED,71.61,READY_FOR_CONFIRMATION,B5|DSI001,NOT_APPLICABLE,SILVERBEES,REJECT,NOT_APPLICABLE
SKIP,REJECT,82f7538cf1be95c166fafe79eb92c0e1d93a7de7b505c6eae4133ef69af997d8,,true,83f30401e7f69677501ef6a08537d53db053e976690402eed74cbd089eea3552,AVOID,dcd2e77a536c7b6ef3cc4c533c082c29e70630c10379992ffab584b7972c66be,2026-03-10,true,RAW,56.00,READY_FOR_CONFIRMATION,B5|DSI001,NOT_APPLICABLE,SILVERBEES,REJECT,NOT_APPLICABLE
SKIP,REJECT,83125c8f613f9ea8c9cd8d93cf07981dd7d61d7e6ea6edcbae98902ce9b7bfef,,true,77f79315b2038fe9e704ae9712fee3eee562df1ecc333b930225353d9df53ed5,SELL,d04d45738f50b43fe6fb654d6ddcb8dca31a8d4bde28d757e1bb4b04da26d1f6,2026-02-20,true,RAW,35.00,INVALID,B5|DSI001,NOT_APPLICABLE,YESBANK,REJECT,NOT_APPLICABLE
SKIP,REJECT,8320e04c7ca8a1c4dfb25e0c0d13f5b12614f272ac419925c1afe2f9c03fd913,,true,24c46d0c937eb990c146392110867dce21a1ba5b736a926ba1aa06ad2fc349ce,WATCHLIST,b25f82423f6b8ee3a0e5d15bc4de0760844c8e0da5fc826079d91d5600f873f4,2026-02-10,true,ADJUSTED,61.24,READY_FOR_CONFIRMATION,B5|DSI001,NOT_APPLICABLE,TATSILV,REJECT,NOT_APPLICABLE
SKIP,REJECT,832c80eeef32dda13cb2064cea823f832a49d89ea04212ee3cf6d0327ea1782f,,true,5c657eedb460dc6ca0cd93a201799be3e57b43cfec38a8f8955c6cee99f4e90a,WATCHLIST,0d278604ede4fc2388a38001ff6e23511ca64f25ff5fd05e2d2c51101085dfd2,2026-04-16,true,RAW,66.48,ENTRY_READY,B5|DSI001,NOT_APPLICABLE,ADANIPOWER,REJECT,NOT_APPLICABLE
SKIP,REJECT,835482acae3366b3413e672e418f74fc5bcafdf28c5a00d7d2a4d43e811ec14c,,true,efca9cd13353b69409c1aaedb4d23169b54189dce3a9f906c3129f205292af03,AVOID,5246fd3aa2adab23f2f3d9f2c08715d8a79a449eadfcd275c78bbdfc65a8be2f,2026-03-06,true,RAW,40.00,READY_FOR_CONFIRMATION,B5|DSI001,NOT_APPLICABLE,GOLDBEES,REJECT,NOT_APPLICABLE
SKIP,REJECT,83a0ad0f743adad7ff4eb682a0b9197edc5f2f3ac575a1967c1cbf32325c5497,,true,dee8c43447044db5a6a55fd04042ebb605dc213a46d57b981b0a12db0fc87aa9,BUY,0fca47b7325a549a0056d0672e91fae69c67e96d7419b69416e195eab240a0b7,2026-06-24,true,RAW,81.03,ENTRY_READY,B5|DSI001,NOT_APPLICABLE,ROTO,REJECT,NOT_APPLICABLE
SKIP,REJECT,848201f4efb5fc3f56e4c4d206645b41756bafb1cb757f8e770350e303688b43,,true,f423e34ff71153b5120798c40f91e8f36c855eb767770c1a464f8c33b4e7971d,BUY,51817bb1651ad1bc5f61ae4a467d18f7d8278227fc36be492bc657c91e6b6c42,2026-06-12,true,RAW,81.25,ENTRY_READY,B5|DSI001,NOT_APPLICABLE,MOTISONS,REJECT,NOT_APPLICABLE
SKIP,REJECT,84c099a0f03fa0e186e14adf0cb885fa26454bab87272f5af1610d5ff3a466cf,,true,e5a0fef1bf7dd2c2b31e32db5468416bf08f57ab5b00167353e93833f04610e1,AVOID,2ecfd2213088a385fb97e252002440cc7721f10e7eee69ce7bb1d41b87863baa,2026-03-05,true,ADJUSTED,52.60,BUILDING,B5|DSI001,NOT_APPLICABLE,POWERGRID,REJECT,NOT_APPLICABLE
SKIP,REJECT,852b0cde7e468cfd02fcc90095c9410883e27a80e051cd9e54ca7f3d4395f700,,true,567583cf8252e6a84ddb5977565d97e1a329f4e6fbcb931123a01d4b2f30ed83,AVOID,11147cd4feb8152e122ec548746dca33d41ef0065a5bc27e4f43f8d5cc23b720,2026-05-04,true,RAW,52.92,BUILDING,B5|DSI001,NOT_APPLICABLE,ETERNAL,REJECT,NOT_APPLICABLE
SKIP,REJECT,85317245500a4c65a00241e1b66a24417684848d15509f2e998837ba390d71d6,,true,df6988c47642360b5da1755655cc1caadb530b02f9d48ca0712525235a06ac60,WATCHLIST,0817abc5c549f190c223762dfdf200f04d6cd9686cb2885bb41804ec2f467ba4,2026-05-12,true,RAW,61.42,BUILDING,B5|DSI001,NOT_APPLICABLE,ONGC,REJECT,NOT_APPLICABLE
SKIP,REJECT,855fe1d0c2f8dfad0db393c9c626852fabe7fe7ccbdf5de4709e6395d2a23987,,true,a245f2ed7436abdb1901d51e7679dc93e1ee93979aa4debfd24c9a1b534202de,AVOID,7074e157bc72a6cf5d65b3b626f3e2cbfb628493df241a05e18133692e377286,2026-05-29,true,ADJUSTED,52.71,BUILDING,B5|DSI001,NOT_APPLICABLE,AKZOINDIA,REJECT,NOT_APPLICABLE
SKIP,REJECT,85668600bf79e44e73460b3bcf3f911587d11471ea29fcf3e0475f4411f2aa69,,true,0bf30c02774695dd189cf68cf97a4775b06107e5af16e78fb72e05dd37154bd0,AVOID,18622d53df106166134698023caa62c35f7774737efe9bbd781a725c92570acf,2026-02-12,true,RAW,46.34,READY_FOR_CONFIRMATION,B5|DSI001,NOT_APPLICABLE,SILVERBEES,REJECT,NOT_APPLICABLE
SKIP,REJECT,8581ee11094888bd10d1deae8e45ebf9fd85540145a59451756d3f8d10e34bf4,,true,bfeb35b13cfbf7fb9fabbdff7b40b8fa35e8028e94b63570a3b76090f4c9cbf9,WATCHLIST,0ad32887fe54c692670f1b7fe92cee0987953e6349257946277eb3e855337ae9,2026-02-16,true,ADJUSTED,61.90,READY_FOR_CONFIRMATION,B5|DSI001,NOT_APPLICABLE,SILVERBEES,REJECT,NOT_APPLICABLE
SKIP,REJECT,85a1a1ac25dae408f7a0e006d379f5def879e1ba39560d8a810660e14042e2f7,,true,30ef05330ab36eb14a04e86a3684ba8fe6ba3f16b5889e79dca80640a06d99d7,SELL,5db113b947308b5e910e4ede0553c052cd566df0c3e4d2511c050778fffbc5e0,2026-04-02,true,ADJUSTED,39.00,INVALID,B5|DSI001,NOT_APPLICABLE,LATENTVIEW,REJECT,NOT_APPLICABLE
SKIP,REJECT,85a8ecbfc0c527229b19a09f13043fab16aaec681aae24772c71b2ebf5b084a7,,true,4cf4c409503cb1b167bb7219e9a28a56c73a7232bdd5f606862e9470969e357d,BUY,58f83220adbb20c1fb775f279c07d77b3c70ccad732ea5f4877cf789aeb657e9,2026-02-09,true,ADJUSTED,83.17,ENTRY_READY,B5|DSI001,NOT_APPLICABLE,IFCI,REJECT,NOT_APPLICABLE
SKIP,REJECT,85b5bd3aa2e9ddd736ccf039a25e0fbd7be69ad738feb971cf27e9c902cd2299,,true,a905b8289a9ef10bcafa5fce64fb2854e371e9018251f60e1e50e705800b3e28,AVOID,09acfe661ae4bb6664cdd6766f0c81400df677e8f09b8e72a19713609923c461,2026-01-23,true,RAW,47.99,READY_FOR_CONFIRMATION,B5|DSI001,NOT_APPLICABLE,SILVERBEES,REJECT,NOT_APPLICABLE
SKIP,REJECT,85c1ebaf7b540fb04eaccebafbf77846242650b15b7af78b3416c8c75eedf354,,true,2448ebcb3512556221ab864cb74deba7cb762f219f5606e61df6d2a652725bc8,AVOID,361a5c6ad0179e2d3398ba10a26f73e2744ec09c1e671eef529dbf6c50a7de70,2026-01-16,true,RAW,58.34,READY_FOR_CONFIRMATION,B5|DSI001,NOT_APPLICABLE,DAVANGERE,REJECT,NOT_APPLICABLE
SKIP,REJECT,85de2e2146c3876eb7e538559a725b878f390acc53377bba64613746f9a92f1d,,true,67937f2464d6f26295bb2a7a861f5651934be1f79dc3bc0251a288a9922cd6c1,WATCHLIST,0919e8639a9c868d493e1c4f8b4187528aecbcd2e26718aa1106b19804d66623,2026-06-11,true,ADJUSTED,71.19,READY_FOR_CONFIRMATION,B5|DSI001,NOT_APPLICABLE,MOTISONS,REJECT,NOT_APPLICABLE
SKIP,REJECT,85f521140be147fa4fc52a205db58ad45d3c04d9d033cba79a210bde83977794,,true,13fd2ae0f5df4e50709a1ffc1a9ac0781600007f9d5b69aed29dca1b0091d322,SELL,7fffb057ed154acd79b747b6277e4bf36843402da9cd47831fbf9f03dc5bfa81,2026-03-27,true,RAW,39.00,INVALID,B5|DSI001,NOT_APPLICABLE,UNIONBANK,REJECT,NOT_APPLICABLE
SKIP,REJECT,860dc3e65ef6e39eae7fcd0f5e8b0cd9ce4152570f6de5b06a281ce72861004b,,true,11c73a611d3ac0a9a00c308e82259649547ccb593b913398993f2d6c02870890,SELL,65b16205ed2d51d5f81f4431bd331a08b27bf735bc42cc4887bd7d5dd6765c67,2026-06-25,true,RAW,35.00,INVALID,B5|DSI001,NOT_APPLICABLE,GOLDBEES,REJECT,NOT_APPLICABLE
SKIP,REJECT,860e7900913bd6ce9014f6bf6af1bb54af07cbdb571aa2e97e7099ddb1c76f43,,true,63bed52d02185ee00fa30414ed84b354d5673b29591fd28a4b600d147e1972f2,AVOID,e4c634fcbb5a183ce7010eb4fa14b9a6cffa0f5b034026c240fc4bacf9414e31,2026-01-30,true,RAW,49.21,BUILDING,B5|DSI001,NOT_APPLICABLE,YUKEN,REJECT,NOT_APPLICABLE
SKIP,REJECT,862c0858d652a536c18774619177e925b63570bd22e109f69b5869a4457705c1,,true,7526f2af1de384462d07f2d30775cdef04b7ad820f8912b19f664078239fc065,WATCHLIST,3303fbe5191fe317e1d1201511630f840665885149444cb6fe06b562d55694de,2026-06-04,true,ADJUSTED,68.87,READY_FOR_CONFIRMATION,B5|DSI001,NOT_APPLICABLE,PWL,REJECT,NOT_APPLICABLE
SKIP,REJECT,86759d6aa9012bd9bd09fa60337cd0a8cad6d107dd6325507d2667b02632233f,,true,34f3b87c503d82b671b934fce379ec39d8551cce347892b6362fc49aa885aac6,WATCHLIST,35703dfae08c489822ed50ebbc4f60efc5231a805a98e9fbfe954cbe81b8ba83,2026-07-10,true,RAW,64.06,BUILDING,B5|DSI001,NOT_APPLICABLE,UJJIVANSFB,REJECT,NOT_APPLICABLE
SKIP,REJECT,868828fcd4a68207a67aa01efe0d1701edefe19d0a3086d654fd5dae04ee8856,,true,cb4de1c0ee50ef827a17e6a086e7c0dc87162f195cd9d831a04ff48ee6f240a5,AVOID,2f909568ec279b7822fc7c3cd4b3bae13a6453b0a1357b58d58a066a0e6e9c20,2026-06-22,true,ADJUSTED,50.56,INVALID,B5|DSI001,NOT_APPLICABLE,PCJEWELLER,REJECT,NOT_APPLICABLE
SKIP,REJECT,8695333040bd8699b68b62a186a01f059e5570a820913d4f7e25eee5df67cfd0,,true,489b87fe59e90484d2e208a53307d70371072c306c4821d3ae0be0915107d4b6,WATCHLIST,f786a911832e3db613d36ca5ae03558d336b09ee911156ddebacab84df9675c4,2026-06-15,true,ADJUSTED,61.96,READY_FOR_CONFIRMATION,B5|DSI001,NOT_APPLICABLE,TATSILV,REJECT,NOT_APPLICABLE
SKIP,REJECT,86a616b3dc780d1ff286b6129da72325a5d97ca2f9e10507adab8bfa0ecc391e,,true,b6419721ced15b1c015eb96368f5062c5fca6aa32fba4bbbe9e552b85111c06e,WATCHLIST,8818ec83f1b94b23026a393ba5176c6ac82267914d0c07a9c59f5f169122662f,2026-06-05,true,RAW,69.39,READY_FOR_CONFIRMATION,B5|DSI001,NOT_APPLICABLE,GTLINFRA,REJECT,NOT_APPLICABLE
SKIP,REJECT,86b81a39d64b0435d725942ddbf7d7164ad6280e4fa39a42fd036348587c9e09,,true,0324643205cae739c1a9a6e000f8e865aa1b7649c64f6fd593104aa23e93f14d,AVOID,10c682f82220f853e6c074b2be9900c49557e6129c5a63445937cd400afb52f1,2026-01-07,true,ADJUSTED,51.09,INVALID,B5|DSI001,NOT_APPLICABLE,OLAELEC,REJECT,NOT_APPLICABLE
SKIP,REJECT,86bff2cec6aa48887cddf45e722c8bdb2982e1df7c0a08f2c310f05a5277c1a5,,true,6e7c2513020ad190adbf847d5e963bed0412350b67f6ffc53d74b7a87d05f656,AVOID,7323398bb9226dd3773107d64432721cc5185f1227601b1cd25847ce95cf089f,2026-04-16,true,RAW,44.85,READY_FOR_CONFIRMATION,B5|DSI001,NOT_APPLICABLE,RPOWER,REJECT,NOT_APPLICABLE
SKIP,REJECT,86c64a850f895e83c5d70c9787176bfa437e71c503f793d445072918b2510e8a,,true,75aa3c3ab7e4db5bdf7e2946d313a7da6ea31126dd031152ef87465ce8bad0ab,SELL,87d145eb8fd479600061e9e7a7aa3da049ccecebbb562dd84297dbbc909eb3c3,2026-01-30,true,ADJUSTED,35.00,INVALID,B5|DSI001,NOT_APPLICABLE,RADAAN,REJECT,NOT_APPLICABLE
SKIP,REJECT,86e516908cc8b2c2e0e1c64d551e55112eee381efcf30ee44641fb49ac780de4,,true,f99b1e2f834e6f06dfc75bc6bf66f878e3d07feeaef625a5c4e8baea5bb039d3,SELL,3a9572fc76b8e490c8fb47d410b7af5159e7bce8e7a7d884339553820582424d,2026-03-30,true,RAW,35.00,INVALID,B5|DSI001,NOT_APPLICABLE,HDFCBANK,REJECT,NOT_APPLICABLE
SKIP,REJECT,87050106087fb1cfb940fecab76f8af3415e93c788964b2b768e6465a3c3a05e,,true,75b6aa9b547e4a1a63a03ea0abbd2896b93bcf025b2382ee55d6c7a4a33728c5,STRONG_BUY,37c29332d5689d9dfda192ca34395ea115e6eb8a34abbe96b9b5165bc8ddd7ab,2026-05-15,true,RAW,90.32,ENTRY_READY,B5|DSI001,NOT_APPLICABLE,JPPOWER,REJECT,NOT_APPLICABLE
SKIP,REJECT,870a9953443b39d483ca16e6c9fab30eb3aaabdff3752156a6ae5f4174ad02ac,,true,5c1294d081097722fa321334fed386ba2124104d93b93d4e8b4d1da67b40dbb2,BUY,fcc8493effbfc8c6d178521f396abcfa8230809558a0d97e79650ad6368dc6ff,2026-06-05,true,ADJUSTED,76.95,ENTRY_READY,B5|DSI001,NOT_APPLICABLE,YESBANK,REJECT,NOT_APPLICABLE
SKIP,REJECT,870ff7075b60123118e57c833f051079a5f097e5faa4fc57370326880d54aa3b,,true,27fe06ebb05df7e6ec87c32e9f73fa56e1a8b52040eb59f23e95ca8b654171fb,AVOID,b2c48e2c10d2cada4d5d669168d897189f4e88916276acbb835a013b88ebb492,2026-02-03,true,ADJUSTED,53.56,BUILDING,B5|DSI001,NOT_APPLICABLE,SILVERIETF,REJECT,NOT_APPLICABLE
SKIP,REJECT,872243f06f1c30126dca996bbef339563a6451a33a5c97eae34c4b55c48fb3b4,,true,a93a7acf168696d4e4ae7b6de501f10bf532d499a350dbee7a56b792f08507a5,WATCHLIST,21eedd0a196968c1cdd0c7eef2d5a33b620a18a48495d14a9d771a0f13f09138,2026-03-06,true,RAW,66.57,READY_FOR_CONFIRMATION,B5|DSI001,NOT_APPLICABLE,TATSILV,REJECT,NOT_APPLICABLE
SKIP,REJECT,872d3cb72841ece981d866c566c54d9bb474acb448767d975afab4a76d081fcf,,true,4ba3211a5e877bdd9522d4a362766cdf9ca5c3350a4c9c9a17de3953b88859b0,SELL,838a864c1ff6f98657b253bf282d637670f1e240381ab023fa42404838794067,2026-06-01,true,ADJUSTED,33.26,INVALID,B5|DSI001,NOT_APPLICABLE,HDFCBANK,REJECT,NOT_APPLICABLE
SKIP,REJECT,872f7cb2530fbfefe64b27e5f3a11b9c88144304fe3a8d166062728827afc988,,true,44c3513400146a163afc76d306f01e940bf897097088b80037addee252f5c7ef,WATCHLIST,4d7ab092df5795e16b6d3f182b272c92f02cb8d264eeeb583138d07d8194688f,2026-03-09,true,ADJUSTED,68.42,READY_FOR_CONFIRMATION,B5|DSI001,NOT_APPLICABLE,GOLDBEES,REJECT,NOT_APPLICABLE
SKIP,REJECT,8741e06c37ae704ab166345e4e1c838b657bb502efee843e1b972d52323981ca,,true,20e1f542356eeaff4b36f02db00bd30a2287d759a7f7f75bd8ed86b5dd82a75c,SELL,a3e7afeca07db98bdf0fd79aff3fe3386c8d5d3fb6e2524b976de06ab6576fc2,2026-06-19,true,ADJUSTED,39.00,INVALID,B5|DSI001,NOT_APPLICABLE,SILVERBEES,REJECT,NOT_APPLICABLE
SKIP,REJECT,874a7389dac962682718dc853be150675956bd1855eff8bf90d2f64fd48f553f,,true,b86a3b5a3c1ad9d15892026de6490863d5f0f6b7b0dc063fbc6de083b7bb1e46,WATCHLIST,9499644bb7e3b31822a01b983a021a77e40e3a72f56a98f597cfc30fe0ee994b,2026-01-14,true,RAW,67.33,ENTRY_READY,B5|DSI001,NOT_APPLICABLE,GOLDBEES,REJECT,NOT_APPLICABLE
SKIP,REJECT,874f664e1614fe00da1100701f7eff40b0646779578aa0d46229edbabe8990cf,,true,4e0aeef8a5134e400bb6e2bd43d172e601d0f55ccf564e372444c98da550d254,AVOID,002e1918bf822996977fd2a4bbc96dd49ad54d280790676e9bd38b5e63fa590f,2026-07-07,true,RAW,58.49,BUILDING,B5|DSI001,NOT_APPLICABLE,GMRAIRPORT,REJECT,NOT_APPLICABLE
SKIP,REJECT,875529dfe2b2fd879f295212b6133980083784b0f0e8bc9d675bf280ae038709,,true,e3a38250c18faf030a1bde5c6ea9bd5f91936804515bcea218d6fc6bb97d136b,AVOID,2c9eefab7dff8997d7e2f399dc9eb84a24d790a560c47909225623ae2bf26e94,2026-06-01,true,RAW,57.99,BUILDING,B5|DSI001,NOT_APPLICABLE,CREATIVEYE,REJECT,NOT_APPLICABLE
SKIP,REJECT,876e4e2d069c28577cfb73d6d04d92243e4d50c76857a54dffe528dd1972e773,,true,c1512519709b3be47ee8bcb3c9db1f0e43425d48893647aaa5481b335a68bcda,BUY,05e260a6b076a9eef82ce051e9076b781f19202b26f27392878b0b717f97585f,2026-01-20,true,ADJUSTED,81.58,ENTRY_READY,B5|DSI001,NOT_APPLICABLE,TATAGOLD,REJECT,NOT_APPLICABLE
SKIP,REJECT,8771d214f17bc812ed38efff91f8e3217be89801839317e912435d0ccbb4f12b,,true,e26543f39979068eefba55cb3d2e1d032149cd0c56fc7544096d735b6edc74e2,AVOID,9eb170eec22ede18eda0ec748f1b62f3a3f47706462c782cfa4dd2f3437ff9a9,2026-05-15,true,ADJUSTED,59.00,BUILDING,B5|DSI001,NOT_APPLICABLE,SAREGAMA,REJECT,NOT_APPLICABLE
SKIP,REJECT,878165492d3d5357dfd55df60dfbfe123a417a4ca68c8bde08661cb7f6a33fb8,,true,39c9fe27d16d3de5642cf65a13401b0bc3f5d9ee455d7cba0e10449592481b22,SELL,72630e4b21673fe30d98d95a6bab85400f98f16d5d630cf0197cf6819d852671,2026-03-04,true,RAW,35.00,INVALID,B5|DSI001,NOT_APPLICABLE,RPOWER,REJECT,NOT_APPLICABLE
SKIP,REJECT,879a9fabc85c822ed014cc6ccc5e73ed9cc969cc2761402b44f2cd9492a8aae6,,true,9b21f3793bd5e20c040054e30877def53813c27167133f28785176320339621b,WATCHLIST,99f6b300c6c8aba6dc831f7de54d37796d481314f3f1d1ba875b5dd10891ab67,2026-02-25,true,ADJUSTED,64.51,ENTRY_READY,B5|DSI001,NOT_APPLICABLE,SAIL,REJECT,NOT_APPLICABLE
SKIP,REJECT,87ba471fbb443cc5d6434ed28815469f4b17fb3887595dcc19213fddb3b1ebc2,,true,b96a34cce9ba59f8ce9bad41a89cd8870fc88bade02986282d1d44d0c01da171,WATCHLIST,6b87532eba4c3f12862b3fe2e134ec4fa38191acaaa1202f9ce868d1c73f9b83,2026-05-04,true,RAW,70.33,READY_FOR_CONFIRMATION,B5|DSI001,NOT_APPLICABLE,JPPOWER,REJECT,NOT_APPLICABLE
SKIP,REJECT,87c6f25c2ed3211df4be4cbd4f02d91d99d75f9684139a2f503133ec4d018290,,true,6c6a5447a244d49c6978ff65f64e78882e28c4c38ebfafa690833f8afc77f918,AVOID,2e2c2cfd1e4f2576ae038963c1c6f67cbb0bc1e3e091373747b299530490798a,2026-04-01,true,RAW,53.42,BUILDING,B5|DSI001,NOT_APPLICABLE,ADANIPOWER,REJECT,NOT_APPLICABLE
SKIP,REJECT,87e9e440439844f67b25a88073fe74e71e181f91415c86b487cd4323105bcc03,,true,9aff2c4dd16b007775b10ef734e2daffdf2fea836014784c56633dd6f45a32c5,AVOID,ae41d43efb6cef88103aa9dbb6ed1779952dafb990c3bf19d9648555f72d2182,2026-07-06,true,RAW,57.20,BUILDING,B5|DSI001,NOT_APPLICABLE,PLATIND,REJECT,NOT_APPLICABLE
SKIP,REJECT,88199b01bb669bf4d906154678d582ac0ac35a4036615eb28ecaf8f03070858b,,true,609ea5c2097f2b3613ee003fdf199a89b9d027a31e8f5b3ed71e3eb60aa58520,SELL,2d76cd6a293fb87c04b7eea25be00d56582b824a3836abe1be07320fd70eb72f,2026-05-20,true,RAW,35.00,INVALID,B5|DSI001,NOT_APPLICABLE,IRB,REJECT,NOT_APPLICABLE
SKIP,REJECT,881b2025c22d09e169eaa755edc49ab79e2947ce603b7dafec4269dc37378da9,,true,f8c5cd13d4042be7e4c94e8e780f34e2c4367db216270ebcf7bbc9c530fbe43d,SELL,34b7e4189ddacfc267adaf24f58cdec5e03b17c40a711cccd6325b490300269b,2026-03-13,true,RAW,34.04,INVALID,B5|DSI001,NOT_APPLICABLE,ETERNAL,REJECT,NOT_APPLICABLE
SKIP,REJECT,882f3dcd3fd9ad972972194a085734a335a9326058f27670a5816a246e3cfdd2,,true,d5b74052756c38da62432de45115fb3e0750dfe13178d3cc9624415e2ec7459f,AVOID,651b428f41aee597615370a1f836225dff5fbe64d6c7d10822e11900c4d421a1,2026-06-09,true,RAW,59.00,BUILDING,B5|DSI001,NOT_APPLICABLE,GTLINFRA,REJECT,NOT_APPLICABLE
SKIP,REJECT,8832ad639ccf2d25bd7a4cb50d959633d4c1236474e2017a322a57766f2322d3,,true,fa1a40358247130ce19379a6b1e76e6018d4305436430639e289123194da4fc2,AVOID,b85c591a06987b7ddb227e59a790e8d0365bb3a75cf459e27f0e38394cd6b1aa,2026-04-27,true,RAW,59.00,ENTRY_READY,B5|DSI001,NOT_APPLICABLE,WIPRO,REJECT,NOT_APPLICABLE
SKIP,REJECT,8855ce0ad36e78dc4633b478828d8cbaa86becfa79f73bce657996a29d74affe,,true,f707ce88648c5396dc8eb6de07f4c93def96e2ec8e2b0d510d62711a60acab31,SELL,bfa620e1e5e20d1fb6a105573453f31d3b8942ebdc67241248061bffb77dd552,2026-07-01,true,ADJUSTED,39.00,INVALID,B5|DSI001,NOT_APPLICABLE,RPOWER,REJECT,NOT_APPLICABLE
SKIP,REJECT,886f8986d01a3a54126eea4da772262baa25f6c116f3047ecae276d75f087c3a,,true,3184d33b7a3f6fca07317fa311ab01193ce4c479cb5173d7284cf2ec064f8e8e,AVOID,3b254d3d97b23a435927c8da2a21c7cea1adf2860965daaf809608da1af7fe53,2026-01-19,true,ADJUSTED,47.31,BUILDING,B5|DSI001,NOT_APPLICABLE,UNIONBANK,REJECT,NOT_APPLICABLE
SKIP,REJECT,887a79ea4d8912ae3871cec336584ca0c207e6f580fb1ae4e31b2ab17297c248,,true,65ca7717d51d6f22ed75806af33d19cfc712b8087c0a0cad809b3867c01d17be,AVOID,2f1375fc33169eda1066a7d283ccecfd205c2e87b5a2020f42fce5b1ec145e52,2026-06-19,true,ADJUSTED,44.25,READY_FOR_CONFIRMATION,B5|DSI001,NOT_APPLICABLE,GROWW,REJECT,NOT_APPLICABLE
SKIP,REJECT,88cd48988bd5bd714ffff7cc65fd0376d23154282ef4d0a819f24b5d5a5ac2d4,,true,20308c228f63b30bf84eadb53a364b731c363c3a787d9910daea54957126b633,AVOID,039bf70b245c7e1ba744ddc80d9f7f80e0ead4f09939d9ce9ccdc241ec3dac92,2026-01-22,true,ADJUSTED,52.22,BUILDING,B5|DSI001,NOT_APPLICABLE,MANAKSIA,REJECT,NOT_APPLICABLE
SKIP,REJECT,88e5c9a87e090d31e1c557c7a8be6070b617bf3071184939676eb3bf2af49036,,true,09ae2b6a7f3ed8e7374362fe086cacde8a015d1c2ea036790cf39666d29d4927,WATCHLIST,d71c09c5309c084c37b85a31686eebe35823fad2231b11fbb952ec6e23f82c69,2026-01-30,true,RAW,62.52,BUILDING,B5|DSI001,NOT_APPLICABLE,GEMAROMA,REJECT,NOT_APPLICABLE
SKIP,REJECT,890781906a73a548e5a2db410ba19e9198919489b191f669b957ba341fef0759,,true,3666664a904e3b4514f45ecaca127a6dd1184f3c8f0aae2460ac1527084ad35b,AVOID,c931bda08b8c4d21508df7bee4cb622e144c43efb7c9135a3f7f3bb0e2145a4b,2026-06-11,true,RAW,59.00,READY_FOR_CONFIRMATION,B5|DSI001,NOT_APPLICABLE,TATAGOLD,REJECT,NOT_APPLICABLE
SKIP,REJECT,890a4b14d443922fc80792aa92aa169b8293df16e91b827bc4c28e1e47ded7bc,,true,a99b0439af156fc2870b5215d5f94514504b922f1100091f0328fc47902d1c16,STRONG_BUY,eef4afea2761b8e98de9d7f152376949b517b08fb27b42470b188aa30bd16a20,2026-02-10,true,ADJUSTED,91.62,ENTRY_READY,B5|DSI001,NOT_APPLICABLE,FILATFASH,REJECT,NOT_APPLICABLE
SKIP,REJECT,891e567388685fb97f1a3eb7c89df70a2dc4795480f41d9c75b2029855e026cb,,true,37e9313859066287817f02a42136cca35c19dd3b6339c41365bcc0abb98f7a5c,AVOID,36fa68d68cfc6ca0c3fc98b1e86bcec86993da29539a1da85f6563ad48178fb4,2026-07-10,true,RAW,56.33,BUILDING,B5|DSI001,NOT_APPLICABLE,JIOFIN,REJECT,NOT_APPLICABLE
SKIP,REJECT,89208f1ef3cbdcf0dc560ca8fdca2df537f1f19f17c2019d30498380fea95773,,true,0542845fbbd78be88b7b09b3dc0c04def3e872798c2518cb86e48651ac2d5864,AVOID,54eb84038766ae0abd18a79b243fb0eb169708c6451cce44f186b4d810de567e,2026-06-02,true,RAW,51.07,BUILDING,B5|DSI001,NOT_APPLICABLE,TATAGOLD,REJECT,NOT_APPLICABLE
SKIP,REJECT,89217e6f7fdad1641672738cf22e14b1dd58109d901689912602b7bd543c67f7,,true,ef48c03dba8df12edaa5111b14e1c5d37310d556c1080f624421827a77238901,SELL,8555515ddf6cdc371201066ea88506e011ffa714dd7eec81f523fc576bc8dc67,2026-01-08,true,ADJUSTED,35.00,INVALID,B5|DSI001,NOT_APPLICABLE,ETERNAL,REJECT,NOT_APPLICABLE
SKIP,REJECT,892a57284c77369deb3c4c51065794bf4b60d3bd2b9f8a61feb58d81d22fe82c,,true,9469ff6771aff23e598a4bec8a3bca0f4f15447eabb2d1ff0d861c64e292b00c,SELL,b194c597418f9983c07fef7b3e90066db16d6c204725244ec307b05912013d24,2026-03-06,true,ADJUSTED,39.00,INVALID,B5|DSI001,NOT_APPLICABLE,IRCON,REJECT,NOT_APPLICABLE
SKIP,REJECT,8931930bc448342f82aee35b5b093148a8496e1407a112af29b4a285d87a595a,,true,0f1429d21ff677554675793d6d863d530ed307b34e1a812688d80f32f57705d2,WATCHLIST,1035110dec397d1c27e0e622a246032f830e6bdab5e30c947c76894399ef2047,2026-01-22,true,RAW,60.53,BUILDING,B5|DSI001,NOT_APPLICABLE,MEDICO,REJECT,NOT_APPLICABLE
SKIP,REJECT,8949c77dd14e94971f7c08ec8a0d34138d22efcb552ba4f84e8b3e038b6683bb,,true,8812074343b860c730b2ee392b973e1dab13bb2f8f871ba004c9df33256301e8,SELL,9996353aec0ef64c17e072f8fa0d54bbe5636e57050c4998d7d189b9e3011173,2026-03-27,true,ADJUSTED,35.00,INVALID,B5|DSI001,NOT_APPLICABLE,PCJEWELLER,REJECT,NOT_APPLICABLE
SKIP,REJECT,895ad0f34183ff4f95593eb5f809330fdf4d2eb580f25b5c437dc6c52146ad21,,true,14a055a5df7f7e9f4fb43c61226e55a14cf272487fd4f68c0e6507fa72ba5ad6,WATCHLIST,a7b7e5e2ee68fc639ad6fa23800efae3f0f666af7a46822d7fe942f59cb1c016,2026-06-15,true,ADJUSTED,70.10,ENTRY_READY,B5|DSI001,NOT_APPLICABLE,MOTISONS,REJECT,NOT_APPLICABLE
SKIP,REJECT,8981802000f3faf933a71e20f13bf1ee0bb23a2d27156d216db46d37f3fb4548,,true,27bbe46d4de739fc42732039380fb97e86fadf17352047937103bda60f280808,AVOID,deab69c8d7ecb9fe6ad7d937c80988549ca5a529d27d9421fc6d9ed1a9aa50f5,2026-06-12,true,ADJUSTED,55.00,READY_FOR_CONFIRMATION,B5|DSI001,NOT_APPLICABLE,GTLINFRA,REJECT,NOT_APPLICABLE
SKIP,REJECT,89ae50db26235a310903893c0934d8731da0ce136630b4c4b00ad219d76274f2,,true,a5141c43dcbdaedf3580508f5fed8a0edd84d046319987d7d086f1410970cc28,SELL,c44bf31f39a2fd1699ac98f8f8308dd7773581ed4b9643e987f31d23e205382d,2026-01-21,true,RAW,35.00,INVALID,B5|DSI001,NOT_APPLICABLE,YESBANK,REJECT,NOT_APPLICABLE
SKIP,REJECT,89b29b944169b5a6dc36ead06af28a7225306c9f6d82490e54be0cbd810a54de,,true,b1a04a237d7abae29c9289d6ac38c1e01f9b8fa4487bf17b64f5bdc9b4cef07c,SELL,9c2f40ac2af8613ed0084a064e493e5b99ed7e1ae1e2775b572e7fd03de02264,2026-02-26,true,ADJUSTED,39.00,INVALID,B5|DSI001,NOT_APPLICABLE,TEJASNET,REJECT,NOT_APPLICABLE
SKIP,REJECT,89c54afcf3299adf610e4bee04fa3ad3d6b21ba34db8e578016903347fb440aa,,true,cfc35f83c647f62885be15c03ce8c2a0e3226b598eaea90d69799f010905baa8,SELL,ef830d0e71b719e555dccbbf842e35c7e7a309040e5d5bf53b1f7f9103f1e058,2026-06-24,true,RAW,35.00,INVALID,B5|DSI001,NOT_APPLICABLE,WIPRO,REJECT,NOT_APPLICABLE
SKIP,REJECT,89c7e185011bca1e020d99e1bfcdd1ab6b734e02f5b2a877c394fa36e208cdc5,,true,1111b6dd1707c353b9cc14b1b880fc248df59d5ec33e1ce9b1fa12a959d3cc65,BUY,2ac55289d5f83ca08998d74c9006e738a1a4b6ef0cbbb16f1a1c79b2b213c019,2026-01-07,true,ADJUSTED,83.99,ENTRY_READY,B5|DSI001,NOT_APPLICABLE,PCJEWELLER,REJECT,NOT_APPLICABLE
SKIP,REJECT,89c7f58373a13f7379cf0fdf22d884a68eb051cd820cdb7fca967a414cc5ac25,,true,ab651c61b386fca1578a8ce9bb687f3e818deb21b25215cf498d0345b64a5285,WATCHLIST,17a796a1b0f77f21505eeba07d6dfa469633c85968209b432613c29084a9cf85,2026-06-05,true,ADJUSTED,64.54,READY_FOR_CONFIRMATION,B5|DSI001,NOT_APPLICABLE,GROWW,REJECT,NOT_APPLICABLE
SKIP,REJECT,89dc454d2686dfa9a5f5e6978d915bb6bddefb811894e9946959450e3527fe36,,true,6f46156bca081c685bf3de924f10e5fd524ac431c1c98075332c2f7a87451171,AVOID,a3538b4730d9c122d767dc2bf7e7e6487dfb5c143108d4164d9a960c19d4e2e8,2026-05-19,true,ADJUSTED,45.65,BUILDING,B5|DSI001,NOT_APPLICABLE,GOLDBEES,REJECT,NOT_APPLICABLE
SKIP,REJECT,8a5194674bcf9ad36828ccb231865bcff24a995875f834cc297cb194d923926e,,true,e53149b6c07e615e65bf965259360c85f541d58a7ba777625b2a21b6048f7682,BUY,b5c42de37e8bcf74b046999da07acd4559aff5da07be15769a3726b1b1bf4033,2026-05-25,true,RAW,79.73,ENTRY_READY,B5|DSI001,NOT_APPLICABLE,APOLLO,REJECT,NOT_APPLICABLE
SKIP,REJECT,8a6377e44cd40b5584caf42820a07b8cb38861a16b7f287b72837069240563fb,,true,67c2bef2fca8cb190fa2579b90c09ddffc34990d07c1831169d3b5429e9071d2,SELL,b6fcd668ef51f52f29c6a18056916f5e853693118ad886aae0c1ed14f7cfa8cb,2026-03-17,true,RAW,35.00,INVALID,B5|DSI001,NOT_APPLICABLE,HDFCBANK,REJECT,NOT_APPLICABLE
SKIP,REJECT,8a729d163e0f0058721e46ac509605fec137b6423de4bc0ab59a0a5ae5fe36ad,,true,c0c15cb11d7cb930a5cc35aed8b14ee364fa1392a315c768ac83ddf0891f48eb,WATCHLIST,6b6510eca6894beee800c225fe780a37521498115880cbf2cc0db50b3d8adeda,2026-07-26,true,RAW,62.25,BUILDING,DSI002,NOT_APPLICABLE,BEL,REJECT,NOT_APPLICABLE
SKIP,REJECT,8a826b474b120762fc673707c4029a96487a897e6a3d25f3737563536663be7c,,true,92699163df8bebe8e47cee3f84529f750af309cc5de4b18ee9f147ea1552227e,WATCHLIST,1804b2f4786aede69be75addf2689c43ec4267668e122fe3da194124e4bd8a9f,2026-06-10,true,RAW,69.15,BUILDING,B5|DSI001,NOT_APPLICABLE,AKUMS,REJECT,NOT_APPLICABLE
SKIP,REJECT,8ab2b42ce84b9e01c770af1478658db77dc7f13e4b138b89550faf3b5c09b486,,true,34dd84c9a2424d4594cc35ad0e387ce31264057e32fc169efc17acddd02964ad,AVOID,8579328966ca0e78caddb7c711fc53e49d5dabb5411cf9d930184c5035ec96b4,2026-04-28,true,ADJUSTED,49.41,READY_FOR_CONFIRMATION,B5|DSI001,NOT_APPLICABLE,RPOWER,REJECT,NOT_APPLICABLE
SKIP,REJECT,8ac24e2e6fbdfaa6386265d88cd78aa47c48dadf927a1362aa3f05f88c35e816,,true,1a1a909be94ce6914d273f9da5c962fe7e34afee380fc15eb875375125ffaf41,SELL,5375c1ececcc68e26a25aff15af7a50b441e4983cad05ef938ff1a928fec1d27,2026-03-05,true,RAW,35.00,READY_FOR_CONFIRMATION,B5|DSI001,NOT_APPLICABLE,YESBANK,REJECT,NOT_APPLICABLE
SKIP,REJECT,8ac7e53e29fe0d646329b241bc37c4882623854b3f8e56dac2fb3def8770b323,,true,12c6e183805f2c35078a23fddeab42877bef97205122c686e82b3437fd6db077,SELL,38dbee7f24924cacc554480ee73eb803b032b97a024f88196b766dad74578398,2026-06-19,true,RAW,39.00,INVALID,B5|DSI001,NOT_APPLICABLE,MEESHO,REJECT,NOT_APPLICABLE
SKIP,REJECT,8aefdad805804c15ff726d56692bdb65f6851da4f36aae3b26c821466e2cbe4d,,true,492ac630313e1f67f9bf29dcfc24294268f9255018324b1f630d87267fbcecb1,AVOID,c5a33e2fd4f6a8f24dc7fc5bbe184ae8b3e45807c44a9530093897ce9cd81562,2026-02-24,true,RAW,49.92,BUILDING,B5|DSI001,NOT_APPLICABLE,GOLDBEES,REJECT,NOT_APPLICABLE
SKIP,REJECT,8b08a5d1aa84d86ea769e451b126dcf58e7f36fcf9101aad2ae1a885a9e5eeb8,,true,22b7413af626a1980af0713aaaf1ef48d075ea612c5d1cc8d6b371508ac5a802,SELL,6911d1e86f65de96e4fab0c32580e8ab72f314ffec8639bc0e941cbd2115920a,2026-07-02,true,RAW,35.00,INVALID,B5|DSI001,NOT_APPLICABLE,ITBEES,REJECT,NOT_APPLICABLE
SKIP,REJECT,8b494e1d3df5fd54da6dae260e14be66c3d140881edae2daa406e35faf26776c,,true,c2200c9e21202d4c4db09513397cedca0036a7c186207376c1f1ad8a5bc3609f,AVOID,002024c17ce80a0611d76dbe7468d886fce66036b7cfd703704ffadf36c52efd,2026-05-15,true,ADJUSTED,55.27,BUILDING,B5|DSI001,NOT_APPLICABLE,NEPHROPLUS,REJECT,NOT_APPLICABLE
SKIP,REJECT,8b8b3c1b61fee59bf128e742c50fd84cd127f0aa403d24bf7d39553b5798bb35,,true,3b2ac0671c307aaf825f1391f396b7043a5ee0190828fb1ccd8eae7fd680dc39,AVOID,b0d971cfd88ada4e30f2581ce4a78b4b9ee5b25961323627afe24d2d5e5fe914,2026-02-25,true,RAW,47.34,READY_FOR_CONFIRMATION,B5|DSI001,NOT_APPLICABLE,GOLDBEES,REJECT,NOT_APPLICABLE
SKIP,REJECT,8b95f3b647558dbc25ea6ae028d7a52694a81763489679b7cdfda7463377fdde,,true,05cd053ec85490ecc4f836050999d9d228b8ebe9166f6ce3236f048e33a7b235,SELL,2a65cfc7f52eb600c476eb5b9212c70820f1a3a167f30174d4a9990e0b83d3fd,2026-07-16,true,ADJUSTED,35.00,INVALID,B5|DSI001,NOT_APPLICABLE,TATAGOLD,REJECT,NOT_APPLICABLE
SKIP,REJECT,8bab7c176cf644a083188dfebdcbfc9a6e03731c36c3186e62c8946b66deffca,,true,7b04752bd3e5325b81649c2f194c0381959a3dd686d8309b6234d99d1fc09b48,AVOID,e59664624ff5caa548ebbc2cd10441b9462397c48553427f2597f701bfcc8c89,2026-02-24,true,ADJUSTED,48.78,READY_FOR_CONFIRMATION,B5|DSI001,NOT_APPLICABLE,TATAGOLD,REJECT,NOT_APPLICABLE
SKIP,REJECT,8bc2b2ed83419b7fa8492fae3c609684cdaad577caebcbe1a2f30e9405140ff3,,true,b7c3bf1e7dc4cd7c28de3ee8c558129bce03625cf1f46d62ad4f6562b5c876fb,WATCHLIST,aabd5a931cbf3dd664312d87ee7f4fbfeba5cf181214987dc6281ad65e29b1bf,2026-06-09,true,ADJUSTED,68.62,READY_FOR_CONFIRMATION,B5|DSI001,NOT_APPLICABLE,YESBANK,REJECT,NOT_APPLICABLE
SKIP,REJECT,8bea8d1bff64c05aa533de6603bc56b06e12e4dc4c43d0ad6e6385dab2aef638,,true,ec0d06a13781df5b770b909690b7476c895342f5aa741636effc6321ecf3008b,WATCHLIST,73afa7c3812c2af41692b3a0a6a79e187b82c53c0d61d7d9e50fbc3dd6847ff2,2026-06-19,true,ADJUSTED,62.33,READY_FOR_CONFIRMATION,B5|DSI001,NOT_APPLICABLE,OLAELEC,REJECT,NOT_APPLICABLE
SKIP,REJECT,8bf12591ebdc29c2410f9b084b084a9bbb5120f0f4ad4975231583e3a20926ac,,true,822e1cc1afc12ac2e5f9b54a36c679a1780b67a65933b30052ffcaabc553c435,AVOID,a025f9751333833dc503243c27d182b1633cf628549b68f3535f8e9bc03b3b59,2026-01-14,true,RAW,51.80,BUILDING,B5|DSI001,NOT_APPLICABLE,PNB,REJECT,NOT_APPLICABLE
SKIP,REJECT,8c05c6d3867ccf2622c4a3fee3637095f14d8461ff84ebcb4b435d50aada32c2,,true,fee2317e4d1fcf3333512af51f02ca86c117e701ac5f28898e37c95786b1571a,AVOID,baacd404c413524299f646a4e66b6b155355e80d0d386e91032d5a7f4572b9a0,2026-01-29,true,ADJUSTED,57.67,READY_FOR_CONFIRMATION,B5|DSI001,NOT_APPLICABLE,SILVERBEES,REJECT,NOT_APPLICABLE
SKIP,REJECT,8c4ecdadc66e5cdc1b268e729116d36997c89a8f1e0322a3f7683a923ba2d466,,true,42b8a86e0c388332d653e0972cfe5dbabfa975374d2276a7a335fac3ddf7ce8f,AVOID,3e8ecbd1772b01440ad3aa3bedaa511eefd8597810afeda46e5c83debe5b21fc,2026-05-21,true,ADJUSTED,56.34,BUILDING,B5|DSI001,NOT_APPLICABLE,JSWCEMENT,REJECT,NOT_APPLICABLE
SKIP,REJECT,8c8e4f753a6af999dc6e5d2e6a2fdaae896e20cb4f62eb5d248bb3a11028c5a3,,true,32817fc0c9a7f921cff500202d1879b23224ffa7fde6b8027181c7f848a2e400,BUY,82c45ac82ceee63357d6bb08a18e41bbf762a4c44f4d02d70fbcc829e2b51409,2026-05-29,true,RAW,80.94,ENTRY_READY,B5|DSI001,NOT_APPLICABLE,OLAELEC,REJECT,NOT_APPLICABLE
SKIP,REJECT,8cab5a353e795a2fda5ef76f706c2dec6386d5aa5fc048e8ca221751e0495d84,,true,2eac69d91bd30b70f9b9bd9b337c845f014aa56def095e61f5e3843d4c3c661c,AVOID,0ad183143698265b6d6ffea3a10cbdd2bd1737a9a53b2c9e6323460b56bfa14b,2026-05-18,true,ADJUSTED,53.82,BUILDING,B5|DSI001,NOT_APPLICABLE,GOLDBEES,REJECT,NOT_APPLICABLE
SKIP,REJECT,8caf8d825c6042806816d8e6db65da79f70b51f0563a5cf7dd2a526d58ac4792,,true,e455ef7901c89daebf6bae5d33de6c15240884ec27c56891946e69033552b88e,SELL,5a1d7d1c279ec2224bcd19fac066c2604d5d7b29fb491e3dba37676a5509cbe0,2026-05-29,true,ADJUSTED,34.02,INVALID,B5|DSI001,NOT_APPLICABLE,HDFCBANK,REJECT,NOT_APPLICABLE
SKIP,REJECT,8cbb33bc414c32d5f77015bbcf78263268472032410ea0e9fc2f18f84a18c80c,,true,7e24b943b80294c72911fe34c77cd8bdd7f9a099f2398e7c66260e99befdbb44,AVOID,bfcc4da445da6beaef551c6e813bbfe45cfb2e1cd71f72c0974ea2ad20df50f2,2026-05-26,true,ADJUSTED,57.33,BUILDING,B5|DSI001,NOT_APPLICABLE,IDFCFIRSTB,REJECT,NOT_APPLICABLE
SKIP,REJECT,8cc976de1daf2b6241bc4ef4de6c5cb06f0bd5e2924d241264d9cb49b88a3591,,true,d8b2ca4eb07078787c9878252d5e14aeae5f13db26eac2952b6657eb03abd219,WATCHLIST,c89afbc7e11de24448293351998a6344a3e79ca56cb55fefddc5bdbcbd2d01a1,2026-05-27,true,RAW,67.16,BUILDING,B5|DSI001,NOT_APPLICABLE,ZEEL,REJECT,NOT_APPLICABLE
SKIP,REJECT,8cdb055e0b811887961bd2fdfe4c5945efec1fda7282541e9b66a35f770af363,,true,55f34228c8a915de04a323758c768f42a1ffd503c69229a5a248723af313a1ff,AVOID,c4a914850216dde44f1623a9d38698c5b71ac6ec44a50cbeb978bf7ab53878f5,2026-01-05,true,ADJUSTED,50.47,BUILDING,B5|DSI001,NOT_APPLICABLE,TATASTEEL,REJECT,NOT_APPLICABLE
SKIP,REJECT,8d007b78f3b8d49c4d23b84d85305f37694b68ebc8653e4a067153168de9aaed,,true,2d65e3e9488d753c608c676db716dda8e2c5780b3ac1851c0eb908f3dd55f6ff,AVOID,fde344e5fd8f48fcd3a35896b9e3f32e7e5dc4a1662b22a9636507c79c28872c,2026-06-25,true,RAW,41.16,BUILDING,B5|DSI001,NOT_APPLICABLE,LIQUIDCASE,REJECT,NOT_APPLICABLE
SKIP,REJECT,8d31878eca2294fb3d99dcf77bde4f0c3210288fbb85486bf475256dc73a7f8f,,true,754819f4ee254878fc3e1d16b4f7ed52596d8a92591b53992b47d27e26f0f5c1,STRONG_BUY,3b08a010024fa6fd377ef0fd0b7c2351ed2931ac7afb39d0091e7e8e15dd23bd,2026-03-16,true,ADJUSTED,91.66,ENTRY_READY,B5|DSI001,NOT_APPLICABLE,MRPL,REJECT,NOT_APPLICABLE
SKIP,REJECT,8d44a7221fc332369b0c5c90efd3782e3719960850416e5d591d169c3f19d1d7,,true,7362dfe6ac8a78293dbcf99655596b3df34c90906c3f7977492e3b2b3d8bc81c,AVOID,d65ab5045a7d2339a90f0592e7e20b4967fc004aa0242ed4ee9a39be160f4aee,2026-05-06,true,RAW,59.00,BUILDING,B5|DSI001,NOT_APPLICABLE,TATSILV,REJECT,NOT_APPLICABLE
SKIP,REJECT,8d4c1217bc6780ecbc447a42336f8be09c13867568d325871bc30baf5686fa38,,true,c81eb778663922155f03267456914b89c4aad23d3ef40b9ebaf7f8aca5dc24f0,AVOID,7707471a25df7e6b4007744d5ece785e8a3770ee2d9e0b03edf27bfbb7fd5381,2026-04-22,true,ADJUSTED,56.53,READY_FOR_CONFIRMATION,B5|DSI001,NOT_APPLICABLE,GTLINFRA,REJECT,NOT_APPLICABLE
SKIP,REJECT,8d5f88a8fbe205ccc56966074eeb069f3c15a8db1557ec6641cf63d24be3e545,,true,8bc85fe5c937063defd1d0a2037b2d3be034bdabbfbf7e341747a25c08274bf1,AVOID,118fac025cbbfc751e92a53efca4b7d45e5eb7a14bac549e9d951e9f9127b4a7,2026-01-23,true,ADJUSTED,55.49,INVALID,B5|DSI001,NOT_APPLICABLE,MONEYBOXX,REJECT,NOT_APPLICABLE
SKIP,REJECT,8d633cbc27bc0de02e66728bc96457011f406adb6435ee86d6e4b6756e7483ec,,true,fc82fc09306948bc8c1f5736af4d030874f5ef76104d074934c849c10c155745,WATCHLIST,a4f25eb6d0ecf26a931d2766a97490c643a77ff2b43a8589d73696146adec515,2026-05-20,true,ADJUSTED,74.00,READY_FOR_CONFIRMATION,B5|DSI001,NOT_APPLICABLE,OLAELEC,REJECT,NOT_APPLICABLE
SKIP,REJECT,8d637b23e44624434687599580fac53db859e8290d00dd89cb5a403cb7b06e48,,true,0bd32e484cd3bd69d6ff04a74ffa4a041e7733a9d0e52733ac5d4abec42ea77d,AVOID,985404905a949df46beff6db254122db03a3c5f12b2d622fda9bbb18d8c498a8,2026-02-04,true,RAW,53.32,BUILDING,B5|DSI001,NOT_APPLICABLE,SILVERIETF,REJECT,NOT_APPLICABLE
SKIP,REJECT,8d6594a2cf64068203e51440ef063c51990226446763652f9d3f068e29f3de63,,true,3cce48d5673a7f1e62bf5182e05a33fc6555d6cd4a6cc6ff518cf1d8f0dc88c8,AVOID,5e53ea9d471136770245989dbe494fad159f6d6349fb5a06f5a0b6f80010ab87,2026-03-17,true,RAW,52.88,READY_FOR_CONFIRMATION,B5|DSI001,NOT_APPLICABLE,TATAGOLD,REJECT,NOT_APPLICABLE
SKIP,REJECT,8da711d3d054b19ec861adb43460434debea0129536a7e3126780e70a8bf7492,,true,ef976765aecd8ab45af47f77cc90e84c4469bf1361e9469c7f8cdbfc3a4d35c0,AVOID,8acaf88330a5537c9019978e81af36d795f348b06f751ab7379e0de107efe3a9,2026-07-08,true,ADJUSTED,47.69,BUILDING,B5|DSI001,NOT_APPLICABLE,PWL,REJECT,NOT_APPLICABLE
SKIP,REJECT,8db80d3025e8cadd03034f235c0c364b4ca96aae0cb2f2c48c08f8c40214ae6b,,true,2c3feea3e35e95cc6d1e588a57bcc98fa9d114797e6ca6d6e8cb725e6c6265b5,AVOID,6f3962deb5fc90d757db4f159cbfc7f57c80063df769304648866ae18ddf41ae,2026-05-06,true,RAW,59.00,BUILDING,B5|DSI001,NOT_APPLICABLE,SILVERBEES,REJECT,NOT_APPLICABLE
SKIP,REJECT,8dd5332c202dc7f12cc3beea7009d6f7bcf4d58fee06e0de525027232130bf8d,,true,24a64052c90b8af3119bb1182a6aa806a34987cefaf15895d5ee1855489b38c1,WATCHLIST,8baabca6c512fa38ff4997ff337a449d940181ce6df030e9bfb34f29105742b3,2026-05-15,true,RAW,68.84,BUILDING,B5|DSI001,NOT_APPLICABLE,APOLLOPIPE,REJECT,NOT_APPLICABLE
SKIP,REJECT,8de058185d80e3e4901d82c6d2c821a389d2bc0f660ee1b89b9098145f804dc7,,true,d5561ab6eca828fb3b32c28fa5a48112a46e66be136d0567ac7bb82a8c9d55d5,SELL,1e5e418a4590799b6ffdf13421feea2f7fc5df1f10cbd6e35d34ead1681f1f9f,2026-02-26,true,RAW,35.00,INVALID,B5|DSI001,NOT_APPLICABLE,RPOWER,REJECT,NOT_APPLICABLE
SKIP,REJECT,8e48e4218edb8d76b691d525d00f6ae6c1d99768b7295cc356a0b2f89f8a73aa,,true,1b74f4fb7a5a0745a47c3c041483066b11ff8ac6ef80663f08fc8590d110875e,SELL,548ad76daf4043eac6df540b2d24990673ebd77b0ac4be1b5d39e8524007c3bb,2026-02-19,true,RAW,39.00,INVALID,B5|DSI001,NOT_APPLICABLE,FILATFASH,REJECT,NOT_APPLICABLE
SKIP,REJECT,8e4e1b3936b7cc2a5e6ef58c1fca6b937278b4111bf0cf082fb75fb4686671c7,,true,87bb68f186a8c718c5e45cfb5b44bae5e3573c41eb3fec35f098b02bea5a68c2,WATCHLIST,9dbcf253aed04b0912763f186adf10865ebb00ae6f1e8de3f60e85878df338db,2026-02-19,true,RAW,61.84,ENTRY_READY,B5|DSI001,NOT_APPLICABLE,ONGC,REJECT,NOT_APPLICABLE
SKIP,REJECT,8e9348398b5cc2fc34c5e213fa9fc5a68e079135287b827dc91f42eea6b01998,,true,3db0f77a510c4522216e4b7ae058d44d849a81c714b57518f11f44e9f312cf32,BUY,b46b90fda707ec2272b27b9cc71de8d5599413952535902427e3560deb491a83,2026-06-10,true,ADJUSTED,89.15,ENTRY_READY,B5|DSI001,NOT_APPLICABLE,EASEMYTRIP,REJECT,NOT_APPLICABLE
SKIP,REJECT,8ea5e1c6da12cd7723c693f2c050cd3e5aaf723ba8712002aa8a964e867ab04d,,true,7f5bd4e54065fa785b547873666b7e955f5a1ef18e26605bd8c67c51e767191f,SELL,56962c4a84e02bc56fc59652752162f041974941dfe91a7c1688a77f934dd55f,2026-03-10,true,RAW,35.00,READY_FOR_CONFIRMATION,B5|DSI001,NOT_APPLICABLE,OLAELEC,REJECT,NOT_APPLICABLE
SKIP,REJECT,8eccd2a567ad2e059b83ca9744de9e62864861c7f16e7c3f3e9eddd381772ded,,true,9db7f2e669d6181f86f9f972552fdb73d61ad9b9c689c57d6698900155b3a890,SELL,583ff144d0fe7683631758ab823d9c3e40b2f2c3f92bbed864d90cbe957bba06,2026-03-04,true,RAW,35.00,READY_FOR_CONFIRMATION,B5|DSI001,NOT_APPLICABLE,YESBANK,REJECT,NOT_APPLICABLE
SKIP,REJECT,8ef2f934339f3fd5fb676235dc6141b2347c7813456edf1851a8ee407254fbc4,,true,6ebfafd355b55976b4da8f9c1aeb47aee88c55a94410b688c1494ebfc6a2ac3b,AVOID,17f8778e6f0a41abd84f564201c200d840f2c81677f722232d6260d035ebb6a3,2026-01-21,true,RAW,48.66,BUILDING,B5|DSI001,NOT_APPLICABLE,GROWW,REJECT,NOT_APPLICABLE
SKIP,REJECT,8ef568df6369b7e6ed75a4524d832bf435338c9e0644500b7e13f91b742eae18,,true,86083254c1edf7705a8f89e538b0fbb5f43efd4ba56f65f487db721884c44dba,AVOID,4eb014c85d3d9beec11133b0dd1a7676306dd661de2ae273e988dc7dc8981299,2026-02-09,true,ADJUSTED,59.00,READY_FOR_CONFIRMATION,B5|DSI001,NOT_APPLICABLE,TATSILV,REJECT,NOT_APPLICABLE
SKIP,REJECT,8f2b25b9e22ebc3a511565a94b7b97d23d42b42eb75a7172698d47a64fd4472e,,true,10b10228b026110291c956d69434bbf34618fd8c7cfc82c51034bbf0370bde3d,SELL,f66cd72f208a57fcb521e6a91d4f2b3c56c22f3b3fb89f0dab570d3c8e470be5,2026-01-21,true,RAW,39.00,INVALID,B5|DSI001,NOT_APPLICABLE,ETERNAL,REJECT,NOT_APPLICABLE
SKIP,REJECT,8f50e1d436625d8ba9e73be168b7faf71199e0213be5f0648f242420bb30a6ac,,true,39066cb16bf0d543d0c9dad35af9d4b346b0e3bf2cefa460ffc894948844265c,WATCHLIST,2fc1e42ea87401264b2678bc5df907dc8ffbac0309ef075e991454fe09a5cd66,2026-07-08,true,ADJUSTED,61.38,BUILDING,B5|DSI001,NOT_APPLICABLE,SGMART,REJECT,NOT_APPLICABLE
SKIP,REJECT,8f63f30be2a134130aeb1ed0dd127b5d2cb1be6dcd679caea01fdef2f8224b22,,true,0e273ed462835e76b9c1b7e05544e478abba63965d640f1f461d066b2d0c98ed,AVOID,88144b3c020d0c54a766d0582d7a955e97bdc92bd3f7a207703eed9e1563ec75,2026-01-02,true,RAW,48.28,BUILDING,B5|DSI001,NOT_APPLICABLE,LIQUIDCASE,REJECT,NOT_APPLICABLE
SKIP,REJECT,8fbaf580ce7415eaaebfcbe72e9c8d31e3874ef99a1098a6b9db54fa096339c3,,true,e9e128ac3688ed0dcdedb3a62d0337fbd7ce1408ac94eb16c1f46f5eb499b150,AVOID,cb4fe4f823d3638eb461193aa7675c7538b26c34fae8ae7e83e7733d69623272,2026-06-02,true,ADJUSTED,50.41,BUILDING,B5|DSI001,NOT_APPLICABLE,WIPRO,REJECT,NOT_APPLICABLE
SKIP,REJECT,8fbefc180f8456bcef81a59dd593457467c8fc6128cfd9e857d1b60ad7e44e31,,true,47ca6fee376c26846f27fef11e4df86fdbe5570c6f720bbc038cb1a34597568b,AVOID,55c1de08161994b427f9254b41ba5af5d38b35568924d0a2279ddad05bf7bb06,2026-06-15,true,ADJUSTED,41.13,READY_FOR_CONFIRMATION,B5|DSI001,NOT_APPLICABLE,OLAELEC,REJECT,NOT_APPLICABLE
SKIP,REJECT,8fc9210c09b014055395c432ed667a3a37c860ca669164ecff2f87744fd079a1,,true,e68cf37ed956d3830f2e17fc11318e24d3246490301a1315662e93e210c69bc5,SELL,25f25cefbbc576fc2ff5e05da74fce957b65b1aee770112a07a2983bbe938d52,2026-02-27,true,ADJUSTED,35.00,INVALID,B5|DSI001,NOT_APPLICABLE,SELMC,REJECT,NOT_APPLICABLE
SKIP,REJECT,90500b85880900a8a4d8c58b06428570734923f473e45dc00dd12c3c888fbf18,,true,31b71ee808cdeba47437fc5c54b600cf76159f1cc6e5f77a4351836368824df3,SELL,c835db00f784332c2b5e0b25e1f22e2ee5c9f6a0be537c0cf118e0ff0510c755,2026-03-27,true,ADJUSTED,35.00,INVALID,B5|DSI001,NOT_APPLICABLE,YESBANK,REJECT,NOT_APPLICABLE
SKIP,REJECT,90703fe2ddbb7f8f40f62e32212234fbd8d837ca9d14a327f7fb4f053d515e64,,true,a83dd4d4f7c3d8204b45d3f0071473077c55f8e0a00b87c1904ac153c1b9e0de,AVOID,f4e0a8b14e1f9f61f3ac9f9e2fd00ee4d7cd87f62be274fac1e5213a8cc4f520,2026-03-06,true,ADJUSTED,40.00,INVALID,B5|DSI001,NOT_APPLICABLE,YESBANK,REJECT,NOT_APPLICABLE
SKIP,REJECT,907d873880894b29646db563799793b2547919e1a8757394d8ca8e750e22ca54,,true,fd9a75b6506a7d2e719070deded4cceb57da5b6412a872af0db4bf9dabdf0537,AVOID,a79e4179e0630fb617084acd29be45b85334f077200e85006c1cd63cb06c7b8c,2026-01-02,true,ADJUSTED,57.49,BUILDING,B5|DSI001,NOT_APPLICABLE,GOLDBEES,REJECT,NOT_APPLICABLE
SKIP,REJECT,90806d5f750ad27075901e2a945f630aa57d50e87be16ac1df48caf574c2b91e,,true,df631df1e5204e30c518259a4d5c523cc9953ab5c4c4f2a912d49ca630a203c2,BUY,497447cc8cd693e574b817558a34937b4eccc73b2a6f996e0a215d55b80cce0d,2026-02-03,true,RAW,88.04,ENTRY_READY,B5|DSI001,NOT_APPLICABLE,TATSILV,REJECT,NOT_APPLICABLE
SKIP,REJECT,9086e12a14255e87869d93a81ccd462caa15b61aee1da8ba54c3c1688a937536,,true,3f68e61ea093696f9ef04754c6d8e03fa478a186c4b06cb0a771c46d3f0e80d1,AVOID,ac6ac6d7fa4296bc70b90b2e9cc4ea9dbcf1a31896d2fcfe8de3877586376c74,2026-05-20,true,RAW,50.21,READY_FOR_CONFIRMATION,B5|DSI001,NOT_APPLICABLE,TATASTEEL,REJECT,NOT_APPLICABLE
SKIP,REJECT,90cb9cc1c06ea6c07c8c910f77294869d70e96f9024d02445905ea15caad3760,,true,f9c62c27fa19ba31e5e26a59373aab2b64d5ba71c2df38d62ea35d2abddc2e5a,WATCHLIST,171b35ff5b191b32d8cb3a795aea930231f27c22136f941736f319e659abfc96,2026-01-22,true,RAW,72.91,READY_FOR_CONFIRMATION,B5|DSI001,NOT_APPLICABLE,TATSILV,REJECT,NOT_APPLICABLE
SKIP,REJECT,90d3e0f3d26218cbf8499b48ee6de3449b4361042babbf79a7ccab2500c80d45,,true,106d9ffefb1a16cb627749c8c9fe2ea7c44828a807977852ebd09e1d8026da50,SELL,6e10b1e229e2f1fc336291b8620a8231049d4999795bd055ece885f290180919,2026-01-27,true,RAW,35.00,BUILDING,B5|DSI001,NOT_APPLICABLE,YESBANK,REJECT,NOT_APPLICABLE
SKIP,REJECT,90dedd5d3e0577c764348f55c7eb995b8fc34c9d19de25867b0205bdeabe32e5,,true,ca2dbabb50e35c41ccb9d6d2faac9a1fd51c8bfc0eccba2e9a7a7412bfc9ed19,SELL,f983415d805fc6b37e5a9a07081ecd0970c97ca891c4a9eab8a8d8cfa4a6a600,2026-02-18,true,RAW,39.00,INVALID,B5|DSI001,NOT_APPLICABLE,OLAELEC,REJECT,NOT_APPLICABLE
SKIP,REJECT,90eadd69e69e922eff6ef716c0bfcaebcb9a70da76c76d5ebb18cdb4ce69e8e8,,true,b77f17d67fc3d2d7889c163b80cb292da5617b10b867239b6cade6266daa7c5a,WATCHLIST,89c7ae4f3e0d6c11cfb3ceb56417a7f597f5173b340a44cefb006fde3937ef9e,2026-01-09,true,ADJUSTED,66.84,READY_FOR_CONFIRMATION,B5|DSI001,NOT_APPLICABLE,SILVERBEES,REJECT,NOT_APPLICABLE
SKIP,REJECT,915ff913e24418568675b1ff4444658274177575a85f4262c2e8994b5c0a54d5,,true,959c4fdcfed5d8fc13f1a81da1c271d058accd97a363a4a22b025836bee88607,WATCHLIST,7e2ba159f59c25cf7309b40acd0204a3ffa24e0f2c85e5374b0ffadfba81f1c1,2026-01-28,true,ADJUSTED,68.41,BUILDING,B5|DSI001,NOT_APPLICABLE,ONGC,REJECT,NOT_APPLICABLE
SKIP,REJECT,9162f8652529e66fa677bfb4a113697e17efd1e2d493e73b43ab8ea591e4fe6a,,true,74f0443ae0a2737698053189aa9da9075f20699fd7366059603f2f49bfe9a95f,WATCHLIST,1e194ce61b1eaaaa370764ac58fb725a2458407a80a83e86de3217331cbe5020,2026-02-17,true,RAW,60.80,BUILDING,B5|DSI001,NOT_APPLICABLE,PNB,REJECT,NOT_APPLICABLE
SKIP,REJECT,91674f76dfb863eadf9551104b89c35b79f193e8e46cef020114f5ba3044d7f5,,true,f6ac7b541ad84db49907e1ba50bc200b4852b0c6daa46befc8a267ac2818e00f,AVOID,14eda1ae4ada2fca7cff020ab5b4edbd082a338ecdd215359df5e98b1a9de9d4,2026-03-23,true,ADJUSTED,59.00,READY_FOR_CONFIRMATION,B5|DSI001,NOT_APPLICABLE,DCXINDIA,REJECT,NOT_APPLICABLE
SKIP,REJECT,91c505c7029b91ed85182543a1f10adcb810e2ac05834b713f6765945c7f6554,,true,3b79502882a434218dd328f50c2a79d653321e99251146bdff29f3349736166a,WATCHLIST,0337755a00a11383448bec2f732b5f75bb526548cf93166dcb1ba7f6f7a8d9f9,2026-03-17,true,RAW,74.00,READY_FOR_CONFIRMATION,B5|DSI001,NOT_APPLICABLE,TATSILV,REJECT,NOT_APPLICABLE
SKIP,REJECT,91c7de2487271fe8f46826bc66a99fb97e0b06e21c3571f06817374839e2aa6a,,true,c09ce601304451152327464cf3b5d6696ac0e163c239e5da3bec0fa135c8019e,SELL,a87770cab9783be621acd7a4103ade6dee97adea9bb50b57c6f6b43d76fed201,2026-02-26,true,ADJUSTED,39.00,INVALID,B5|DSI001,NOT_APPLICABLE,IDFCFIRSTB,REJECT,NOT_APPLICABLE
SKIP,REJECT,91d6909662c3c5787810db6fbf223e9280825d1f78323b74d1ac194a60c05344,,true,e29da2638b7d8437186d3f2e1a0229b3cb563e3111cbda4462a2cc62c054102e,SELL,aa1fa4046d57765bff714a97a94deec4fd49fedb76066fbda8057afc9fb1f051,2026-05-14,true,RAW,35.00,INVALID,B5|DSI001,NOT_APPLICABLE,VEDL,REJECT,NOT_APPLICABLE
SKIP,REJECT,91e165ae2218d1a0f1d46f0c2071866f5f07b690b5fca71680d000ec529a9f9d,,true,2448ebcb3512556221ab864cb74deba7cb762f219f5606e61df6d2a652725bc8,AVOID,361a5c6ad0179e2d3398ba10a26f73e2744ec09c1e671eef529dbf6c50a7de70,2026-01-16,true,ADJUSTED,58.34,READY_FOR_CONFIRMATION,B5|DSI001,NOT_APPLICABLE,DAVANGERE,REJECT,NOT_APPLICABLE
SKIP,REJECT,91ef1e24ca0b35b9b7d08d6726c4a73effaa8c56015b9a6448edb9158304558d,,true,5b83e4e010ecdeea0b66fa91b75db256cba170d2a4adcdcfc99871fbebb2d85a,BUY,bd1e5293bd8e1cf75b0fc2a06006ac68061b4620384e0430556b08627415c5cb,2026-01-13,true,ADJUSTED,76.94,ENTRY_READY,B5|DSI001,NOT_APPLICABLE,SILVERBEES,REJECT,NOT_APPLICABLE
SKIP,REJECT,920bcf0ee7878ee8042b017c8b000dfe8d0b54f0d44499cd7cfc8bf214930328,,true,c54f4e25395bf0bc4eb6c4daa1c3d7ed736d25fbc0aa6e0b0e9dbc2ac5b96033,WATCHLIST,05d43323021f2181c6f62ec8fa079c9294d6d84cecb2dfa931a2225ee882af15,2026-02-13,true,ADJUSTED,74.00,READY_FOR_CONFIRMATION,B5|DSI001,NOT_APPLICABLE,TATSILV,REJECT,NOT_APPLICABLE
SKIP,REJECT,9230f5f2ee9febbee11894cba1db70a3caa7a54a2a2c9dbaa78f9362a746cec1,,true,ab6bd3d26dca5d10abda88b25e1a517c3ccb1cdec1280c888c03b96fa1657b44,WATCHLIST,d983aaa303b87179b210b14e686d27e97ee6238d7dd0ef09afd382458b7865d6,2026-05-29,true,RAW,64.03,READY_FOR_CONFIRMATION,B5|DSI001,NOT_APPLICABLE,PCJEWELLER,REJECT,NOT_APPLICABLE
SKIP,REJECT,924fa8c7292c0836454e348457631799876830d9be3d02e6d55f2645300f530d,,true,37ac24161463a08ef5388b2a364b1260a0bb1ee0f8c36dbe3f9b4e473bca9724,WATCHLIST,39d751ff258d20ee64744175b019659af5ed84776d3961ca544c821644c0c146,2026-04-22,true,RAW,65.23,ENTRY_READY,B5|DSI001,NOT_APPLICABLE,IREDA,REJECT,NOT_APPLICABLE
SKIP,REJECT,929aaa72fad685341164cdaceb80e0fcce90d1c5cc6409f4c39d1746d5ac8d88,,true,512dceab6d063e472916deb67add0b8bc455e52433c87fca12b5688e01b842f4,AVOID,e51256c5973c0a09164290003045233f599d6335e7026a8d70e65461980baf00,2026-06-29,true,RAW,53.48,READY_FOR_CONFIRMATION,B5|DSI001,NOT_APPLICABLE,ADANIPOWER,REJECT,NOT_APPLICABLE
SKIP,REJECT,92c66daabd2e177a9651e7aa63fa4c894851cd7632791c329ee461d9dc0069a5,,true,abfec5167a5f3b2a59b01b0df6523847d54cf561f0d217466554b17906587ca9,WATCHLIST,5b140fc5b0c2e5d770987a56bb7a678f70385212c1fe22f2b40ece37e2486d77,2026-01-29,true,ADJUSTED,71.66,ENTRY_READY,B5|DSI001,NOT_APPLICABLE,HINDCOPPER,REJECT,NOT_APPLICABLE
SKIP,REJECT,92d4d0b4c1ce577c0393f70733af0788b3aa5bf7092d04ac1be1d240ee786491,,true,eb0fabb8acd2241e34dd2defff251707b0f38ac944935d1e2f43e63309d6e58a,AVOID,1d97c6b37ccadaf8cda1760f376bd490825b2793edb84133619362b346098bc1,2026-03-16,true,ADJUSTED,40.00,READY_FOR_CONFIRMATION,B5|DSI001,NOT_APPLICABLE,GOLDBEES,REJECT,NOT_APPLICABLE
SKIP,REJECT,92d5b11463ac9d0271ddeb89b16e349a32cc755cfe1f2c8e8f802e0d4fb8611d,,true,d52883b23b6c1fa888985a5568038268fd84544a3ad36803f4e3fbf8ed080bbe,WATCHLIST,4c85fa55b3513a8939d49c8b91a0f3152ee82642e8365dc13737842b72597a22,2026-01-07,true,RAW,62.09,ENTRY_READY,B5|DSI001,NOT_APPLICABLE,NMDC,REJECT,NOT_APPLICABLE
SKIP,REJECT,92dca41ec4f83076589720c8c607434003e04593c1b11df2bf0308d4a35bc66b,,true,e1b7d73a95abd745d52f4308c405c438490545d5814d73401cd5bf5346840dea,AVOID,ac071109b97e122ebc59988b1ce4212c270ba8e37d38298eb1f8a63d9933afe4,2026-05-22,true,RAW,54.58,READY_FOR_CONFIRMATION,B5|DSI001,NOT_APPLICABLE,WIPRO,REJECT,NOT_APPLICABLE
SKIP,REJECT,92effbff28a175731a9cdb2097b8c27fa55ba78a9383824a3e7515c28282a90d,,true,51503a8fd96650399060536f776fa3c64e8eba77b1e3767398f375a99d6bf3bd,SELL,354da7a8984b36bf5f987817506e9948b4acf8adc6a9301a94e0410dc2728d96,2026-05-12,true,ADJUSTED,35.00,INVALID,B5|DSI001,NOT_APPLICABLE,VEDL,REJECT,NOT_APPLICABLE
SKIP,REJECT,931ebb5d3a000abab52460a810d395384fa85f9559ac79666205a7f5d3cdd7c7,,true,f0bbb7cb47f830d5cc2a5e692ddfb8cfd8b3d9a29331a1ad7d20f79983f094dd,AVOID,3149567fc27114c461db1e75463e5386e6103c72b70bb2506042ac2f57e434c4,2026-05-29,true,ADJUSTED,58.70,READY_FOR_CONFIRMATION,B5|DSI001,NOT_APPLICABLE,FEDERALBNK,REJECT,NOT_APPLICABLE
SKIP,REJECT,9321db34f6bc7f6e53fd78d5adbf5386ff4cf1972545bd3927b32c808a142c81,,true,a29c3a72c0f69f364e15a58103be01b757b010e967d3615f3280c977197c99d4,AVOID,676565329d717024cce79a6738c48447e32dbb3fae28ccc9f2becfda9e17b261,2026-02-12,true,ADJUSTED,55.02,READY_FOR_CONFIRMATION,B5|DSI001,NOT_APPLICABLE,SJVN,REJECT,NOT_APPLICABLE
SKIP,REJECT,9328167c102d3c19f0bee9ee64a45925684db724c4d5b1396762987d059cca1f,,true,37e9313859066287817f02a42136cca35c19dd3b6339c41365bcc0abb98f7a5c,AVOID,36fa68d68cfc6ca0c3fc98b1e86bcec86993da29539a1da85f6563ad48178fb4,2026-07-10,true,ADJUSTED,56.33,BUILDING,B5|DSI001,NOT_APPLICABLE,JIOFIN,REJECT,NOT_APPLICABLE
SKIP,REJECT,932881fa619c8baccce61668b47e6c5067d1a045973749f4e3a0defa6ab05df9,,true,459a7f202ff9b0aa9fd37771fcae6dbc75aeb08bf39d5c3270310f5c3b35906f,WATCHLIST,345516a70ff248cbf5cbc92cbc974ddcb3ed8caa9df94b085d4eef174230611c,2026-04-23,true,ADJUSTED,74.00,READY_FOR_CONFIRMATION,B5|DSI001,NOT_APPLICABLE,JPPOWER,REJECT,NOT_APPLICABLE
SKIP,REJECT,935fef59b5341bdbe7bb153088cf6bbacd4d9fc5be9657ba7327c1667ef9b3e1,,true,863021b7c4c1431e83bc7abd5b8d177229f4d9b4ff05299ea1f2a4fbf73b098a,SELL,68b3db6c2d8e02781d7fe2f3512aea5199e5a9ca79efbb32ed76db47e9e070f5,2026-03-18,true,RAW,35.00,READY_FOR_CONFIRMATION,B5|DSI001,NOT_APPLICABLE,OLAELEC,REJECT,NOT_APPLICABLE
SKIP,REJECT,9398a4551e848da3db22fc38b01d7ff454758c08f4ba2458c00c13dfded43950,,true,c77b370446a267e7929dcae50362eded1ed2ad7a08f2c440d8a991c54ade6d2d,AVOID,548cb56a0c4c35156ed76078b410163ec9bc5a92b89919d7c8822978d73295f3,2026-04-15,true,RAW,54.27,BUILDING,B5|DSI001,NOT_APPLICABLE,PCJEWELLER,REJECT,NOT_APPLICABLE
SKIP,REJECT,939a13414ca71a54885fc3f70df6fdb8633c606d989e3f5e2a3eb8b06801cb2f,,true,1dcb276b782c354167e13a14bf3faf2604ba996d677893a0520e53a78a2ddc24,SELL,f7da036013c2656c0c594a7b6349b1764e25c6d7ed42ac0bc43d0f4647008984,2026-04-01,true,RAW,35.00,INVALID,B5|DSI001,NOT_APPLICABLE,HDFCBANK,REJECT,NOT_APPLICABLE
SKIP,REJECT,93a38882c51d55373f94e6349f95a1cf8691c3afad897353e0a4eb6a05d5be88,,true,2a0dea9ec42ad229bd27b2676e867e1dce1636cef173017a8b10a9866f72fdc6,AVOID,dc48a2b62c41135fd5a132e41ca500968600e74993f390d1197fc2bbb4d973bb,2026-03-25,true,RAW,59.00,READY_FOR_CONFIRMATION,B5|DSI001,NOT_APPLICABLE,TATSILV,REJECT,NOT_APPLICABLE
SKIP,REJECT,93d2fe9f4eed95b96a2216e34a0a2d085c7c742f31b8a0ebdcad87dfbf9249f3,,true,9f3c94996ac793f1528913d984543be1eba5e8adcbedc4cb0c7bc6e48757f40a,AVOID,68000c90047879492f4d766904ff92900e809751299b7926205c36f6a65e7e8e,2026-04-01,true,ADJUSTED,51.40,BUILDING,B5|DSI001,NOT_APPLICABLE,LIQUIDCASE,REJECT,NOT_APPLICABLE
SKIP,REJECT,93df1439c0a2210958a9f0385632da83edcf212b761ee2e0c19f47c2394210c1,,true,0d388b3fc0f4958890d952378d0fc5fc31fc56851e7f5105a590283212394ab3,AVOID,59413640a6e59cd84392245e5cef4c1e14cdcbf9b06eff728cc4e06b7a67e6c8,2026-02-04,true,ADJUSTED,53.11,BUILDING,B5|DSI001,NOT_APPLICABLE,YESBANK,REJECT,NOT_APPLICABLE
SKIP,REJECT,93f4056709e08d2cbc832af9974f48336097d3d713defc9277f4789c0e028351,,true,2e875df9dca212c04a1c875aa917ae2ab95f6935fe8705237d63a20f46ef8a6f,BUY,94b8b02e9f17358eeacc7979dd6f259af4bbb352d49b5ff890d022d8e12cc6ec,2026-03-02,true,RAW,78.60,ENTRY_READY,B5|DSI001,NOT_APPLICABLE,SILVERBEES,REJECT,NOT_APPLICABLE
SKIP,REJECT,93f526e043f3d5eb8047c7b817309c604f6f9e59c84a1b6e5ce01439d5af8f83,,true,e1f86fd29b44e7405a7841e37efad1e7c3a1e11035b39381bf2a6c84a75c7445,SELL,f5872dc62e99db5e71fb28b92205156475adb563900552428157e6ac97e7c143,2026-03-05,true,RAW,35.00,INVALID,B5|DSI001,NOT_APPLICABLE,HDFCBANK,REJECT,NOT_APPLICABLE
SKIP,REJECT,93f8c8287f2be3f58b2298224978c9cd92c2a233239ded1418669add6b970837,,true,e1b7d73a95abd745d52f4308c405c438490545d5814d73401cd5bf5346840dea,AVOID,ac071109b97e122ebc59988b1ce4212c270ba8e37d38298eb1f8a63d9933afe4,2026-05-22,true,ADJUSTED,54.58,READY_FOR_CONFIRMATION,B5|DSI001,NOT_APPLICABLE,WIPRO,REJECT,NOT_APPLICABLE
SKIP,REJECT,940b56d6365bfbeede56b23c4d9585e5a6d03f3a95d3de4de0b1e948f10e42fa,,true,63d2ed355fa736d926aff73ccdd593345d56f31aff5df3ff0c3ff6f5a4132d5e,SELL,dd2f2555b76a9285726fe849bb92ec9a12bfa29f6a9dc9c7440d8e54416bb38b,2026-05-06,true,RAW,35.00,INVALID,B5|DSI001,NOT_APPLICABLE,VEDL,REJECT,NOT_APPLICABLE
SKIP,REJECT,94174970071143cc0239994fd003e85bac182e37ead2c3fd926dfa7c7d99a96d,,true,f0d91587045d7c5b1e0e7d93aed1748f72309202678467211d8f673f9e86bd43,BUY,9fc463ee238d1f5358d15db3e51df54ba0b44ae00e659efedb312dc46d46a945,2026-02-20,true,ADJUSTED,88.29,ENTRY_READY,B5|DSI001,NOT_APPLICABLE,EASEMYTRIP,REJECT,NOT_APPLICABLE
SKIP,REJECT,94331e5f2ff2b2f95211863211708e2f388f7a78c4dcf8d367e32b61dfed1f65,,true,89ce770e05f4704b849246117b681d4983086b8e6be3a736fbc3fdd260b312c1,AVOID,1eb7d3732e0fe677029a54dde8f0c2d7d820220607ddda7ff90123277857bb78,2026-05-22,true,ADJUSTED,52.47,READY_FOR_CONFIRMATION,B5|DSI001,NOT_APPLICABLE,TATAGOLD,REJECT,NOT_APPLICABLE
SKIP,REJECT,943ed32134e897f84b7c94439846ec9bf79de4c0256d8bb6152af2c1887ea456,,true,259c8c187a821048f8af196f1bcfefd97afb16fb6838ba45d05547a72559e9bd,WATCHLIST,0c9678a7f3c0e335dd450839d97e40c365d8110a8b9e1257c50ca04e513ba6fe,2026-07-16,true,ADJUSTED,74.00,READY_FOR_CONFIRMATION,B5|DSI001,NOT_APPLICABLE,BECTORFOOD,REJECT,NOT_APPLICABLE
SKIP,REJECT,943f27e3ea316675f507cbb83d2d6091a9477f0077eda328ab17a8c7042408e7,,true,d8e67642507ea69d0d12fedbfb506ba39f4b45419fcfef9e7897f1bc6f6a4454,AVOID,1a2cfa751feb9b64a4de3bf23bea2e7311ad52c6fa90e8eff62bec88e7032e61,2026-05-12,true,ADJUSTED,47.82,BUILDING,B5|DSI001,NOT_APPLICABLE,PARADEEP,REJECT,NOT_APPLICABLE
SKIP,REJECT,946dce9c8dd136f221a8a63800b8c0ada6103ca2dd3f9dfe27b8c2c5c7cc7184,,true,9dc92f4cc21d008e28552d9869ba94fee37d4267ddd1380f388d4b86e305522c,BUY,dad3ea409346c417939648c901685934e1e935f39f9fee46ad7a9a9d3e7a7968,2026-05-25,true,ADJUSTED,78.63,ENTRY_READY,B5|DSI001,NOT_APPLICABLE,OLAELEC,REJECT,NOT_APPLICABLE
SKIP,REJECT,948b9216b07a61ee5c9f556669a15a992fe55b7dee0bfabfe4e1731cea8d4785,,true,4fc0d6ee46757f57097bbaa1f0e6cad5fd8ad96833ff7a9ed413e118f4c2dff5,SELL,385cb6a4938a666ecfd74dcf2adc515da23361dcd7173db75dfb6a76f43043f5,2026-02-11,true,RAW,39.00,INVALID,B5|DSI001,NOT_APPLICABLE,BHEL,REJECT,NOT_APPLICABLE
SKIP,REJECT,9496d76313468f67b0eaf40ca412382a4e8972cdbf6fb3a274173ec2a031e0ca,,true,f581697308e4053a3e4214df8bff49834f7d54106843b673a2a614ee5da02b86,AVOID,67ba074807e9c371b21041b70730e0e7ae79893dbe355207bc47e8a26d92e5a7,2026-06-30,true,ADJUSTED,59.00,BUILDING,B5|DSI001,NOT_APPLICABLE,GMRAIRPORT,REJECT,NOT_APPLICABLE
SKIP,REJECT,94a09e1297252ddbe920d8c56b8db3571e0e5a2b5d8c8ceb0165c92f3980402c,,true,74bd0a429957a3e6901c8d7be48a74239a1397c5a82d26be202e8803218021b4,AVOID,fd9283045d068964df1e8e0654392399782c152ccef88eb02058b7c7fc7b9b0e,2026-05-04,true,RAW,45.07,BUILDING,B5|DSI001,NOT_APPLICABLE,LIQUIDCASE,REJECT,NOT_APPLICABLE
SKIP,REJECT,94ad302865160900729c7a80c9a64cf0da0c6c25d696c9d622d62870d46a9fe4,,true,dee8c43447044db5a6a55fd04042ebb605dc213a46d57b981b0a12db0fc87aa9,BUY,0fca47b7325a549a0056d0672e91fae69c67e96d7419b69416e195eab240a0b7,2026-06-24,true,ADJUSTED,81.03,ENTRY_READY,B5|DSI001,NOT_APPLICABLE,ROTO,REJECT,NOT_APPLICABLE
SKIP,REJECT,94c9b5b858d935b725322d3a899428e91fabc0b1b5c5866992fe56384c436235,,true,c691ad640c4fc79020f5046905162a179f2f3ffc294dd959638c516e3c77555a,AVOID,d4d59a26c3154eb5c68baaa1a9f3a6d8f65c5dd12831aac40d53b3bc74dfe804,2026-05-27,true,RAW,59.81,BUILDING,B5|DSI001,NOT_APPLICABLE,EXIDEIND,REJECT,NOT_APPLICABLE
SKIP,REJECT,94dcd7c535446a42add3e6bc6479f4373bfe029f646980e9e8dfe300aa42bcfc,,true,b122588c63c3f536ad7892837819074a17d1452dfb57242cbc1de2ed297f5db3,AVOID,048129dd9b1f75c53169a2cf835090e4fd94938e4003c614064f6d1b60647391,2026-05-05,true,ADJUSTED,51.87,BUILDING,B5|DSI001,NOT_APPLICABLE,ITC,REJECT,NOT_APPLICABLE
SKIP,REJECT,94de73ee50355501d5de2c7dcfa8142c7a353ce9828c991dec3a4c38b32b000d,,true,cd46bd5c0b880796da7e1b1d31899c3baf6a28df8f1ab25e28aafbb777a12b89,AVOID,6452833716cd8adcf335086d04afcb6f805ba382e4d9fd619ea31b5ba40f15dd,2026-02-09,true,RAW,59.00,READY_FOR_CONFIRMATION,B5|DSI001,NOT_APPLICABLE,TATAGOLD,REJECT,NOT_APPLICABLE
SKIP,REJECT,94e5c655e3db5dbafddc3003425f2b7e55a49c03408c3e84d9f24e2b178dcbe8,,true,f5151730901e615ad788dd48aa2d1648e6c075476195a88da71c9eb7aa7faa70,SELL,a5e659a79d2ed742aac52118519883fde2dee606ebef5bb6e2e044cfba642ec7,2026-06-29,true,ADJUSTED,39.00,INVALID,B5|DSI001,NOT_APPLICABLE,SAIL,REJECT,NOT_APPLICABLE
SKIP,REJECT,94fa48f98580c3a29e398179491cdaf4b30fb9936bc8ff1b8ae86611c35ece25,,true,783d17216312efc8451cc39cfc31faf60231289411343f95d7725bd30e207a29,AVOID,29bd64359661e27ab968103c5aef0e5f8e79c2103f73d258d106e4055d5bf0bf,2026-03-06,true,RAW,47.38,BUILDING,B5|DSI001,NOT_APPLICABLE,AXISBPSETF,REJECT,NOT_APPLICABLE
SKIP,REJECT,94fc8ef9ccb2772771eff82b95e29d057c0fa1d2b0d27e0e2ed210776ad4ad58,,true,4a9b99574c0b1a57f6a6d28551f4e62231ddc1f1320a1a555f00fa49f439ffaf,WATCHLIST,f025daf458ebf72e827645a783a0bd412b49aaeb1f4580457fb8c634f08fbe41,2026-05-08,true,RAW,61.72,READY_FOR_CONFIRMATION,B5|DSI001,NOT_APPLICABLE,OLAELEC,REJECT,NOT_APPLICABLE
SKIP,REJECT,9521fb0a36322ed263f7d583b0d0941d0e205d4c96b1f72d6e400775d5169ee0,,true,ea1bee91087e6d523ebf468d13486461ff4a94d1d6c3fafc3be4cf529b56c9af,SELL,7a56a3eaa5fc0d8432ca12fd45fba08a4bdb040ecb324e10cdff40fd322f05c5,2026-04-02,true,RAW,35.00,BUILDING,B5|DSI001,NOT_APPLICABLE,IFBAGRO,REJECT,NOT_APPLICABLE
SKIP,REJECT,9522f10ecf2db27172b66e2ec70e6cef94b89a080477a26c92250d48abcd0e61,,true,10b10228b026110291c956d69434bbf34618fd8c7cfc82c51034bbf0370bde3d,SELL,f66cd72f208a57fcb521e6a91d4f2b3c56c22f3b3fb89f0dab570d3c8e470be5,2026-01-21,true,ADJUSTED,39.00,INVALID,B5|DSI001,NOT_APPLICABLE,ETERNAL,REJECT,NOT_APPLICABLE
SKIP,REJECT,952bf9fab7dfef1a2d1b9c7cc1818fb995eb742b278b10f46c568f8f7751da12,,true,7239d7281c611ddad58243e02df6922a5d85d0876024bf209be06a021dfe73a0,WATCHLIST,60e8e92dd1cd24ba3bae1690b35653e3bd310738641cca0ee754691d769b72d4,2026-01-19,true,RAW,74.00,READY_FOR_CONFIRMATION,B5|DSI001,NOT_APPLICABLE,JINDALSAW,REJECT,NOT_APPLICABLE
SKIP,REJECT,9558892c9c59ca818fc152ce241f46752be53175e2ec196c445469046b5642ee,,true,9dc61b98f8904795794588686ad8cbdf85388dec139add0a15576a1f4d12a0cc,AVOID,3b9d792030a18e51651def3fcb080c7842bf38d5fb3c0609b8eed17d55b8b338,2026-03-13,true,ADJUSTED,40.00,INVALID,B5|DSI001,NOT_APPLICABLE,YESBANK,REJECT,NOT_APPLICABLE
SKIP,REJECT,957f0130a70d19fb0849339245ceedb60856e741b8decefacb4442041b9d9793,,true,73d5adf34c6fa172c901ccb94234b649b6b55250869a67cfad1d4160f7e40703,STRONG_BUY,25ed61c4d0a395a322ec5e8ef7533064db8b0208853ed43b9c0abee0a22972f0,2026-06-30,true,ADJUSTED,90.95,ENTRY_READY,B5|DSI001,NOT_APPLICABLE,OLAELEC,REJECT,NOT_APPLICABLE
SKIP,REJECT,9586ffc0952c4f2b6d20221ba9eadaf1d79618df2e40179de1ac37f975290069,,true,4ff8d4b7534d658efce7cc2233b3fbe6707a43582abdc297619f98bda4fbac57,AVOID,5124a1eaba05989a18ea681ceacc7f8827747a8e7b859f97db7e438ce6d126af,2026-07-10,true,ADJUSTED,59.00,BUILDING,B5|DSI001,NOT_APPLICABLE,YESBANK,REJECT,NOT_APPLICABLE
SKIP,REJECT,95d74bbb2e463ec513a3ba67ca400769b68a3b3bab5941aac0c1afafbbed44ef,,true,1e6fc0aa83163b4bae27afb3275dd5b350865929a6f3bcc9232f4ceecd8a4939,SELL,8cb2c85430c4cf26b9a87e8fa2afd888a7f933365bb73960df16bdd7a6c28287,2026-04-07,true,ADJUSTED,35.00,READY_FOR_CONFIRMATION,B5|DSI001,NOT_APPLICABLE,TATSILV,REJECT,NOT_APPLICABLE
SKIP,REJECT,95e340430f62252d43c58c5351d8314bdf2c6b65875e4e776415b63889a1c77e,,true,414534e6feef6292855b12005b7b878cef059593b4443875790200cf2cbaba72,AVOID,99259f1a1a2d468aadd7af719787ae1d9379657c8da68123719bb4ffa48250e7,2026-04-01,true,RAW,59.00,READY_FOR_CONFIRMATION,B5|DSI001,NOT_APPLICABLE,TATAGOLD,REJECT,NOT_APPLICABLE
SKIP,REJECT,95fce95a83eddf680c3c480e02af758caa489cfc267e1d1ce2d1523dc5063f36,,true,440c7178986575829b3de56d72a1d28c52116855d58c61a2927f30952edbb648,WATCHLIST,1c91d5bfa927cb77d7dbf172e855efd6d554bdcb92b4c7450969dc2b9ad36680,2026-03-09,true,ADJUSTED,74.00,READY_FOR_CONFIRMATION,B5|DSI001,NOT_APPLICABLE,TATSILV,REJECT,NOT_APPLICABLE
SKIP,REJECT,962c91bdc41df550fe9a61b20618b05d57eccf47a94cc8561d5cc1a079eda6c5,,true,2d573b945e38e9ec350d072b5bf283c8e56a63a2340afd0ddaa87c925f5e63b4,AVOID,d5b4ccbaa88c6e0ca376b505684184d68fa6ecc259f9e4aaaa0be195f659631a,2026-02-16,true,RAW,54.08,BUILDING,B5|DSI001,NOT_APPLICABLE,GOLDBEES,REJECT,NOT_APPLICABLE
SKIP,REJECT,9630492fc5225e84e7211f129c5581fd2fe7af0e603ab41b6ab094c0de3f4253,,true,fb60b6e58b22f165f437a362156262dc81399d8cb50dbc426ed9e0f74fa44edd,AVOID,f7595a6f21a435450bfa056919310df2480e57be14318baeaff0ad02ed75dc83,2026-04-29,true,ADJUSTED,40.00,INVALID,B5|DSI001,NOT_APPLICABLE,TATAGOLD,REJECT,NOT_APPLICABLE
SKIP,REJECT,963ddea2ad4e58d998cf866d0851106427aad27495924de836c819e520a3bd6d,,true,67b84cba81a4c803103a48910464c969721d6879008a319614246f27d67e3d55,WATCHLIST,9bbab28a561bd39f59d35fe11ccd45dd67c85fd96527f3721e0d7d1badd9221b,2026-01-22,true,ADJUSTED,74.00,ENTRY_READY,B5|DSI001,NOT_APPLICABLE,PWL,REJECT,NOT_APPLICABLE
SKIP,REJECT,9672c8b5f3ac7cf9873c613ebf122fb2d00a5dcc5979cabe6f3ea6be25e335c9,,true,2c532d98e35af9744f95a2300e3dd6fc216a41063000050c1b1bf1b262704a79,WATCHLIST,e9a1d8a1eb338297b2c938cf620911565cdb63ada6c10f4d325817258706fadb,2026-05-14,true,RAW,67.69,ENTRY_READY,B5|DSI001,NOT_APPLICABLE,EASEMYTRIP,REJECT,NOT_APPLICABLE
SKIP,REJECT,96a16e0e42cf66d5ea5772e9f813b78d6fe529cd16008831641dcbe81535d49a,,true,fa4b65c42994b227200a4d23626c4a338ae3a446d9b3377cc9b0535562513da0,SELL,fc149ce7b10515feb0df791ada299653ed36fee4abc8453ddd797cf0cf657d54,2026-06-11,true,RAW,35.96,INVALID,B5|DSI001,NOT_APPLICABLE,JPPOWER,REJECT,NOT_APPLICABLE
SKIP,REJECT,96d63ba9f5fb6877c576a8cbdde5609508daa0862df6b22b31c041fc2951bea1,,true,e32c3c29a884375b00f7dcefda849956eff493ea19473b3d688713a264e5f106,AVOID,5a3eb7b8f570e9b072c4df491fbbc73b1832198566a83fc700530650965a5a02,2026-01-20,true,ADJUSTED,55.24,BUILDING,B5|DSI001,NOT_APPLICABLE,JINDALSAW,REJECT,NOT_APPLICABLE
SKIP,REJECT,97076596f7f854d5fe0318bb2d1c677a607d670d679e3f1e98944879456a1fc2,,true,0e273ed462835e76b9c1b7e05544e478abba63965d640f1f461d066b2d0c98ed,AVOID,88144b3c020d0c54a766d0582d7a955e97bdc92bd3f7a207703eed9e1563ec75,2026-01-02,true,ADJUSTED,48.28,BUILDING,B5|DSI001,NOT_APPLICABLE,LIQUIDCASE,REJECT,NOT_APPLICABLE
SKIP,REJECT,97268f00802c5673ac89492f0a66e80f3a318d81c193a24e75f781a4f7025e14,,true,063e187d9cb1bb7a0be7946165495dfc2262ca513956a0eaf7d0697e3d891a47,SELL,460222f81006b248aeb7f58cf8323ad8a0549382a865bf05aef3e9a000d643be,2026-01-22,true,ADJUSTED,39.36,READY_FOR_CONFIRMATION,B5|DSI001,NOT_APPLICABLE,TATAGOLD,REJECT,NOT_APPLICABLE
SKIP,REJECT,9730bc643a6ca5e5b3e90e3ac845b5fe44a904dd5ebce72e286742f3531e4cf1,,true,98f19f33d52da8cf95d1047acb45e7d95b9929b9d77f06847eee186777552909,AVOID,6311c46cf4a690c49d958d80019c98024f0ab81a43e34944666e7595d3b22761,2026-05-25,true,RAW,48.63,READY_FOR_CONFIRMATION,B5|DSI001,NOT_APPLICABLE,WIPRO,REJECT,NOT_APPLICABLE
SKIP,REJECT,97390ab3082f1942836017ac8e4d2fe26647bb02a5ff93d8f79fe648252555bc,,true,0e188bca9e84193ad0fd8acbba4e200a39c62e90959c6d9ec8531c57f4fe09e9,AVOID,bc41164c4303eb90a2c5429f86bdd2bdea0dcbc521c307d30abae64068b836db,2026-05-07,true,ADJUSTED,57.88,BUILDING,B5|DSI001,NOT_APPLICABLE,HDFCBANK,REJECT,NOT_APPLICABLE
SKIP,REJECT,97661b0148c4cdc73bf6b3203f62c6965df1ccfb90173dbc82826776fc3e5b5e,,true,ea8a9aecda864740c6025f0e1e50358bfc509d2a0b7e13b18ec0f3b72b326dfa,AVOID,7aa2065de41e93716d5c150ec5801be91f38842d4467a699f489c67cbafd5a4e,2026-05-22,true,RAW,59.00,READY_FOR_CONFIRMATION,B5|DSI001,NOT_APPLICABLE,TATSILV,REJECT,NOT_APPLICABLE
SKIP,REJECT,97719d50df43290a3846fe461b2d0f8c51e7e7c70d6a45872f8ef7ccaacbb58c,,true,ef8efc719f310f7cf9fb54662673120b4f4684ab86da0b9920f9c33b922b9dc7,AVOID,162b4f2559770be858a52a786b965b41f1708733d6640a1036d0d754b83617e1,2026-04-21,true,RAW,41.14,BUILDING,B5|DSI001,NOT_APPLICABLE,TATAGOLD,REJECT,NOT_APPLICABLE
SKIP,REJECT,97e4310dc9d267f658f7392ec2a47f3d25ad8cad388887e4bdff886ad9ce50cc,,true,8fd9d641781c92c3064ec0db67a056a54fdfea522883932df0f4cbe139fa8797,AVOID,b5e628643903c9631601a9ee94202db92680df2f8529750dfdf350ed470d9d31,2026-04-27,true,RAW,59.00,READY_FOR_CONFIRMATION,B5|DSI001,NOT_APPLICABLE,JPPOWER,REJECT,NOT_APPLICABLE
SKIP,REJECT,97e44fff57b31e4e22cc23cd77cb6a07ccf6c36e4f06d4052b15797cdd92154b,,true,652e9fc50b06fbcf0154f2909c2f0c30de7d5400816f7bb6db77e458f853c89c,AVOID,294ddfcd2ad337bfb61a669c6ce94f437f0c0a14fabe004415d254839e84b0a2,2026-06-02,true,RAW,57.93,READY_FOR_CONFIRMATION,B5|DSI001,NOT_APPLICABLE,HFCL,REJECT,NOT_APPLICABLE
SKIP,REJECT,97e9c59fac6f2a3b189f1d2168873fbdd2b41dbe06796570787a35b12f8f2087,,true,a99b0439af156fc2870b5215d5f94514504b922f1100091f0328fc47902d1c16,STRONG_BUY,eef4afea2761b8e98de9d7f152376949b517b08fb27b42470b188aa30bd16a20,2026-02-10,true,RAW,91.62,ENTRY_READY,B5|DSI001,NOT_APPLICABLE,FILATFASH,REJECT,NOT_APPLICABLE
SKIP,REJECT,981156efb0d3d959dc363549e42164b8b98ba6aacb9bad40a6bf75e1fff8461a,,true,7362dfe6ac8a78293dbcf99655596b3df34c90906c3f7977492e3b2b3d8bc81c,AVOID,d65ab5045a7d2339a90f0592e7e20b4967fc004aa0242ed4ee9a39be160f4aee,2026-05-06,true,ADJUSTED,59.00,BUILDING,B5|DSI001,NOT_APPLICABLE,TATSILV,REJECT,NOT_APPLICABLE
SKIP,REJECT,982a6ee2fce4f8d34176a84ae8993a11d0b2ad3de0b52171d1c4aee833ae9037,,true,975763517c37989751f45092f2b8b0bfe1b8189216a2930ae705fd4c04ceb918,AVOID,5534f9f100f583a9bc9b9742293573494d7ea1f390745b52d26a6cf33095104a,2026-06-23,true,RAW,40.00,INVALID,B5|DSI001,NOT_APPLICABLE,JPPOWER,REJECT,NOT_APPLICABLE
SKIP,REJECT,9832607517225e9d0353664053651ccdaf4f198dfd696ce5e157c3405bc82983,,true,ca796c72ac46b9c90656be535853f73fb15ed87b67d34cce8f6d2ceb7e063f12,SELL,488cec7693a65e75c11c59625fb32ee1255b85cc0e99665c0a9ad4d398805048,2026-02-25,true,RAW,39.00,INVALID,B5|DSI001,NOT_APPLICABLE,ETERNAL,REJECT,NOT_APPLICABLE
SKIP,REJECT,983d28da2201fce1b146654bbb3d23577be2bd3349d73c1ad097fc785d4a926e,,true,b476e10a19ef6dd5f126a151e4fa18e2f89100d03d4dd96874e1a7fa40e42ec4,AVOID,da4c2d6305da2d1a4f7fc3590ae71a2cd09115ff38ea3ecf4b06b2453f7bbaa5,2026-01-21,true,RAW,54.14,BUILDING,B5|DSI001,NOT_APPLICABLE,HDFCGOLD,REJECT,NOT_APPLICABLE
SKIP,REJECT,98441697e44605df6fb4d209c970380a00d66c79975d2219f9a2e9eca56a3d11,,true,8dd86bcba61bf173e986c61ca0bbc253091a3016279beca0f323a73d4f485f9a,SELL,dcf043409c08160dd407fed11293462fd02f1b1aa151056ca32384e1bb14dd1e,2026-01-01,true,RAW,35.00,READY_FOR_CONFIRMATION,B5|DSI001,NOT_APPLICABLE,OLAELEC,REJECT,NOT_APPLICABLE
SKIP,REJECT,98458e859a92d20e5b0eff11c4825ce3a90f7f3483bec56c7ae54bc7cc90d95c,,true,c730338e097ad8f616e029afee71194a12873254b5cab7cc6324eecf534c8af4,SELL,08ba0618166884e2ff0be1282254a3958d707a38e5642ddf621d210a3ff79f2f,2026-03-18,true,ADJUSTED,39.00,INVALID,B5|DSI001,NOT_APPLICABLE,JPPOWER,REJECT,NOT_APPLICABLE
SKIP,REJECT,985e3d4bc8c6bf73da258017ea10292a47257bff0b3c08bf915b1146a20af933,,true,31c69f30343fd5c78d95c6b345fa3f99ffecdc8beeeac167e7165baea2825d1c,STRONG_BUY,de9c3c000daf403fe957451e51e6bb3e5b05ede357e26d9c99b8e2277c32453d,2026-05-25,true,ADJUSTED,92.44,ENTRY_READY,B5|DSI001,NOT_APPLICABLE,FCL,REJECT,NOT_APPLICABLE
SKIP,REJECT,986bc75abd020a6d0466c49cbe50264a013e38602175e5f0013a5d16262b9163,,true,12ea5d04ff94629a645e15a8803989d68c5483237082942531ff2847cc28aabd,WATCHLIST,b8a35a3896236095ca2b627877c4aa0d66c997e75ea9f818d9c390fce83b5a82,2026-07-15,true,RAW,63.38,BUILDING,B5|DSI001,NOT_APPLICABLE,GABRIEL,REJECT,NOT_APPLICABLE
SKIP,REJECT,9887551d83825dd05611d01222621ac725c692f7769e5860db923cae548a7e50,,true,9308545b579f5e0e56cb8646a18d8b4646f60f346a692d6ec9a43b7ec0864800,BUY,60fe121455d5647a68f2fc7419934b1f4ad8a11956cfce5d5d892c7047a84adf,2026-06-18,true,ADJUSTED,77.16,ENTRY_READY,B5|DSI001,NOT_APPLICABLE,MCLOUD,REJECT,NOT_APPLICABLE
SKIP,REJECT,9894013d195d9312c9b6ac5ddabcddc20578bf6209dc8c9a40165d495e78f70a,,true,31eac6612ce83f4b53c54db53b0445829b963d814bd84b1dffe4756e65eee5bc,AVOID,6976fc9bfa2c12b81a2c1565cac3e4aab3520990f2aad17bc4a8ed29fdcc2772,2026-05-27,true,ADJUSTED,59.00,BUILDING,B5|DSI001,NOT_APPLICABLE,HFCL,REJECT,NOT_APPLICABLE
SKIP,REJECT,98a7f8e3346f8e2c0ef6dfc8ff17332dcb2f4308a097a3427a856754c0e67997,,true,2478e95dc6c88434c19ea5abf171fa3e234ad3f80115e86defc6316d9fe6be9c,AVOID,82ef194fe5a3fe3b2a9a8be40800acbda154026448def95ff848f58e205c3715,2026-05-08,true,ADJUSTED,56.10,READY_FOR_CONFIRMATION,B5|DSI001,NOT_APPLICABLE,GTLINFRA,REJECT,NOT_APPLICABLE
SKIP,REJECT,98b88320e09486f2c95d43d867648616446036784f47f016ecfe249fd94807a7,,true,fd9a75b6506a7d2e719070deded4cceb57da5b6412a872af0db4bf9dabdf0537,AVOID,a79e4179e0630fb617084acd29be45b85334f077200e85006c1cd63cb06c7b8c,2026-01-02,true,RAW,57.49,BUILDING,B5|DSI001,NOT_APPLICABLE,GOLDBEES,REJECT,NOT_APPLICABLE
SKIP,REJECT,98c1e1456a48d09a4d8e6b98289b657ac4cd869dd5c7a5777fa50017c7241e2d,,true,54d6a386f4ee3d67e2033c7d0b9cf3a53636013cb85bc9058a06d9e232e460fb,AVOID,ad5a19f8cdcfedd567e6505484bff899b932b2f939a4ab42f41f2547bcb4d994,2026-01-19,true,RAW,44.24,READY_FOR_CONFIRMATION,B5|DSI001,NOT_APPLICABLE,YESBANK,REJECT,NOT_APPLICABLE
SKIP,REJECT,98dfc49b9712796c50af015bb7d8d62d45031360bea98e049222256af0fa768a,,true,67c2bef2fca8cb190fa2579b90c09ddffc34990d07c1831169d3b5429e9071d2,SELL,b6fcd668ef51f52f29c6a18056916f5e853693118ad886aae0c1ed14f7cfa8cb,2026-03-17,true,ADJUSTED,35.00,INVALID,B5|DSI001,NOT_APPLICABLE,HDFCBANK,REJECT,NOT_APPLICABLE
SKIP,REJECT,98e0ec3fb316fa6a4106358b26b2358dbc421217ba0826a081c2afce72bc353e,,true,f77e4e883e9afbee466ee2f410c66310e53d8d9c39d3a31cba8905307ed99ce3,SELL,11308068a0563fe2b16459f8f7357dad431961b5447a73687e76adad31dd8220,2026-01-22,true,RAW,39.00,INVALID,B5|DSI001,NOT_APPLICABLE,VISHWARAJ,REJECT,NOT_APPLICABLE
SKIP,REJECT,98f6fc81a3467db87ec908dd22365aff48cc44ea52e4236aab50d600905228c5,,true,6b3bfd87efa3e1e2f1ea2d00b1a6027e921c0329fe79fdcac7cea1f7558ac26b,AVOID,850f5089f9a56b48a6255830e9a4a8154dd8cbf8122cc2cd7d80c5a7708bbfa7,2026-04-30,true,ADJUSTED,40.00,INVALID,B5|DSI001,NOT_APPLICABLE,YESBANK,REJECT,NOT_APPLICABLE
SKIP,REJECT,98fdd49049e93b3b1cc20f296560e78214eed7f9084808a75678697c30c08b1b,,true,3262a7535259d3350621263e604348c61f05989f55d0808d24020de5e25fe0e7,AVOID,58c6a7d5b326d2edb081b9535327fa149f4e02186c0a447177488ae12bf7a7d8,2026-07-08,true,ADJUSTED,50.23,BUILDING,B5|DSI001,NOT_APPLICABLE,SHAREINDIA,REJECT,NOT_APPLICABLE
SKIP,REJECT,990223fb568e2a5e177c9b732a464e5160f020498ac86dcd305b64eecd4fd606,,true,6cee2bd12b3b0de637c0992a31b35d1fa1c35e0d3a79bb6c75211a17409779c1,BUY,b87ecce69d666314a2ee2ccdd0531e720be7639cfc3a10cf5570cf4865ff0ca5,2026-06-11,true,RAW,82.89,ENTRY_READY,B5|DSI001,NOT_APPLICABLE,ZEEL,REJECT,NOT_APPLICABLE
SKIP,REJECT,991372563056dabf17ba84493d0b2d2b97093dd5430ae746fd8b346179bcf408,,true,a831199588e22009b74e20c25787caea22143366c22dc2ec63dda8ac59413375,AVOID,944185d3efc292020ff7b7d60d7221860ddb31ad0f4c14526a565fafa341880a,2026-06-16,true,RAW,56.55,READY_FOR_CONFIRMATION,B5|DSI001,NOT_APPLICABLE,MOTISONS,REJECT,NOT_APPLICABLE
SKIP,REJECT,991e05977b98a30644cd3b80868472726e1ae9b8af1870c2bd4592a28e3e8427,,true,f581697308e4053a3e4214df8bff49834f7d54106843b673a2a614ee5da02b86,AVOID,67ba074807e9c371b21041b70730e0e7ae79893dbe355207bc47e8a26d92e5a7,2026-06-30,true,RAW,59.00,BUILDING,B5|DSI001,NOT_APPLICABLE,GMRAIRPORT,REJECT,NOT_APPLICABLE
SKIP,REJECT,992f713891f0f9d477fddd06021a886e77529b621a0c881cb9f7e681052c822d,,true,fcda27c5f927341bf5d5c23d09f89000921802914c3e3120fdf534cee8510418,AVOID,93b5c0644e8533a8d154d1b1ea338ec4e0a3c97c525ef4a30a4e8be5e3faf347,2026-06-16,true,ADJUSTED,54.71,READY_FOR_CONFIRMATION,B5|DSI001,NOT_APPLICABLE,IFCI,REJECT,NOT_APPLICABLE
SKIP,REJECT,995873e2cb4176d54bb900b6badceaaf283c1514c79730c9e1a9a8be7f131955,,true,6b5a54d4e40a5471225e62e2dad472fa190a667d171b58cc04a09feccf8dbad2,SELL,bce4f7ebc4f9749a1acff5857d6a8757c1b97e0f622c916d7339c48610e54a3b,2026-05-21,true,ADJUSTED,37.91,INVALID,B5|DSI001,NOT_APPLICABLE,PCJEWELLER,REJECT,NOT_APPLICABLE
SKIP,REJECT,996d77bfb47d9a60a9228966a13c7ba5e6461bcbb7b789376439e98f0e8f8431,,true,fe4495788c2f15ffe546cb6a2377d16cb8035e11deebb7c8e4ab9d907d52f81a,AVOID,385577b377aab1525f966edb11d52657558cbc4e3bd697a63352ead978c40c7c,2026-05-07,true,RAW,59.00,BUILDING,B5|DSI001,NOT_APPLICABLE,TATSILV,REJECT,NOT_APPLICABLE
SKIP,REJECT,9988b9e2a66a447b7de59c7173f437f20b1547b86debbe310c6d510b07147b57,,true,dc025a1f0524318789c779bccf7dc7c8544be915d1866e4ea6a53360ff750b6e,SELL,f316a83ebd422c3775cb54d2c26c72f13431cceed9f87829121fb0c71085f889,2026-03-09,true,RAW,35.00,INVALID,B5|DSI001,NOT_APPLICABLE,IOC,REJECT,NOT_APPLICABLE
SKIP,REJECT,99936f9e913259021196edb2c367969ffe891b736c40c91f8a30b216e9c4ea0b,,true,200cadbe60cfd3e40f235f1cdab8af3bb9d8adc47a4a745e9ccda33f223cfcb9,WATCHLIST,1b8afed88721ae4b8f8e7b041bbdcb54a7b61214ff825f5d056a8b455a25a8be,2026-02-04,true,ADJUSTED,60.29,BUILDING,B5|DSI001,NOT_APPLICABLE,ADANIPOWER,REJECT,NOT_APPLICABLE
SKIP,REJECT,99c2407762206ffb8b8aef82657b06c0c2b0af66428660c0a500cb548af6d644,,true,ef637f90a48f7e3491d670281af9051a62f74bd995879815ad4c70ca6340e141,WATCHLIST,b62466d81e9c3949d3ec5855e99371b77a150da6682fb4c4218d85f8b4b8969a,2026-01-12,true,ADJUSTED,65.48,READY_FOR_CONFIRMATION,B5|DSI001,NOT_APPLICABLE,TATAGOLD,REJECT,NOT_APPLICABLE
SKIP,REJECT,99dbf64a1a9488121f7851046899b5168f674d3ef39f1090eb60a7cbe0f20c95,,true,c8d74e4258d258384db25ec666908e0c1ee98b6f45e9aa89cd05e6be1ba964e4,AVOID,622ebdef75904149e460316483772b918d0e82c346d81edfec5f483f323d4a33,2026-04-30,true,RAW,40.00,INVALID,B5|DSI001,NOT_APPLICABLE,ICICIBANK,REJECT,NOT_APPLICABLE
SKIP,REJECT,9a189f60ea5d7eea36d7350a41b1cc4714027f39b0298edcd7835d8cecc9ded2,,true,3cd372e2a7df28d06550e526d0940797c5fde173b68618ae93fa1104f9d7fa9e,SELL,cbfe397fe1e652ab86fcd654ddd11e2a99dd31f1e3d4f5fc1bf5d23b62e87503,2026-05-13,true,RAW,39.82,INVALID,B5|DSI001,NOT_APPLICABLE,JPPOWER,REJECT,NOT_APPLICABLE
SKIP,REJECT,9a3710a1b3c1a21f86aede6dacacf96e56dbeddb840f39fcd1be5cffda25f75a,,true,24a9a442d116210a27540d882f4d6b7747e32bf7bd2e4f280762e0b2676248ec,SELL,c80f0052109bfafe742f27edcb1117f32978b3ad5f611d6e6b6faceac3c1c08c,2026-03-12,true,ADJUSTED,35.00,INVALID,B5|DSI001,NOT_APPLICABLE,RPOWER,REJECT,NOT_APPLICABLE
SKIP,REJECT,9a412522f65a63d5c37934a36abb91ff0a0863e8d9af0c7650da868022130e1f,,true,765f5c3ea419ab6bdb2ff8221330bf40b47c4da70ce6776bc14a1d1b915ffa5c,AVOID,17b4330d6d33699f9ed93db09b72fa032c5ab0f7ace1418ee3d0a3d75ff27eb9,2026-07-01,true,ADJUSTED,55.38,READY_FOR_CONFIRMATION,B5|DSI001,NOT_APPLICABLE,JPPOWER,REJECT,NOT_APPLICABLE
SKIP,REJECT,9a511773cefc9a8ae69f59b30b456e2fa40d0cbf70c755e6b69272291669d7f2,,true,ec444ebea0407d3076aa88d3b272fcd737c8dcc86a15552fc2397a83116c7793,WATCHLIST,2b7861b372ebd4f286eaa734dce3664a86492d6b0fdbdcac6c11983f2ac17e57,2026-06-17,true,RAW,64.08,READY_FOR_CONFIRMATION,B5|DSI001,NOT_APPLICABLE,IFCI,REJECT,NOT_APPLICABLE
SKIP,REJECT,9a69645c14aad5d1059746f09e55bb11c0b1c60ac4fe5c3a0f6206341ca64fac,,true,6f660b91872f584a0992c2d6ce70c512f15df6b43ef9e6d074abf88419853dfc,SELL,005c2d48716cbfbdc23ad4f1029942178ac272dfe19bc0ee3c4f8400bb4f63d4,2026-07-16,true,ADJUSTED,35.00,INVALID,B5|DSI001,NOT_APPLICABLE,JPPOWER,REJECT,NOT_APPLICABLE
SKIP,REJECT,9a8a11077da74a94365aab58ed3360bbfa2ae33eb9c9fd00f4f070732302ef55,,true,8913e131e9cf89d13c66934d6cc037f6bbf8a401a21d4afaf861f9244b41235f,SELL,00700a33e8e610612c2b308d32900cd1b580b82fa46500c69e10a2c358582a33,2026-06-04,true,RAW,35.00,INVALID,B5|DSI001,NOT_APPLICABLE,HDFCBANK,REJECT,NOT_APPLICABLE
SKIP,REJECT,9aa10d63a327b422ebca99edf2cbb4e2d7550ff65a45c1608e4be6795c23a7fd,,true,2b70118ceb7fec9dda0661afd94595099cd14f56b56056ac804426193f0af2d5,WATCHLIST,46b348451349210a33066f5c52ddc52416a680595d7880eb21e0634a1feddf5d,2026-03-02,true,RAW,71.30,ENTRY_READY,B5|DSI001,NOT_APPLICABLE,TEJASNET,REJECT,NOT_APPLICABLE
SKIP,REJECT,9abc1bc47dc4a3d09f963683df5cb54ea7ff3d195312d8f7ca199a70075c0aa2,,true,f0f5e842cb75b65d4e7645f71b33efdcaa453be438942c80b1466583901cc955,AVOID,657286cca19b5debb6fa70c50d2d030b024a113fdff971d78eba1b527f327625,2026-07-06,true,ADJUSTED,51.07,BUILDING,B5|DSI001,NOT_APPLICABLE,LIQUIDCASE,REJECT,NOT_APPLICABLE
SKIP,REJECT,9acfdda92b937d8fd1024ccd9194356f097363ae9effe76b04c75c3a0650cf91,,true,83f19c4244fd4b11b0fc9b2c104cf1ff5312d639ce069081a59258a40d18f5bd,BUY,d7e002494abd6515760cb6f7f8135e4d8f1993ca9c3e8e16c4a7f01664616f86,2026-01-07,true,RAW,75.77,ENTRY_READY,B5|DSI001,NOT_APPLICABLE,TATSILV,REJECT,NOT_APPLICABLE
SKIP,REJECT,9ae0c742f9a75a21b67573cf2ebf5464e6255041b3db978315604e1704f2671e,,true,15f2bd7c1e97a4587363d5c3d8a855d189d38594cf8ed101b45919831bae2c7a,WATCHLIST,2b1fbfe3cc2014cbaba65a60aeeb5f725ebf8e8a29e045a3f7341ee252e572b7,2026-04-24,true,RAW,67.22,READY_FOR_CONFIRMATION,B5|DSI001,NOT_APPLICABLE,JPPOWER,REJECT,NOT_APPLICABLE
SKIP,REJECT,9af48ee82c8f005482ec899b345cb494ba28346d41fb60abe26c8209b0f69ab6,,true,34ecc0ec76a07e2118a32e977e4fb2bd30065da40206c6f04f1162c83fcc1e3d,BUY,bf1a76ebb914c1fe654f33afbad13053e353b7c1d09510831cfd9e523456a5c9,2026-01-12,true,ADJUSTED,81.84,ENTRY_READY,B5|DSI001,NOT_APPLICABLE,TATSILV,REJECT,NOT_APPLICABLE
SKIP,REJECT,9b2d063d60297d4658c71e948feaeaa5d3811dd595108eefedbfc774457b1bfc,,true,969441519845c676668d3efa8eec20400bdaa49289f551a248c052a121476629,AVOID,ffd8b7f8031b354eed5e53e0e6dc1c4e99475fae303fec1bb54a319041a090bb,2026-03-27,true,ADJUSTED,40.00,INVALID,B5|DSI001,NOT_APPLICABLE,TATSILV,REJECT,NOT_APPLICABLE
SKIP,REJECT,9b4a0264cae35a5a6496fdf6987a680e8d3cbd7a66b54f769718870c25fa0891,,true,a5ff7c02b5571ee5d1a5402025e9b86a8884b6068809dfbf5257137d481f3f5b,SELL,193bf77412b762229401d274bd2617ca3916aaaa5cb1285ec74b82cfc72e54b1,2026-03-19,true,ADJUSTED,35.00,INVALID,B5|DSI001,NOT_APPLICABLE,MASKINVEST,REJECT,NOT_APPLICABLE
SKIP,REJECT,9b6a5d9bc09faef2e18be06f837c7b29ed40e2328aba67456311a42a5b6835fd,,true,f115d10c72845e9f17e146a29f343a2b5faacf8fc361cd1d9aed75477b2aa5a3,AVOID,b9eecbcb959ee59a1a24d311eba175cba1f4792a46d6e5b2a0fe73f880c97c0c,2026-02-05,true,ADJUSTED,59.00,BUILDING,B5|DSI001,NOT_APPLICABLE,IFCI,REJECT,NOT_APPLICABLE
SKIP,REJECT,9b6d288a124bebc9dce79450f3596e4eea6142c325d2e3bb40587b8d02a74e35,,true,a0cc8b6e324a041308c8dc83502a71319887343706048ba673ff2b4877908838,WATCHLIST,34bdc7a4223b68b004e64f12802a4bc5710407f115485b9c40992e3ca8fe8958,2026-06-15,true,RAW,60.00,READY_FOR_CONFIRMATION,B5|DSI001,NOT_APPLICABLE,GTLINFRA,REJECT,NOT_APPLICABLE
SKIP,REJECT,9b83cbd1a76ba5efa3ec4ec8a738d1bbe1ac54e60da6c6019e4f6cc854c6e7c7,,true,cf5bc791b947bb21c5654f3d1c97e0317afe185dfc236fa46c048242e20d52b4,AVOID,bf337036240769cad43826faee601bb8e0ca112ebda2e514351d9cf459d30bea,2026-04-21,true,ADJUSTED,59.00,BUILDING,B5|DSI001,NOT_APPLICABLE,HDFCBANK,REJECT,NOT_APPLICABLE
SKIP,REJECT,9b8b79e379eb7320e7835ab580b3d0263587502ccfa673ba4a853584be00e72d,,true,24c46d0c937eb990c146392110867dce21a1ba5b736a926ba1aa06ad2fc349ce,WATCHLIST,b25f82423f6b8ee3a0e5d15bc4de0760844c8e0da5fc826079d91d5600f873f4,2026-02-10,true,RAW,61.24,READY_FOR_CONFIRMATION,B5|DSI001,NOT_APPLICABLE,TATSILV,REJECT,NOT_APPLICABLE
SKIP,REJECT,9bb4d4daa10fe5d6ff7e15ec6f2e6ec730f68911f3e60cdcb14e12006623d42c,,true,1cd916810020f8091eeb0634f645b90139988a0749e9e9904d4f5531a105b5bc,WATCHLIST,ece4334981e5a518baeefcb83b93ee3f01f6c60ab66916285b02f3e780bee97e,2026-01-05,true,RAW,71.27,READY_FOR_CONFIRMATION,B5|DSI001,NOT_APPLICABLE,SJVN,REJECT,NOT_APPLICABLE
SKIP,REJECT,9bcf1cf7091c22d47a8e723d559e63e6608b73dc537e9a450ec6a79935f8e569,,true,9efdb4208a7a5e0da416df1039bb2df5644ac5823b31d1001e50656ea7eca0cb,WATCHLIST,3e8caf302974346dfec48e44b3ed59dbefd4a3c0a83c4bf3e1b07dd580da6dce,2026-01-21,true,RAW,63.66,BUILDING,B5|DSI001,NOT_APPLICABLE,GOLDCASE,REJECT,NOT_APPLICABLE
SKIP,REJECT,9bd6fcd56e42eaa7e3e75dfebdefad761e7a1aa196fe860da96d2fdb16f8d764,,true,b17599b085bfd0431ccb7398871b0550ade4c49f2c945cc063bf48dc416d4d2a,AVOID,929809f70a8c6a489a4463a47d0cf7ce09db12b4f44cd7f72a3204dc408796cd,2026-02-24,true,RAW,59.00,READY_FOR_CONFIRMATION,B5|DSI001,NOT_APPLICABLE,TATSILV,REJECT,NOT_APPLICABLE
SKIP,REJECT,9bf4f272bd4ca358972668987584859e3011dd020fcee7eaf3ade15bffc2907b,,true,b388d44c66f9e04b888d3ce5b7c99ab31b4b226fae7a0f36b3dbd39566d9cfda,BUY,acd79a7b894a2d522e9ba447dfb67ece9953ec52fdbdbfe38f3de3dd79e57ee2,2026-02-03,true,ADJUSTED,75.06,ENTRY_READY,B5|DSI001,NOT_APPLICABLE,GOLDBEES,REJECT,NOT_APPLICABLE
SKIP,REJECT,9bfb95ca7f63a1b225830875cc131413c7f5edd2846992e0cb4d6c66162eebe8,,true,a32dee842783da590d28be57888262444b5af59b14499a1ef6c871e7a127c283,BUY,8fe1f0ce6291e9ab3186d5cf63a0cdcf6ede1761a8ef91b5fc88e5614e505a02,2026-06-09,true,ADJUSTED,84.14,ENTRY_READY,B5|DSI001,NOT_APPLICABLE,EASEMYTRIP,REJECT,NOT_APPLICABLE
SKIP,REJECT,9c225ea5a7e3f49c73befc54ccaf9053b231fc8279d7c3420ad519ea6351715c,,true,4040f185429a35f401408db71584e5dfb6ee4caa1082c0dd2434e5ff883c3ef0,AVOID,adc4f4373b71d3256ac8760ee026642e1a3ad90a19a0970d872074461a1c256e,2026-02-06,true,RAW,59.00,READY_FOR_CONFIRMATION,B5|DSI001,NOT_APPLICABLE,SILVERBEES,REJECT,NOT_APPLICABLE
SKIP,REJECT,9c244af006e41822f84458002d2a74b49a981b7784597f5f1619cbc18261e952,,true,e6232091d7cf2850cbfc0a40711054b720acd6258c1e43d90d16dc3f90adde08,WATCHLIST,d3e11ddcdbe6aeb80000f8356b1f4c7557742fd2c4fd06bc6962d33923e208fe,2026-01-28,true,ADJUSTED,70.57,ENTRY_READY,B5|DSI001,NOT_APPLICABLE,SILVERBEES,REJECT,NOT_APPLICABLE
SKIP,REJECT,9c2485aeb371413482ced8d6a12bc51b6f7e4a5a5a24ffa9e6c7cf37d13173df,,true,b56374c20cfaa39acb45690b2db09f44577e3290d77ce1c8439cc866b0fa0a12,AVOID,719293ffc84e18d3043fb10197817c394dc01a015c10b84ae01ab61fa2b06a7c,2026-01-05,true,RAW,56.88,BUILDING,B5|DSI001,NOT_APPLICABLE,UJJIVANSFB,REJECT,NOT_APPLICABLE
SKIP,REJECT,9c27d78fe7dc1b94fdfae0578b1230272f275ff7162f441517bdc799d1d7a3bb,,true,d15bac68a643008e4e5c27973675672aa59124f535bbfa34427ebdf0a077d03f,WATCHLIST,9b94269440fc4a676cdd6251fe6250a0ccaa2489034a260f4e99e9d78722463a,2026-02-18,true,ADJUSTED,72.80,BUILDING,B5|DSI001,NOT_APPLICABLE,TATASTEEL,REJECT,NOT_APPLICABLE
SKIP,REJECT,9c377e50456087b5b0574bade5dec70fe049f8b63345a6255b604f432452af78,,true,5bfae3f851be478b35c96ce4d26b3e4e2a537e3342f8406d866393784868111c,WATCHLIST,c9a24942c1fa02d0d6052988c4fed9aaf32953b22e7e4190c380a73227d06db9,2026-03-16,true,ADJUSTED,67.09,ENTRY_READY,B5|DSI001,NOT_APPLICABLE,ADANIPOWER,REJECT,NOT_APPLICABLE
SKIP,REJECT,9c54064c0767516a97df68c8a23a9d1cc9bf9298e618ced62921150e3210cdba,,true,f7cbc7e0e47469e8a77b01e3254fa9b30cf9dafb2cbbcce4394c370b9cf13914,WATCHLIST,8ab0f69ad61303ac66b1a7069fe1c8d8f849614beda03962edbdda5406139e49,2026-05-15,true,RAW,74.71,BUILDING,B5|DSI001,NOT_APPLICABLE,NAZARA,REJECT,NOT_APPLICABLE
SKIP,REJECT,9c79213892cd5f3257f5c076555f06e6f701e1f83a272d6c157c60dbd31b67e1,,true,682049cdcdaed308cc19dc5b551ff99dab951350cc14c18864ae12ee0a770279,SELL,ac8b995c133d689c659984a2dac9ab246e020ab849c6ce09046438af7e212cbf,2026-04-09,true,RAW,34.83,INVALID,B5|DSI001,NOT_APPLICABLE,TATSILV,REJECT,NOT_APPLICABLE
SKIP,REJECT,9c907aed9a939ca6261469cead334abaeeb4cf0a16549f3a9d4ba2cd2ae620ec,,true,011df09c5c9f408f189dd661d949d0a3a74571559fba3a8eeac0fa95f2c9582f,STRONG_BUY,b0777bc16fbddfa7ac2fe93a30c999fbeadcedfa07df95c3ed0694b8fa668f83,2026-01-21,true,ADJUSTED,91.15,ENTRY_READY,B5|DSI001,NOT_APPLICABLE,TATSILV,REJECT,NOT_APPLICABLE
SKIP,REJECT,9c90af2f3460b5b5291ca9df8b913e87a7f1452d3d176bd9f83dbb2f9f45991e,,true,3b7358847b001c601d74363ea1781673d250d9841bb5601878f3c693cf39dedb,BUY,5532743852dc9da8abb0e8439220c3f32d052897002582b3212d5d31777811da,2026-06-18,true,ADJUSTED,86.31,ENTRY_READY,B5|DSI001,NOT_APPLICABLE,YESBANK,REJECT,NOT_APPLICABLE
SKIP,REJECT,9c930c944dcd5bbcce177fe1f8937abc96dcf50b47f02639d829b6b6429f9c1d,,true,ddcbbe05297605efd63d8aed2ffaa16d304af2f62a1a81809be4519d67ca993a,WATCHLIST,15846d67c6b3b162f6f709c48976171aae12739f3ff868ef65e990ce006e0b2b,2026-01-06,true,RAW,63.45,READY_FOR_CONFIRMATION,B5|DSI001,NOT_APPLICABLE,YESBANK,REJECT,NOT_APPLICABLE
SKIP,REJECT,9ca41920766ae8f88aa850e20e284c2cd92a49bc25e183a1cdb7f32b63a41a4e,,true,35cbf0b9077ff4e0aa71374bb8fd33f26280d5589c42785d07fb4b104cf60b6b,SELL,71ae827d419a0cbd005c5312d98ff8f8814e39d4f33c1a10031f2f575ccee91c,2026-03-30,true,RAW,35.00,READY_FOR_CONFIRMATION,B5|DSI001,NOT_APPLICABLE,SILVERBEES,REJECT,NOT_APPLICABLE
SKIP,REJECT,9cafb7b97edf263044e753ce873f3e0921d2d280d71fdc52c9b9728cf8d95850,,true,856350be344cdcca8be8b3cd5fd0ffcc9176962bcf45b93a5f1d6c81623362d5,AVOID,d506e33a660a8e3d59ce1429fc27aad5c9db4841907f94dc3e9e0283cb58aeb1,2026-04-20,true,RAW,49.58,BUILDING,B5|DSI001,NOT_APPLICABLE,LIQUIDCASE,REJECT,NOT_APPLICABLE
SKIP,REJECT,9cccccb51664e7110e304a50ba690aea4d8af64d3dc58dbc1fcb99e3a1e8e15c,,true,ed505f2a0daa1291dba8e535aabb849c902bf4e3dcf7185f59b4ad12a39ea3f6,WATCHLIST,aac951303193fa6883aa95cb1fb6251ff01da11a789b48275b19ae67e6aeac8f,2026-05-14,true,RAW,70.55,ENTRY_READY,B5|DSI001,NOT_APPLICABLE,NLCINDIA,REJECT,NOT_APPLICABLE
SKIP,REJECT,9cd2f6f342804589cc46b093b7dd633c97f1b82f75d6a47f7869add53aa31306,,true,a586ed26f57341100639344474cdd86350031ae8bba61a52479a5fbbfbcd43bd,SELL,dfef15aad277432fd3b9a2528b9ac11b40cab78d2a8b75fddc4c3c308a2f9768,2026-01-20,true,ADJUSTED,39.00,INVALID,B5|DSI001,NOT_APPLICABLE,YESBANK,REJECT,NOT_APPLICABLE
SKIP,REJECT,9ceb7e8960c8ddc8d37dc196b4ef13a704d6355c324f4e339023376559c711dc,,true,772248d9d85176e15b3b65410561c8852cbe394b156e5826cbd266fd8bf0aa63,SELL,93a4c028ba29198b005f885ca49ce7fe19a9a5e42ce702a9cb50553b8f059013,2026-02-17,true,RAW,35.00,INVALID,B5|DSI001,NOT_APPLICABLE,ITBEES,REJECT,NOT_APPLICABLE
SKIP,REJECT,9cedb4956a54cd7fb7470103a6aef1d9f15a9c73843e1eecd875baa659fcb60f,,true,e385b18d7864d8ab7da8afc7392fe7ec52826536968f6aeb6f4918abcebff38e,AVOID,62eced16022f6b5f390c7d265c2d2ef4fadbf05317deac716cd4a624c598600c,2026-06-18,true,ADJUSTED,59.00,READY_FOR_CONFIRMATION,B5|DSI001,NOT_APPLICABLE,NHPC,REJECT,NOT_APPLICABLE
SKIP,REJECT,9cf411766df298b39a08352fa8e334b2d966e333efb9c778ff9472eeb802d597,,true,2f5cc2ab6c88641ac370546d1e9faec36b0aa68ab16df7b5af4c675ed35950d3,BUY,387b168191a4f779e840525c1b17cba8e3d87922fa364699991f85df438aa333,2026-01-16,true,ADJUSTED,84.22,ENTRY_READY,B5|DSI001,NOT_APPLICABLE,IFCI,REJECT,NOT_APPLICABLE
SKIP,REJECT,9d205f079db21d05236af95640db784150d65560e39237e38beccfc076a9a454,,true,f97b9d0a7ff812dbdb058e6e212d7a100bede2fff9b2ca0f98f62fd243d601ee,WATCHLIST,33ec3a748b0cd52b257832a00589ab1b72ad7011bc55e7536b7a2ed50ed90050,2026-02-02,true,RAW,64.09,READY_FOR_CONFIRMATION,B5|DSI001,NOT_APPLICABLE,TATSILV,REJECT,NOT_APPLICABLE
SKIP,REJECT,9d4d3944316c022ffb954a38832b282f88c3239875601e856a83774c69d61546,,true,83f19c4244fd4b11b0fc9b2c104cf1ff5312d639ce069081a59258a40d18f5bd,BUY,d7e002494abd6515760cb6f7f8135e4d8f1993ca9c3e8e16c4a7f01664616f86,2026-01-07,true,ADJUSTED,75.77,ENTRY_READY,B5|DSI001,NOT_APPLICABLE,TATSILV,REJECT,NOT_APPLICABLE
SKIP,REJECT,9d524741a505632c8cccd738b52a596f0394049a04f337a3bd3017d78c805aa0,,true,a732302628bde0d36d8324b563b8f51822b2a1ef949fc0cdf71e4b843112dd5f,WATCHLIST,64c14c27ab52e1571f77171d8b10158287b975364f7ac3859f7a091d2547e105,2026-06-24,true,RAW,74.81,ENTRY_READY,B5|DSI001,NOT_APPLICABLE,GMRAIRPORT,REJECT,NOT_APPLICABLE
SKIP,REJECT,9d5b060a5b0afd0a1ccd67ac6346062c143c781c72e9c01f13c59eba2fd902d7,,true,26bd229521fbc47a6c1fa367fcc5be5cdbcbe48d62905c51bdd60ff96a164fb5,AVOID,55383fd764ea480d7f1926a5649718344acab17f11e0b777dbb218ca2d3cc8a9,2026-07-06,true,ADJUSTED,40.00,BUILDING,B5|DSI001,NOT_APPLICABLE,YESBANK,REJECT,NOT_APPLICABLE
SKIP,REJECT,9d6f26124462bdf814f77720e758280fac863b30eb53fcec25d5b7f68d8dea35,,true,ee07b4571b1dee0d19a9a4266b9e058029d5a669efaf89137c55ad9820ca6cc5,AVOID,1d9d9e5ae051edcb9f7daec424c341d35645a46f8a8aa333330f3fc76a0de823,2026-02-27,true,ADJUSTED,59.00,BUILDING,B5|DSI001,NOT_APPLICABLE,TATSILV,REJECT,NOT_APPLICABLE
SKIP,REJECT,9d9ff14be8f126d1123951824f86eb283e8299ecc91f06fbd91b28d31f2a86b1,,true,bccc9f1220a3806b002feea6ed558ad04141c466162fae7205ce245f609a59a1,WATCHLIST,8bf55594baf1dcdd7e9c761decf4890f584850343f053b55e49b25927c6f66b9,2026-01-02,true,RAW,71.90,ENTRY_READY,B5|DSI001,NOT_APPLICABLE,TATSILV,REJECT,NOT_APPLICABLE
SKIP,REJECT,9db0095a89c6b9fb8b9fdcc55cb732b231fee2a6e9b397507b217ee602aaf45f,,true,6dd2424cda4824d518694886833883ebc0dec5782dd1683227211563426ee9e7,SELL,a16d2e7b8b0b708f87ee206facc2ee525765969267392dd85c3ac8ba16affada,2026-04-09,true,RAW,37.99,INVALID,B5|DSI001,NOT_APPLICABLE,YESBANK,REJECT,NOT_APPLICABLE
SKIP,REJECT,9dc30a5d9c1ff9e000d0eb401fba5787b45fb949aea03fe5b5aa1f1827829bdb,,true,8d4d9bad3bf5520e8f5eb053f9f2eb06c7874f8d5b51b3ffac3ab2fe48b1451e,AVOID,afb334856a15b6b65f9e681bae7fddb951f7f0b2dc6503e5d6e5a7bba17a3a7b,2026-07-17,true,ADJUSTED,50.06,BUILDING,B5|DSI001,NOT_APPLICABLE,YESBANK,REJECT,NOT_APPLICABLE
SKIP,REJECT,9dee9354216a7287654d3b856868e8fa215c7448ea48f2b62156df5e8863f86c,,true,c838a0a2b5258fa21dfd92db6974b95852b0f58ec0747759c708b5394ac4e3a7,AVOID,515da5c72d4f0f5e872243936b3c3eb330460ca670608f77543033a91ee74e2e,2026-07-02,true,RAW,59.00,BUILDING,B5|DSI001,NOT_APPLICABLE,OLAELEC,REJECT,NOT_APPLICABLE
SKIP,REJECT,9e5093ab630cfce982d5770a63333b903c2ec0b289d15cda3d12add5644abbe0,,true,cf5bc791b947bb21c5654f3d1c97e0317afe185dfc236fa46c048242e20d52b4,AVOID,bf337036240769cad43826faee601bb8e0ca112ebda2e514351d9cf459d30bea,2026-04-21,true,RAW,59.00,BUILDING,B5|DSI001,NOT_APPLICABLE,HDFCBANK,REJECT,NOT_APPLICABLE
SKIP,REJECT,9e54fd7e0768fbee15d1303cbb4caa914d7742212a8babc813dd0478481475d5,,true,1080f3cb0cf56bf03c0e869d03f76a6598f39f0dda52af9304b0eaec61a736e7,WATCHLIST,ad4c6a1438d0ec1c864bf7a28f7811d91b729e18f0e0a0250999c2f998632f55,2026-07-02,true,RAW,64.53,BUILDING,B5|DSI001,NOT_APPLICABLE,DIAMINESQ,REJECT,NOT_APPLICABLE
SKIP,REJECT,9e59cb25c801ba8740f1799f8ec0921ab6e843ee1af80420156b5ca714e95b35,,true,2101b694ec5fedcebcb7bec1486d4e7782e4ab23426e4fc7ae1f99dc5d456774,WATCHLIST,3c80bb64729af08bdd151c2458631a5f3bc175f1a103b4f39a876626fea1e68c,2026-02-06,true,RAW,63.83,BUILDING,B5|DSI001,NOT_APPLICABLE,NYKAA,REJECT,NOT_APPLICABLE
SKIP,REJECT,9e5ba18a4997f3d5d8d377f63fc70ebc5b0937547a262414c692b837725fd204,,true,d8c496888208b520df6f8bc469bf2246adc76dbcc32fd1c804afd7de49bfe68e,WATCHLIST,11c89fca0178fbcfb6bd1d792d2cb252b06c71dfd69b96a45620e054df1188a7,2026-07-17,true,RAW,65.69,READY_FOR_CONFIRMATION,B5|DSI001,NOT_APPLICABLE,PCJEWELLER,REJECT,NOT_APPLICABLE
SKIP,REJECT,9e63eb410058ffbd3522204b593190fcb90ae69b558d21f4c0f72d58ef7c297c,,true,11778c68fa1b5d4720aa37db6feae252af0c57650ef8a3aa1a3ccd90849fa095,SELL,0fe9faa5df86eb1e23b875845dd578441769ad36bd9ac9775c17cb1a5dee52f9,2026-06-25,true,ADJUSTED,35.00,INVALID,B5|DSI001,NOT_APPLICABLE,TATAGOLD,REJECT,NOT_APPLICABLE
SKIP,REJECT,9eadf251a1345634f8145e2149b70ec3508544da717b57843db3bcb13a36b3e0,,true,d03d121d5c927d967fdb4bc368e7c00858aa0a5174de78b3275daf4ac7820829,AVOID,ba6b4942ed6b349635a1c4e9e10d0e0d5968a6cafc84e587b84393dac98f9a34,2026-05-19,true,RAW,40.32,READY_FOR_CONFIRMATION,B5|DSI001,NOT_APPLICABLE,JPPOWER,REJECT,NOT_APPLICABLE
SKIP,REJECT,9eeabae945db39c78092a820fa6616774974cf4a087f622f8cc6730fc3085e47,,true,463ca1e80601e13a7aa74bb8d8e3f2867411c899145f092e7501d23195689b57,BUY,f7daca7eec4fad749f73b40e0d911d032ab68a231862bd8cd5dd95e09884b5b8,2026-07-20,true,RAW,75.65,ENTRY_READY,B5|DSI001,NOT_APPLICABLE,BECTORFOOD,REJECT,NOT_APPLICABLE
SKIP,REJECT,9ef92aa31323a50e2659b9c066a0ac1eb4074ff56fa2b8d2d3201673828d9c7f,,true,ee3cdd43829c5e5605c7b4f99db823a642f56444744fa0f596c0109854d45a79,AVOID,00fe746d26edc01ca83b6d8a642581545be505143ab3d5e779a3e6752e85b468,2026-05-26,true,ADJUSTED,52.07,BUILDING,B5|DSI001,NOT_APPLICABLE,TATASTEEL,REJECT,NOT_APPLICABLE
SKIP,REJECT,9f1fb04018a2a8e5d7ffdbb7c45a896abc32b51df848f721fd02044d060fa7f9,,true,3552ecfd85424e1c83afbf75f10f261852413259aa92831e5af94a67bf881c46,SELL,6bdaa26464ab18b9720f8428463c42b13f29a679508060ffc315e0df6bd77abb,2026-05-29,true,RAW,34.89,BUILDING,B5|DSI001,NOT_APPLICABLE,IDFCFIRSTB,REJECT,NOT_APPLICABLE
SKIP,REJECT,9f59a09f2a87dfd59b86992ec5f7fd8d27eba9845846fd6df0d538f55ff723d8,,true,cc0ccd57fb84a964a217cc6d9e10a5e300098709b73fd22f97fa063221c3155f,AVOID,c34b68a448b56c31d7b2c731166895e23bf9f136e115a7ce48b5f6f1551ee5b2,2026-03-20,true,RAW,40.00,INVALID,B5|DSI001,NOT_APPLICABLE,GOLDBEES,REJECT,NOT_APPLICABLE
SKIP,REJECT,9f5a250bff4db48e2a78423b717440f4f414d97ce230ef187a5fbcb57235d977,,true,3355635673a13fa6acb857529b5bd9a5541ba2d8cd9ddba1b97bf9cbd6635101,AVOID,adc4b05fe4be0d652c1359cb7a3e887423e8cea98bf21b57eb6bcff7d114f960,2026-07-13,true,RAW,59.00,BUILDING,B5|DSI001,NOT_APPLICABLE,GROWW,REJECT,NOT_APPLICABLE
SKIP,REJECT,9f6eb97292d09f92a24bda755a7f1cb197546a97aacf460af8b332810951a5a7,,true,a835eb581577ad46b0f250fb46475b423c7a320ed42b17f2d24794c79a31311d,AVOID,ac9a0ecf9e8c084468a2b8934b66c8abaadf670ebae4488d3e6098fa8eaa2fce,2026-03-13,true,ADJUSTED,53.47,INVALID,B5|DSI001,NOT_APPLICABLE,TATSILV,REJECT,NOT_APPLICABLE
SKIP,REJECT,9f9cac20f449825cb6bdd00b551487dc26601fec47eb21f97388111680cd3b20,,true,6d6f9eeb5537edd1199ece9c2404d0ce653cfaadfa1eccf510e7b677b64dd34a,WATCHLIST,6418583f0a8f622bd189ad9bcdcc9ca62e72c1c2247c77d2122058b9beb799f1,2026-04-09,true,ADJUSTED,70.04,BUILDING,B5|DSI001,NOT_APPLICABLE,PRECWIRE,REJECT,NOT_APPLICABLE
SKIP,REJECT,9fadc1a91fe5ff414b59194104352067b960cdda6390284477a5e5eaa9e39df4,,true,a0c835d6750cf4f1ed13f263ce683beec1db8fd8de9fd52fee78cc1c6f4e3f0b,WATCHLIST,a0a5df8d466c9b35f4b63513a5655ebfc7a82c08ce3f09902cf5874bde576cc2,2026-04-28,true,RAW,69.16,READY_FOR_CONFIRMATION,B5|DSI001,NOT_APPLICABLE,ETERNAL,REJECT,NOT_APPLICABLE
SKIP,REJECT,9fe49c98eb7a74b93cfc73988758767c435a5011bf78341f6b9b4004fbf48990,,true,ba94fbe5516e8902c204f76d829ee4bd3ef1ef63b263f10ea1eda25fb973cfc3,AVOID,f788dcc2e4fc02891f8950133d2d55f4437f8aedbacf12ae914532c16569464e,2026-06-05,true,RAW,58.47,READY_FOR_CONFIRMATION,B5|DSI001,NOT_APPLICABLE,RPOWER,REJECT,NOT_APPLICABLE
SKIP,REJECT,9ff12d3e46035eb3aaf6543fed860994daef4b1d5c23f4eae2c0bc4d3df839d3,,true,cea2d3b84f75376d1a8a7f9b2e2e75d0ca6fcb389d6b87efb9904d32667cb573,AVOID,a6aaaee614433b66d39ce5c6619d65b69d971c2ee888dc39131c7bc625a96dad,2026-02-24,true,ADJUSTED,48.25,BUILDING,B5|DSI001,NOT_APPLICABLE,CANBK,REJECT,NOT_APPLICABLE
SKIP,REJECT,a01cee61b505ccc78415de11ac18ecc25fde79168db3da489038465d60a66b85,,true,30dbd70da66260ca5431266cd73a5177c829a6597bc8b5e24a9cb8d9ef3b1235,AVOID,49cdbbaa3074c238fb627f5159d6b8a5c85c8b48cca813368d2c2a5795cc9253,2026-01-12,true,RAW,57.67,BUILDING,B5|DSI001,NOT_APPLICABLE,SILVERCASE,REJECT,NOT_APPLICABLE
SKIP,REJECT,a02c96f0d6190a526a01e68c185dc450e33efbd2f482d17a6e06f845cf79a6c8,,true,549bce53f20bfdaee76cf5d8a24b8a3b808d6b36cf9e249f0a151d62dd41d2a2,WATCHLIST,e179540084b012b680e1971affcca9d75a595efbff0d717246789509399e455f,2026-02-20,true,ADJUSTED,61.78,READY_FOR_CONFIRMATION,B5|DSI001,NOT_APPLICABLE,SILVERBEES,REJECT,NOT_APPLICABLE
SKIP,REJECT,a030883019d938bc33d6c98f3c075aa9c0ce6e9ecf14e97b006d88320bf66f1e,,true,00e0210d66d56cee2ac85b224a69251a7b19ef6d035c1d46ec4573e2f5a654f8,SELL,d7711d6c3f9966c2b7471b7036a118fdb93faeef9918ac5f14d1760f4e09baef,2026-01-06,true,RAW,34.29,INVALID,B5|DSI001,NOT_APPLICABLE,HDFCBANK,REJECT,NOT_APPLICABLE
SKIP,REJECT,a035df671bac49a5a1dfa2d693fd3b1a57c773f7d0c22bb975c6367d1131a592,,true,b5852bf9768519deff201ecea27ef902f551546c7d91f80f9f2e4586e21a7fa8,BUY,3d5c6ded63863f6a68d226143f01834b717f0daf0594c0cad2e2bf3ca4e5e08f,2026-04-22,true,RAW,77.98,ENTRY_READY,B5|DSI001,NOT_APPLICABLE,ADANIPOWER,REJECT,NOT_APPLICABLE
SKIP,REJECT,a03eb3ee1e68dcb0c5c5996ca5dc1f68ec22a33f7839045f6cdc0b385c6bc707,,true,4bc0d99fa996391011ea87027f25d671c331a9889a8cd241d8d5b69a35369c33,WATCHLIST,da391d234135b16b2439ab5ec4f79bf2a5f2b55e4494f8960391491ddbde02ff,2026-05-22,true,RAW,72.77,READY_FOR_CONFIRMATION,B5|DSI001,NOT_APPLICABLE,YESBANK,REJECT,NOT_APPLICABLE
SKIP,REJECT,a056c582037660b65b33f2f1a5c47115101263bd199d642a7c525843391c9aa7,,true,dc23932519834052f8f75186341bd10491e53d955596c5e980731d3594b9eab9,BUY,5aeda0c39d245a81faede60081e3cb6b4ef299742fd85d4c3a304b6135771a4d,2026-06-05,true,RAW,89.72,ENTRY_READY,B5|DSI001,NOT_APPLICABLE,OLAELEC,REJECT,NOT_APPLICABLE
SKIP,REJECT,a0574950eb33d5d80ebdc5738888bc74eb07fe61b160a4a969ee062452273ab9,,true,9469ff6771aff23e598a4bec8a3bca0f4f15447eabb2d1ff0d861c64e292b00c,SELL,b194c597418f9983c07fef7b3e90066db16d6c204725244ec307b05912013d24,2026-03-06,true,RAW,39.00,INVALID,B5|DSI001,NOT_APPLICABLE,IRCON,REJECT,NOT_APPLICABLE
SKIP,REJECT,a074fdaa4acbef530b938faa50e666a725e49a7a0f5e91d1acf749e06bb74288,,true,2c5068a90cc20d3ae421c93e7270f103db38235de595c14894bcd121f2c9547a,AVOID,080985946bb4f82d45b09c5d2192422145d1c0ab95f70fcde783a1eb5bd82337,2026-03-04,true,RAW,56.20,READY_FOR_CONFIRMATION,B5|DSI001,NOT_APPLICABLE,SILVERBEES,REJECT,NOT_APPLICABLE
SKIP,REJECT,a08b77d264b104aa61d7f48ac465d88f6112c2ccfafc189a7eef4a55e9ed70ce,,true,74fbd96c354d48b3165607fada63e65bdf87a5d4daa3f2ee9e4600ba336d6099,WATCHLIST,86518c602c676888c822be4a15034b14279fdfaded2ab4c2fa018aa6e98cd167,2026-01-30,true,ADJUSTED,64.61,READY_FOR_CONFIRMATION,B5|DSI001,NOT_APPLICABLE,TATSILV,REJECT,NOT_APPLICABLE
SKIP,REJECT,a08f7cde1580980f7d876d9f62bb2462a9d49f2731ecaf1528f9eb22aea17e26,,true,f7e8e4623f191b4c4a818a5a995a095ced2df8dfa3614c3b8522d97c934c7429,AVOID,3aa1f7b4fd407c466a701739fb3e9f8a00c42cac309f6583dd02dcdc3f84e03e,2026-04-20,true,ADJUSTED,43.39,BUILDING,B5|DSI001,NOT_APPLICABLE,GOLDBEES,REJECT,NOT_APPLICABLE
SKIP,REJECT,a0a90ec7e170c660fecac36f097d352185a4f7bd1ee53f1deca693fc49204f8d,,true,a629c6bdf6d18a31e4563100ef428f809df6e8ecc401728ba29304fe59759071,STRONG_BUY,7444fb330bf17cc22229a6dac5859412c3d2cef7da3d317b8695698ce01f4e48,2026-04-15,true,RAW,92.57,ENTRY_READY,B5|DSI001,NOT_APPLICABLE,JPPOWER,REJECT,NOT_APPLICABLE
SKIP,REJECT,a0ab7f46701ef6891f072a75bc2b8abbec1ed99876d3b81be43604073808a2e4,,true,4963bb399409aa64b63af5120fafc9f5e288f60f24279c95e96620526ee21c1a,WATCHLIST,6a5ee7d602b4403549b64a66a910180b52384a44b62ef8379a914a7ee1411dc9,2026-04-16,true,RAW,74.00,READY_FOR_CONFIRMATION,B5|DSI001,NOT_APPLICABLE,YESBANK,REJECT,NOT_APPLICABLE
SKIP,REJECT,a10501b8b1cf2660165eb3d21f060e1e387ecb7a5276f828f39580645793e6ab,,true,045083d983b2ed1bc46c204c7e00789aa56a6b9f059f04f4780807b205788e57,SELL,0f542ea1e56cf640b09999089372ef209c4b53ce04d02deb92bd782d29b5885e,2026-02-25,true,ADJUSTED,35.00,INVALID,B5|DSI001,NOT_APPLICABLE,YESBANK,REJECT,NOT_APPLICABLE
SKIP,REJECT,a1120bc5b255d99cbea581ef9e4b8fc8b3a91abc7c3dea4e32f34891a02dde41,,true,a32e21dc71a39cfb81b6b85765678f179053a9322ae6b5594823f4f73e2b63ad,SELL,8b909ffcc899e87dc6b49bb6cee205ac25457dcd07eb8e82400f2a1cf13e7a1d,2026-02-23,true,ADJUSTED,39.00,INVALID,B5|DSI001,NOT_APPLICABLE,OLAELEC,REJECT,NOT_APPLICABLE
SKIP,REJECT,a11937756a648e384a55ace2999772659fd0685e1e8805a16f821bad5e52f756,,true,0e79275aec7a898b86a9ad04ae98d6b5efd940574977c4f737db78a13b238de1,AVOID,1be6b87bb11f1d54e664767bedb907b40a24f6f9794afd7699a586495fe6b5d4,2026-01-06,true,RAW,49.67,BUILDING,B5|DSI001,NOT_APPLICABLE,TATASTEEL,REJECT,NOT_APPLICABLE
SKIP,REJECT,a1237577d781e89246da927a60d4f0502f78608dd953774481f03ef7177f2d49,,true,27b331d29459d0b7077819fc412c12c2ba89ef26a769d2cf24a2c7b81980806e,AVOID,5fb96eaf935595248bad28026912868ea85ebbd906909cc05902f6f5f9c7da53,2026-05-13,true,RAW,54.74,READY_FOR_CONFIRMATION,B5|DSI001,NOT_APPLICABLE,GROWW,REJECT,NOT_APPLICABLE
SKIP,REJECT,a147ef9b1d3c86a8d10f6fe3d191845dec38a9f094d17f954a7a73199b7dc0af,,true,c63f8cb9c624c3f72357733ed27f0546c5dd9ed823f43f3c12b434a7eebaa00f,BUY,f4bc612747218830633d7c9d31263cfca97bea2d0a1bc70b444571420708d708,2026-04-17,true,ADJUSTED,89.47,ENTRY_READY,B5|DSI001,NOT_APPLICABLE,OLAELEC,REJECT,NOT_APPLICABLE
SKIP,REJECT,a1512b2bfd91d44a8eee902d1914b84a72a3d016d4045b02dffaa2776f15cc62,,true,f3ff40329f128ed9bf490cffe375f307919da68188a293149c48b689fefe58b8,SELL,5ba5b036f057d099601061b0c3b4964d39dea4d9b36151baeb24ca365d6bafd0,2026-02-24,true,ADJUSTED,35.00,INVALID,B5|DSI001,NOT_APPLICABLE,YESBANK,REJECT,NOT_APPLICABLE
SKIP,REJECT,a173b517ac820c0cc0b143f477f83a4b3b9d38cbdd99b2eeb9c0625a222bfc85,,true,50b1b21b0aaaef07c5021206258af69ad029f03ad3946234c6744849c4654bba,AVOID,f669eb3ada585549bcf31a68fc30c2046535e6b4fa13eca0d166c48d2e5b1d5c,2026-01-13,true,RAW,40.00,READY_FOR_CONFIRMATION,B5|DSI001,NOT_APPLICABLE,YESBANK,REJECT,NOT_APPLICABLE
SKIP,REJECT,a1774294ebf220fb7685ffaedded4f0e7388b569384a8882d558fb7673298a4b,,true,21873a61f9258201fb9fb64752b7c8a4eeab00a6141d3c0d1e1e808d7115a3a6,WATCHLIST,379745907a1c730a400f4a9cdb3f1d1b6d8756c159e9f9cc0f60908e1c8aa0f5,2026-05-08,true,ADJUSTED,61.99,BUILDING,B5|DSI001,NOT_APPLICABLE,SCI,REJECT,NOT_APPLICABLE
SKIP,REJECT,a17bc888f8f896438d966df8c674015f7997237ccf57f6e2e31beeb2188795a3,,true,9d0594e4c3e750e6e240cbf3c65348e69be4ae57421df9c227c03a98c8922dfc,AVOID,ca9863bdd13a0388ea6d53e56f32c74838348ef11c15cd08cb908c5a04f62295,2026-04-28,true,ADJUSTED,44.90,READY_FOR_CONFIRMATION,B5|DSI001,NOT_APPLICABLE,NMDC,REJECT,NOT_APPLICABLE
SKIP,REJECT,a1968e6d1284fae218ff7932d0101525683d402d23796836186d36769b0220ff,,true,29d58c4128d3af4efcb75979f2198e63253305726865dda9fb95a2d7f7dca627,WATCHLIST,b06b44b3566c6f32daca1a00d6d33b49f5d8ccb227420abdab07fc3c90514338,2026-05-21,true,ADJUSTED,65.77,BUILDING,B5|DSI001,NOT_APPLICABLE,TATSILV,REJECT,NOT_APPLICABLE
SKIP,REJECT,a1e9fb58e9da6b7983d9fd3b8fa1d4065ac04f0bbe693ca496e07dbb147c5853,,true,07b81fb7b7c90c4ed12dbced31d470149fc1f0dd3b60677d122c642aef389929,SELL,bbc96c4d4a5bedccc6ad8e83d44433bd8851684808ae24667f808e6273ab15ee,2026-02-16,true,ADJUSTED,35.00,INVALID,B5|DSI001,NOT_APPLICABLE,ITC,REJECT,NOT_APPLICABLE
SKIP,REJECT,a1f1d353fec0707903e8309e67864ea90e129a0b26799228f9ee1ddc2b314434,,true,83cdc771e05d90242f745ec7838de6c05ed3051236467f4950089a8693ba1287,SELL,bee9154ea442bdd25916b7627802e4588c543598b3c81ef54ba25041ca865865,2026-05-27,true,RAW,35.00,INVALID,B5|DSI001,NOT_APPLICABLE,PINELABS,REJECT,NOT_APPLICABLE
SKIP,REJECT,a1f42c113d21c962d3722b028fe867ac0d464336457f935d178a814081526389,,true,68a5b5b18904c90a43da03e010f3be1bb31ddb3a11daf9058c7ba3f1de65bcbc,WATCHLIST,db489c3754a0d7c4ae483001db834112e5143cf7d3d2e724a6408a164548c4e4,2026-03-04,true,ADJUSTED,65.22,READY_FOR_CONFIRMATION,B5|DSI001,NOT_APPLICABLE,TATSILV,REJECT,NOT_APPLICABLE
SKIP,REJECT,a20349e237020171b57989818dbef38a84d5e4350b2e7bbebcbd0013bb43c545,,true,58cdb4f7171125e7ba1b458786546751e4be8c2cd8de32fcc3b6567d2be34245,WATCHLIST,74cf599fc6cab1a0ab9042c088a5ad35dc23308d95c1365ca99aed6078b6c543,2026-04-30,true,RAW,71.25,READY_FOR_CONFIRMATION,B5|DSI001,NOT_APPLICABLE,ADANIPOWER,REJECT,NOT_APPLICABLE
SKIP,REJECT,a226f5c3b6c60a43a5dd1394a1c26536ddf63571f3ec772f041a1dc1ddbb69b9,,true,41efcda85f898a74f51ff6273abf6111bea750fb61ee629de2a4c6aaf9876769,AVOID,26dc97e0d54e0d614b4098ea7c65d09a9a0830b288706a8048ac02aece29eefa,2026-02-02,true,ADJUSTED,59.20,READY_FOR_CONFIRMATION,B5|DSI001,NOT_APPLICABLE,HINDZINC,REJECT,NOT_APPLICABLE
SKIP,REJECT,a23a59b726aa1f3284de4cd48168846c097f503691b6bcf9287096745edd4826,,true,e059d6506e6d56bb35ce43d3c6c28aa9762a4bde2225077f856e844873c7d16c,SELL,8bba655ec71aa80e3131cdcbb45bd2db8210175d412f6db0deea138a47469565,2026-03-18,true,RAW,39.00,INVALID,B5|DSI001,NOT_APPLICABLE,MMTC,REJECT,NOT_APPLICABLE
SKIP,REJECT,a2516da4df5a0bec5768ebe09473ffcab7391a27877e37c577017419eda70de4,,true,9bd832ee0fc9e2eccdbd4272e158a41a6907ec7e2155bb6fcde80e0e89926d1e,WATCHLIST,fea9b219ac1aad77a6f68368ec2ed0993f864edb40368e79f236d23d107126f5,2026-06-02,true,RAW,67.18,ENTRY_READY,B5|DSI001,NOT_APPLICABLE,NMDC,REJECT,NOT_APPLICABLE
SKIP,REJECT,a2524387eed76678d7684836614bec9878ab21deee9bc7bef1c57559909157a7,,true,bf2f5ffcf42bb2160d3f68862688576334f74f7cfc3ddd72e4152d55fd0bb4d3,AVOID,26b67014e028b0c08319132c9f5a02e844f69524350d5a78dd1d679073f320cc,2026-03-19,true,RAW,55.12,INVALID,B5|DSI001,NOT_APPLICABLE,DIFFNKG,REJECT,NOT_APPLICABLE
SKIP,REJECT,a25a02f738eb5cc3e8333fceaaa09535e9aa1d588fecbcd847946413f0ed0c92,,true,b86a3b5a3c1ad9d15892026de6490863d5f0f6b7b0dc063fbc6de083b7bb1e46,WATCHLIST,9499644bb7e3b31822a01b983a021a77e40e3a72f56a98f597cfc30fe0ee994b,2026-01-14,true,ADJUSTED,67.33,ENTRY_READY,B5|DSI001,NOT_APPLICABLE,GOLDBEES,REJECT,NOT_APPLICABLE
SKIP,REJECT,a264ca8ee9f0e7400c9a1746168305cdcccf3c2a6a8d97652234ccb68e54bfe1,,true,a2e99bc7ac32179a7ca64d79c0d9eb76062ab3a58e6ba12b552dcc2259c71dae,AVOID,536a01369ce717929e42b6a6b5561d9c44b1f061abd762d3d3bac9cf28ff54fe,2026-02-10,true,ADJUSTED,59.00,READY_FOR_CONFIRMATION,B5|DSI001,NOT_APPLICABLE,SILVERBEES,REJECT,NOT_APPLICABLE
SKIP,REJECT,a275cef5e6fcb1b3467cce9b5e244b639e998ece4af72025fd19b317cf9e4dca,,true,02fbcba04d9bc3e60b626b12550d0419883121ead1345867444c4dbe1dbaa199,AVOID,0eab0e25b9616fd1ea17f730dcdeb3df90741c018ce5d235b0a6d49417a49683,2026-02-02,true,RAW,58.24,READY_FOR_CONFIRMATION,B5|DSI001,NOT_APPLICABLE,MRPL,REJECT,NOT_APPLICABLE
SKIP,REJECT,a2797dd6d0c7a84da501c875edc7d561099c6d16640a1374120a59143729d574,,true,87a238d96bd0d2f01d04d3cdbdb3fd1a99678eb9c675fe8ad12ec807cc353cc2,SELL,c0cbd064794287f76219daab8774a8bae6e649da24a65c713eb396991163c21d,2026-04-01,true,ADJUSTED,35.00,INVALID,B5|DSI001,NOT_APPLICABLE,GTLINFRA,REJECT,NOT_APPLICABLE
SKIP,REJECT,a2b44d1e68891619a44df86edf4909fadd1e74b2f10ba637227ce096d43868af,,true,24bd3cebee43508f2b501c0bfd356f4f7739f8fd63329e8de4f807a113ae2099,SELL,259a21c5809f58c3a7a7fa3c20d3bf031d4509754b645ef99137f8b83a4fb7ca,2026-06-19,true,ADJUSTED,35.00,INVALID,B5|DSI001,NOT_APPLICABLE,ITBEES,REJECT,NOT_APPLICABLE
SKIP,REJECT,a2b91a07a15d9783a5ca00abcee4c4cf6c54a6d5573b6ccd912b584af8bc1786,,true,41b8891535660427010ea0d22445a1aca15ee32474ce1e2fcc96db6665f2a2d8,AVOID,46576189ed287dd2aad592dd938212effc55a301e5b7a4363748e1af69fd480e,2026-01-27,true,RAW,59.00,BUILDING,B5|DSI001,NOT_APPLICABLE,GOLDBEES,REJECT,NOT_APPLICABLE
SKIP,REJECT,a2c7096731bf414f22ae88e193f356d7fc673d94b67ab2ceb91cceb79a15fb6e,,true,1beb73120f40f237ac9cbd17deeedf920b191f9b2636fbf0c972b3c95af9f3ce,SELL,7c822e11709199059debe488f05db879e189e887abd5a5f8d56b9780a9b85134,2026-03-05,true,ADJUSTED,35.00,INVALID,B5|DSI001,NOT_APPLICABLE,VMM,REJECT,NOT_APPLICABLE
SKIP,REJECT,a2e26178d4251cd19f2b84b376ae0fe058d10ce417cf120f14bba04b8219d252,,true,6fa7d592888b31835a250e19701c9356b64f9884d175d87ca94e7c5a0c823106,AVOID,0ff785c57f0f936907589f6d36f305098cf3ca9c545228643ec90752cf99df70,2026-07-09,true,ADJUSTED,56.15,BUILDING,B5|DSI001,NOT_APPLICABLE,MAPMYINDIA,REJECT,NOT_APPLICABLE
SKIP,REJECT,a2e38777a7681a14870d456d768eebc3d8f78ba1b9c90978848b908036bed138,,true,b7ee4021b98a61ffc3979efff4156094c7f933a6da97a223322b318d34f23e06,SELL,dfe850e6db396fa0fc5e37eebfdda0882d03a437815ab4f9a378f676619cd985,2026-03-10,true,RAW,39.00,INVALID,B5|DSI001,NOT_APPLICABLE,RSYSTEMS,REJECT,NOT_APPLICABLE
SKIP,REJECT,a3102370ac13820f28ec05302471695df256e9155e3f1892a9c646c2f3e927b4,,true,4bd981b241494475299a28e26372835dae2ff375c00835e5d607dff84fcef65e,BUY,17dd8a0ef63dffb9f38b0adbc6882c078a939c5508b16a2e7fdd95a3d04fd9e3,2026-06-23,true,RAW,80.25,ENTRY_READY,B5|DSI001,NOT_APPLICABLE,MEESHO,REJECT,NOT_APPLICABLE
SKIP,REJECT,a311711e1acd8c55d81be3c0e04aa935932f2cb6dd980989bfb6794c154c39bd,,true,a3f880366bb43bf9b7f8cc65f3652871a481131358e1e8201d61914309b0b294,SELL,1346ba9863a1123a242bb46a0c3f01c2018d54f6c1ca2057836d1f5ee437b5a3,2026-01-28,true,ADJUSTED,35.00,INVALID,B5|DSI001,NOT_APPLICABLE,OLAELEC,REJECT,NOT_APPLICABLE
SKIP,REJECT,a3292e4753267faff275aa42bec56c217a662a222a3d2f804afc018bc3be790d,,true,4a28e4f1d80bd644afcc34f8cb973f595facba2d75ed3f9681e8afd45b901692,AVOID,eaf2562d90ffd0f11aa25c9c3c2a76cefcf6e7e7ffe55e76e0cafe7b3ce05f7b,2026-06-10,true,RAW,40.00,INVALID,B5|DSI001,NOT_APPLICABLE,TATAGOLD,REJECT,NOT_APPLICABLE
SKIP,REJECT,a3295976af9acb96f28c0310ccf589d747a98765136e39d06303705920db1153,,true,c0858d0069043034fd6113f85761c56db3c3a791de8ac130b7691b714f64fe5a,BUY,9f6e75b040771ac03ce6fc690354d9677b50481e119caccfe9b1f46dd1aab484,2026-04-22,true,RAW,89.85,ENTRY_READY,B5|DSI001,NOT_APPLICABLE,JPPOWER,REJECT,NOT_APPLICABLE
SKIP,REJECT,a33bf8217ec2fdd01882257943f01d840eef2a7a58e2721b9625bea82422069c,,true,ced82b75ecb3fa1f144657b5cd7e4679ea16eb0ee04495adf5161fc8df1261ef,WATCHLIST,7ee1f514b17bbf281e3afa879c7244c7087a351492edfc1fa95d4811dfa82464,2026-05-25,true,ADJUSTED,69.38,ENTRY_READY,B5|DSI001,NOT_APPLICABLE,ADANIPOWER,REJECT,NOT_APPLICABLE
SKIP,REJECT,a35cecb52a37a6866d2ee16c9e2633526ef77160542c83d6714549e06a048ccc,,true,74fd235d49a80626947d2b2e2d3322ebb1638d96888d8ffadc781c58074ac3bc,WATCHLIST,3a83d8d3e92bc7c4aef301b611b47a30ce4fe9935974afeb96caea4a42e078b4,2026-03-27,true,RAW,67.64,ENTRY_READY,B5|DSI001,NOT_APPLICABLE,ONGC,REJECT,NOT_APPLICABLE
SKIP,REJECT,a36a07cf38ff3efea9c6871b04c65e589394f789fa9be3cdaf61480c5808ef4a,,true,12313a74e632ddc6ef7e38b8cca46f420b0af76f2f6fc1e1f2af9cea805c6a32,AVOID,3c34c6122a2c40a814edf36338aa9ef5ff0f853378e707e0cf1636ad821e094b,2026-07-10,true,ADJUSTED,59.98,BUILDING,B5|DSI001,NOT_APPLICABLE,GKWLIMITED,REJECT,NOT_APPLICABLE
SKIP,REJECT,a36ec0f3a37a1f11baa44301cbc12d2ae2ad74b291c32cf5f4bbd01114b7ac1b,,true,defb0e95757b7a3197da004517d6aecadba93c690af5a181a810305e7edf6f33,SELL,d5f1cfbfa0b03baadcb4d77553ee8b04e33eebb2752d809cf7ea992ff4b66351,2026-03-20,true,ADJUSTED,35.00,INVALID,B5|DSI001,NOT_APPLICABLE,ETERNAL,REJECT,NOT_APPLICABLE
SKIP,REJECT,a38d57e0f13bb2f1a6796f500830ae78e54d2d4e9b59fc567f6c652fa29b8da2,,true,97d614491d0bcc50808904374dfaad73ae9a7c4016d8d3ed987d8fe144d0e1f6,AVOID,f15d928136cc333223694cd6c1ecbf745fb12f0428b3fc401439484136059db8,2026-03-16,true,RAW,41.74,READY_FOR_CONFIRMATION,B5|DSI001,NOT_APPLICABLE,TATAGOLD,REJECT,NOT_APPLICABLE
SKIP,REJECT,a39504cc1002612090185b84c8e5c1c1c7a9ccd93f7c37e5aabed781c9612650,,true,79eecf1b751178459ef3e8e0f5a73da9c368dcb1223b01967195785116012b39,WATCHLIST,23cca40bd8731966490dc2511e91b6cb2d91f80d3be4b39002f6fdfc54dc0141,2026-01-06,true,RAW,68.28,READY_FOR_CONFIRMATION,B5|DSI001,NOT_APPLICABLE,SILVERBEES,REJECT,NOT_APPLICABLE
SKIP,REJECT,a3956e75f86a90066df7fd2e74e84378aa588a01b07d2ed7870517434c96b0d7,,true,3f68cbc57e80308a1be890a46d4f2b3bc78942baf62795f206b577a676f5a8c7,WATCHLIST,d50453f4a8289ba26e7c9d9404488bfc4ffd65caf2482ff066e3c25a341e69e5,2026-05-06,true,ADJUSTED,62.87,BUILDING,B5|DSI001,NOT_APPLICABLE,MAHABANK,REJECT,NOT_APPLICABLE
SKIP,REJECT,a39977daf19e8984aa5bbc7a01ea5dbd69c96e7a18584a61e6a823a56391fb9b,,true,452fe227f2d4aa0cf7ab357e829c4482dc0d76620eaa7ad1f22b836338d70a78,WATCHLIST,636f8bb139d84b75ec5a9f6ac812d52332115f15b021a1d83e3be7a767f5dd23,2026-05-27,true,RAW,73.24,BUILDING,B5|DSI001,NOT_APPLICABLE,JINDALSAW,REJECT,NOT_APPLICABLE
SKIP,REJECT,a39c54fe56fca331abe99b2f4872ec135b6d7496d0b21c643a1fc2f96bec4c82,,true,b83bd72647b3f532d746bb56f0d8f648330ee48a592ce87a1eb165306c372ed7,WATCHLIST,74e34507defc9ec878efe98c14b7eff04bf05165f59144899e84a3f78fcbdd55,2026-02-27,true,ADJUSTED,74.33,READY_FOR_CONFIRMATION,B5|DSI001,NOT_APPLICABLE,TEJASNET,REJECT,NOT_APPLICABLE
SKIP,REJECT,a3d0ce78e6f0030abb2bd7e71e93f61834daf179ac82b8322f75d707ba717296,,true,04b58c94b06b8e886fc2bfa2a267dad41e59c3f461b174706ee23f86f3741388,AVOID,4ad825dd949014f805e4d77885e1c3a8887468212017ba41b3f4f11984d92f59,2026-03-20,true,RAW,49.33,BUILDING,B5|DSI001,NOT_APPLICABLE,TATASTEEL,REJECT,NOT_APPLICABLE
SKIP,REJECT,a3f7c7f810c1a6230af250bd0bc27e284ad88503ea4506a09eff56447009f9fb,,true,975bb97ff0367a2c68091e07383f5a1d45b297e8fbb9d329d5f913747c07c648,AVOID,4d6b24e62d01d6dd058470349ff92f1edc9bdd1df49f6c6d0a03d020059cc671,2026-07-14,true,ADJUSTED,59.33,BUILDING,B5|DSI001,NOT_APPLICABLE,ETERNAL,REJECT,NOT_APPLICABLE
SKIP,REJECT,a403c5acea51a0ae94f14a8388fc63c7df3ea41d40ca246282a25cf230133c47,,true,881a5a58d7014844c4f314fc6613222ed057169dc5f03c2b34bd1ad0f2c92b3a,SELL,37d57586207a419a8ddd2099ae330a0a8c0a0c72af974b33a466d40b123d80de,2026-02-11,true,RAW,35.00,INVALID,B5|DSI001,NOT_APPLICABLE,YESBANK,REJECT,NOT_APPLICABLE
SKIP,REJECT,a404e91e44b0b0c74ee4f7dc78b6f6c09fd7029498af4054f6f94fdb21c5ad5e,,true,148e0029f0612cbed7296cd2e2a590cc86bd6daa8503936e49cc38436d58a641,SELL,a4890508e622162a929b6075588d54705a2f192a0fa4e7d4d2832fb66b1d23e7,2026-01-30,true,ADJUSTED,39.76,READY_FOR_CONFIRMATION,B5|DSI001,NOT_APPLICABLE,GOLDBEES,REJECT,NOT_APPLICABLE
SKIP,REJECT,a479c161e7595341d3816f9256e56ec0f35810067a0875a84edaa9ded7da20e6,,true,2f5cc2ab6c88641ac370546d1e9faec36b0aa68ab16df7b5af4c675ed35950d3,BUY,387b168191a4f779e840525c1b17cba8e3d87922fa364699991f85df438aa333,2026-01-16,true,RAW,84.22,ENTRY_READY,B5|DSI001,NOT_APPLICABLE,IFCI,REJECT,NOT_APPLICABLE
SKIP,REJECT,a4856f3acfdc52b92607e6edd48658f75ed9dcb650e57a42442c80663255a0ad,,true,d963451c7412d02973492de1293ba4568caa8dacb92e55857fcae86d183bd3bb,BUY,3d49beb375578e750d1d7628fc181c10954292d13b9e5d24b40914b4c5ab614c,2026-02-11,true,ADJUSTED,77.34,ENTRY_READY,B5|DSI001,NOT_APPLICABLE,BCG,REJECT,NOT_APPLICABLE
SKIP,REJECT,a488e86658519cb45fa44e105869a47e0a523f6711139a0735a430e8f97cd045,,true,e7a7c32d6dcead3722da86b650c77869f9bfdec1ae5ca87e650cef0473002ff8,SELL,b7f569adc64630f09253cd83018c8fca1ed827acf253a4c7d6e7a3a6d0c472a2,2026-05-04,true,ADJUSTED,35.00,INVALID,B5|DSI001,NOT_APPLICABLE,HDFCBANK,REJECT,NOT_APPLICABLE
SKIP,REJECT,a4a9cb12b792ddb4e7eeba32790e95c0e35aea3b07f238a669999921d43618c5,,true,0af66e0fdc0a44800a06e7bc435606bf21a007fc247477ebaae1923960701245,SELL,dd32674bdd06da35fdde11f899f8c72f01aa1a0520300d49d88078a62cde707a,2026-02-12,true,RAW,35.00,INVALID,B5|DSI001,NOT_APPLICABLE,HDFCBANK,REJECT,NOT_APPLICABLE
SKIP,REJECT,a4b16cff710127cc5a85dd3cd39df8c6766ae42fd3dc2bff7509c0458744c435,,true,4bc0d99fa996391011ea87027f25d671c331a9889a8cd241d8d5b69a35369c33,WATCHLIST,da391d234135b16b2439ab5ec4f79bf2a5f2b55e4494f8960391491ddbde02ff,2026-05-22,true,ADJUSTED,72.77,READY_FOR_CONFIRMATION,B5|DSI001,NOT_APPLICABLE,YESBANK,REJECT,NOT_APPLICABLE
SKIP,REJECT,a4caf3db1c13b720baa4dba4c08a98fcfb2ef05daa1b61ecd789c2b281d7c9c6,,true,d5b34b6757aa38249761a9ff779f9851d6b2abbf62d4cb5dbb5e2f06c07bac6c,AVOID,95c384239c405cc13a41a97e41ce18f5d24121691ba3c23ae1f93ab94cef67ca,2026-04-07,true,ADJUSTED,40.89,READY_FOR_CONFIRMATION,B5|DSI001,NOT_APPLICABLE,GOLDBEES,REJECT,NOT_APPLICABLE
SKIP,REJECT,a4d44336c2c2206e317ae3e310f8b671f7e0ed3e90300e74fefe5abe30c0559c,,true,85edc8275bc67714d8f4cf87252617ae8393a18db0c0351222cd347bc3ac0ba1,AVOID,6d32744d918f994b14c160784a0ac9641869a7433186015f3e3b485849e23c48,2026-05-12,true,ADJUSTED,40.00,READY_FOR_CONFIRMATION,B5|DSI001,NOT_APPLICABLE,TATSILV,REJECT,NOT_APPLICABLE
SKIP,REJECT,a4f85530a1a666c0bc86d4114bc55d321bc475a989a8e1c0503f164ff2d897cb,,true,739b5eb287012b9d33de884d218a8eaf8227e8ac20e47e09aace5ab1fe18c094,AVOID,714581ecc97c2e9608f9dc8d5724c0a3b686d40c39e7680196b79dcd40b34014,2026-05-21,true,RAW,40.00,INVALID,B5|DSI001,NOT_APPLICABLE,OLAELEC,REJECT,NOT_APPLICABLE
SKIP,REJECT,a50343acd0f382511bdabe01200918553904d64acabb8d6d0b38df2acfc23e52,,true,02fbcba04d9bc3e60b626b12550d0419883121ead1345867444c4dbe1dbaa199,AVOID,0eab0e25b9616fd1ea17f730dcdeb3df90741c018ce5d235b0a6d49417a49683,2026-02-02,true,ADJUSTED,58.24,READY_FOR_CONFIRMATION,B5|DSI001,NOT_APPLICABLE,MRPL,REJECT,NOT_APPLICABLE
SKIP,REJECT,a504f355a850ac83f602ebf083c647abd44460b29556fd2168c1bad6ef77c37c,,true,cb0a8077b142453ccb5006b27176c12a9ac1e6613e4b275c74e07bf438b01b6e,AVOID,692cfa06dfff13ae6f81280707d2288650404941fc0644bdd7e8c91fa41e3213,2026-01-13,true,RAW,59.00,BUILDING,B5|DSI001,NOT_APPLICABLE,ETERNAL,REJECT,NOT_APPLICABLE
SKIP,REJECT,a5340aaf63bf18c250fc6a3f159fef481f388c06715f86c052b846659f416cc4,,true,71cb27ec47949016dc643ad602235118bd6c86c37a0980fe79c670df40d1adcc,AVOID,101d75bc7403766799abf16f1c2d09cfde72e37a62ddeed89a58096614b3d45c,2026-01-12,true,RAW,55.41,BUILDING,B5|DSI001,NOT_APPLICABLE,IEX,REJECT,NOT_APPLICABLE
SKIP,REJECT,a5467bd2ead126901821f97c5062bbc5f32fdf5cf8c3366a170d9f57d13e5270,,true,ba63c91bae3c25a7b522bc11b6f0de3da3f50a816ef740cdf9aef82ea483d921,SELL,0e47d67bac0701744c31ca5e55d5af415f990c367ee0e02ac344e980742657f6,2026-06-10,true,RAW,35.00,INVALID,B5|DSI001,NOT_APPLICABLE,HDFCBANK,REJECT,NOT_APPLICABLE
SKIP,REJECT,a550df6fcfaf4a8e21c6344c30b9f33857f1c3be70e20811a80ea5aa96daa8df,,true,b6f9f35f114a8825e9cf8df92af7e361417887f795595d20c52470e6ca2e7ad2,BUY,781da9b4a77df27e6d2ee063171e5f15a6b808bb5da5628267d5c0b6488ec50f,2026-03-12,true,ADJUSTED,87.47,ENTRY_READY,B5|DSI001,NOT_APPLICABLE,NTPCGREEN,REJECT,NOT_APPLICABLE
SKIP,REJECT,a59f9ae704d741f36e838df79226335962e7e2e90ead6c27ca2ce1ff1cb332df,,true,14db495efde4c157bc5dd09ab38dfc002e2300b3924a30e8a9b8c78e96309618,WATCHLIST,68e8e5e25211c3fa904703fde8b6284d0598696cba7dfad0f5b8d0d455afb1bb,2026-03-11,true,RAW,68.70,READY_FOR_CONFIRMATION,B5|DSI001,NOT_APPLICABLE,TATSILV,REJECT,NOT_APPLICABLE
SKIP,REJECT,a5b6699fdc37fb200b72336d1f70419792aa7b468c7f63bfd86269a85f2627f6,,true,35d6f8a2e1d256e9e00bcf9d1b784c6675dd49460b359f56443009f56889e7ed,WATCHLIST,ebda003cd9846b7b29d5385ea57a51ef48ca808d48c677fafe7b4fdad89c0eae,2026-07-10,true,ADJUSTED,74.00,READY_FOR_CONFIRMATION,B5|DSI001,NOT_APPLICABLE,PCJEWELLER,REJECT,NOT_APPLICABLE
SKIP,REJECT,a5f9fcc2983f1f63c08e5db27554631545ccf411cafb87582d8ecafc229a531a,,true,f77e4e883e9afbee466ee2f410c66310e53d8d9c39d3a31cba8905307ed99ce3,SELL,11308068a0563fe2b16459f8f7357dad431961b5447a73687e76adad31dd8220,2026-01-22,true,ADJUSTED,39.00,INVALID,B5|DSI001,NOT_APPLICABLE,VISHWARAJ,REJECT,NOT_APPLICABLE
SKIP,REJECT,a613e86671a69d1d39a17fff4d4b9c25814c2e361ebf06f726e3a215a18899d0,,true,d4eeb85e2e789995b26c18dccb156cc32dd5d519650553e23760f19b3e9a2302,SELL,3bd769e78b0931b75dbae3bcc7891ed2547019014c29580893b85d677f358cb4,2026-01-08,true,RAW,39.00,INVALID,B5|DSI001,NOT_APPLICABLE,TRIDENT,REJECT,NOT_APPLICABLE
SKIP,REJECT,a633c631acf573a7614f7e934e95ca642a80046f308a98d260d49aff5871dc2f,,true,9f1d29a5fc87d8fb5f7f9674ff7e1948cb528a0fef8c9a14963ea4cb1f6cd424,AVOID,cfff6d935d0e719221ee0fb75d1d7ded05267bdd894cba21f7339ef83dd3e160,2026-04-08,true,ADJUSTED,59.00,READY_FOR_CONFIRMATION,B5|DSI001,NOT_APPLICABLE,TATSILV,REJECT,NOT_APPLICABLE
SKIP,REJECT,a63cc850db27797a38feb4f4e9de8972edb7df72d0c4d2540b32ccb7bd74c38d,,true,473233afa43f50f2e7856861e71045610008c110e09aec1382f8d457859816fc,AVOID,e5ead1a82711f0fb1205e2fa6d690c8df86f2b88c6037ceee44f5ee8a111a486,2026-06-11,true,RAW,53.06,BUILDING,B5|DSI001,NOT_APPLICABLE,TATASTEEL,REJECT,NOT_APPLICABLE
SKIP,REJECT,a65382675cfe9f1133cb73c5ab5980679fca111b4cf11a9089fe75b3185021bc,,true,5078cf12df81651c803eadd8012bc19123f35beae2fabce5973d016772a1dacd,WATCHLIST,c400d3753d143b0578f7be2ac8a98fa50786a2216d63723033e2ad68a17912e9,2026-02-06,true,RAW,74.00,READY_FOR_CONFIRMATION,B5|DSI001,NOT_APPLICABLE,TATSILV,REJECT,NOT_APPLICABLE
SKIP,REJECT,a66f3910de876ec5a5034b00c1eb84d6da7b050b6655608326041ff4df3ee92c,,true,e9ff15358f04d9d1db6794d0d14330b7f9db65b3c5b0e2a5c78fd19564fa905e,SELL,06653f8f21707cda508b7fecca24d37e65e119f0c4e80cd434955022d264f372,2026-02-10,true,RAW,35.92,INVALID,B5|DSI001,NOT_APPLICABLE,YESBANK,REJECT,NOT_APPLICABLE
SKIP,REJECT,a6a5dbde07138ff9abec6e668ad1eb403e582e7f6d5eae9ea46b0aa489db3b12,,true,f3397c9badb13dc1bb79186cf782f696f739b58460681a8d90c0be4531c91efa,WATCHLIST,0b5d6646da52ad84e13a6b69e5336112af47e7825a48a2108fcd80fc09c38916,2026-07-07,true,RAW,67.64,BUILDING,B5|DSI001,NOT_APPLICABLE,ETERNAL,REJECT,NOT_APPLICABLE
SKIP,REJECT,a6b9d684fb1b6af81c6799ecab62b683ac399b4100824b2250af939ed522252e,,true,af427262df6bd3a61d1a9383000b91a5368712708fa9f9ebd3089e6fd9424dd3,SELL,9bcf0e4496b59638846727b6168912db164a99137aa9d49c7fd278c57eb4f8f0,2026-04-20,true,ADJUSTED,35.00,INVALID,B5|DSI001,NOT_APPLICABLE,OSIAHYPER,REJECT,NOT_APPLICABLE
SKIP,REJECT,a6bf36d098933480db6cf4c19d758b9f002db38804b4e7c6deef7e60ef79a363,,true,10a7e9871596f5dbbb1f0e6965a8324d138f24068d4643771fff8b4825d2a2df,AVOID,816a81641d90b853fe4727c3cf7aaa5d1036a2ad89b9e2109eb4447ed3ff8fbd,2026-07-17,true,ADJUSTED,40.00,INVALID,B5|DSI001,NOT_APPLICABLE,JIOFIN,REJECT,NOT_APPLICABLE
SKIP,REJECT,a6c57d338d24bf6b41f420b14a4744b4b56c39999b26a80fc279865f124d5f26,,true,36dcac1c9508a88a111bf5f1360d5edec74f08b1e9d6c114b66a94b40be668b1,WATCHLIST,02a738732f0a02c21aecda65146ab0eafaa86d582e0c2f5c2d06115422398230,2026-02-23,true,RAW,63.06,BUILDING,B5|DSI001,NOT_APPLICABLE,SONAMLTD,REJECT,NOT_APPLICABLE
SKIP,REJECT,a6db9656537fa26d589476c64615bf4d632295ec3120c877299ff72f033ddeda,,true,7511f503e1d972fc5c2fff3f38c1ecd34b28d871889e6f08bde5a11f5adbc4ad,SELL,161bc841b6fc97bff270e3185af4d2fadecf82290542ae7f4a5b9af41042b11b,2026-01-27,true,ADJUSTED,35.00,INVALID,B5|DSI001,NOT_APPLICABLE,HDFCBANK,REJECT,NOT_APPLICABLE
SKIP,REJECT,a6dbe067da0e9f3f242ecd9edd5e950e8ebece7faf49a8e0a2affcd11919ea49,,true,20308c228f63b30bf84eadb53a364b731c363c3a787d9910daea54957126b633,AVOID,039bf70b245c7e1ba744ddc80d9f7f80e0ead4f09939d9ce9ccdc241ec3dac92,2026-01-22,true,RAW,52.22,BUILDING,B5|DSI001,NOT_APPLICABLE,MANAKSIA,REJECT,NOT_APPLICABLE
SKIP,REJECT,a6e957bcb1b1a5ce8e548a641e8a956746ae83e0d0791dd6260d398daede8d38,,true,e26543f39979068eefba55cb3d2e1d032149cd0c56fc7544096d735b6edc74e2,AVOID,9eb170eec22ede18eda0ec748f1b62f3a3f47706462c782cfa4dd2f3437ff9a9,2026-05-15,true,RAW,59.00,BUILDING,B5|DSI001,NOT_APPLICABLE,SAREGAMA,REJECT,NOT_APPLICABLE
SKIP,REJECT,a6e9c515dbd87eced6c06aac390387b1c4dcd9bcc820cec1eea756b470d6fe00,,true,228a3bdb96a10d34c126be06660f62314f1c888545349573ddb439d513913963,AVOID,95c5e8801ca42b7dc6ea6087c8ee1e2bc67f29deae250ec088a3ca361a8b08bb,2026-03-05,true,ADJUSTED,43.83,BUILDING,B5|DSI001,NOT_APPLICABLE,LIQUIDCASE,REJECT,NOT_APPLICABLE
SKIP,REJECT,a6fd447e3b1b19fc9207ae91798abce528dc7466c2c7dc83ebb4103d6cce3050,,true,b122588c63c3f536ad7892837819074a17d1452dfb57242cbc1de2ed297f5db3,AVOID,048129dd9b1f75c53169a2cf835090e4fd94938e4003c614064f6d1b60647391,2026-05-05,true,RAW,51.87,BUILDING,B5|DSI001,NOT_APPLICABLE,ITC,REJECT,NOT_APPLICABLE
SKIP,REJECT,a7138180ffbf52d8b2c5348486f0226710c1e66af41f5b00e02f9e0fecb1f12f,,true,7f5bd4e54065fa785b547873666b7e955f5a1ef18e26605bd8c67c51e767191f,SELL,56962c4a84e02bc56fc59652752162f041974941dfe91a7c1688a77f934dd55f,2026-03-10,true,ADJUSTED,35.00,READY_FOR_CONFIRMATION,B5|DSI001,NOT_APPLICABLE,OLAELEC,REJECT,NOT_APPLICABLE
SKIP,REJECT,a726f1a7db67781ed000dcba1bb56bb226657ba36bdea4e0ed7d0d5f8f42bc3f,,true,d71cd3908692fc958aac72face4b507700817878b18b998fafc4623ee662980d,AVOID,ffcfdf4a0172e4774368715b4d6a7035cebbec2d7bb3dfafe98142549b996b64,2026-02-20,true,RAW,55.73,READY_FOR_CONFIRMATION,B5|DSI001,NOT_APPLICABLE,GTLINFRA,REJECT,NOT_APPLICABLE
SKIP,REJECT,a73b5544d6e9703b4d540af41aa482cdf789f6aa7f4955c5f6b2a64a01cbb489,,true,54887fa8dec83ea0dafaa6aae7dda32a4c30cf63550e67fb489a1ead31ef5e1a,AVOID,8dcef78fee9eb144add5dd557e5cf0f942e7630aa596ad613ce29d7251ff6ccf,2026-04-20,true,RAW,59.00,BUILDING,B5|DSI001,NOT_APPLICABLE,TATAGOLD,REJECT,NOT_APPLICABLE
SKIP,REJECT,a755e179ec3c952848b34870f12dc516a4e9169b778eed3e8a24b37f7a17a5bb,,true,cb4d2c972cabd2d35ae6085ad45e4db41c0bb4a4c46a9c7df1a4c6a0e1778f7e,AVOID,186b4936cdfe4885700f2d39c57b046f21c9db613567f80287ee266c07f8998e,2026-03-18,true,RAW,45.12,BUILDING,B5|DSI001,NOT_APPLICABLE,GOLDBEES,REJECT,NOT_APPLICABLE
SKIP,REJECT,a7636a673daf567f384ac169fba4f53f3f9d37eccb7451aba1c1ac2961ea39eb,,true,aa01e2e11dc5ad5d0e905999c0317b7b1181f088ac5d5a537195aa462e3bc9eb,AVOID,97d4ef8fefe223b43d7acb94fe7661ca653bbd52d5577d80fa3b638cacf41ba5,2026-06-23,true,ADJUSTED,50.40,READY_FOR_CONFIRMATION,B5|DSI001,NOT_APPLICABLE,YESBANK,REJECT,NOT_APPLICABLE
SKIP,REJECT,a782c8390be8a1cf7e6a49ea0677f6b9bbfeab877efd67c37ae463421715d91f,,true,2f87f4957d2e3c20c62efb1ecac9ebd878076dc14b58e2e961986264b41f2bf5,AVOID,3ff3e3bbb45d76dabfedf794952289e8cb898d48181cb7a9b1e34aa9feb9bdb1,2026-01-06,true,RAW,59.00,READY_FOR_CONFIRMATION,B5|DSI001,NOT_APPLICABLE,OLAELEC,REJECT,NOT_APPLICABLE
SKIP,REJECT,a7af9a331e1e54550138d49745c11e647fd6a10030e6434fce0c25921d1bde2c,,true,89f27c6e520d825d7a3260fb7fc18f4a027be70b90d065a1b0a14ae0d75619cd,AVOID,01240c5f2bd06f1dfe83aa93552bb73f48cf8ee9cc0d94a1f32ec5d163ee3ca3,2026-02-10,true,RAW,54.16,READY_FOR_CONFIRMATION,B5|DSI001,NOT_APPLICABLE,GOLDBEES,REJECT,NOT_APPLICABLE
SKIP,REJECT,a7dbaa2ff65e22b2f73b4f5d0e177e7d7a8667786fc8019372194d7321aa1a02,,true,e6e5de53f93b15d713834afbf6a00b67bce55d77a22f2e610b5def77644efe32,STRONG_BUY,bfc6af7de02b002cf584c00d84c60b4b7536eb41d887f26f22866b07ded71b4b,2026-01-07,true,RAW,90.66,ENTRY_READY,B5|DSI001,NOT_APPLICABLE,YESBANK,REJECT,NOT_APPLICABLE
SKIP,REJECT,a7f31eac54778773c15b054b90639438d82577e1bc6628beb6373d495b1fdc41,,true,cc8fdb5a8a11ad866311da78478479e08d8e464d82f713ecde057db4f0ecb052,WATCHLIST,52f3db10f512aacc32959d73e2f6e869d81f87e1fefe06af7520c0e42bb56a7c,2026-05-26,true,ADJUSTED,74.00,READY_FOR_CONFIRMATION,B5|DSI001,NOT_APPLICABLE,JPPOWER,REJECT,NOT_APPLICABLE
SKIP,REJECT,a8096cf51b46b6b81d48bc43edf3e85a278b75b8c10367b5e0ad34b54749a607,,true,883bf3738212eee86d9871e4b9f597f71bc750f9e276f542a5f99292f7f2d1fd,AVOID,4111b5ca43ecad81551f9fd173780c4d9be2f802fd5b35db7525c622498e758c,2026-03-24,true,RAW,42.26,INVALID,B5|DSI001,NOT_APPLICABLE,JPPOWER,REJECT,NOT_APPLICABLE
SKIP,REJECT,a818a21813d7406e74b54812eed46cd9c66843f3b864c491e93dd806ce8866b5,,true,08581bdd01f0e06ba6d34a704e474a244245e75f6d635e2b6dd3f28221ea5e10,AVOID,260642691bbebb37ca37f8947f4892349dd4bca89e38a499820363c58b608d26,2026-05-11,true,RAW,52.93,READY_FOR_CONFIRMATION,B5|DSI001,NOT_APPLICABLE,TATSILV,REJECT,NOT_APPLICABLE
SKIP,REJECT,a81c598f90c0a0e67743e8231363326488896ebbc2089b8a57e6a7014662a6f2,,true,1a7f663c46289b3a093d54e53dad0abf7dd50dccb96b7835252af48359bfbf04,WATCHLIST,27e867d5198402720240d9dc6d377556ceaa3881752cac2b95406b5cbbe1f266,2026-05-11,true,ADJUSTED,71.56,ENTRY_READY,B5|DSI001,NOT_APPLICABLE,RAIN,REJECT,NOT_APPLICABLE
SKIP,REJECT,a8584d47c4d74b5b660096ec25551d9d4fe7d40041d06d92891aedca47e54b4f,,true,71cb27ec47949016dc643ad602235118bd6c86c37a0980fe79c670df40d1adcc,AVOID,101d75bc7403766799abf16f1c2d09cfde72e37a62ddeed89a58096614b3d45c,2026-01-12,true,ADJUSTED,55.41,BUILDING,B5|DSI001,NOT_APPLICABLE,IEX,REJECT,NOT_APPLICABLE
SKIP,REJECT,a8597d02ecb2d1ee85cbe384ccb0bd845beebefd54d1a7abf846c95e7471099b,,true,9bb32042068f6e518b22ad0813d6de4dc797a63fc1f86970eb7c9f043aaf26c3,SELL,43bee63cf5f3f78a45a30a4f9e71c070502f99b4b5aade40754eedcc64beccc7,2026-06-08,true,ADJUSTED,39.43,INVALID,B5|DSI001,NOT_APPLICABLE,GOLDBEES,REJECT,NOT_APPLICABLE
SKIP,REJECT,a861fd04170688b7f7268f1b07d1d52a8a522d2dfc30dfffadfb7fa8bf17204b,,true,54b4ec6ff428b85b42091679be7948b91af4b25f3cc756f2f47f8a44665b85a9,AVOID,ec7b1a0a23e116e14e8188f01d8287f1e882d23bcc884ece96f73e80dfca5bf6,2026-06-01,true,ADJUSTED,52.16,BUILDING,B5|DSI001,NOT_APPLICABLE,REDINGTON,REJECT,NOT_APPLICABLE
SKIP,REJECT,a86e3db88a8d488bb9a4545776503c40c197eab5e199f889d970c6ee7987a373,,true,a991255163208eb3607bfd9a5f51b397659157d8f2d72745a9eb26302249ef5c,SELL,04512069d97319cd6e4d8ec29cddfcaf0021594570eb96d840f150e42d06f128,2026-04-06,true,ADJUSTED,35.00,READY_FOR_CONFIRMATION,B5|DSI001,NOT_APPLICABLE,TATSILV,REJECT,NOT_APPLICABLE
SKIP,REJECT,a8712ff9648917c1d8be02442526bb20694478ac5c258d6ccca11ee97f97dbc2,,true,96443fd01c300d9ccf2be7388b473c514ce305cc7568280661b7b1071065a84a,AVOID,9e83d5d9fe38e145d3bd46691b9d558ab8993fd1c89d3ae0760c755b93265317,2026-05-11,true,RAW,40.00,BUILDING,B5|DSI001,NOT_APPLICABLE,LIQUIDCASE,REJECT,NOT_APPLICABLE
SKIP,REJECT,a8732b3d090fc4ff34d029fff4c47eb84954152290af0a38fed48caec224b400,,true,f2f678514198b9be78cf568319a698c30d8b57a451d30caa7e7a7d3ae3e3d037,AVOID,bf2da4dd32e99d8f1092f7e00fb4dc18e0ab6f00984cc033dda87c220414539d,2026-03-16,true,RAW,44.66,INVALID,B5|DSI001,NOT_APPLICABLE,TATSILV,REJECT,NOT_APPLICABLE
SKIP,REJECT,a8ae5b6cae9fcb2d2c3c36713f770f96d1928b8700424b308dab3e1738e27cf6,,true,320cc61ddf2705e789e5a5a7ff54c26c8e5d15c395f8ac15d56087dbe244c9e0,SELL,58c3b1fa4d93e8c634cba5011ad7918ae8f962b1ea2cc6bb17f87f46110f2a2a,2026-07-20,true,RAW,35.00,INVALID,B5|DSI001,NOT_APPLICABLE,JPPOWER,REJECT,NOT_APPLICABLE
SKIP,REJECT,a8c6723091c9262eca948484f62bceadc36f1c5b7b823a18ef35e29653572c31,,true,30dc2606f384e69a448dcf50d9c7ff9b3517790243c6b27afe96819805e59121,STRONG_BUY,494338d831a50e3ec2853cc729938271bb1ee383ce5aaef8ace68c7d734054cc,2026-06-03,true,ADJUSTED,90.33,ENTRY_READY,B5|DSI001,NOT_APPLICABLE,IFCI,REJECT,NOT_APPLICABLE
SKIP,REJECT,a8ddc9c79bfc118c83b2655cb9557768ef44c6d6da622fde1d67eb1874e4de00,,true,82f4f5aba90ce6b61c052d5e0b0ecb9c0db1efcd33496aff33b201b50ca40478,SELL,b2471c4c335cbb7273035961cf0b37cff0b0fe51d7c7f9d1e6204d2090f88d07,2026-03-30,true,RAW,39.00,INVALID,B5|DSI001,NOT_APPLICABLE,YESBANK,REJECT,NOT_APPLICABLE
SKIP,REJECT,a8f13b33e95e3d756a73bb30ba3bf819eb1e09e7b9f8d1f23bead12d38e86592,,true,5d6b623237e28e17f1b6154e32d5e451b15645725c16ed1475feba9fc170adaa,AVOID,976c99897b4bf10031aa0b1fa9b1199881210b88839a81c554875ba1d9533d8a,2026-07-13,true,ADJUSTED,53.36,BUILDING,B5|DSI001,NOT_APPLICABLE,UJJIVANSFB,REJECT,NOT_APPLICABLE
SKIP,REJECT,a8fb1d21922ba05d1ffb6983aaa6373fcf42f17fae8d23468ebd95a127a49211,,true,46403db2300a3afbcaf5bef1c47d9430aef93d2fdb5b1951a304a6ca8641162b,AVOID,f72dd17c08283d832af3263ebd0940b30a1b08557288c395f8b8e93de4b96174,2026-05-14,true,ADJUSTED,49.60,READY_FOR_CONFIRMATION,B5|DSI001,NOT_APPLICABLE,GOLDBEES,REJECT,NOT_APPLICABLE
SKIP,REJECT,a904cdee0402980efd1c3a81fc310ba8cc5338c002f25b21b9ce2f6f6efe1168,,true,015725f7bde06344c7e2ad8d63039f38d3a169339d90cb4d4f8627770986a60f,BUY,00547e14fff42d73cc7b3c41042d681b99763a19c5c0156134f657a0b26264d2,2026-05-06,true,RAW,84.59,ENTRY_READY,B5|DSI001,NOT_APPLICABLE,HFCL,REJECT,NOT_APPLICABLE
SKIP,REJECT,a90c447277a75d7785e5bb618710b252fb201d318528f509420dfaf8592417f4,,true,a06ada2859315e0129fcdd72bfd7b0f1e3da8ff6594665aaf0a306359383b260,AVOID,076b8aeb68fbd537eb80e713888b8fa1194587d649cbf9a38ba0a6af1f571d2b,2026-03-05,true,ADJUSTED,45.28,READY_FOR_CONFIRMATION,B5|DSI001,NOT_APPLICABLE,SILVERBEES,REJECT,NOT_APPLICABLE
SKIP,REJECT,a9136d9879ffcf58b5cf49eaf9ebfc4faf202d4e7e967cc600c99fbdc33cbc61,,true,8c8cdaf13695e9df8e8062ac5d277769f6b985cc58e96b48fb26a55dd68fe78f,WATCHLIST,16897cd00ccf88a7ee3f4d1ea4d5c4ebff2312383e775f8fb09a7d7655b711ec,2026-07-03,true,RAW,66.97,BUILDING,B5|DSI001,NOT_APPLICABLE,AEGISVOPAK,REJECT,NOT_APPLICABLE
SKIP,REJECT,a91fb546eca97ce4bbf035dfc1a286a1b60b81ac4898ba99a169305557acbdfd,,true,12c194deeabbbbb4c811a2970505b76a630942730d2aae2e9a9c9016969a5633,AVOID,ec6726b4644ec4e44a63f0b2aa88b80e9cc7c9f97bb0ac3fd9371eb0faea8de1,2026-06-09,true,RAW,50.67,BUILDING,B5|DSI001,NOT_APPLICABLE,TATASTEEL,REJECT,NOT_APPLICABLE
SKIP,REJECT,a92097c0f432ba208987cbf4785919000e668a8e435598d2e5c0b2daef227b79,,true,d8e67642507ea69d0d12fedbfb506ba39f4b45419fcfef9e7897f1bc6f6a4454,AVOID,1a2cfa751feb9b64a4de3bf23bea2e7311ad52c6fa90e8eff62bec88e7032e61,2026-05-12,true,RAW,47.82,BUILDING,B5|DSI001,NOT_APPLICABLE,PARADEEP,REJECT,NOT_APPLICABLE
SKIP,REJECT,a92124def961b3bc90909402568bb081ae05cb85f0946e35b910233bbf6be012,,true,743866f76211eabffb112fd94a2757f07012d53ca938edaf1a871a4cf68294c8,AVOID,f16a1666304e515bd6034cf7bbb52b94a33690f1a94dd9eb6b3a18b8d96939f8,2026-04-21,true,ADJUSTED,56.25,BUILDING,B5|DSI001,NOT_APPLICABLE,TATSILV,REJECT,NOT_APPLICABLE
SKIP,REJECT,a9258e2b75e3a8072761507d4b7035f2117b4904de3355de08998310e115c79c,,true,c52707759bfbc2192cb21cd93f004391e4770b3d7404c4c76022f2ee7e28c362,AVOID,d8b0a1699933db3caa16644ba8a981bb6be97ce4ee9073f398e86d0c0d7efec3,2026-03-05,true,RAW,55.27,READY_FOR_CONFIRMATION,B5|DSI001,NOT_APPLICABLE,TATAGOLD,REJECT,NOT_APPLICABLE
SKIP,REJECT,a927cf4f1171668994c56298fb469e22dc820a0caa0c180e47dfc00c92e5efd8,,true,2b8225e4873f88d2c0eae90bee0cf6e2f99d7486a17b381b509b0a97b5b779dc,AVOID,2a427104355ce8b91a3a237345701ddf2621a78d32c94b4afabaedac0db96315,2026-01-14,true,ADJUSTED,59.17,READY_FOR_CONFIRMATION,B5|DSI001,NOT_APPLICABLE,YESBANK,REJECT,NOT_APPLICABLE
SKIP,REJECT,a93b4b2aff82df5081569edcb1f2e9f47604ca4e70b55a0a70bea5821d2925c6,,true,4d7bccc08ae925fd7701457daded56a58f979bab25e8e32da07cfe541be2f6a9,AVOID,572996e534f2a6c1d05aed37fe45420cda4b8acfa16fb93df9ab6056b2a7cb9b,2026-01-14,true,RAW,52.79,READY_FOR_CONFIRMATION,B5|DSI001,NOT_APPLICABLE,TATAGOLD,REJECT,NOT_APPLICABLE
SKIP,REJECT,a9c0f8ccf389497ce3a9b33ac83242fd3dcec4161f103a6861e3b43594616cfc,,true,86b720b1f40666f835a3fa7f7a1e7ec8f228cbe4b644e414463be38cfda89c7c,AVOID,7742f311aad4ba33f8d8b4a261a2d206b4e6e0d9a17860a9c2e16bb18d2d3170,2026-03-23,true,ADJUSTED,40.00,BUILDING,B5|DSI001,NOT_APPLICABLE,LIQUIDCASE,REJECT,NOT_APPLICABLE
SKIP,REJECT,a9c49c49fbd58c9fec46fab5bc1b31a02e52db9b6bd4256d1656c42c4c8977b7,,true,2eddc45b30b0f5db3aac9b85d6078d1f51179e065c4ee46b8688328402d200a6,AVOID,6aa66b011288e4aa4ebe23d43a22c576a367225af08fdd41385f1632cd1d1e83,2026-05-05,true,RAW,51.61,BUILDING,B5|DSI001,NOT_APPLICABLE,GOLDBEES,REJECT,NOT_APPLICABLE
SKIP,REJECT,a9d2967af2727d026731860200182fa81392d46a9b07f42b7d7212671c76dfa7,,true,64be83c1acc5aaa06e944d8ac0e72dacd778f846ec43c27023e57e8a432b88c6,AVOID,bf4ee526aac03c676bd219fe3254baf0ddca79cc4acd3d4030a552de61b1c4c6,2026-02-09,true,RAW,47.17,BUILDING,B5|DSI001,NOT_APPLICABLE,LIQUIDCASE,REJECT,NOT_APPLICABLE
SKIP,REJECT,aa0555ee9adc48743070b1c4a4bddd4c23d3549ad3fcc34028016f7fbf513f6b,,true,628a56659a2db3a73db336c632dbe93adf7eb96d33e066188b882166e5b7ea49,AVOID,29b174aa80d4f91b3653cae764993f041aa3c528d0d5c41dc8f35c50dc38e03a,2026-06-12,true,ADJUSTED,55.31,BUILDING,B5|DSI001,NOT_APPLICABLE,TATSILV,REJECT,NOT_APPLICABLE
SKIP,REJECT,aa0d3feaf71af980a473360dd8a28f5f96d14752d7dd4851a71d5ebb9e29598f,,true,49b6f2c454ada33dfc0837937b9f55e0f5f5a2cb0c5dcff645ab97c6721245e2,AVOID,8d20f269252c77bc53134af1f693b38fb00931241bf80cf58a62bccd22ee0082,2026-05-21,true,RAW,56.25,BUILDING,B5|DSI001,NOT_APPLICABLE,PROTEAN,REJECT,NOT_APPLICABLE
SKIP,REJECT,aa287dd6ca8776a16cb014d7768a65a8d1961d67c32b8e49f1b93cb50cba740b,,true,7e71e82a5f7b702aa231caf2a0517b7220983cf9f48161034b8b16a8d92f59c6,WATCHLIST,0dea3cc8d59ef3a52000cedf0183fbc4a2591011d94667c211461f91f3bb50a2,2026-07-02,true,ADJUSTED,67.80,BUILDING,B5|DSI001,NOT_APPLICABLE,GHCLTEXTIL,REJECT,NOT_APPLICABLE
SKIP,REJECT,aa2efb775c7dd782a8bc37f0ec6d485a5b941fc92469fc5ff29779babfd5c502,,true,5b8b1e550411db6936f8525a539c933d00797143396a71ad991dce733eb8aa1c,WATCHLIST,f4c63046a5878f4c9961149a9def5e574601379d8a1faea0ef4dbafe22da8d6c,2026-01-07,true,RAW,70.97,ENTRY_READY,B5|DSI001,NOT_APPLICABLE,GROWW,REJECT,NOT_APPLICABLE
SKIP,REJECT,aa66953e3d5aa1930c20a1d1781aee2d5047b057f0b112cbc2d2e8b5ae4ce38c,,true,679a01394378066ecd183c0cb91840ee91b29eb6cf888b9ad37b894da3b2ce2d,SELL,51f8400b04f49f69c23d62df7dc0c838d826ef3871e784632507a4c4cfde55a9,2026-02-25,true,ADJUSTED,35.00,INVALID,B5|DSI001,NOT_APPLICABLE,IDFCFIRSTB,REJECT,NOT_APPLICABLE
SKIP,REJECT,aa6fee1775a9df291c6fc274b9a00da9c1f398c6aab1fea01b31be4983938538,,true,e251d07d65b13f5a14cb60bea6396e90f222427cdb723a2ca4aff30122b01b96,WATCHLIST,4be23ad0f55ddf060b0788ed7348a8e2069c67634f0a3326eb4e57cdd62c40a1,2026-04-29,true,RAW,66.14,READY_FOR_CONFIRMATION,B5|DSI001,NOT_APPLICABLE,GREENPLY,REJECT,NOT_APPLICABLE
SKIP,REJECT,aa7c484cb39ff6236b93069eb48e38707473e350050fa54b2ae7d1d4a5ff0c08,,true,165586768606a15916054ecb5f0e1491a3962bd76093b7fa2255be464cd6bab4,AVOID,86dc4f0dff6321d367603eada3049c1898b9670ebf84452533726e078e412590,2026-03-02,true,RAW,57.42,READY_FOR_CONFIRMATION,B5|DSI001,NOT_APPLICABLE,GOLDBEES,REJECT,NOT_APPLICABLE
SKIP,REJECT,aa809ab27b77fbccb328115c3733ea6fcf0219f54b5215a78aaed455c7bf71de,,true,ad152a003cb9b50d0ecac64f421c9d7cfdebd09a77a56a3d1cf835bca555cf30,AVOID,c5fc7f5f7b59d489fad1bf7142ace588f9364940b62c57148a46298c0fa131d1,2026-05-06,true,ADJUSTED,51.41,BUILDING,B5|DSI001,NOT_APPLICABLE,RPOWER,REJECT,NOT_APPLICABLE
SKIP,REJECT,aa845e5d3a20120da48b34e0dca1705c3c41c4bd1e1dec87dfdb6604eb3e860a,,true,d3d07e99c009a69e986320d77497285686d492aeba381a957f557aadef486460,AVOID,2418c5384b9a4bbcfde2a55b70ec3e69fac441323a407bb4f876539571bae60a,2026-07-02,true,ADJUSTED,59.00,BUILDING,B5|DSI001,NOT_APPLICABLE,TATSILV,REJECT,NOT_APPLICABLE
SKIP,REJECT,aaf58b3188cc9d0e24edc49bcffd7c363fb2cf82adc64d4161cb1627ebf78bdd,,true,63d2ed355fa736d926aff73ccdd593345d56f31aff5df3ff0c3ff6f5a4132d5e,SELL,dd2f2555b76a9285726fe849bb92ec9a12bfa29f6a9dc9c7440d8e54416bb38b,2026-05-06,true,ADJUSTED,35.00,INVALID,B5|DSI001,NOT_APPLICABLE,VEDL,REJECT,NOT_APPLICABLE
SKIP,REJECT,aaf8a1a84e21ff426831846fd9f7ec86662eee1fc027d35ef92cd8abb542a226,,true,52a10c01f42d17b4a3c20a5c14bcfa03e75567f6f257d03e41565438dae84a0f,WATCHLIST,c942a194918ba679ff868bec9686ae204a3c8fc197ca8a0c78d8f90b006fe7ec,2026-06-10,true,RAW,68.25,READY_FOR_CONFIRMATION,B5|DSI001,NOT_APPLICABLE,OLAELEC,REJECT,NOT_APPLICABLE
SKIP,REJECT,ab0306c9eeb724e72a504cb4d7b1df798d5629d3c7cc9aa5866b2a2a718e3a30,,true,dace9f19b927a612e6c9b6a1762694c3f71f72e6fd22447be52ecda5b07c01dc,WATCHLIST,31fe3efcd297a1a7bcd466263ec15545146de2e2e6ffe8848072b0f2c1a4f017,2026-01-12,true,RAW,66.48,ENTRY_READY,B5|DSI001,NOT_APPLICABLE,GOLDBEES,REJECT,NOT_APPLICABLE
SKIP,REJECT,ab24f85a60ee6dd12bea11d9b353446c6059d99dc9236012db506c1460a4ed18,,true,45806e1bdfb9119ab3eca8d2d195f6125df66526d48e6e4c8e48a563040bedd5,AVOID,01a88e21c2cec7a1bc5eed205c8b93779dd7b09926b4899ba6651e08d477b852,2026-03-17,true,ADJUSTED,53.95,READY_FOR_CONFIRMATION,B5|DSI001,NOT_APPLICABLE,MRPL,REJECT,NOT_APPLICABLE
SKIP,REJECT,ab530b27984e2c10677fd45b66fdab29b7c757a3ef13f32c2fc625a465e540bc,,true,c14f40df1df3cf9119b2dfb1d10e3edd8bd5d139aa6fbc4d32e55c36fc202093,AVOID,195db4f3911bed54a51d9a2d7e5899a435f55f06fc9ce35f6c0b6b111bf71e6e,2026-02-05,true,ADJUSTED,40.00,BUILDING,B5|DSI001,NOT_APPLICABLE,GOLDBEES,REJECT,NOT_APPLICABLE
SKIP,REJECT,ab7ca59128c47920fbfe67583eb902c46cac16878f9bfea93a59e55a03920619,,true,77d16cd6edeaa7858f829afeb53616a658fdc3267612e350df82608509badcd3,WATCHLIST,2965ce523027db2f2a076d33c72a6f5cdc9fc74e516755e31903a4edf064c08f,2026-05-11,true,ADJUSTED,74.00,READY_FOR_CONFIRMATION,B5|DSI001,NOT_APPLICABLE,YESBANK,REJECT,NOT_APPLICABLE
SKIP,REJECT,ab87865f059b657255b31d161bb9ead5c1ef920012ee276910dc7bda6540043c,,true,dddc61e6fdfab3f578aa50ce9617b8fad21579829f0286847cad2d2dc81faf97,BUY,cad112113a7b48caf65bf7cb99974aabb54f547f01ce98d3f4b1460fc0c8ce0d,2026-07-06,true,ADJUSTED,81.79,ENTRY_READY,B5|DSI001,NOT_APPLICABLE,MOTISONS,REJECT,NOT_APPLICABLE
SKIP,REJECT,abb661e7770e1a608e31c9bdcaa143fadc262dd45f197f2769709ebcd1917b3b,,true,5f746347373abfa39a0b8dcdce0875abe472ddb6fd5af14f8b613a512208c278,SELL,67e4fc223f8d815c135c783b3f0cb1177dd752fa23a315e38b42247fa9529fdb,2026-06-03,true,ADJUSTED,35.00,INVALID,B5|DSI001,NOT_APPLICABLE,HDFCBANK,REJECT,NOT_APPLICABLE
SKIP,REJECT,abd5656711251735eac4c16e28a5f6d6278bfbfb4dd75124d25c8f7f5962730c,,true,a2649472edeba1538996405f75dac2381cde1bf76a603ea84c64c1ea4ca365e6,WATCHLIST,0c288222c67e04dcf586f857b06f7bf78f971364edc19b02ed55bd8e63064b62,2026-07-15,true,RAW,74.00,BUILDING,B5|DSI001,NOT_APPLICABLE,GROWW,REJECT,NOT_APPLICABLE
SKIP,REJECT,ac1dc7fb0796176c0359a718bebf44c3521f6a7361d07b3aacda5c869cd2d74d,,true,189b18edb9ab447b6db7d481b1c9c2db11a889bf6c377c91636713fbc73e2773,SELL,4c3f93b22ce0ade7350c19b84915734cfea2a6949ea16e23b62a11b3625fb22e,2026-02-17,true,RAW,39.00,INVALID,B5|DSI001,NOT_APPLICABLE,ITC,REJECT,NOT_APPLICABLE
SKIP,REJECT,ac368d357e8140165e8f4c24c6703020aa4818cc80f4a6d25f67b4e5180013b6,,true,f0191d2807a9a5127be9b17784d3a85ad0c1460c548b292934a748cd30b1f9e9,AVOID,8d7f4a49783258da6f6daf4269dd901788e66e6c386cebdb34131881b735dadb,2026-06-09,true,RAW,47.93,BUILDING,B5|DSI001,NOT_APPLICABLE,CUPID,REJECT,NOT_APPLICABLE
SKIP,REJECT,ac636a268ec1fe757c83ed4ea6c3fe989b3755f213ab2ec1b2ff5c4058273517,,true,12ea5d04ff94629a645e15a8803989d68c5483237082942531ff2847cc28aabd,WATCHLIST,b8a35a3896236095ca2b627877c4aa0d66c997e75ea9f818d9c390fce83b5a82,2026-07-15,true,ADJUSTED,63.38,BUILDING,B5|DSI001,NOT_APPLICABLE,GABRIEL,REJECT,NOT_APPLICABLE
SKIP,REJECT,ac8527c1fa1ff41b82ab1075320c1de7c0552719afffa2ce164d75a43d1a9b9a,,true,197d4c32a21a25ee56b6dd4a04adf573e67e718410043f29a947475460366c6c,BUY,faa945728c90463a96c0c113d103b296a1d74e8f95d146ef7e4daaf8d84ba91e,2026-01-14,true,ADJUSTED,75.47,ENTRY_READY,B5|DSI001,NOT_APPLICABLE,UNIONBANK,REJECT,NOT_APPLICABLE
SKIP,REJECT,ac8a2f2509380a534f0e5b3c139c8d2cfb898cf54dcd51daa3843e25df7fb0cb,,true,e7b6263a80a3d6b4c4893e11e4143649e21adc527bda54962b9ca18b274b7014,BUY,e644d4db622036469b9ce27988d44f858459d9c2d943af9be07d57b155a908e0,2026-04-13,true,RAW,75.97,ENTRY_READY,B5|DSI001,NOT_APPLICABLE,ADANIPOWER,REJECT,NOT_APPLICABLE
SKIP,REJECT,ac9147808fb0d4bd00378954cce81c5ffa414e99b031909084a64e5d69dc2d20,,true,337c60dd044d8483ac0dddd870726619040cb4485806ea41a645c56d43895119,SELL,51238a40214bb853d938b1be8fbd58fce0c0d5b53576ea0c9c820dc58c76cce3,2026-03-17,true,RAW,39.00,INVALID,B5|DSI001,NOT_APPLICABLE,ETERNAL,REJECT,NOT_APPLICABLE
SKIP,REJECT,ac921f9b93296d3048c2ab6f00bfe0a51f56add54fb34c86dfe328956fa17f9d,,true,bfeb35b13cfbf7fb9fabbdff7b40b8fa35e8028e94b63570a3b76090f4c9cbf9,WATCHLIST,0ad32887fe54c692670f1b7fe92cee0987953e6349257946277eb3e855337ae9,2026-02-16,true,RAW,61.90,READY_FOR_CONFIRMATION,B5|DSI001,NOT_APPLICABLE,SILVERBEES,REJECT,NOT_APPLICABLE
SKIP,REJECT,ac930af6461895c8ca17457e624cd3cef8a562953acf23c78dd39cde030ef144,,true,9fb970ea632e81b8f1f492d2dfb1ead06fdac698364727320fb248eb6813503f,WATCHLIST,a408fcea950966d5d85275a182ca3d647a204e385397d6c3a422f687a81e9639,2026-01-30,true,RAW,61.50,READY_FOR_CONFIRMATION,B5|DSI001,NOT_APPLICABLE,TATAGOLD,REJECT,NOT_APPLICABLE
SKIP,REJECT,ac9349c69bc6c12338fb09a479f3b6ea1ff0ca2c11811d047552594a86c3b8c5,,true,31b01cb608fe11cd039bd6a5922f68faef9bde3898ad50eefda995c41dfa4a13,WATCHLIST,15e1753f7fcef87acede5bcf77ac2e64ee4b29918e0ca80239d071d6f028a2d2,2026-01-21,true,RAW,63.65,BUILDING,B5|DSI001,NOT_APPLICABLE,JINDALSAW,REJECT,NOT_APPLICABLE
SKIP,REJECT,acb792d01b84647152744170e373c1c41925117b251046593807d65c31d2543b,,true,9fdcf8e771c5c4a961a8ea63208d8d06650aa4f44b4e5272d1cbcf4790da2b41,BUY,35d4f59de6882d7a5e07646f67b045a5f53d88a113dff467479defe566dfa1cd,2026-04-21,true,ADJUSTED,75.75,ENTRY_READY,B5|DSI001,NOT_APPLICABLE,ROLEXRINGS,REJECT,NOT_APPLICABLE
SKIP,REJECT,acca31cb0c886cd3a41cc04d4f330dd630fc704e0497de3a08a7b640ead8d34d,,true,b776d18648c915e9a163da36a96d82341e10a4cd263835b1892094c2c3a5a4ef,AVOID,f97db9a07e8c174ab50acd6010411cf2c9ab05d11dd3c61f78b37ebe6d531326,2026-07-08,true,ADJUSTED,47.90,BUILDING,B5|DSI001,NOT_APPLICABLE,KALYANKJIL,REJECT,NOT_APPLICABLE
SKIP,REJECT,acd8171f8dc410ce7ea3474aad9e8d6828b552c36e48dfda9005244646353002,,true,a6bce03dc20880229364538ee74e67be0691f02611cb37f9db0180abbf10ba4c,BUY,7f6313b08b3c1c67e1ad7f2ae1c6f416e14df753373ad0e4f0d4ddc8d4ec5dc3,2026-06-30,true,ADJUSTED,80.08,ENTRY_READY,B5|DSI001,NOT_APPLICABLE,SAKSOFT,REJECT,NOT_APPLICABLE
SKIP,REJECT,ace02d46965cc7b58048dad565fc4c5c22f24a60eb342e48e1281bd1d591220c,,true,99c3b3ba76bd1ade8f98dd3eceb9567793b9cc4fb90eedf5713faefabb6cfce5,WATCHLIST,53bb77cb0b4d6b045b4ebf71860b00b37f054f1e7a5a3b696ca1b04fccabb590,2026-02-19,true,ADJUSTED,61.47,READY_FOR_CONFIRMATION,B5|DSI001,NOT_APPLICABLE,SILVERBEES,REJECT,NOT_APPLICABLE
SKIP,REJECT,ace0651b8fac65a830953bec6f82589e37a2b0b0387e83243fefa5f5c2b70cac,,true,bfde2be89acb82bb69e5da9cfca8201dbab4400abe9abc96d56f24c094f4164c,AVOID,3509f5f4b71f4c78c0439428c604bdaa5cfa485dc5f3ff46fece5f124448618d,2026-04-06,true,RAW,56.00,READY_FOR_CONFIRMATION,B5|DSI001,NOT_APPLICABLE,OLAELEC,REJECT,NOT_APPLICABLE
SKIP,REJECT,ace6fea21ac3c2bfb3922165075be9024bd56281a4cc2f04d0f6acb9cabd0b39,,true,6fb5b32fac4657b7b368a0ac945519b25a00d0e7ac14c08ca51855951060fa92,SELL,83fcd4c62cec564b5f263719efb5519a22be134047a0304bf7e504e009071868,2026-03-24,true,RAW,35.00,INVALID,B5|DSI001,NOT_APPLICABLE,SILVERBEES,REJECT,NOT_APPLICABLE
SKIP,REJECT,ad0509d9a8fd6bebc4a3f635053be5304093ad0e3456af269d02957d4c93d265,,true,642ad5b1c6a6a1f65ca52dd566cb883e3a06e06be722703e3152886411f599e3,AVOID,440c3524020ea14212309a3d99a6a5cd282006ec500efa55ecc466fc251435f8,2026-03-05,true,RAW,59.00,BUILDING,B5|DSI001,NOT_APPLICABLE,TATASTEEL,REJECT,NOT_APPLICABLE
SKIP,REJECT,ad49e27fb5aa0f6dddbf702560704660bcd3bdb6b3649525038f716acde5e92b,,true,5506f568c60b0b35679a01a3587855307bace7a60acb52a5871a0238c321b814,AVOID,065a09431cd32a9d88d648c758607ea63948b0dcd256d96fbfaf4770ee735bbc,2026-02-05,true,ADJUSTED,51.47,BUILDING,B5|DSI001,NOT_APPLICABLE,SHEMAROO,REJECT,NOT_APPLICABLE
SKIP,REJECT,ad5325966fda3ced170627a2cefb494d64488c1a725c78b3b1b517e7cc4d65cf,,true,3b0faa24ef80659f3e4cc27e67a4360ce99431d2294586249edddeafbdb57676,AVOID,30c22ab52f63b0606c45f1d9644af9258d6ffeafecaf02196eaeadedb27889c8,2026-03-27,true,RAW,52.21,INVALID,B5|DSI001,NOT_APPLICABLE,TATAGOLD,REJECT,NOT_APPLICABLE
SKIP,REJECT,ad6e4e621230b88acf7502a9fd310541091de42d9f1971287aef2d678e8d7883,,true,b12a33e805d25951a7df38a772ecdbe05ee3417e2510f9d93268587f554275b6,AVOID,aaa5f357800656ff6a22cd328f193a5f950ced65372ace21aa649390e5b5d1fa,2026-02-17,true,ADJUSTED,56.13,BUILDING,B5|DSI001,NOT_APPLICABLE,UNIONBANK,REJECT,NOT_APPLICABLE
SKIP,REJECT,ad714662005d61bc4334a10cb910425c0f3525a8f9c93d9e644afd018a2e62b1,,true,9ffb6507a460287b08d30413f000d0e438ed1f07a3cd666dba6ffaed552e63dd,SELL,c82e93ef1418b8533dacf390bc207d4f706de8c294a20667c2249540f282e027,2026-05-15,true,RAW,39.72,BUILDING,B5|DSI001,NOT_APPLICABLE,YESBANK,REJECT,NOT_APPLICABLE
SKIP,REJECT,ad7470a9e117272fdfb6e09e3be8cf45a766c92aef7feb40cbc5c1ffb40f58dd,,true,d4eeb85e2e789995b26c18dccb156cc32dd5d519650553e23760f19b3e9a2302,SELL,3bd769e78b0931b75dbae3bcc7891ed2547019014c29580893b85d677f358cb4,2026-01-08,true,ADJUSTED,39.00,INVALID,B5|DSI001,NOT_APPLICABLE,TRIDENT,REJECT,NOT_APPLICABLE
SKIP,REJECT,ad7fd1c2665daedb83f7c46d7832863e943f65d3e7150e895ee5d4f923a41b67,,true,03eaa1843baa87089fb49ea6d204d41ac495723140e4cb1e197d912395f53e4c,WATCHLIST,0084130e865bd5e969daac06c708ad4b5db29857cf923057cd772b38d747235a,2026-06-25,true,RAW,63.84,READY_FOR_CONFIRMATION,B5|DSI001,NOT_APPLICABLE,ASHOKLEY,REJECT,NOT_APPLICABLE
SKIP,REJECT,ad8fda4eb463dc01e68e0e931aeaa357ad979e61e1a814d9cb351ee6b4b04246,,true,21873a61f9258201fb9fb64752b7c8a4eeab00a6141d3c0d1e1e808d7115a3a6,WATCHLIST,379745907a1c730a400f4a9cdb3f1d1b6d8756c159e9f9cc0f60908e1c8aa0f5,2026-05-08,true,RAW,61.99,BUILDING,B5|DSI001,NOT_APPLICABLE,SCI,REJECT,NOT_APPLICABLE
SKIP,REJECT,ada3d4d2e8fb54ec85f10ca2433509998c11714f7057ada59751eaabef4de836,,true,acb87905dc5ee830dabb91a53127781ad678b423b0ba0aec9531039b17dd3168,AVOID,4d84d559780204799f8de07807465a77983429a5372ad05367e13c88bb6854e4,2026-03-24,true,ADJUSTED,55.68,READY_FOR_CONFIRMATION,B5|DSI001,NOT_APPLICABLE,ETERNAL,REJECT,NOT_APPLICABLE
SKIP,REJECT,adfcbc68041906fa80592bf7c4653dd58386dfbf091277d9f9b878a74fc2d5dd,,true,e86b26b2fb427e71c70500ba08dc0fde4d654e533ce8ad41340d0cccb18e7f5e,WATCHLIST,d1ac79e10bb0a13bf24ffa45fb6d115a55a41d5bf8ad9948b6d85983b58339db,2026-02-05,true,RAW,62.03,READY_FOR_CONFIRMATION,B5|DSI001,NOT_APPLICABLE,MAHESHWARI,REJECT,NOT_APPLICABLE
SKIP,REJECT,ae2e2b17adeef8fa29b3d66e7253aacebc7ca24360714d0a9f73de323f8019cb,,true,4495b6034bd4c1dfb32213d83fc745d51b7cf997c3e5a11d2c1d6ed3744ebd3d,SELL,2f11e8acfab525158faa77339511cb2ec2938df68bbf759e9698a32fe9e89191,2026-03-24,true,RAW,35.00,READY_FOR_CONFIRMATION,B5|DSI001,NOT_APPLICABLE,HDFCBANK,REJECT,NOT_APPLICABLE
SKIP,REJECT,ae49fda132a05bb5cc11ac31f75c684254068a2be761005ee3274e613761842d,,true,bd6f553cdd047e949b14b26d4dc9e225033b36e607f6022eb745e9036593fe2c,SELL,af3e94d287536eeea470f04c4ef72b9a30c992db0e393ce5c543d214bca00bb3,2026-03-06,true,ADJUSTED,35.00,INVALID,B5|DSI001,NOT_APPLICABLE,RPOWER,REJECT,NOT_APPLICABLE
SKIP,REJECT,ae4b13b687196f23013834050071ad3a1031be369e5b8c38f1dcfb78862bad8d,,true,00357d4be79daded92f2d25d0364db84dccbb487c1cca56a58c48bd0db2373fc,WATCHLIST,864b95eb34e6b8676015383b3d0946491e9f185b735825216d93d889a33298ed,2026-05-27,true,ADJUSTED,73.61,BUILDING,B5|DSI001,NOT_APPLICABLE,COALINDIA,REJECT,NOT_APPLICABLE
SKIP,REJECT,ae5b635f448d3fb756dc1b9d3740e86677a845364a2a263a892a4134cac7fa57,,true,4a795c1fff33ecda34ec73ee4a988646b91a5f09dc9a9d1c0204260640dd9b63,AVOID,c55c2bb12e9818cbe0a913af763f18dac1061ab1b9be0c557cbb3aabb22512e0,2026-04-24,true,ADJUSTED,40.00,INVALID,B5|DSI001,NOT_APPLICABLE,RPOWER,REJECT,NOT_APPLICABLE
SKIP,REJECT,ae76e7b811fceb9aab2e5a6cec986bdede7c794b3640b7c36686f3dcc8e0c896,,true,08828241ef117ac7028709b24401fbea385bf2eebffc44f847bdfd66eb82446c,WATCHLIST,c8653f1799fddfe1e5543a1efe0ca4325e684a87653472fdad1783d612c4be3c,2026-04-29,true,ADJUSTED,74.00,READY_FOR_CONFIRMATION,B5|DSI001,NOT_APPLICABLE,YESBANK,REJECT,NOT_APPLICABLE
SKIP,REJECT,ae7d9d98950c73b8a199f9bb5fe7c52f8d0dcec8e99d1c2e7f7d31b7f27560da,,true,cc0ccd57fb84a964a217cc6d9e10a5e300098709b73fd22f97fa063221c3155f,AVOID,c34b68a448b56c31d7b2c731166895e23bf9f136e115a7ce48b5f6f1551ee5b2,2026-03-20,true,ADJUSTED,40.00,INVALID,B5|DSI001,NOT_APPLICABLE,GOLDBEES,REJECT,NOT_APPLICABLE
SKIP,REJECT,aeb3b90354a1a25b6521a32c48b15607506ed83069b50334de3f1e5e0c149a62,,true,11175ecd27d49add54502ffc8421584a5c30451d0ec30fedfffac86010a7b78f,SELL,697111aaacd752d382b45b456c8b91a514a5ce061198e5c6375750790a373a04,2026-04-17,true,RAW,35.00,INVALID,B5|DSI001,NOT_APPLICABLE,CUPID,REJECT,NOT_APPLICABLE
SKIP,REJECT,aed01734d7ef1fa49f7a54fb1c5c40fd56846c0a92e7e70cde432e0603449b4d,,true,ea6aa4cee58582453d294144e6e71b4b3d4b8cc95d7550e954bb6adb8ee099bb,SELL,a5ccc2595bb97f631813db394df72b9c0abaa28c47521e4935d2b355bb8639b6,2026-07-20,true,RAW,35.00,INVALID,B5|DSI001,NOT_APPLICABLE,TATSILV,REJECT,NOT_APPLICABLE
SKIP,REJECT,aedf14f4c1e5519473a3ba619be32cda24a68f584a20d28eea2d230fb7566da3,,true,334f036938f4d4224c12ceea2db2fefe02a9207d21ae0e87e3be5da2c83252e2,BUY,ff1d25dddbc98d1fe38e004bc2935e7fb7e501a76a3bc144c661023a188bac0e,2026-03-02,true,RAW,84.15,ENTRY_READY,B5|DSI001,NOT_APPLICABLE,TATAGOLD,REJECT,NOT_APPLICABLE
SKIP,REJECT,aedf85d0be90de937ea8f55bb7cdbc6fa94a50ea548b7a534e27f4e7b7cf9507,,true,d0a8793dfcc4e0cb6758ed97df63802d043a003db0ef941029147c0eebbb9376,AVOID,725a3e69d5b01c2debacf20088f4ea384d062e1c286f0fc2bad5c1ed751e1e9a,2026-03-13,true,ADJUSTED,42.28,INVALID,B5|DSI001,NOT_APPLICABLE,SILVERBEES,REJECT,NOT_APPLICABLE
SKIP,REJECT,af48d5b3a1dc87c4f2193d6ceef3e85d9b90cc5a524be6c9dd07fb58eaf6ad6a,,true,4ed66cc3d50644529f461cbabb966af7d8f50f1276c0afc91b2dcc7c801561e7,WATCHLIST,1d6dc9a7fdf576f189b1c8d8b3dc7f2a49705c008b43bacca0e237c149608ee4,2026-03-20,true,ADJUSTED,70.49,READY_FOR_CONFIRMATION,B5|DSI001,NOT_APPLICABLE,FIRSTCRY,REJECT,NOT_APPLICABLE
SKIP,REJECT,af9b2a92243af307515a25eb811879d5c2979d4b2e715679fef09d0aae1a8d32,,true,af79536b28de2de754d72e81ee5bd981db4a623ec321c364a7a9695d4b2b4f0f,BUY,56d66040be703c03652cf2b32df76f8a3659833b2bc9b872e61891e78c71686d,2026-01-28,true,RAW,77.46,ENTRY_READY,B5|DSI001,NOT_APPLICABLE,GOLDBEES,REJECT,NOT_APPLICABLE
SKIP,REJECT,afd341e8bfb2af673d09a11d21fcbd054d031b2b664795a56996380af4b25168,,true,4b2a67e0ece357d926495717d349e7f8f49070b8ef47f60c4f8ee22c81494664,WATCHLIST,64677bebb98b643fb01cc92b57e971fab284e74c9b74cca719d7bd54d1d3e439,2026-06-22,true,ADJUSTED,71.98,ENTRY_READY,B5|DSI001,NOT_APPLICABLE,RBA,REJECT,NOT_APPLICABLE
SKIP,REJECT,afd8964cd4e8eb7ab9f1c29d9840cbae445c46be977fd9bbcd97d58965050d39,,true,ba94fbe5516e8902c204f76d829ee4bd3ef1ef63b263f10ea1eda25fb973cfc3,AVOID,f788dcc2e4fc02891f8950133d2d55f4437f8aedbacf12ae914532c16569464e,2026-06-05,true,ADJUSTED,58.47,READY_FOR_CONFIRMATION,B5|DSI001,NOT_APPLICABLE,RPOWER,REJECT,NOT_APPLICABLE
SKIP,REJECT,afdec70ef6cc275574ed9ac25cc06a2c177f63cbca2d6c52f7b5225085d04d59,,true,8de9c5dcde04f61ab4dd8eccdc409ec9973b9309c4a4cbbb79c5427eb3fde261,AVOID,8ee32de34aaf242287334b6bab9a72942b40c4610c7f99aa5ecb17f31224976e,2026-06-12,true,ADJUSTED,50.12,BUILDING,B5|DSI001,NOT_APPLICABLE,HDFCBANK,REJECT,NOT_APPLICABLE
SKIP,REJECT,aff50d10a2f74b8eb14cbcd056597af93d3fb9b0884824c9f31aa1e08bd03014,,true,8fd9d641781c92c3064ec0db67a056a54fdfea522883932df0f4cbe139fa8797,AVOID,b5e628643903c9631601a9ee94202db92680df2f8529750dfdf350ed470d9d31,2026-04-27,true,ADJUSTED,59.00,READY_FOR_CONFIRMATION,B5|DSI001,NOT_APPLICABLE,JPPOWER,REJECT,NOT_APPLICABLE
SKIP,REJECT,b00c22ec7786e8ede219453dc68179bef795dbde7e5a60319191cb96b962508c,,true,c166ffe020d1eeb6d94c3e2eac3d6501a4ad54981aa3fb45108e79345b9e2149,SELL,14e261826ccca908cf9de2fe03b75d14172a32b4fb76edc2c7f7b7d8d660b87e,2026-07-14,true,ADJUSTED,32.12,INVALID,B5|DSI001,NOT_APPLICABLE,JPPOWER,REJECT,NOT_APPLICABLE
SKIP,REJECT,b0617257c811088a90e3bb998f305f2caef73dfc4b1c6a12a3784df8b37eaefb,,true,f033c24edd766fdcbe9e8423ea37cb3a701f2cecd126d625d5a8519f62f45e82,SELL,924b370a8c75ab74ea0851836e62b74aabea9ab0709ad3adedfee1e7af0a0e8f,2026-03-04,true,RAW,39.00,INVALID,B5|DSI001,NOT_APPLICABLE,SAGILITY,REJECT,NOT_APPLICABLE
SKIP,REJECT,b066ff89818cb7b5d451b8b95359850eafa568d9b5824d5f2d8954e44eb1f3c8,,true,aa01e2e11dc5ad5d0e905999c0317b7b1181f088ac5d5a537195aa462e3bc9eb,AVOID,97d4ef8fefe223b43d7acb94fe7661ca653bbd52d5577d80fa3b638cacf41ba5,2026-06-23,true,RAW,50.40,READY_FOR_CONFIRMATION,B5|DSI001,NOT_APPLICABLE,YESBANK,REJECT,NOT_APPLICABLE
SKIP,REJECT,b07d49c608d25fe2333f7d91a5b7ea5897ccaecb00d245b69205c1c32de21bcd,,true,4ff8d4b7534d658efce7cc2233b3fbe6707a43582abdc297619f98bda4fbac57,AVOID,5124a1eaba05989a18ea681ceacc7f8827747a8e7b859f97db7e438ce6d126af,2026-07-10,true,RAW,59.00,BUILDING,B5|DSI001,NOT_APPLICABLE,YESBANK,REJECT,NOT_APPLICABLE
SKIP,REJECT,b09f23153b044b1926db30e0630e2d79290468dbc9ea7ad56d1c940f2f3fd065,,true,a675dfe7a1d5e281c0c005d17f00af6e399e7e192b148f8b955ee7eeb19c8a3d,AVOID,3d406a2cd82b11fd16b3d2711afbe0f735d423d5ba6e571701ca606537adfacb,2026-01-27,true,ADJUSTED,45.69,READY_FOR_CONFIRMATION,B5|DSI001,NOT_APPLICABLE,TATAGOLD,REJECT,NOT_APPLICABLE
SKIP,REJECT,b0a16da5ebe8d3ce6d609a8d31bf10cab14205655bbd5d7ce3cd5a19a4a38f6a,,true,fe8cc7a1f205845e78e7914322acafdf614504173cd167c64a984dcaa965a944,WATCHLIST,2a41f9cbf3c94c807c5df6bbd03f1000f08318c37294de887c752408123e0a7b,2026-07-01,true,RAW,62.74,READY_FOR_CONFIRMATION,B5|DSI001,NOT_APPLICABLE,ETERNAL,REJECT,NOT_APPLICABLE
SKIP,REJECT,b0a45aa03f26ccd93cdbc3a7ff77a4556ed0b5ffaa1e621f77fb676e087a521f,,true,3639b167a25b22ab9de6318d2a54dbb9df62d00abf486014d2794dfe2f7de20a,WATCHLIST,d3851bca45abeb350e5f9241ae6d8eba602445c9a061b3490f83de4269be41e9,2026-02-19,true,ADJUSTED,74.00,READY_FOR_CONFIRMATION,B5|DSI001,NOT_APPLICABLE,TATSILV,REJECT,NOT_APPLICABLE
SKIP,REJECT,b0bdeef4aaa696742451a005d28a81d8133deec510cf50ea6cb54a2e785840b6,,true,3a747788291b33da4a744ca0e34acdbcd901518ff7fc9e6fce7a49e686b6408e,AVOID,183106c04fe18faf3769678b230266a1e556f464db576d6f5e7679a675431404,2026-03-11,true,RAW,56.25,READY_FOR_CONFIRMATION,B5|DSI001,NOT_APPLICABLE,TATAGOLD,REJECT,NOT_APPLICABLE
SKIP,REJECT,b0c1438929d1f9849a155fc49c3c51be4850ae5819915176eaef7448d38e3a88,,true,d362525886757d775bfb232a271248c431a3e17a8bd3b70e6202da63291d8226,AVOID,9fbc310f68e4f49f99a4a29d5aaad374be1cb3bfe0d1f6fcf53949b3136b48c3,2026-01-09,true,RAW,41.16,BUILDING,B5|DSI001,NOT_APPLICABLE,LIQUIDCASE,REJECT,NOT_APPLICABLE
SKIP,REJECT,b0c7ebca452e1b642817a1d34962d86fcf7fbda1c011533fe0d8c22af354aae3,,true,e8e90bf9b40ce7511d417797b6bc147c8c1b24aa33cb25eaa5cd836abb6347a7,AVOID,8544395c3d5a7d6835ffee192875e16d7c4c43d62f2bbde84521e1a551a903e0,2026-04-01,true,ADJUSTED,59.00,READY_FOR_CONFIRMATION,B5|DSI001,NOT_APPLICABLE,TATSILV,REJECT,NOT_APPLICABLE
SKIP,REJECT,b0e13b475034609baab55a3c9abcc8267d6fc8aa269fbaae967b6cc6303c683c,,true,0989879e812ab19c17c7ea1b27b305c381e1c129ad3ea855081df752afef197f,AVOID,55c5b81d17b53fb0f1823fa620b5da2de7582b98620394343f10dc90898dfabc,2026-06-17,true,ADJUSTED,52.29,READY_FOR_CONFIRMATION,B5|DSI001,NOT_APPLICABLE,JPPOWER,REJECT,NOT_APPLICABLE
SKIP,REJECT,b110d15f725aae51d1f252bf195340b1dad24c7b3a0797ae4d29096955f369c9,,true,75d7fefa2dbf2dc7958612308814a8de3ca9414be763d34ecce2b8bb4fb9f7d1,AVOID,fd7a4627d44f8aaeeb482401258f308809715e62aa906f3dcc9bf17b7fae4f5c,2026-01-16,true,RAW,49.89,BUILDING,B5|DSI001,NOT_APPLICABLE,GOLDBEES,REJECT,NOT_APPLICABLE
SKIP,REJECT,b121b360571fd15051626b1157ae4883e5d21d5822a65cc55942163ba7d3ff6f,,true,6b2112c597a654d20983c2bc28417a05a5106ed56f02c649b304051e48f15971,AVOID,6d058ba66604dace628c95c5f595a7da0eda3ea772f37f37912900912b8c7526,2026-07-16,true,RAW,49.81,BUILDING,B5|DSI001,NOT_APPLICABLE,PAISALO,REJECT,NOT_APPLICABLE
SKIP,REJECT,b121d0a586cc507a0e534d56ef06042ff4ab3cb09c18f570b996100822d1fd9b,,true,cace8dfd62c87a7c0f12711c644379862393d4ebc0483f26d306ee8e3f12ba33,AVOID,37f2ab850d0567db84a4150bd0c8917b54300e992323ac29d3cd4bda4a0abced,2026-05-05,true,RAW,40.00,BUILDING,B5|DSI001,NOT_APPLICABLE,LIQUIDCASE,REJECT,NOT_APPLICABLE
SKIP,REJECT,b13f3825fbb4a568eae84e720f450d966bc2e8dcb87614d699f5f124db280cf7,,true,c9ac3b781637e6c9d7e6d0703430ac0ec1cc07ead8434320b01b92ff561f6817,AVOID,7ba258c621658d078d4ed5457c2c552ce92f2d2bfeafb891c35b6e17928e7c98,2026-01-23,true,RAW,40.00,INVALID,B5|DSI001,NOT_APPLICABLE,YESBANK,REJECT,NOT_APPLICABLE
SKIP,REJECT,b13fab6a3e9459f33a5084e613cf4ab006d2f760aecab5a29ceecadb3cac2573,,true,8dd0039247bc6729838e10813f7cee506872581d5a2eb18cc66a0fb2b7233c61,AVOID,4dba2edcf6372268ff0159bd62b4a5d6042636333c37b219503e90a475f9ee86,2026-04-16,true,ADJUSTED,55.31,READY_FOR_CONFIRMATION,B5|DSI001,NOT_APPLICABLE,TATSILV,REJECT,NOT_APPLICABLE
SKIP,REJECT,b146cb4d313fd4776f1a463f66609483f3bc92303a508def09a74fd43ccba9e1,,true,0324d988c90f7827ba1d7b6c9cc1d9e1d61aa7330e6e41e66390272dd4e147e8,SELL,0f1a42309c7107643af8e2bd268d04b1bcc3ec38296ed90b5997ab30d876b23f,2026-07-02,true,ADJUSTED,35.00,INVALID,B5|DSI001,NOT_APPLICABLE,WIPRO,REJECT,NOT_APPLICABLE
SKIP,REJECT,b14d63d57f3c8bd98b51d3ff811ae3118f8fe51311b9f0389c353156816c3f20,,true,937f8a82a37baf856b069cfc1bb363de9c681bec82e1cd479355fd9e9963fa20,WATCHLIST,b4d5fb589fe91cca3ba43ba7c88abd5ac45143d27e81e7f727de16efc8c0b767,2026-02-05,true,RAW,74.00,READY_FOR_CONFIRMATION,B5|DSI001,NOT_APPLICABLE,TATSILV,REJECT,NOT_APPLICABLE
SKIP,REJECT,b15181d23191a222a54aef82d289455e5615d22fd3e16d2bec930e828b4fef82,,true,7f766dad959b0793cf098786b850d3272d17bd9a593d47d3cb0d9cfa9e3e810f,BUY,2a77350b1c02af34a13839c2ab6163d17ecd63c3f6a767ef10f01983385569c9,2026-06-29,true,RAW,81.36,ENTRY_READY,B5|DSI001,NOT_APPLICABLE,NHPC,REJECT,NOT_APPLICABLE
SKIP,REJECT,b15d5a5e05f1253de87facc0bdc424bf8db5d55ba2a201f7477a0499ba60c110,,true,d6e7fd1735e05719285a12937cbc42015d46afd6e33efecddc7fe7c069959b01,WATCHLIST,1644c827ccc195538def4d9def9c16a260859e699492970f0307456d402cf01c,2026-06-10,true,ADJUSTED,61.06,BUILDING,B5|DSI001,NOT_APPLICABLE,GENESYS,REJECT,NOT_APPLICABLE
SKIP,REJECT,b19517278c0b737e2d94b5785d07bf9f093d6ce78ccc0a78738145fbeca72f55,,true,29e519c45a74bc4f6e0cf74976533f84b84eb7fa96c790214b56812a91468845,BUY,6127c92f7a21111d9b3bdb9682636e76807d8c41334510f2df932dec2a105bbf,2026-03-11,true,ADJUSTED,89.49,ENTRY_READY,B5|DSI001,NOT_APPLICABLE,JINDALSAW,REJECT,NOT_APPLICABLE
SKIP,REJECT,b19cf5a3922d413e7ff3caea9ce0dbf823aa6da2e59e96c75e02725a29c01839,,true,5545b9cb5badccf658edfeee9ac032fd51da081774fe76fe8cae0f92adbedc12,AVOID,d67638e6a15fea2b440590ff575327c40af56705cc4c28c3f948456584780d12,2026-01-14,true,RAW,55.44,BUILDING,B5|DSI001,NOT_APPLICABLE,TATASTEEL,REJECT,NOT_APPLICABLE
SKIP,REJECT,b1bbb3aeaff848d49e0dd5a864d537065748c8b818ff92490db046a737b3f13b,,true,f8069d4c13f00a6afccc0cc10013d8c7b5210fe14cc52413fa384ad47a8c40df,SELL,635d65d7a763a7e27defb0c89688a070383fb83a31fb6c16827101d71a50cff0,2026-04-02,true,RAW,35.00,INVALID,B5|DSI001,NOT_APPLICABLE,YESBANK,REJECT,NOT_APPLICABLE
SKIP,REJECT,b1c02b7919fc82dbf2443b0eaa04fc8aba040d681a9d298f83909e5fcaef4998,,true,2f6c36f5f6bd098d49e349dc5896f0b318810ca3407b9992655dabb3dab9e931,AVOID,bc6b849639978ec7fc14f5b44735ce456e18b5cb68e012cf6b547cf76aa9aa4b,2026-04-27,true,RAW,59.00,READY_FOR_CONFIRMATION,B5|DSI001,NOT_APPLICABLE,OLAELEC,REJECT,NOT_APPLICABLE
SKIP,REJECT,b1d83558859f23573c4250e00525240a81208728c82c4c7f37c480e96d566915,,true,7485d645e079e6d43895794016aa245e1dc482e6d0a6e3bba1b729a850edf4b2,SELL,69c3493cd34bdfb11f9eebf5e5f8699c69b7fe9a88abafb39fc029d11ac48866,2026-02-16,true,RAW,35.00,INVALID,B5|DSI001,NOT_APPLICABLE,YESBANK,REJECT,NOT_APPLICABLE
SKIP,REJECT,b1e2b2a6b87d410c706db6d2cbc050549b7c28bb61229d5b7c494b1bf366f0e1,,true,337c60dd044d8483ac0dddd870726619040cb4485806ea41a645c56d43895119,SELL,51238a40214bb853d938b1be8fbd58fce0c0d5b53576ea0c9c820dc58c76cce3,2026-03-17,true,ADJUSTED,39.00,INVALID,B5|DSI001,NOT_APPLICABLE,ETERNAL,REJECT,NOT_APPLICABLE
SKIP,REJECT,b1edb003133c017829f2b8111865296de3a0be20d122a21c7fc6c100423a27f9,,true,9a05499aa4283d147ee216655ccf0095028383761ae75b675dc29658da678681,AVOID,2b60216d88095c1b4cbec234aa88b54c982a6da684600fd1bdc67db8c400f9e9,2026-06-16,true,RAW,45.54,INVALID,B5|DSI001,NOT_APPLICABLE,JPPOWER,REJECT,NOT_APPLICABLE
SKIP,REJECT,b21dd248181d95feab06ecb1b0738febfed228a06428fce8316fd5ef1c072bcc,,true,2240a8f7c5331bb6114991eaed9bcd702f2ccbd0741abf74b61d8d82c13c464a,AVOID,a4760abccd8d67c55cf86c39dfd06c164a001a033a1514a1d8aecfe0cd5542fa,2026-07-01,true,RAW,41.04,BUILDING,B5|DSI001,NOT_APPLICABLE,HDFCBANK,REJECT,NOT_APPLICABLE
SKIP,REJECT,b21e556410f710bc0945ce2e5e49ee8c6a397f5f716afbad80eec490b95012db,,true,6190f302bb1bc363ce71825e6260d64c32ca3ff387f4efb28f39e0e24067b323,WATCHLIST,3c8864895a824e5c48bf7970747ded18ead4a29464eebaa6cb493e6e70587a6d,2026-06-22,true,ADJUSTED,74.16,ENTRY_READY,B5|DSI001,NOT_APPLICABLE,NIACL,REJECT,NOT_APPLICABLE
SKIP,REJECT,b2284aef52ac7d9c1d528f8b00f0924c642eca38bad9ac9ff13678f40f3fb9b5,,true,171dcf00bad035661157ecec4e1a54818cbd295e5b48ceb82729fd63afbf7515,SELL,26614af4e3844bc22602fdf3fbb1d8c38856bc57a43d475d5fd2480222bc38b2,2026-03-23,true,RAW,35.00,INVALID,B5|DSI001,NOT_APPLICABLE,GOLDBEES,REJECT,NOT_APPLICABLE
SKIP,REJECT,b23c5b589ddd02ef6e6409355b66cb576809f2e292511a75e2df6bb0d7ac4f19,,true,7c63dbba5c06673a1298009a62d9de008a88629ac7b0886ed7928dab83d1b529,AVOID,0a0ad0c4081681220dfa9b7d2ba1ab4f82c4266f108252f633ddde1531f8c929,2026-07-03,true,ADJUSTED,59.00,READY_FOR_CONFIRMATION,B5|DSI001,NOT_APPLICABLE,PCJEWELLER,REJECT,NOT_APPLICABLE
SKIP,REJECT,b26b65603d79748af88fbabd6eff98f3a693debfaab8586716fac3c3e062d5db,,true,2c532d98e35af9744f95a2300e3dd6fc216a41063000050c1b1bf1b262704a79,WATCHLIST,e9a1d8a1eb338297b2c938cf620911565cdb63ada6c10f4d325817258706fadb,2026-05-14,true,ADJUSTED,67.69,ENTRY_READY,B5|DSI001,NOT_APPLICABLE,EASEMYTRIP,REJECT,NOT_APPLICABLE
SKIP,REJECT,b28cfc93d81167f55905b9ab13619043046cd32a0a9eebfe692385f256c7c67d,,true,42b107d03f606080b8ba57a8cb27158d2a459edec25414ecd1c737693f461906,WATCHLIST,f0a3cd526638fcbaa585bd8fe47958cc3d495b83a65b546ce240962d3a9ec1e2,2026-05-11,true,RAW,63.92,READY_FOR_CONFIRMATION,B5|DSI001,NOT_APPLICABLE,OLAELEC,REJECT,NOT_APPLICABLE
SKIP,REJECT,b2c69f476d4650b24deea1231cea7c2d073c2e9c029ae51cb96b0c306217121b,,true,dfda2a41accc7f93e9b47fe71492042d4cb700ab76810cc8c3da2050138fd3f0,SELL,bc1bc7d04e0992a215300ddd36b3e6be42b0abc0c4c0e89c929dfe77e590804d,2026-01-30,true,RAW,35.00,INVALID,B5|DSI001,NOT_APPLICABLE,TRACXN,REJECT,NOT_APPLICABLE
SKIP,REJECT,b2cb9edc4dbd0886135c6bdd1eb04e0a745d8c784540bdc502dce800ee4123c7,,true,b9607ed3a08fc09688f0c4a0578ad38da881c39c329070762fa246f64d7a49bf,AVOID,44c6cebd8cf144d959d1a7d52fb10614bca1321cddecd6ea762feeb04365cac8,2026-01-30,true,ADJUSTED,59.00,BUILDING,B5|DSI001,NOT_APPLICABLE,GROWW,REJECT,NOT_APPLICABLE
SKIP,REJECT,b2e46b4f17cbaad07f91648d4bfe486256dda55c16141b42b9dd1d5878b2eb51,,true,2fec2282518671049280638ac8952a417ee08805a30e3daef9fcb9971ae5871b,AVOID,2dc07b97f831b159acb250cbd7658432b3ca9ccd4d3846eafc6eea207780febc,2026-02-17,true,RAW,40.84,BUILDING,B5|DSI001,NOT_APPLICABLE,TATAGOLD,REJECT,NOT_APPLICABLE
SKIP,REJECT,b2fa1737780c1ac9842ed08f785882d410e0e0373e1efe49f6cdb705037ccef2,,true,1628d38405aa772d79fd6efef0d68ac879acce59a2379cf75446377769346e9b,WATCHLIST,0fe255b97e3eb32e162e1640069373fdca372e4c2c1192e735ca4ef5aeecae24,2026-06-18,true,RAW,69.70,ENTRY_READY,B5|DSI001,NOT_APPLICABLE,REDINGTON,REJECT,NOT_APPLICABLE
SKIP,REJECT,b3013253c58edab82564b5479a524c01bf5f0ffe62af7be7b7def550d94cd5e4,,true,ab0ef59aa20ff1bb77b74e37d075f4982174c616892fc38f718a7badf2f955a2,AVOID,d0065254e777f527bfaab7f8339fbceb820a28d9d4021a3a1751694ea6f62178,2026-04-23,true,RAW,44.09,READY_FOR_CONFIRMATION,B5|DSI001,NOT_APPLICABLE,ADANIPOWER,REJECT,NOT_APPLICABLE
SKIP,REJECT,b317178781c79905cce213b2d693104f86030020ad8674afe873647938457249,,true,c5cce5010641861519a275441f68aec4c9151955c781737127ca46098b0f40a6,AVOID,4bb0dcb262c1cd34f26468193a26eed64f0e185063678b6882c133cb52d5fc5a,2026-04-15,true,RAW,53.82,READY_FOR_CONFIRMATION,B5|DSI001,NOT_APPLICABLE,TATSILV,REJECT,NOT_APPLICABLE
SKIP,REJECT,b31efaef9f4dc11637b551e52ad58e0b65bda6bfa326dea452c98f43add0803f,,true,6674cdfd3946a3a1262abe0f0b7cc60cc978060a6246f7969afa6775f4a9acf0,AVOID,456f936f5e194cbcf4767dc91835a6ef4b6ba8c62b0106d7153b7b5d52064c02,2026-06-22,true,RAW,54.12,READY_FOR_CONFIRMATION,B5|DSI001,NOT_APPLICABLE,OLAELEC,REJECT,NOT_APPLICABLE
SKIP,REJECT,b322ecd441aed5d4148f101d0856131e9f2c8cf65d058bc94323467ba33352e7,,true,bccc9f1220a3806b002feea6ed558ad04141c466162fae7205ce245f609a59a1,WATCHLIST,8bf55594baf1dcdd7e9c761decf4890f584850343f053b55e49b25927c6f66b9,2026-01-02,true,ADJUSTED,71.90,ENTRY_READY,B5|DSI001,NOT_APPLICABLE,TATSILV,REJECT,NOT_APPLICABLE
SKIP,REJECT,b324943f8006fb52feffc763943f420bf42053eed1d27df1154337c4b634536b,,true,7d3608f6168a64c4801189d83a48a0173b4f14fa29835cae38da8e583a34525a,AVOID,f8a84059190b26cdbf271a7a2d75b509707a9ad8fde9739dfa9006b05718d243,2026-05-06,true,RAW,53.02,BUILDING,B5|DSI001,NOT_APPLICABLE,HDFCBANK,REJECT,NOT_APPLICABLE
SKIP,REJECT,b350dddede60a7f9bd3d688c6fe1b49dbc4c42cd0c6e0297da1275d07b189345,,true,98f19f33d52da8cf95d1047acb45e7d95b9929b9d77f06847eee186777552909,AVOID,6311c46cf4a690c49d958d80019c98024f0ab81a43e34944666e7595d3b22761,2026-05-25,true,ADJUSTED,48.63,READY_FOR_CONFIRMATION,B5|DSI001,NOT_APPLICABLE,WIPRO,REJECT,NOT_APPLICABLE
SKIP,REJECT,b37963e04616810e3f0723f7385c7f8a6feefd66ae0c3303184a420fa322b9f7,,true,ddcbbe05297605efd63d8aed2ffaa16d304af2f62a1a81809be4519d67ca993a,WATCHLIST,15846d67c6b3b162f6f709c48976171aae12739f3ff868ef65e990ce006e0b2b,2026-01-06,true,ADJUSTED,63.45,READY_FOR_CONFIRMATION,B5|DSI001,NOT_APPLICABLE,YESBANK,REJECT,NOT_APPLICABLE
SKIP,REJECT,b38cb2acdd78e4c48e9e747c927ab5b1fed3522f64b300042729367592b7fbc6,,true,c9a18b84ebae121004ddd6e55b043d61fc561ec895a9ca8287aea598dfe83c1a,WATCHLIST,ab28ea68b377081649cad3a311ceefdfc6657ac71facd3a66297114905f8d598,2026-06-24,true,RAW,74.00,READY_FOR_CONFIRMATION,B5|DSI001,NOT_APPLICABLE,YESBANK,REJECT,NOT_APPLICABLE
SKIP,REJECT,b3aa88cc74d6f1de70da3c16f0bf4092269f574d1e6c5f50f5dad9b987f46f90,,true,473a7c604a69465c1cb0b3cce8b82a9669a04ee2c5e96bb7872b76194ad409fc,AVOID,e905390759c10a2df29984f8711d15e1a81f17a9aa9c51c933b5ec9c333f79d7,2026-04-27,true,ADJUSTED,59.00,READY_FOR_CONFIRMATION,B5|DSI001,NOT_APPLICABLE,ADANIPOWER,REJECT,NOT_APPLICABLE
SKIP,REJECT,b3b91bc0a4e03fe0e7fee69c5bcc3e8b7504746b2d13d05a40548bef8da3843f,,true,b5016f340333cbb527e405dba806de74d3a6edb879437a68b362fb4b20d0cf4a,WATCHLIST,b31dce586ce7197cd4987cb28f24830823e46e472736e3f32bb09a41f7b27826,2026-03-20,true,RAW,70.41,READY_FOR_CONFIRMATION,B5|DSI001,NOT_APPLICABLE,JPPOWER,REJECT,NOT_APPLICABLE
SKIP,REJECT,b3e2086d51abe38af4f95624d90bf009144eeb45f07859803115b29bdd219967,,true,4373ee2c5483aeb9bd4dbadf5f7703377028b82423ca0227ea7a6e574409c8ea,AVOID,c5173fb5fc13f72e22d98d70c68e66ff443dd103d249026e2a7eab5ddbab1969,2026-06-17,true,ADJUSTED,52.11,BUILDING,B5|DSI001,NOT_APPLICABLE,MOTISONS,REJECT,NOT_APPLICABLE
SKIP,REJECT,b3eed885f78b1896f1cb44cbc9dd5e6ae41a1e834227a2044f710e9a70fe736c,,true,a8f58758e3f154de5735ba7468b83a5154e53253df485b1efb0b25d5eefefc24,AVOID,b2cfc975b276ee95d1948a58ac08101da50d60d881cc8864e31262da063fd22b,2026-06-18,true,ADJUSTED,55.01,BUILDING,B5|DSI001,NOT_APPLICABLE,HDFCBANK,REJECT,NOT_APPLICABLE
SKIP,REJECT,b41126fc4a55f8072bfc12fa95a798b910c4b12858bea0eda957c55c34bcf5ec,,true,51503a8fd96650399060536f776fa3c64e8eba77b1e3767398f375a99d6bf3bd,SELL,354da7a8984b36bf5f987817506e9948b4acf8adc6a9301a94e0410dc2728d96,2026-05-12,true,RAW,35.00,INVALID,B5|DSI001,NOT_APPLICABLE,VEDL,REJECT,NOT_APPLICABLE
SKIP,REJECT,b417ab6f90c149015e0df4a5a10033c6dbc4e32fb3cf8800ae45af728a65cd9b,,true,b0d8ad884a50834ff58da4e11503347b786444debdb7d78c11425530bc317940,BUY,4e90733e58a2704a4f966c8fd194170eef56db7ef02ca6a6ccd5833d63a79ee6,2026-06-25,true,ADJUSTED,88.27,ENTRY_READY,B5|DSI001,NOT_APPLICABLE,MSUMI,REJECT,NOT_APPLICABLE
SKIP,REJECT,b42f0aa3fe18d970e441c7448e44aaa9f8529bbf03b8d3d8aec57b3cd233a578,,true,08581bdd01f0e06ba6d34a704e474a244245e75f6d635e2b6dd3f28221ea5e10,AVOID,260642691bbebb37ca37f8947f4892349dd4bca89e38a499820363c58b608d26,2026-05-11,true,ADJUSTED,52.93,READY_FOR_CONFIRMATION,B5|DSI001,NOT_APPLICABLE,TATSILV,REJECT,NOT_APPLICABLE
SKIP,REJECT,b4378f1f1ab024e6d456c95b3194847573f714224f1426cfba2ee798a04a70ad,,true,411d2105a53b094945fcf4d885383f6d50338febcc84460b31b84a6df0eb04d0,AVOID,e3556e481e468de0555b18c9a5c5f2fe595f896cd76e91e243ff0a50a50f450e,2026-04-10,true,ADJUSTED,52.41,BUILDING,B5|DSI001,NOT_APPLICABLE,JPPOWER,REJECT,NOT_APPLICABLE
SKIP,REJECT,b4502a4621781a7ef1c6091433e31656f86df7a87bcdc8381b7a34df41d731a7,,true,323460dcf570003dac3e947a183029579db56087eb4eef5428dffa10dc4f45ef,WATCHLIST,386d4cc33d97191294a49d26a32ffc80a5e55cdc5c4253e6aa536cc3d3886491,2026-02-03,true,RAW,74.56,READY_FOR_CONFIRMATION,B5|DSI001,NOT_APPLICABLE,SILVERBEES,REJECT,NOT_APPLICABLE
SKIP,REJECT,b45ece53bccf85fe9796886cac6b22905681f4a1270b19599ade88d13fd402f7,,true,73d5adf34c6fa172c901ccb94234b649b6b55250869a67cfad1d4160f7e40703,STRONG_BUY,25ed61c4d0a395a322ec5e8ef7533064db8b0208853ed43b9c0abee0a22972f0,2026-06-30,true,RAW,90.95,ENTRY_READY,B5|DSI001,NOT_APPLICABLE,OLAELEC,REJECT,NOT_APPLICABLE
SKIP,REJECT,b46c90448468b1e80e58a85f2f8f6120014ba8873f446b0ee3ccf54228d95a6f,,true,0e38f286138c2727643325c790cdd6336e473f17e4bd6ee9bdd24a9ab84990b4,BUY,9ad4a7d2d56737d053e4676f5cbedc84242cb55c496b9856fd610e597c2d9df5,2026-05-11,true,RAW,79.68,ENTRY_READY,B5|DSI001,NOT_APPLICABLE,GTLINFRA,REJECT,NOT_APPLICABLE
SKIP,REJECT,b47783d12acc77323111c5cfb0680ce8e0638dcbf46f8fd0e17f8fe7efe9e73b,,true,0f71b73ec8c0a5b432a287c84ba9eda4bc16d28b4897eb575f4949a560381c4b,AVOID,4fafd2fe1eb5163c45b9f1f2fabaeb11e4b5bc2bc84efb31b252a6fe6ebbc27b,2026-06-12,true,ADJUSTED,59.00,READY_FOR_CONFIRMATION,B5|DSI001,NOT_APPLICABLE,OLAELEC,REJECT,NOT_APPLICABLE
SKIP,REJECT,b496d28233441aabec120fc398178bce9cf6007a3277a079d7bc7c82f9d18185,,true,fff5c516103353e525946c360201fd4f2063edf45c63e3398eb39b8753922a14,AVOID,8a004299e7271caece472f75e8877d9671b3ee4182f92506aebef19f67c8f614,2026-03-09,true,RAW,59.00,READY_FOR_CONFIRMATION,B5|DSI001,NOT_APPLICABLE,TATAGOLD,REJECT,NOT_APPLICABLE
SKIP,REJECT,b49be0567bea306a2c6ab840ab246eb134ee3572f99d4f8853c82398b6bdbb52,,true,505ba100d5e165aa9ad69137b34df9a29ba6f98ac8a9b488f29e6d36a9e1311e,SELL,9bcdc2db8d1b6706879934a95d357e977d57d56d19f7a176213567c67542b387,2026-01-27,true,ADJUSTED,35.00,INVALID,B5|DSI001,NOT_APPLICABLE,ASMS,REJECT,NOT_APPLICABLE
SKIP,REJECT,b4c8a7a3a0c7031d05e2e1b46f977a9efc8d31acb6be6f87bf67f0908d922770,,true,6b9418104f37eb3822c2e45dd1ae807a9c4c712fc831dbf423538d39bbc49845,SELL,3f11d2580dab0ea90bcad441b4022775a268200a6251b20e17891f68668575f7,2026-02-23,true,RAW,35.00,INVALID,B5|DSI001,NOT_APPLICABLE,BLUEJET,REJECT,NOT_APPLICABLE
SKIP,REJECT,b511739772dce2f64376da6f641609fb4ae7aadf3dad4f44e003efcf5fee4d04,,true,1b74f4fb7a5a0745a47c3c041483066b11ff8ac6ef80663f08fc8590d110875e,SELL,548ad76daf4043eac6df540b2d24990673ebd77b0ac4be1b5d39e8524007c3bb,2026-02-19,true,ADJUSTED,39.00,INVALID,B5|DSI001,NOT_APPLICABLE,FILATFASH,REJECT,NOT_APPLICABLE
SKIP,REJECT,b51d45281a4c7cbcc5877c1dbf8c351c5df77fce137637f6d55df3879bc69e70,,true,4b86ce0a1d8fe132530adb5c88fa48bc0332774d1dce7a27313a53cb44ff81d8,AVOID,fcf25fe240aeac83236d1b7e3d3fcd021b11fe6ce5a28aebb34dfff82cb578f5,2026-04-22,true,RAW,59.00,READY_FOR_CONFIRMATION,B5|DSI001,NOT_APPLICABLE,OLAELEC,REJECT,NOT_APPLICABLE
SKIP,REJECT,b546bbfe6341d9205cee0b431895df720e9cf756923469ca8448990dc78b8d07,,true,c715d6b8ee3ad0396723a9f55f3a9fbbc7731a644d733fd5968b51723d3aa93a,SELL,27324d582e7a7e511f97204c8978831b7bcebd3ecadad35a56427bacc871ba9d,2026-07-20,true,ADJUSTED,39.00,INVALID,B5|DSI001,NOT_APPLICABLE,CANBK,REJECT,NOT_APPLICABLE
SKIP,REJECT,b5516afbe5c8d1ce0061d2ed3bed4532014f9156deae99de8f164f4bc217bfe9,,true,e7f659e3abe86695bd4f0f03721d2b404273d312a634d16189c6060d90b28bd1,AVOID,62592f58efa3a29971fc73daebf52b17b7a5b16fa66c2dccc16119b9cdcbf577,2026-07-15,true,ADJUSTED,41.61,BUILDING,B5|DSI001,NOT_APPLICABLE,OLAELEC,REJECT,NOT_APPLICABLE
SKIP,REJECT,b5608599bd7cdc2675845c56a6ffe932e3b28edfa368acef55f4edc764726b43,,true,fb03a4e7ea7429d28540014e765f68621b98b55df7b99ee400adfdab15cdcac4,WATCHLIST,417611ff1240480066cc72a36d812511bbec98dd430ecca12089f14237ebfb81,2026-04-29,true,ADJUSTED,60.00,READY_FOR_CONFIRMATION,B5|DSI001,NOT_APPLICABLE,ETERNAL,REJECT,NOT_APPLICABLE
SKIP,REJECT,b58eb085571915e15bc95d1389f6ea76edb0e2aea075c2305157e534c65cd6be,,true,7f544eecee9fc644dc74aa5086fba6a2d4ccc5829a3817e5c8da99e4458245a4,BUY,a3ad84308804ebadd6be97dbadc45c10f9e81bf8a16847bcf8db710ed7d6149c,2026-05-07,true,ADJUSTED,77.36,ENTRY_READY,B5|DSI001,NOT_APPLICABLE,HFCL,REJECT,NOT_APPLICABLE
SKIP,REJECT,b59d6c158f425a8727d16ca3f7c73ef87ad37fa85502983aa4d27808fe29d615,,true,12e17f0ac55bd40df35c8ae4510b70f8d2224233a35bb699e66b8981b5cbf0f7,SELL,7e0ab56d3ccb523886de70a7e64c342831f19bc850ee85255dae1d9c2d49200d,2026-03-25,true,ADJUSTED,39.00,INVALID,B5|DSI001,NOT_APPLICABLE,SAGILITY,REJECT,NOT_APPLICABLE
SKIP,REJECT,b5aa306a8f572f3f8e52ae0fda9064f86d7ad4cba9e3b96e29df9e9c80bdb624,,true,d89a27c3000d7582804218cb5bb39201f228743610ef1f3c787cdf835058e5e0,WATCHLIST,5052ab278bdb7673bbe6689003a093341bc11b35925d4bfb9b84c5a34ffe763c,2026-03-12,true,RAW,74.00,READY_FOR_CONFIRMATION,B5|DSI001,NOT_APPLICABLE,TATSILV,REJECT,NOT_APPLICABLE
SKIP,REJECT,b5cbecf2381d59345c39b24062a1c40f347e6e6dd00816a199dd18db36726731,,true,a78a3770fcc4d7d18f36cb038e5fa53c25ecbdffc7bcb33c66708175b03ed76c,WATCHLIST,89d499b7d1b20383530fc5d33ad0fd432ff5d2bae11e5515fad1064abcfbe904,2026-02-02,true,RAW,60.00,READY_FOR_CONFIRMATION,B5|DSI001,NOT_APPLICABLE,TATAGOLD,REJECT,NOT_APPLICABLE
SKIP,REJECT,b603462841bc0d211a7a2b6091a2acd8024ac4b774833d802f060ea90033935c,,true,92b8e3559490109172fb8b9c561efa6c508414b19e0432f058cafc01f6630d5e,AVOID,fc6b525ca47f8a38ded1ed0943363f387f8edb5609cff1ab858aa2a2470a5877,2026-02-26,true,ADJUSTED,47.78,READY_FOR_CONFIRMATION,B5|DSI001,NOT_APPLICABLE,SILVERBEES,REJECT,NOT_APPLICABLE
SKIP,REJECT,b606c89966ff65c6adecade89ceed7e29fe524e931bc6406ce8a37423a61d36e,,true,432906a3c5d8ba3a1a8d2fae24d5b3cf861e695b36ad6862310090fb2e4a5e24,AVOID,752a52184b09cf4217bd4baeef14eb2ccf7aabdfe4af336b761c37838284eb76,2026-06-10,true,RAW,58.51,BUILDING,B5|DSI001,NOT_APPLICABLE,CARTRADE,REJECT,NOT_APPLICABLE
SKIP,REJECT,b66a950a2ceb30f52fc9a3c85145e65f7503e979b3de131f43accff83b6544ad,,true,d6ab224a1fd9292d7c4ddd3511c279c38d320b0fc2d9f62e110c6b362acee3dd,BUY,abd1abc1bfdbf350db929c179379f6503fd5e5b09dea0c506d7ba01fbe20b452,2026-01-19,true,ADJUSTED,88.97,ENTRY_READY,B5|DSI001,NOT_APPLICABLE,TATSILV,REJECT,NOT_APPLICABLE
SKIP,REJECT,b672e3492616d1aa7deb58ceae10f20e10dfe4102690f47c37789350b7b44bd0,,true,5e25add397029697918e0e7247321a6ccf7b48d92a2bffcee681fc90e6e43c9e,WATCHLIST,c09e504f7147592cfb8fa8117a7930cfaa3964be4c07f6917345b556b99ff21e,2026-05-19,true,ADJUSTED,74.00,READY_FOR_CONFIRMATION,B5|DSI001,NOT_APPLICABLE,OLAELEC,REJECT,NOT_APPLICABLE
SKIP,REJECT,b673b6d277316731511c16ac8d2047c27859031563a76e4e058a55abef2b9801,,true,7cd3875ba330db6492100ad9e668cf970f58510438b02f63b143d19b17bc301c,BUY,4c4cf4cce2df4516010bc78720c52d0d497704280c0953a0856354897293ae4f,2026-06-15,true,ADJUSTED,88.68,ENTRY_READY,B5|DSI001,NOT_APPLICABLE,IFCI,REJECT,NOT_APPLICABLE
SKIP,REJECT,b691ae789a7bac0f494cba4667b5135afc0bfc84dc04fca26881fe681e3274ef,,true,ea1bee91087e6d523ebf468d13486461ff4a94d1d6c3fafc3be4cf529b56c9af,SELL,7a56a3eaa5fc0d8432ca12fd45fba08a4bdb040ecb324e10cdff40fd322f05c5,2026-04-02,true,ADJUSTED,35.00,BUILDING,B5|DSI001,NOT_APPLICABLE,IFBAGRO,REJECT,NOT_APPLICABLE
SKIP,REJECT,b6c5aece04d25b1b63ca56e3b5f3a844f7eb585c082e426bd1393cb491878780,,true,ab8ed6b2e1dc9d6618df04d1e68777112622f82cbc3ef12c3aab18c9fc8d3c5f,SELL,c1aa7e5789af58eb749d7db354f0d3a0415effd84b59c8c9eb792ee220251bf4,2026-03-25,true,ADJUSTED,35.00,READY_FOR_CONFIRMATION,B5|DSI001,NOT_APPLICABLE,SILVERBEES,REJECT,NOT_APPLICABLE
SKIP,REJECT,b6febb2240d127698eaf2fad24f4b653e40c85729b753725b19d9367f5916f42,,true,49b6f2c454ada33dfc0837937b9f55e0f5f5a2cb0c5dcff645ab97c6721245e2,AVOID,8d20f269252c77bc53134af1f693b38fb00931241bf80cf58a62bccd22ee0082,2026-05-21,true,ADJUSTED,56.25,BUILDING,B5|DSI001,NOT_APPLICABLE,PROTEAN,REJECT,NOT_APPLICABLE
SKIP,REJECT,b747c8c15034416400456ab26aae596c27825d6e0468ec4439e33046efe05972,,true,61844de8bd9b75dbd0fae608f6d88fd8015841c81e8e548204a168ccddd72b84,AVOID,d947bbc04d99b176cfcc8aae11c426bcd2209164cdc274909c82394537fdb762,2026-01-01,true,ADJUSTED,44.80,BUILDING,B5|DSI001,NOT_APPLICABLE,TATAGOLD,REJECT,NOT_APPLICABLE
SKIP,REJECT,b77865de16e263c8ba0a5a8370a09c84ef83298176717379076dd25363faa66e,,true,416acef9c33f52f47849d3588819cb91b4146e68292e5fdc7af18a8ed8561e84,AVOID,2967c04ab28371f810b51d2e09f3125750d2d038d58231b875e0de6fe9220f65,2026-05-20,true,RAW,59.63,READY_FOR_CONFIRMATION,B5|DSI001,NOT_APPLICABLE,TATSILV,REJECT,NOT_APPLICABLE
SKIP,REJECT,b7c7a923c6e96b1ed439dd73c5b044f4a7e09350fa9b3dd175d1e25da4b82596,,true,b91f87825a376e0f5d515096ccb3111f9e03f611d9197e660201f2ce1cc64402,AVOID,7d722634e47dbcb6ba89efad02f0bff0de9c58e865afef75b711f76d81b3fe9e,2026-05-15,true,RAW,59.70,BUILDING,B5|DSI001,NOT_APPLICABLE,ATLANTAA,REJECT,NOT_APPLICABLE
SKIP,REJECT,b801e2f2419c7f299664b42d8ec486ff1a86631878835d44c0d86a07702cf647,,true,b6daba12e7d19e41829af4cd9c4124d8ccf39564b4aef78de1fac263bcf4f348,SELL,227e3ac82840cb062637888b4ef14d7e2f4a218cffdbfaa0a3d84a9ac097b8d5,2026-03-27,true,RAW,39.00,INVALID,B5|DSI001,NOT_APPLICABLE,FILATFASH,REJECT,NOT_APPLICABLE
SKIP,REJECT,b8282f37a2fcadf0a860fa167776dddad7819cb582fc2e3f935060d44d8ae2cc,,true,5850e184b30f4d3edabfa1432e75bd870b1dfdf80826732003b5ad72a3aa2cf6,WATCHLIST,23c304a8d4008db7329b5a2e633a0bd3319384d7113d7d6f65047794932d6a25,2026-05-19,true,ADJUSTED,64.01,READY_FOR_CONFIRMATION,B5|DSI001,NOT_APPLICABLE,TATAGOLD,REJECT,NOT_APPLICABLE
SKIP,REJECT,b84611257b49fe48aaaa798ae5dee6fa23b04b79dcef4260e2efaf417c1b4b1b,,true,e9ed28c3829276c25d937bb3d4da3b775c7784714375027b455dfc0d50035f61,AVOID,6432cd32a5eacabe8358d8a8da933a9f115d9f62b90c9a25be10f2d0291da4f4,2026-03-25,true,RAW,59.00,READY_FOR_CONFIRMATION,B5|DSI001,NOT_APPLICABLE,TATAGOLD,REJECT,NOT_APPLICABLE
SKIP,REJECT,b850c262a3f26b2e6e27425d6d42efa410b94c663642cb79944a12e3956ae93a,,true,3b09c89dd3575cb0c6d155950380d762082ff3ad03152f7ba9629e2e32b41fc9,WATCHLIST,2e3a756b7661ceafab3ae7af2c2d44c39c2b24cd8a2fab10da5c79674c004bb9,2026-02-09,true,RAW,71.72,ENTRY_READY,B5|DSI001,NOT_APPLICABLE,SCI,REJECT,NOT_APPLICABLE
SKIP,REJECT,b86932d75c40e870b5b50f04263259ae61a39c828870dcf1b6eb7260b894f68c,,true,b48d030fbe0ba2232132454ca03b941bc3fa15d79839e9c1d5b31c24d1ef3ec2,SELL,3df0ab017982d14cbddc545584909a2b8a81f6e1dc41bc42ec31431c3365b80d,2026-01-23,true,ADJUSTED,35.00,INVALID,B5|DSI001,NOT_APPLICABLE,VIVIMEDLAB,REJECT,NOT_APPLICABLE
SKIP,REJECT,b898d19fae62edb972c14c3e09370be2a9d856c81a9fd6b75b364f65cab7fc63,,true,943eddda60974424e63a631104713ce8ecae192cc554e8eb9dcece58300f6238,WATCHLIST,2aba1036f28b08b62b6c60ba09a16a7e4102f4c0dbd7824bd34c2c00982982c6,2026-07-09,true,RAW,68.11,BUILDING,B5|DSI001,NOT_APPLICABLE,MASTERTR,REJECT,NOT_APPLICABLE
SKIP,REJECT,b8a6ce8054ae78aca0ba691f7696d3c09c3f886c7d001aa0b9616df399599ab1,,true,4394a5e5cf9518a2db07860a4ff2028829f3da18f4cab6b42749b155705ffa4f,WATCHLIST,70ca202ac2f7c6fd2a7ac059be22771c21853445cf1192d245a93f286a10a5fc,2026-04-20,true,RAW,63.23,READY_FOR_CONFIRMATION,B5|DSI001,NOT_APPLICABLE,YESBANK,REJECT,NOT_APPLICABLE
SKIP,REJECT,b8e26409cdbc96dd1190542aa09a4b29f06cd1e2d8bea2237a3df5c5af7d56a9,,true,a991255163208eb3607bfd9a5f51b397659157d8f2d72745a9eb26302249ef5c,SELL,04512069d97319cd6e4d8ec29cddfcaf0021594570eb96d840f150e42d06f128,2026-04-06,true,RAW,35.00,READY_FOR_CONFIRMATION,B5|DSI001,NOT_APPLICABLE,TATSILV,REJECT,NOT_APPLICABLE
SKIP,REJECT,b8fe1ff59f19239f756f400276a581b95ce17f95bfbe69a20754e21d455a3df1,,true,fbfc9c021cb3319d67dab0d0a63ba9ea5b4a909d5e28cea44060604d75e88339,AVOID,d0e7338ceaf1f1be08f798db3461100e3e4305455fc6ebd0e2d0e3827a9aeb28,2026-02-18,true,RAW,56.20,BUILDING,B5|DSI001,NOT_APPLICABLE,TARIL,REJECT,NOT_APPLICABLE
SKIP,REJECT,b9054e5eb6bb2d627dfea8ce9577cd17ab5c2badc97e8d291235a2440f65f781,,true,9af62085dc5c316f90fed6feee0866bafd73c46b1ce27496b8b295358ef4ff09,WATCHLIST,feb3e618621237eb3224af6d29660b11017c60ebf3e5e7e696307723851c34a8,2026-01-06,true,ADJUSTED,65.44,READY_FOR_CONFIRMATION,B5|DSI001,NOT_APPLICABLE,IEX,REJECT,NOT_APPLICABLE
SKIP,REJECT,b909802ddcc7423067494a61d30217c3ab1e09d3e233dfb8089200cfb17d7f10,,true,b2336f7230bf6936f13f28cdfa36588eebf93c318a6e933648f5a19054fce243,AVOID,f7b5fa5d2ba8d53ebb218334cd4e4857c57aefacb87b4402d7c64fca08ab9ee4,2026-02-16,true,ADJUSTED,49.67,BUILDING,B5|DSI001,NOT_APPLICABLE,LIQUIDCASE,REJECT,NOT_APPLICABLE
SKIP,REJECT,b90af122686cc42c4b0c362cc0a942f0cc9006fcef28297dba97b26a2cec4aff,,true,d2043c6f1877252bcef66599c904a252f9c6a8a9fc9c9050bb47bf5fae156f48,WATCHLIST,aa699af0f7455c8630790d179d9a21741d06221bcb903428cde9b461e96481c7,2026-01-23,true,RAW,74.00,READY_FOR_CONFIRMATION,B5|DSI001,NOT_APPLICABLE,TATSILV,REJECT,NOT_APPLICABLE
SKIP,REJECT,b9217f4927c29e3b23937dae3cb569f4befe403649ae808c7038f3d32667a769,,true,5078cf12df81651c803eadd8012bc19123f35beae2fabce5973d016772a1dacd,WATCHLIST,c400d3753d143b0578f7be2ac8a98fa50786a2216d63723033e2ad68a17912e9,2026-02-06,true,ADJUSTED,74.00,READY_FOR_CONFIRMATION,B5|DSI001,NOT_APPLICABLE,TATSILV,REJECT,NOT_APPLICABLE
SKIP,REJECT,b940b92196bee8f887078fd380a9493d461133f732667cb52b124a6957f55ec2,,true,bf2f5ffcf42bb2160d3f68862688576334f74f7cfc3ddd72e4152d55fd0bb4d3,AVOID,26b67014e028b0c08319132c9f5a02e844f69524350d5a78dd1d679073f320cc,2026-03-19,true,ADJUSTED,55.12,INVALID,B5|DSI001,NOT_APPLICABLE,DIFFNKG,REJECT,NOT_APPLICABLE
SKIP,REJECT,b977fb3d355e96b03071f1645ccef09fad0ab42a03a09068e72b3480a7d72a20,,true,c4130f044023c28775b38f18fff7f784c3324d2a653875f1bcd5acb2e0262196,AVOID,9d2a82c34bfbacfb5e12554d4493c089d420906dff5cdd0d399c4a3e51051e15,2026-05-26,true,ADJUSTED,40.00,READY_FOR_CONFIRMATION,B5|DSI001,NOT_APPLICABLE,TATSILV,REJECT,NOT_APPLICABLE
SKIP,REJECT,b97bba502e6914dc2497b7a07c5e066c6a100a3db21ff081a370d00c660154bb,,true,5850e184b30f4d3edabfa1432e75bd870b1dfdf80826732003b5ad72a3aa2cf6,WATCHLIST,23c304a8d4008db7329b5a2e633a0bd3319384d7113d7d6f65047794932d6a25,2026-05-19,true,RAW,64.01,READY_FOR_CONFIRMATION,B5|DSI001,NOT_APPLICABLE,TATAGOLD,REJECT,NOT_APPLICABLE
SKIP,REJECT,b9868aeb0d0f2b520331b2d8bc56b604b60d6389343d2576b2c93bb4ef17ce58,,true,09bffc9a500dc167b5cc3d3e85f586d56f1f8729f7f75d2763218329185277f7,WATCHLIST,5415e96de019cc59523467a613a829d4a1b8c82b8ea06a925a4462adfc01e890,2026-07-16,true,RAW,69.22,BUILDING,B5|DSI001,NOT_APPLICABLE,BHEL,REJECT,NOT_APPLICABLE
SKIP,REJECT,b9922123e0176e929a35bf353d217aa74d1bd433d60f57c02a5944aa2439be48,,true,f2f678514198b9be78cf568319a698c30d8b57a451d30caa7e7a7d3ae3e3d037,AVOID,bf2da4dd32e99d8f1092f7e00fb4dc18e0ab6f00984cc033dda87c220414539d,2026-03-16,true,ADJUSTED,44.66,INVALID,B5|DSI001,NOT_APPLICABLE,TATSILV,REJECT,NOT_APPLICABLE
SKIP,REJECT,b9d3063e55eba4f9899ba55002483145a97c770532adeea830123e1be05617eb,,true,316765417907c4645fd3a782af0f4aeec8dd218058d5d725e4ecbdaaae57e2af,WATCHLIST,8682c223ea9035ab4717002944d8e556a7e8a09c2944c6532bd4647b1fddc01c,2026-07-17,true,ADJUSTED,71.41,READY_FOR_CONFIRMATION,B5|DSI001,NOT_APPLICABLE,RELAXO,REJECT,NOT_APPLICABLE
SKIP,REJECT,b9f165d3ed43c2a7dc4bd8730719e00304e4950bd6c05f5a39c4ccca18fa7993,,true,cda1086ff98c53ed3b931ba3066d19de149c94a69997adaf48aa18761744099a,SELL,ad2103fb5ad545e0ccdbce4dcd5f0488db85e64d6cbb94f834bec7494d914150,2026-06-23,true,RAW,35.00,INVALID,B5|DSI001,NOT_APPLICABLE,SILVERBEES,REJECT,NOT_APPLICABLE
SKIP,REJECT,ba01831d2428b6898780eeffccd0e6c8ca83c3988eaf51ae6598f9f2780804d0,,true,6c1d71f76aec2a5d655ce5dd6dc8577d91bdf6931d5b85cc00a6b21d0c6ae7d7,SELL,941d1974779fdb1d9f56299ab234c66d9ba4c6c3397e7aa2087f6370df512eea,2026-05-21,true,ADJUSTED,35.00,INVALID,B5|DSI001,NOT_APPLICABLE,IRB,REJECT,NOT_APPLICABLE
SKIP,REJECT,ba06edcf5f31c62b92c97ed350b62a7e354ebf364d7cafda6aaac24c98cbe254,,true,ccc387b1cfa7343e8a63aeb9d7a60c7b333729af367db725768cd1b5b2204d97,AVOID,3d45c5153b4010eecb42cb3ce1e6eb23394a0703c7cd3bf0577d2c57fef4cd8e,2026-01-08,true,ADJUSTED,55.96,READY_FOR_CONFIRMATION,B5|DSI001,NOT_APPLICABLE,SILVERBEES,REJECT,NOT_APPLICABLE
SKIP,REJECT,ba07b805242161c682c48ab68a3afdc1eb5ea1d36ea406f4291024326a00734d,,true,29051b55b50a06c5bedfc26520257c5d259e32574f3461e8581be14f93a4ae94,SELL,ac71a13441d2a9132150bb25cc19eb0ea8607bce650fa015520a8dab347217cd,2026-02-17,true,ADJUSTED,35.00,INVALID,B5|DSI001,NOT_APPLICABLE,RPOWER,REJECT,NOT_APPLICABLE
SKIP,REJECT,ba1346fa13071060e5c274e87ebcef31d5735498f64e216c87630080617eaac9,,true,db8b5e977bedddf63e9c77511c44a1add3d25118f8d786287e26f2b801da16b3,WATCHLIST,09bac17eb69cd41100c7357d298e0b8084499aa37f4f916c31f42a642425e244,2026-06-09,true,ADJUSTED,63.57,BUILDING,B5|DSI001,NOT_APPLICABLE,THOMASCOOK,REJECT,NOT_APPLICABLE
SKIP,REJECT,ba23034e56b4b49f987fdaa49a7455548829ada783f9ede28affb083bf5a176f,,true,159b47f0e080e4e3ff4f881de87fa6569449968e90ee3f8c0591ff56dea25b75,WATCHLIST,50d9d66aba0d67457874240aeaaa342b469f3161a64959681313ddd0e3c40feb,2026-06-29,true,RAW,60.28,READY_FOR_CONFIRMATION,B5|DSI001,NOT_APPLICABLE,GMRAIRPORT,REJECT,NOT_APPLICABLE
SKIP,REJECT,ba276dbd36a49e1ee6af06a04f6d75e597c35edce45d89fe284b0fbe60d5a33a,,true,113ca0283587b8cd6e8b9083923dc1a59ecf854dddcb9ffec7e1f04342504c47,SELL,3b6b7b7209ea1e1abb6bf97fe877835f7f759084c9a167c738ceac59313e7b7d,2026-04-01,true,RAW,35.00,BUILDING,B5|DSI001,NOT_APPLICABLE,SILVERBEES,REJECT,NOT_APPLICABLE
SKIP,REJECT,ba413a91184ed2d881b2ef3f9ce4ef71d58d40f758775dffb8aa1c08d7b1f62d,,true,7f766dad959b0793cf098786b850d3272d17bd9a593d47d3cb0d9cfa9e3e810f,BUY,2a77350b1c02af34a13839c2ab6163d17ecd63c3f6a767ef10f01983385569c9,2026-06-29,true,ADJUSTED,81.36,ENTRY_READY,B5|DSI001,NOT_APPLICABLE,NHPC,REJECT,NOT_APPLICABLE
SKIP,REJECT,ba533c13e9f105e91cca2a2b4cdb7f86aa44990859c8a0bd313388de04153549,,true,4e3cfcc0664b2513e408403dfacb9a6891b5aaa6a3445a0881c688471bca763c,SELL,e2901c85257899921d5c3c7431b59c5547d74bce82de19fb2448fb7ff6d6eeda,2026-03-20,true,ADJUSTED,35.00,INVALID,B5|DSI001,NOT_APPLICABLE,SAGILITY,REJECT,NOT_APPLICABLE
SKIP,REJECT,ba7c540994db004901e25754e052a90e6932468b830410852c8430db55d2cc54,,true,ffd93f74ac1b03b8814f42025131517ca16e14db27a487d55eac5332ed9ffce2,BUY,5fa445e70c1dd46494ad8bad6230fda38c0dfc8a51482fa46395b8a9db2222b4,2026-04-08,true,RAW,78.28,ENTRY_READY,B5|DSI001,NOT_APPLICABLE,EASEMYTRIP,REJECT,NOT_APPLICABLE
SKIP,REJECT,baa1845f05433c6d0e01df154db48e659459ad51735ed4ffac4fa17c632e6f50,,true,44f9ba21781c699be7ca4005c5b59e298c8fba4eb9e8b6203a9cbfe5acf8633d,AVOID,90664a833bd1f078937f000025b2aa8bd90b12e589ea28e14842fc010941c4a8,2026-07-17,true,ADJUSTED,52.64,BUILDING,B5|DSI001,NOT_APPLICABLE,GROWW,REJECT,NOT_APPLICABLE
SKIP,REJECT,baba7956532b52c8e8dc871c2d0cc39045f24915431a6cbb1e001698b55da5f2,,true,1a4a3f11a27a0e2cf795bdee4cac214f040ded41fd9d3d3e5d48a1faf3b4320e,WATCHLIST,53d1544f6cc33736d64920e38ab6697f8a7d0357e61ccd7c1d0a1458e340f251,2026-07-15,true,ADJUSTED,72.39,BUILDING,B5|DSI001,NOT_APPLICABLE,TIMETECHNO,REJECT,NOT_APPLICABLE
SKIP,REJECT,bacac5dea64da9a76cd05371f4ba9d8a6aed7908104262594c496b10e75c501b,,true,4d313ce1d1fb356dcc03352168719e1bc394131b544e1b1d5f536917c9aaa29d,BUY,ac73aecb8333e4deeed32f9d37db8d7b50349aec4ba1722603ccfc7157a92cdb,2026-04-29,true,ADJUSTED,81.00,ENTRY_READY,B5|DSI001,NOT_APPLICABLE,BANDHANBNK,REJECT,NOT_APPLICABLE
SKIP,REJECT,bae2c11403db077322f3cdee8d7752e3692304f95b57521bc36ad14f2ae6d400,,true,52a10c01f42d17b4a3c20a5c14bcfa03e75567f6f257d03e41565438dae84a0f,WATCHLIST,c942a194918ba679ff868bec9686ae204a3c8fc197ca8a0c78d8f90b006fe7ec,2026-06-10,true,ADJUSTED,68.25,READY_FOR_CONFIRMATION,B5|DSI001,NOT_APPLICABLE,OLAELEC,REJECT,NOT_APPLICABLE
SKIP,REJECT,baf19e8cbb255f061c8ec10d096cd7750245e242805c2c4d4b00933008d593ef,,true,8abddf4aaf49b9c3fd3374055074b95c120d5dfd3dcfce3ee217addca25dbf1a,SELL,c5e255827108087bfcf8557cfabe8ad61237207fb0e58ce70e990b4b8bf74568,2026-05-04,true,ADJUSTED,35.00,INVALID,B5|DSI001,NOT_APPLICABLE,VEDL,REJECT,NOT_APPLICABLE
SKIP,REJECT,bb0ea19883529a3b076e639bcb0c6ef881fb696c0d598cdcce2d11625131b938,,true,c9066df0bccd1a9bcc44f8f0d24bf7a0ca6b5be097b370ddbbff694bde9ef61f,AVOID,26c6a56786278912e61f769d41d8a8e6fc252f09f6e45e717380327aef7fa4f1,2026-06-15,true,RAW,46.62,BUILDING,B5|DSI001,NOT_APPLICABLE,GOLDBEES,REJECT,NOT_APPLICABLE
SKIP,REJECT,bb134a58a7b19fb2f1cd7c0e2de87d3223ad74bbeb913a2740092784a6709103,,true,6b2112c597a654d20983c2bc28417a05a5106ed56f02c649b304051e48f15971,AVOID,6d058ba66604dace628c95c5f595a7da0eda3ea772f37f37912900912b8c7526,2026-07-16,true,ADJUSTED,49.81,BUILDING,B5|DSI001,NOT_APPLICABLE,PAISALO,REJECT,NOT_APPLICABLE
SKIP,REJECT,bb15f6a554f2cee643fb1e809694ede006efd5d628b26ead352130f82c84e99c,,true,791ba6ce8146c1a545848f435cc27321a5dbeac244fcb2ea8f5fa336ecd15067,AVOID,1ef52dcab69544fcead97fb44b3da3d8aa6a8345125c2d1995a87404d35a052b,2026-03-30,true,RAW,59.00,READY_FOR_CONFIRMATION,B5|DSI001,NOT_APPLICABLE,TATAGOLD,REJECT,NOT_APPLICABLE
SKIP,REJECT,bb33a0b26e3f42a276b39e712b194d23cee45865eb7ddf97e95ac107d0bb48b3,,true,f39d8b888d3098d335dd1a638d3daefe66442312569b18ab868dd7c59b299960,WATCHLIST,314a47f6c88dc8d01453b861e27acbc6840a1053f2839aa951c9275b729211df,2026-02-17,true,ADJUSTED,63.45,BUILDING,B5|DSI001,NOT_APPLICABLE,MANGLMCEM,REJECT,NOT_APPLICABLE
SKIP,REJECT,bb48b05fb63e8b405fa7df8f14644cdec5e0254f912ce14549cef219fdb0f5c4,,true,6ebfafd355b55976b4da8f9c1aeb47aee88c55a94410b688c1494ebfc6a2ac3b,AVOID,17f8778e6f0a41abd84f564201c200d840f2c81677f722232d6260d035ebb6a3,2026-01-21,true,ADJUSTED,48.66,BUILDING,B5|DSI001,NOT_APPLICABLE,GROWW,REJECT,NOT_APPLICABLE
SKIP,REJECT,bb5ef4a2d5d4111a34155548d4f8946a0c332e853031b874355d95aaf9a315f7,,true,ed14f5222d59e36750f88b99666a9de716aeb934381372d97502eefdfd26f79b,WATCHLIST,032e0965ca1fe14516449cb94ed9cc8ea464b04076f96d81303ccbbd072176f5,2026-02-02,true,ADJUSTED,63.86,READY_FOR_CONFIRMATION,B5|DSI001,NOT_APPLICABLE,GOLDBEES,REJECT,NOT_APPLICABLE
SKIP,REJECT,bb9a4e716f953d6ba57a79a49792fb2c1c0c9240e794079a8832876aeddecae6,,true,cf96c1d9d9373fc6698731a344c698907660121d01bc9dbca04a30f7edbe11e6,AVOID,c4d8aa65e26beb451319348f3042b842ae0aa8ac12d6fadf176da35278421bf7,2026-05-14,true,RAW,53.81,READY_FOR_CONFIRMATION,B5|DSI001,NOT_APPLICABLE,HFCL,REJECT,NOT_APPLICABLE
SKIP,REJECT,bbee6fda75018dca70176459fbdd4a1161072a199f08153a43524dc4382cd554,,true,b209c6566f5206a94fc37ffff4fe0acffc59b6e8755f5e379755035745cc924e,BUY,792b213cd9168d5a246f08b0f39f0efabb63ec4ce9db27088a78a9e4a9682a29,2026-06-02,true,RAW,78.30,ENTRY_READY,B5|DSI001,NOT_APPLICABLE,IFCI,REJECT,NOT_APPLICABLE
SKIP,REJECT,bbf45ab23e84d25a2ab8f30184a6a466ea5b2a262a6f053ff6c2dda9a58b3579,,true,f1e296e18a66f459707f62a16018039e0f973515506fd429ab5619f0a723001a,BUY,7516d954988a2017715eac054d5c188d3681db2bf0bd5a3cee90fda868b06a12,2026-02-04,true,ADJUSTED,85.83,ENTRY_READY,B5|DSI001,NOT_APPLICABLE,GTLINFRA,REJECT,NOT_APPLICABLE
SKIP,REJECT,bbfa3356d7e1af4151fe63d5178016e4b106c634a55e8cf780449c12998c4784,,true,bd6f553cdd047e949b14b26d4dc9e225033b36e607f6022eb745e9036593fe2c,SELL,af3e94d287536eeea470f04c4ef72b9a30c992db0e393ce5c543d214bca00bb3,2026-03-06,true,RAW,35.00,INVALID,B5|DSI001,NOT_APPLICABLE,RPOWER,REJECT,NOT_APPLICABLE
SKIP,REJECT,bc0ba0313885f2c7f1a7a3674f35eceeb5e2531be272c572a38f7bc2809bd092,,true,85c1c01d3eb6ed7938335e66cce30da556938c567f4281cad39f6f5e69a3bd81,AVOID,ee229a2fb02a9a9dbf601c0450aa75ff64d87a624869bd3e082e4bde0e23f26c,2026-03-17,true,RAW,40.00,READY_FOR_CONFIRMATION,B5|DSI001,NOT_APPLICABLE,GOLDBEES,REJECT,NOT_APPLICABLE
SKIP,REJECT,bc1fd288fc1e341f8d3ed70678d6cb83013855545e8b584e112d60304a735842,,true,88fa39bb69460c321d5faaeb1ddd0c90634f960a84c85a395ec9bbef5ec71211,BUY,b364acdafc0f21b4856eecaa5e495c34cf1cc3a35cb27d4a1cf9c05cde18f51b,2026-06-19,true,RAW,84.58,ENTRY_READY,B5|DSI001,NOT_APPLICABLE,NIACL,REJECT,NOT_APPLICABLE
SKIP,REJECT,bc3158e04cf4ad98120724164c7c39d1e376c98cabc308c815d297bf9a38c549,,true,fa6a68cf2ae4b0eafda4f00861f341f463b5a3476b16093d717a29c86ce9814e,AVOID,a653386fb7483f203b26c5fd6342bc81dcacffc26808b0e5c205869e39e607eb,2026-06-16,true,ADJUSTED,59.70,READY_FOR_CONFIRMATION,B5|DSI001,NOT_APPLICABLE,OLAELEC,REJECT,NOT_APPLICABLE
SKIP,REJECT,bc479ee6ada6e8583085fcefa6050741bd23b31cdd66800bbf9e804d698b36fe,,true,fd27bc04f3a1b634b14c0675e2895855aac0334a83087e7c4e4984379889c8d9,SELL,84beb4b8fb348f095e94b2b842f283f3fda755385af3b66f3c42977a3e33ce14,2026-06-29,true,RAW,35.00,READY_FOR_CONFIRMATION,B5|DSI001,NOT_APPLICABLE,TATAGOLD,REJECT,NOT_APPLICABLE
SKIP,REJECT,bc4fb99bc750ef995db002a2cf3fba4566ceb47cc52bcec585763e26b68ada12,,true,b6924df6f430845d7cb46ff61264c81c73fab4bbbdc26dd93d209b861a24efbb,SELL,7024ed5f21ed2f29bd05d8790a5cebdb0e6e9b6fbb2777032b63e6ac9d45204d,2026-05-05,true,RAW,35.00,INVALID,B5|DSI001,NOT_APPLICABLE,HDFCBANK,REJECT,NOT_APPLICABLE
SKIP,REJECT,bc6f3f6d23a1c20f4210d3a662b783d5b13b286e477b0bae22246aa75d133739,,true,7485d645e079e6d43895794016aa245e1dc482e6d0a6e3bba1b729a850edf4b2,SELL,69c3493cd34bdfb11f9eebf5e5f8699c69b7fe9a88abafb39fc029d11ac48866,2026-02-16,true,ADJUSTED,35.00,INVALID,B5|DSI001,NOT_APPLICABLE,YESBANK,REJECT,NOT_APPLICABLE
SKIP,REJECT,bcb42a278f02faa091605c07bfd13c2876d859b0e5d261e5ddade69782e9e432,,true,30f05770fb210be0dee6eb2e3222770b12fd84f9f740c126ab9b5c649f9f5cb4,AVOID,fbad7ed6bf03b42e748c0cf13b03fcf61a965fce244d3afefbd7ce971f39fc3e,2026-06-05,true,RAW,40.68,INVALID,B5|DSI001,NOT_APPLICABLE,JPPOWER,REJECT,NOT_APPLICABLE
SKIP,REJECT,bcd439684a2b6fcd6bfc14d8f2a0e4d8561cc957f78a002ca666481565e12c83,,true,783ce389b97f2aeb73203a3bcbdd823f5f003fe77be9c59e4bb981e6b9b6b4b0,AVOID,25e2f7cf18fbb622bd5c94f968e83cff7dbc58eb445b718b7031cc697bc1e423,2026-05-08,true,RAW,52.57,BUILDING,B5|DSI001,NOT_APPLICABLE,SILVERBEES,REJECT,NOT_APPLICABLE
SKIP,REJECT,bcde3a3718ff849cf91d1fa106993e23bf5ecf54ec061c310c31755b278a7eba,,true,134d5df9497996cebfa906d46af23a60b178dbd867a1fdd2dd48777170d5a09e,AVOID,6dfb785f870ba3828569213afc0c2b06a09af0dc312477c17ec9c99b6f917aa6,2026-05-11,true,ADJUSTED,40.00,INVALID,B5|DSI001,NOT_APPLICABLE,GOLDBEES,REJECT,NOT_APPLICABLE
SKIP,REJECT,bd205d58f8a255c1fc858ee456d51d0a210f6f0a7815e4b29f7eedc0fcd7d13a,,true,a675dfe7a1d5e281c0c005d17f00af6e399e7e192b148f8b955ee7eeb19c8a3d,AVOID,3d406a2cd82b11fd16b3d2711afbe0f735d423d5ba6e571701ca606537adfacb,2026-01-27,true,RAW,45.69,READY_FOR_CONFIRMATION,B5|DSI001,NOT_APPLICABLE,TATAGOLD,REJECT,NOT_APPLICABLE
SKIP,REJECT,bd2bf94aed3002dfbc943d2046fc7647e36be4827f32502660bee097bd08496a,,true,9048ef968b6a7fbf52901c69a2cd7e6a23d3aafd2a6934c4332945bf43999612,AVOID,bf7e5053fff8abca4fe2fa6a53856849150171b5ce060e617b5390372e4270ba,2026-06-17,true,RAW,51.66,BUILDING,B5|DSI001,NOT_APPLICABLE,SOUTHBANK,REJECT,NOT_APPLICABLE
SKIP,REJECT,bd4b8f418d674c4e33c02cd36215912f0101753bbc2443d3543e83604c955904,,true,c3416ba3f46edf37c77b16069939523f2482de22e35a0ed4d48e49e824efe130,AVOID,1794cc36c87bf76f33e771158dfffd24189393848b15e90fbe0cb3c4a7f3d9bf,2026-01-01,true,ADJUSTED,58.60,BUILDING,B5|DSI001,NOT_APPLICABLE,TATASTEEL,REJECT,NOT_APPLICABLE
SKIP,REJECT,bd542aec6925f5f66ad4e84be3c01274b8e862caf5631adf3a7d47d743696549,,true,6494039486f530254161dd97776b8505e084cd5a04556004e21a0242905afdec,SELL,9641877f98fa028a411790ecaaa7ceb8aeaffcdd6d5a7eaa1cec47ad2abc2d94,2026-04-07,true,ADJUSTED,35.00,READY_FOR_CONFIRMATION,B5|DSI001,NOT_APPLICABLE,RPOWER,REJECT,NOT_APPLICABLE
SKIP,REJECT,bd7c71e78bb6aa0af02a6baa01722cb30cfd8f31d9a38beb80a478f76a9e42ea,,true,08828241ef117ac7028709b24401fbea385bf2eebffc44f847bdfd66eb82446c,WATCHLIST,c8653f1799fddfe1e5543a1efe0ca4325e684a87653472fdad1783d612c4be3c,2026-04-29,true,RAW,74.00,READY_FOR_CONFIRMATION,B5|DSI001,NOT_APPLICABLE,YESBANK,REJECT,NOT_APPLICABLE
SKIP,REJECT,bd7e5e37df02d4025563e2806f93812a57ca1967e061f886226e811ee6b6fb47,,true,0c6c34c824decf3300121f59bc09da4f0a2a2bd7a522aa3b5525611ce8918ea0,AVOID,1d992f7fe04a133171fa63d59170c589425f9716aa4e6c89daff7243f2d29573,2026-04-30,true,RAW,58.90,READY_FOR_CONFIRMATION,B5|DSI001,NOT_APPLICABLE,OLAELEC,REJECT,NOT_APPLICABLE
SKIP,REJECT,bd7ee110b65799c6b4321d14c4f0078f223a084260b6c0d4f6993ece1ff7211d,,true,7227fbd315ccf06228b5b703af923d1ec23882b4008df7a5aadac62a705fb1b5,AVOID,cc318b5a3a200cc3672bff1a885b79e6bcc825142542bb8c5f6f1efa946e94ac,2026-01-29,true,RAW,56.55,BUILDING,B5|DSI001,NOT_APPLICABLE,SILVERCASE,REJECT,NOT_APPLICABLE
SKIP,REJECT,bd81e3cc77ce3928a455e4d53e2258de375bc41d857ac8eb8f326b3a3a82d682,,true,ce0c1f2fd1b6e1c8cc4d76c27838ac55e9636747387bad44a7bba21f03728714,BUY,ba0459f9ee8e17ba60a28b0cb037c626690ef28538bc1fdaae02f5d1828cab22,2026-04-08,true,ADJUSTED,84.88,ENTRY_READY,B5|DSI001,NOT_APPLICABLE,GTLINFRA,REJECT,NOT_APPLICABLE
SKIP,REJECT,bdd2cdd75a0bb90f56880521b6ec263fd98a2eda310f1a16784aad89c3c04408,,true,71cc529ad345250f302299a94eda12928562501d3e819e7db658d2a8ca7be4e7,AVOID,6b4a3b7087b4107235cec79c23ee58e34562f12de006a2421350c28adabff8f9,2026-03-10,true,ADJUSTED,46.99,READY_FOR_CONFIRMATION,B5|DSI001,NOT_APPLICABLE,TATAGOLD,REJECT,NOT_APPLICABLE
SKIP,REJECT,bde26133ebfad98319ce75abc4d06708f840a69e574fc58bee1d73a4259ab0e5,,true,18f0ccfca55af66f4d0ee8b2f31e8f3a95d2ff639583bdd83fc1f8ee05cb82d0,SELL,5fe2be8eb99532beed8673a4d76c8f089fe4878c0a2b91b985a3c8fb2df3019f,2026-07-02,true,RAW,39.00,INVALID,B5|DSI001,NOT_APPLICABLE,DELTACORP,REJECT,NOT_APPLICABLE
SKIP,REJECT,bde475d33e8c928b5e3a8356561f7ba6bf4b2fd971e72e0d279280b871903a56,,true,f8487e6b4600157a11a8740d4cc81b3db0374b5e1eba27604d94d6ebd0b8360b,AVOID,1549898d5b5eab9ae50bc2285a45294efcdbea3a5f961b4a34444f04a69816e9,2026-05-08,true,ADJUSTED,42.61,BUILDING,B5|DSI001,NOT_APPLICABLE,LIQUIDCASE,REJECT,NOT_APPLICABLE
SKIP,REJECT,bdfd3122b487c233fb0049de1fb4d90107c6d316d52a4c4a3eb5a17ad929b402,,true,ffd93f74ac1b03b8814f42025131517ca16e14db27a487d55eac5332ed9ffce2,BUY,5fa445e70c1dd46494ad8bad6230fda38c0dfc8a51482fa46395b8a9db2222b4,2026-04-08,true,ADJUSTED,78.28,ENTRY_READY,B5|DSI001,NOT_APPLICABLE,EASEMYTRIP,REJECT,NOT_APPLICABLE
SKIP,REJECT,be04ce9cc6d0b893373b0b69a1b6f9c7536b5d38e62afa429dccf91a376960af,,true,b6a40230087b8e40807f873aaf1ae708fd03104be1b9a8c772ff779e54921322,SELL,1047fe9b2577c8137889f01faf184532940c133d855b811569ca25d3aaa7fec2,2026-05-22,true,ADJUSTED,39.00,INVALID,B5|DSI001,NOT_APPLICABLE,CENTRALBK,REJECT,NOT_APPLICABLE
SKIP,REJECT,be189afbce9eb1810f2138169e86870a361a9575cc74893b6629c993ab97fcbe,,true,6ab0697c9fd71e1951597b51fe3520dfab53bdf70fa4bb2a81cc96105dfabea1,WATCHLIST,81f9a7a653f4f1afb89d8339e48df8bd0fdc5bea8b3e09b6022803592fe949ff,2026-07-09,true,ADJUSTED,69.33,BUILDING,B5|DSI001,NOT_APPLICABLE,CUPID,REJECT,NOT_APPLICABLE
SKIP,REJECT,be3b7ad5e6587c4bd20defc7e801cf8eb077f7908d57b411eca348d37aacbd4c,,true,ca3355d74ebb69f1a95d02bf8480b2b8f5ece715e5ab79392a08d06c7ccf2942,BUY,dd945bc97578a117a43f518d4b900b31fafe7dda9120dda9c088ee9e936bda9b,2026-04-06,true,RAW,78.64,ENTRY_READY,B5|DSI001,NOT_APPLICABLE,ADANIPOWER,REJECT,NOT_APPLICABLE
SKIP,REJECT,be3d2c40abd6a6d0047dd2f02211281dcaefb5e6a1b0b224b7c6cb4db6d3337a,,true,2042a10f0bd545662fa9a714942d32c494cf51095fbd4b2582df1bb1a9a741f2,AVOID,26f76f31b0ea3e9c5cdf850f3a82d93c2ae94e329617115b287c8c83bc104c8a,2026-02-18,true,ADJUSTED,43.48,INVALID,B5|DSI001,NOT_APPLICABLE,TATSILV,REJECT,NOT_APPLICABLE
SKIP,REJECT,be532733105330a3c45699a8040e7c7c40a876b7ae34993d83904aae9373c0e7,,true,59e1519d15522e6a64f9d7ac1dc9efc79eb3d5e302954cd5eb76aa6d595c2d5d,AVOID,140d179cfa43ea2be5b024ad4589216a9edfd94032456f4f2ef6a45d422b8db0,2026-04-13,true,ADJUSTED,58.23,BUILDING,B5|DSI001,NOT_APPLICABLE,TATAGOLD,REJECT,NOT_APPLICABLE
SKIP,REJECT,be5bce0d938a6f47dade6977f8b2144ae27e26925567cd04dd06bd7df385196d,,true,a732302628bde0d36d8324b563b8f51822b2a1ef949fc0cdf71e4b843112dd5f,WATCHLIST,64c14c27ab52e1571f77171d8b10158287b975364f7ac3859f7a091d2547e105,2026-06-24,true,ADJUSTED,74.81,ENTRY_READY,B5|DSI001,NOT_APPLICABLE,GMRAIRPORT,REJECT,NOT_APPLICABLE
SKIP,REJECT,be67e5f8d7ed9b47df7d1487d48fde65376f45f853ce0a59d3c83e73bbfbed83,,true,af621afa3d7175e0cad83358e14e2a903f6ac7a76656fbb6934eb3511339a39e,AVOID,ecaf07036c81e8ba53f7263dafa9efc51c85bc6389e1013d709885b3720fe31f,2026-01-13,true,ADJUSTED,52.80,BUILDING,B5|DSI001,NOT_APPLICABLE,LIQUIDCASE,REJECT,NOT_APPLICABLE
SKIP,REJECT,bead20d3565ddf55cc0fb1a47f8db098cf1f4a4250c7ed25618231b2f2b0c1a4,,true,895edd8ffcd40db0539e8540e76da77639ce8b72f91157a0241844d1d47c1d6d,BUY,00470d4e1fc4efa0e6b6ad0fe76ec99ad3892a8c1fdf8571b2ff8f6762dd8a3b,2026-02-16,true,RAW,88.68,ENTRY_READY,B5|DSI001,NOT_APPLICABLE,EASEMYTRIP,REJECT,NOT_APPLICABLE
SKIP,REJECT,beb21b26721227791d8d9f84499590dc4b19d65b10e2422ce0583e39d9cc6920,,true,cb4de1c0ee50ef827a17e6a086e7c0dc87162f195cd9d831a04ff48ee6f240a5,AVOID,2f909568ec279b7822fc7c3cd4b3bae13a6453b0a1357b58d58a066a0e6e9c20,2026-06-22,true,RAW,50.56,INVALID,B5|DSI001,NOT_APPLICABLE,PCJEWELLER,REJECT,NOT_APPLICABLE
SKIP,REJECT,beef7944336632988d75d5c6bbc298d463a02b5c626e1fda743cccf54414fc67,,true,44c3513400146a163afc76d306f01e940bf897097088b80037addee252f5c7ef,WATCHLIST,4d7ab092df5795e16b6d3f182b272c92f02cb8d264eeeb583138d07d8194688f,2026-03-09,true,RAW,68.42,READY_FOR_CONFIRMATION,B5|DSI001,NOT_APPLICABLE,GOLDBEES,REJECT,NOT_APPLICABLE
SKIP,REJECT,bef597d6ad84948807f62d83764828c5a6f642a316e76011e7a7f05839d34712,,true,dabc3335d32dbbd4c8c50bcd81c0dbcaa6addf844a4ada0bbf52e75f1f7f84ca,AVOID,c09f4a7f2ba2c2d1615ae59597346514f635d4c182949a3e33a5e7d4d70a196e,2026-06-01,true,RAW,52.30,READY_FOR_CONFIRMATION,B5|DSI001,NOT_APPLICABLE,YESBANK,REJECT,NOT_APPLICABLE
SKIP,REJECT,bf104ae72510cfc4882efce7728d01da713e5ec2192e9adf7ee4a4193a408624,,true,d2043c6f1877252bcef66599c904a252f9c6a8a9fc9c9050bb47bf5fae156f48,WATCHLIST,aa699af0f7455c8630790d179d9a21741d06221bcb903428cde9b461e96481c7,2026-01-23,true,ADJUSTED,74.00,READY_FOR_CONFIRMATION,B5|DSI001,NOT_APPLICABLE,TATSILV,REJECT,NOT_APPLICABLE
SKIP,REJECT,bf1a37dd6c9c0b48f1cfbf2773ed4cd5dc002aee468a214fbf914a528b294ff7,,true,f8732f46ca4881c8a07c58f20b0981a7387d09ea58d40bb7aa59f539fdced4b7,BUY,fcc33c9a63f6f60f4227914bba78f2e228884ab74c6a4bcd24e82279ee7bce30,2026-06-09,true,ADJUSTED,88.97,ENTRY_READY,B5|DSI001,NOT_APPLICABLE,OLAELEC,REJECT,NOT_APPLICABLE
SKIP,REJECT,bf2384cdd9221b917d8938285746c0659211db56bccf12d807ec2df6b92e4f28,,true,9d6ba4a7ff15ba330e9ab98655076be02974801f396a82e252f7fce74c532b7f,WATCHLIST,e921031585f8b6e0f4d2d335053dcb805493a4cc430f64d0cf2c6bc6d076f4bf,2026-06-02,true,ADJUSTED,73.73,READY_FOR_CONFIRMATION,B5|DSI001,NOT_APPLICABLE,YESBANK,REJECT,NOT_APPLICABLE
SKIP,REJECT,bf2b53e35c1aac03f688b82ae3d8c3266261a3f7fb352b069eda220990f4066d,,true,979160fc4b745f916cfa93dab7b3ddda3043f65853419ad650f5074067e64245,AVOID,2384a55221a363e7713ac2cc52648ca15261e59c7d06e8f8d03a0698ced6798d,2026-01-19,true,RAW,53.06,BUILDING,B5|DSI001,NOT_APPLICABLE,FEDERALBNK,REJECT,NOT_APPLICABLE
SKIP,REJECT,bf33def37450db621c7b8a4676a7bf291547dd301f82d14d79a53b4f613de860,,true,22a168a5822526aa87ed8f8dcf741ba7d7b07e580ae22b3d92e900e92f76dcde,SELL,d8eec8c54b1d1fb9da2967ed58027eb687e588d5c2e3a7740d9a13238e4e915d,2026-03-12,true,RAW,35.00,READY_FOR_CONFIRMATION,B5|DSI001,NOT_APPLICABLE,HDFCBANK,REJECT,NOT_APPLICABLE
SKIP,REJECT,bf48d71c77c557cb8e1bb5544087ecadc70a7db583665097223b284f5d2dc5fe,,true,c1807c4c801bd99a720cda70c9733a8b5d6f930d343d82a29d725ef65e1176ba,WATCHLIST,71c68dd68ad45fc61e127b8560b471ea24adee9fd64b7296c0eba8482ff8215a,2026-05-18,true,ADJUSTED,74.00,READY_FOR_CONFIRMATION,B5|DSI001,NOT_APPLICABLE,JPPOWER,REJECT,NOT_APPLICABLE
SKIP,REJECT,bf4ca4d9b8081900bbfe499577819d18974e4f271db57356403c87be71f46bb7,,true,157fbb21cbd09d9eb0f176e47156c71e9437b09a940a3ae5dfe41e938a0980e1,SELL,031a56011799a5ace8f5fd8863970e7bef29ede8946112ab4f56f3b4306a7fc5,2026-01-13,true,ADJUSTED,35.00,INVALID,B5|DSI001,NOT_APPLICABLE,JPPOWER,REJECT,NOT_APPLICABLE
SKIP,REJECT,bf5d072cb8df0d06afb76a1b2a1a346db5992316c5fb126642c159c953068f74,,true,53e8b41acea3ecf3e7f2141b55991957991c33d641221c4ccf4e5795d1e275be,BUY,8baca71620a876e21b6144a370807727a31e583a132be7fa61fc080c76993dc6,2026-04-13,true,ADJUSTED,80.96,ENTRY_READY,B5|DSI001,NOT_APPLICABLE,FILATFASH,REJECT,NOT_APPLICABLE
SKIP,REJECT,c00736a37c9b5bac95d19779dbdf2dc6fc5f2c8a9291b6306522d8e38e0a3eb3,,true,d8c496888208b520df6f8bc469bf2246adc76dbcc32fd1c804afd7de49bfe68e,WATCHLIST,11c89fca0178fbcfb6bd1d792d2cb252b06c71dfd69b96a45620e054df1188a7,2026-07-17,true,ADJUSTED,65.69,READY_FOR_CONFIRMATION,B5|DSI001,NOT_APPLICABLE,PCJEWELLER,REJECT,NOT_APPLICABLE
SKIP,REJECT,c01b6c1da9b9c1c1530433d8c684b34a7117ba6bddf815fe0192f7de8fd3b40b,,true,c8d74e4258d258384db25ec666908e0c1ee98b6f45e9aa89cd05e6be1ba964e4,AVOID,622ebdef75904149e460316483772b918d0e82c346d81edfec5f483f323d4a33,2026-04-30,true,ADJUSTED,40.00,INVALID,B5|DSI001,NOT_APPLICABLE,ICICIBANK,REJECT,NOT_APPLICABLE
SKIP,REJECT,c022fa73560b76c33d49fc035d791e600e9dce11125ada7eaddae495cc2fb6de,,true,0bd32e484cd3bd69d6ff04a74ffa4a041e7733a9d0e52733ac5d4abec42ea77d,AVOID,985404905a949df46beff6db254122db03a3c5f12b2d622fda9bbb18d8c498a8,2026-02-04,true,ADJUSTED,53.32,BUILDING,B5|DSI001,NOT_APPLICABLE,SILVERIETF,REJECT,NOT_APPLICABLE
SKIP,REJECT,c024e6db01a9ed40b7f7ce932c82ee756266f16710bb5b28eb686298d8d4056b,,true,549bce53f20bfdaee76cf5d8a24b8a3b808d6b36cf9e249f0a151d62dd41d2a2,WATCHLIST,e179540084b012b680e1971affcca9d75a595efbff0d717246789509399e455f,2026-02-20,true,RAW,61.78,READY_FOR_CONFIRMATION,B5|DSI001,NOT_APPLICABLE,SILVERBEES,REJECT,NOT_APPLICABLE
SKIP,REJECT,c0395f088d981ee71329a3980bb0efcbc83f43e7556c6cb5ade294d40b37a8a9,,true,70eb5e46de8911ca438c7fcc8590aa369d8b0b9e6b9d96764274b1b9759911e2,SELL,c27eafa304fbe99d0a414f58c4b7d9cf79a61b7de79c7cf3114a849cd76cf4f5,2026-02-12,true,RAW,35.00,READY_FOR_CONFIRMATION,B5|DSI001,NOT_APPLICABLE,YESBANK,REJECT,NOT_APPLICABLE
SKIP,REJECT,c04808b8ae6fbf58e08796d5226aa04eff575816cd670b9fcc747a7c3df2779b,,true,088ceae1abb802a03c5d1f2c83a340e20fbedbf80e83f90f71e14356f70c32bf,AVOID,2bbb85e4c1092aed98877e364da29982fe6e1984eb26647438b2ba99f35e55c9,2026-01-08,true,RAW,55.89,READY_FOR_CONFIRMATION,B5|DSI001,NOT_APPLICABLE,YESBANK,REJECT,NOT_APPLICABLE
SKIP,REJECT,c06765e75ae4f04550f06e40964ba1748a2b7536198d202777b2564ece09c51a,,true,8ccc8bb8c99a789d6d8dedb3cf90e98cc60c4fa531d1e1bec3ddb416704092e9,WATCHLIST,c8ebc1bc4d2574ecf2569fab3402d372577aac91e4d3f4cebdd4b2ad8d362b0c,2026-05-29,true,RAW,62.95,READY_FOR_CONFIRMATION,B5|DSI001,NOT_APPLICABLE,JPPOWER,REJECT,NOT_APPLICABLE
SKIP,REJECT,c07a22d1cb60318a106c7d699ba91746679557c190a88b776498ca775e03996f,,true,023af5588166cc0f3e53c179f59f86cc1795dcb7adef54e118aa8d98e7fc1942,AVOID,9cbd8dee37100ec1b87c49180a04c54d971d31d76521f9ed2f56e1c42949b7a5,2026-04-13,true,RAW,46.44,BUILDING,B5|DSI001,NOT_APPLICABLE,HDFCBANK,REJECT,NOT_APPLICABLE
SKIP,REJECT,c07d53c42c76c57c53be90e4dc71c53f994f9a7c8db4d42b7ca1097db50f0fdb,,true,7b928b61d02e55f5e26f6c6319a72a2dec6dfbf7b45345a410782718815eb1b3,WATCHLIST,97ab7b691589fb9837e253972969e98bf0a5b4ed3c5a7d28e2f4862a0980c06d,2026-01-08,true,RAW,71.61,ENTRY_READY,B5|DSI001,NOT_APPLICABLE,IDFCFIRSTB,REJECT,NOT_APPLICABLE
SKIP,REJECT,c0a8bdd4e77e53082324aa87635410354f9036d088150ffd7f7f2a9a7380821e,,true,d10a8246acad5c560d9c3f76f12fa2c2c656ff4908cca6d5f912e1c4feeb9b60,WATCHLIST,806a73d8fb3e58bfb0e389d189b5e42a360641d6412453e08f6fca9a646698ed,2026-01-28,true,RAW,74.00,READY_FOR_CONFIRMATION,B5|DSI001,NOT_APPLICABLE,TATSILV,REJECT,NOT_APPLICABLE
SKIP,REJECT,c0e682da71b6b3753cd38624fa696621d74808faeee5c039473d0c95822ae35d,,true,c08aaec16476670c5903f5f8d5ef284a69120c102f6de5ac9218e3cbaaf4416c,AVOID,f6cc53d34ecd6fce901febd2cadc530564803797f12523d75d7e70c70fa80fa6,2026-02-19,true,RAW,59.00,READY_FOR_CONFIRMATION,B5|DSI001,NOT_APPLICABLE,GOLDBEES,REJECT,NOT_APPLICABLE
SKIP,REJECT,c10d7680d74c39288bacf2d875fa3ebb734c98538402457f2bc411fab36285a3,,true,19e9febcec10ac76c36b9f10e3c1141fb8a95ca42ac93d280d1952ce3d54a804,AVOID,936a7caae812da5f66790cf0611ad03a4fa88ba5978d86ff9163171ee60c0652,2026-07-15,true,RAW,51.05,BUILDING,B5|DSI001,NOT_APPLICABLE,ETERNAL,REJECT,NOT_APPLICABLE
SKIP,REJECT,c11ea6032ac6beff05da4adbf8fbc3370a7c3cc5ff4349094ca58e197cc2627f,,true,9b4bc2cef888b9191eece9ad9aa17e1a07b242bb4528ffc50074e9d9e60f2979,AVOID,c2af99caecf83ce2a56efd035884387d022074175b97829f03775f9a53193f26,2026-05-15,true,ADJUSTED,40.00,INVALID,B5|DSI001,NOT_APPLICABLE,TATAGOLD,REJECT,NOT_APPLICABLE
SKIP,REJECT,c13320f02177c16dc07ab87cedbbf6aaa70b805590931ca72c85b106d6b1c0c4,,true,02ebf66c76d081ef868579d8657e872f2d86db0b29ce53fa79da17f428372850,WATCHLIST,33179bc4be2ad6fb874fe63e375e7ed790e7ece5f3434c4b3629e91adafc8e33,2026-06-01,true,RAW,74.00,READY_FOR_CONFIRMATION,B5|DSI001,NOT_APPLICABLE,NSLNISP,REJECT,NOT_APPLICABLE
SKIP,REJECT,c13839a53ee6b5de30cb537685405de6ccde3844b736f5c452689f55a4fbf965,,true,cb4d2c972cabd2d35ae6085ad45e4db41c0bb4a4c46a9c7df1a4c6a0e1778f7e,AVOID,186b4936cdfe4885700f2d39c57b046f21c9db613567f80287ee266c07f8998e,2026-03-18,true,ADJUSTED,45.12,BUILDING,B5|DSI001,NOT_APPLICABLE,GOLDBEES,REJECT,NOT_APPLICABLE
SKIP,REJECT,c178866bed6277da5a6e9c76398efbfb6481820d85a277879ce2b31da5547c35,,true,0cc710963dfd28ab57a728cf022b865b70363254aef5ea2975a1909baada972e,AVOID,2fc0af986622391454ceaf18f96b8ccc2841c1cb7e4d0ebd4fc3ea3c50b3b9f3,2026-06-22,true,ADJUSTED,51.75,READY_FOR_CONFIRMATION,B5|DSI001,NOT_APPLICABLE,TATAGOLD,REJECT,NOT_APPLICABLE
SKIP,REJECT,c226b3a31f6c2d3e27203a6696317dfd01e9babac6109395cb97c4a89a9a3a5e,,true,f39e7b44805b9cfb03e24bdd387fa5a59f5c9cfeb9146e077b59c68885e8914a,AVOID,67e7f819ad7adfdfff23001d97520e5195b6e889a0e699fb3a2a4b9364f9026b,2026-01-27,true,ADJUSTED,40.92,INVALID,B5|DSI001,NOT_APPLICABLE,NILASPACES,REJECT,NOT_APPLICABLE
SKIP,REJECT,c22bc267a6661d7b4b47f780ac735e45a61fd32781b070604b334a9d5521b3d2,,true,5d0cbc17aaa5988ecae0fcd7d9361905e8bf6ae707a0483cfae0ba0bbc0f20aa,SELL,6d5dce7e118f89cca77392bf4720f14107539fff0c85e5d80f47ef2eee8c5e02,2026-02-20,true,ADJUSTED,35.00,INVALID,B5|DSI001,NOT_APPLICABLE,HDFCBANK,REJECT,NOT_APPLICABLE
SKIP,REJECT,c23267e8d9d0afc6f95585038b79c256d8e2387b162004042892c21ecd6646bc,,true,f1f60dcea13d9a2392882603ec598999b3bfa76c4e158291417a257a40fa197d,AVOID,ececf26072544e21a16b35e0fbe2d38cbd4ef8cb02bf784503ce51dac638ae04,2026-04-08,true,ADJUSTED,59.00,READY_FOR_CONFIRMATION,B5|DSI001,NOT_APPLICABLE,YESBANK,REJECT,NOT_APPLICABLE
SKIP,REJECT,c293fc7ec3404a1e39d4f1cd2334c535f6f3ae7a1db3dc088dc4be489fa48bdf,,true,27f5483374b00b098c634da59ad450095a2632fb78a7c448718fcdab4d6c8ccc,SELL,d8853d11ce028ab9dce86419002580e81bea37ac7bcc4e742d8178627fcce132,2026-03-13,true,RAW,39.00,INVALID,B5|DSI001,NOT_APPLICABLE,IFCI,REJECT,NOT_APPLICABLE
SKIP,REJECT,c2940bf4cd320ef9889ff1e999e3eb2c2d1804ba755837f39437058284f5201b,,true,3f6a2b669e22fafd96585ca05c6e4a20504ec7f74f73150dfcbb2f41d988205c,AVOID,f5308beda5e7f7c66c400c2462d7cb64a44e7f1f7b636bb470cdd17f90691b3e,2026-02-17,true,RAW,41.86,INVALID,B5|DSI001,NOT_APPLICABLE,TATSILV,REJECT,NOT_APPLICABLE
SKIP,REJECT,c29ad5d13a874fcd312cc7b785b1e4898eb0cb775acb681892b060d30ad7dcbd,,true,527321bdf654f5a493a17d3b486a5dc4543bad620f55286a97cb0c3a30f513a3,BUY,d0de0e08ac6cb957c35d6d1afa1f5f40e3fd91aaed5c8850fc7c7e1a74fe8a8a,2026-05-25,true,RAW,83.84,ENTRY_READY,B5|DSI001,NOT_APPLICABLE,HFCL,REJECT,NOT_APPLICABLE
SKIP,REJECT,c2a2ba5b83f0ff1a1b1d44da9d3527c2697564eb685271df5b0dd0b49d173c52,,true,24252b60bf40be262b4baebbe6fafa823c983816c36f18951731ccb9b9d5a859,AVOID,9c818f26713b288f904f06acf18829e464caeb702c5a9e89f3a7cc9ec49c480e,2026-03-24,true,ADJUSTED,59.00,READY_FOR_CONFIRMATION,B5|DSI001,NOT_APPLICABLE,TATSILV,REJECT,NOT_APPLICABLE
SKIP,REJECT,c3008f1bc784a049c1242b80613ae0074cb83ab9da878e6bc1d02722768bd6ee,,true,ba63c91bae3c25a7b522bc11b6f0de3da3f50a816ef740cdf9aef82ea483d921,SELL,0e47d67bac0701744c31ca5e55d5af415f990c367ee0e02ac344e980742657f6,2026-06-10,true,ADJUSTED,35.00,INVALID,B5|DSI001,NOT_APPLICABLE,HDFCBANK,REJECT,NOT_APPLICABLE
SKIP,REJECT,c3278c7098174526ea135351e4e822a68cb5d75423298db59d3428fb6f8d4ca5,,true,b1a00972d7c1030f5e2a1a04b319270353f08d9c24250006523c26bd99b7b941,AVOID,3edcbdee8743549a2be4747c2f7e768a38e467dfbf7fb23651ce45844f4d6a49,2026-05-07,true,ADJUSTED,44.16,BUILDING,B5|DSI001,NOT_APPLICABLE,TATAGOLD,REJECT,NOT_APPLICABLE
SKIP,REJECT,c37dfe91dc1cf82f4a15b0dab26b7189dd361d5502fa3f5ce77404dfb50b1f6d,,true,cd15e681ed138363669c20f4a2d4260e16a1b2a1f0161aaa2e5bc55d150e23d5,AVOID,0e85d91349ac9d753ffd65d84e99f08b59b9def4141f0e3dbcf9d32728a6a437,2026-06-16,true,RAW,45.53,INVALID,B5|DSI001,NOT_APPLICABLE,ITBEES,REJECT,NOT_APPLICABLE
SKIP,REJECT,c38832f21a29489d78e31614331f504366ee226d76fefce976fa6894bd46deb0,,true,f8487e6b4600157a11a8740d4cc81b3db0374b5e1eba27604d94d6ebd0b8360b,AVOID,1549898d5b5eab9ae50bc2285a45294efcdbea3a5f961b4a34444f04a69816e9,2026-05-08,true,RAW,42.61,BUILDING,B5|DSI001,NOT_APPLICABLE,LIQUIDCASE,REJECT,NOT_APPLICABLE
SKIP,REJECT,c3885e86717b5a535015df0d388e8a67f9d773764a1e45d2e5ebe1ece9ccb4c3,,true,1d3410a2afdeb3f2f76e44b3276b0197ca2ff1c01cc25666abc796a8e06b50d4,AVOID,93574d06cc248bdcc205ea815a570e01b47de0083c60fd7fd00833f5d5787000,2026-06-30,true,RAW,41.39,READY_FOR_CONFIRMATION,B5|DSI001,NOT_APPLICABLE,YESBANK,REJECT,NOT_APPLICABLE
SKIP,REJECT,c38b8c0420ae2500f1749c7867435ed962ed3b6300c1e3b070321c94747332b0,,true,3552ecfd85424e1c83afbf75f10f261852413259aa92831e5af94a67bf881c46,SELL,6bdaa26464ab18b9720f8428463c42b13f29a679508060ffc315e0df6bd77abb,2026-05-29,true,ADJUSTED,34.89,BUILDING,B5|DSI001,NOT_APPLICABLE,IDFCFIRSTB,REJECT,NOT_APPLICABLE
SKIP,REJECT,c39d886a267119d4fcee90db3fd8297f12f912bf8c9652549976d8af80296334,,true,bf405259a5507921423abe5c3e599ee75daf8d826fa1124065d7b663e627a9d6,BUY,d70c27730b901fa388514643132499259170490d2cf0459f58d82cd578622f32,2026-02-11,true,RAW,86.62,ENTRY_READY,B5|DSI001,NOT_APPLICABLE,GTLINFRA,REJECT,NOT_APPLICABLE
SKIP,REJECT,c3af0a0e168c76949321ff69929810d7fa8f334a265a04910238bb2d6f889ed6,,true,c5cce5010641861519a275441f68aec4c9151955c781737127ca46098b0f40a6,AVOID,4bb0dcb262c1cd34f26468193a26eed64f0e185063678b6882c133cb52d5fc5a,2026-04-15,true,ADJUSTED,53.82,READY_FOR_CONFIRMATION,B5|DSI001,NOT_APPLICABLE,TATSILV,REJECT,NOT_APPLICABLE
SKIP,REJECT,c3b818dbbd5abbf8f2a7a4939b0db38203412412828078451fc7c7b304b92b6a,,true,a98cabc270beed4babf63fc24f3d006104d8c560476ef8db4bc6841187efccab,BUY,01f54e28d5d248be5785dc03c838dc2062fa8c038190e66f588d549f9afe7563,2026-01-21,true,RAW,82.42,ENTRY_READY,B5|DSI001,NOT_APPLICABLE,TATAGOLD,REJECT,NOT_APPLICABLE
SKIP,REJECT,c3be64f1341a42ea345cd03a6cf005cb2bdb21640417de7a6a6fc8ba851d26e9,,true,09e6cd16ec96fb33b718d76a7e1a1167a3704a669cf30123dad15bde2d121d7e,SELL,21661f3a841b22d101ab9f71d085e65e8d9480f89dee173c9b7f7adbf21a98d5,2026-01-22,true,ADJUSTED,39.00,INVALID,B5|DSI001,NOT_APPLICABLE,MODTHREAD,REJECT,NOT_APPLICABLE
SKIP,REJECT,c3cd0568760c35ad956a800cfe00bbc2854dc21d5db7f1410df566f6da56c975,,true,84fc39a9a4dc893ae74768b419af49c1477f7dc3ba32e1f9e4a92962a7bdb83d,AVOID,62b81f59204f0573a6e02bc3333503bfa1fffb372461126dd33216e33e5a9511,2026-03-18,true,RAW,59.00,READY_FOR_CONFIRMATION,B5|DSI001,NOT_APPLICABLE,ETERNAL,REJECT,NOT_APPLICABLE
SKIP,REJECT,c3d1122ba2e6351b11d5132a685e82135c1947206288b47197e5a3c96a02493e,,true,200a4b32718db5381855bee8723809a5d730d9ff461d7050d2c324ace073f51e,AVOID,407c3e9e9e6f9e952fdba266032ceefda2fe1f543d69c7534998d88882796068,2026-06-18,true,RAW,50.33,BUILDING,B5|DSI001,NOT_APPLICABLE,BEL,REJECT,NOT_APPLICABLE
SKIP,REJECT,c3d12c8fb2c25ecedca59af3a9e2a22d9bc1f484ab6ebef6f609c7ee8688cd3f,,true,4a28e4f1d80bd644afcc34f8cb973f595facba2d75ed3f9681e8afd45b901692,AVOID,eaf2562d90ffd0f11aa25c9c3c2a76cefcf6e7e7ffe55e76e0cafe7b3ce05f7b,2026-06-10,true,ADJUSTED,40.00,INVALID,B5|DSI001,NOT_APPLICABLE,TATAGOLD,REJECT,NOT_APPLICABLE
SKIP,REJECT,c3fac809b6287901cc2501487e693ab9c64ce4a969cfd61433f3b1adced14722,,true,c53395b4b3c562657011169c380adcdd77b5544e61f4ba2e177ed92988fa5a70,SELL,7b44ab6dbb99eaa6d45a6c4979be45635a49e8bdb850d8f023b5f4c8b9a53d5c,2026-06-30,true,ADJUSTED,35.00,BUILDING,B5|DSI001,NOT_APPLICABLE,TATSILV,REJECT,NOT_APPLICABLE
SKIP,REJECT,c3fe4fa10f896bbb0004cf2bbcaeb0baeb9168645c2c91a1dd58cc038ff07875,,true,7c1cbde10d2f4736970308288c0472d78c61f8d1e87c3dfa64a4c5cad79c8bab,AVOID,90eaca57bbbdfed0ad8f430ac7b5686bd3b7979abc0b100958d492ffffcaff9f,2026-05-22,true,RAW,42.79,READY_FOR_CONFIRMATION,B5|DSI001,NOT_APPLICABLE,HONASA,REJECT,NOT_APPLICABLE
SKIP,REJECT,c416b7308dc0e5fa4bbfbb97e128544f0743113c46f5b1b53a4ac86d92952e6c,,true,b83bd72647b3f532d746bb56f0d8f648330ee48a592ce87a1eb165306c372ed7,WATCHLIST,74e34507defc9ec878efe98c14b7eff04bf05165f59144899e84a3f78fcbdd55,2026-02-27,true,RAW,74.33,READY_FOR_CONFIRMATION,B5|DSI001,NOT_APPLICABLE,TEJASNET,REJECT,NOT_APPLICABLE
SKIP,REJECT,c4250f22456fc101f0ca7c08378cd05395cb7a99751e1e74534d093b88b33667,,true,d5b34b6757aa38249761a9ff779f9851d6b2abbf62d4cb5dbb5e2f06c07bac6c,AVOID,95c384239c405cc13a41a97e41ce18f5d24121691ba3c23ae1f93ab94cef67ca,2026-04-07,true,RAW,40.89,READY_FOR_CONFIRMATION,B5|DSI001,NOT_APPLICABLE,GOLDBEES,REJECT,NOT_APPLICABLE
SKIP,REJECT,c42f454444e5cb7bcbbc82bf1beb7cd8db1a16cb6f5890e61508456956d9f650,,true,9c3bd987165f310fab9796add1e1c35e1cac8bdbbdf1a354c0b329fda5ee14d3,AVOID,45595188f5ddf1db383d0712d741520e9a9c4d398314438708506c65c0f575ee,2026-04-15,true,RAW,56.00,READY_FOR_CONFIRMATION,B5|DSI001,NOT_APPLICABLE,OLAELEC,REJECT,NOT_APPLICABLE
SKIP,REJECT,c43cc2d963dc796a1b69604ddcded1c5b96ee2e4c5f2e627f42e26a3156d1326,,true,d25a4926012e560b691970d8b0fe30a3ce562d292e7b72f14d8b2c9e71c5bf92,WATCHLIST,844cd84c943660760ad8b66f24811fdae8ce8f5a0b623d38bcd97d695ea38409,2026-03-04,true,RAW,63.68,READY_FOR_CONFIRMATION,B5|DSI001,NOT_APPLICABLE,TEJASNET,REJECT,NOT_APPLICABLE
SKIP,REJECT,c455949f772de446fec5ec194ecec3495985f59c588cca446ae8ae005b601ede,,true,3db0f77a510c4522216e4b7ae058d44d849a81c714b57518f11f44e9f312cf32,BUY,b46b90fda707ec2272b27b9cc71de8d5599413952535902427e3560deb491a83,2026-06-10,true,RAW,89.15,ENTRY_READY,B5|DSI001,NOT_APPLICABLE,EASEMYTRIP,REJECT,NOT_APPLICABLE
SKIP,REJECT,c461f605e19d382da2869f28a6feea7656cf952e18579ed8d9aa4bcd251f5b74,,true,e22ac16c6d977e9c38664e92ab73255ef6b4ce6efa136be575f74fb87ba6e7a9,WATCHLIST,51a0c2d8b68914b22ffb64a552610129b858b7f1ba39cdb7c673e77e5b8dc232,2026-05-26,true,RAW,60.12,READY_FOR_CONFIRMATION,B5|DSI001,NOT_APPLICABLE,OLAELEC,REJECT,NOT_APPLICABLE
SKIP,REJECT,c462e99eebb53e028595d676abf3d82a703427037c6e69b00d32a79aff8cbeda,,true,4b2a67e0ece357d926495717d349e7f8f49070b8ef47f60c4f8ee22c81494664,WATCHLIST,64677bebb98b643fb01cc92b57e971fab284e74c9b74cca719d7bd54d1d3e439,2026-06-22,true,RAW,71.98,ENTRY_READY,B5|DSI001,NOT_APPLICABLE,RBA,REJECT,NOT_APPLICABLE
SKIP,REJECT,c495d7408cb78101c7129bc1acea3d984b6e8c394048476e724c36a320f44dd4,,true,161cb8cf226fde1f57867761b2d9e6adb0d24ecd4418ea97040491cd428616f1,SELL,efe4af33032fe67abae2ba944599f6d0a47529ebb9e74c1c94a42b2e2283c2e3,2026-06-25,true,ADJUSTED,35.00,INVALID,B5|DSI001,NOT_APPLICABLE,TATSILV,REJECT,NOT_APPLICABLE
SKIP,REJECT,c4a10c7ba0eee2febe632ad2fee8f46516e4c7b09a7508e28f7ac8c64e6ad55d,,true,0982a5b97b05d916eff88c6b19052d2728847eea7173105d59360d4e8176fb12,AVOID,7e2c0c194bc32b0f413040b925b85238c4e37c9a3d401dbd8fb02ae99f6bd978,2026-07-16,true,ADJUSTED,52.61,BUILDING,B5|DSI001,NOT_APPLICABLE,MOTHERSON,REJECT,NOT_APPLICABLE
SKIP,REJECT,c4ea118ba8ce1eaf4b944967159bb39e75a97e759f879cc9eb4d9d83fe49d0bb,,true,473233afa43f50f2e7856861e71045610008c110e09aec1382f8d457859816fc,AVOID,e5ead1a82711f0fb1205e2fa6d690c8df86f2b88c6037ceee44f5ee8a111a486,2026-06-11,true,ADJUSTED,53.06,BUILDING,B5|DSI001,NOT_APPLICABLE,TATASTEEL,REJECT,NOT_APPLICABLE
SKIP,REJECT,c502789ddce03e9aa40380ad051e7fd826f47eca98d396b625af2c09d53eea8f,,true,43ee99eb21707259363951a9cdfc65eedcd332f5afee862119365995f6d6bc8f,AVOID,8575b663c27bcbe519e2115ae8b879f04c415b031642c44efbfa357fb9af067a,2026-03-12,true,ADJUSTED,47.85,BUILDING,B5|DSI001,NOT_APPLICABLE,GOLDBEES,REJECT,NOT_APPLICABLE
SKIP,REJECT,c50aedb190303bc61f12b791014f4d2e6c725351918eff581b8c7510b12ce0d2,,true,e3786b28810e89fbae71c9ba6c5b2f2983a40411f365e0151554e7e99b852c6d,WATCHLIST,57932bfd74b9f70da22976d1e237415a7a390c26303fca03358b93349ae95b54,2026-01-23,true,ADJUSTED,60.00,READY_FOR_CONFIRMATION,B5|DSI001,NOT_APPLICABLE,TATAGOLD,REJECT,NOT_APPLICABLE
SKIP,REJECT,c514e58b57d74f16da2d0736e961701542b2cf5468f25551c51bca74f0174bb6,,true,2bafd1a956f31c6bd4bed93c4278decb238bb0b5f38e951da631abf4f3a755b6,BUY,83e7d8f5fbd89c5c3a3af8b3379112495535c618c6041496a506840686658906,2026-01-28,true,RAW,80.00,ENTRY_READY,B5|DSI001,NOT_APPLICABLE,TATAGOLD,REJECT,NOT_APPLICABLE
SKIP,REJECT,c5214959f238c60397e74c28dc263e9a4f7828f7cd203e0610dbc4739b81ae73,,true,131a6ec01a8951f2ab21a098afa8eebb52ee11a624a59aca779621ee84e69a98,SELL,2dd792255657ec86a79787fd15024bba53e6e52e31c370f62fdb3c8cb2efc8f8,2026-01-16,true,ADJUSTED,35.00,INVALID,B5|DSI001,NOT_APPLICABLE,HDFCBANK,REJECT,NOT_APPLICABLE
SKIP,REJECT,c526e55c6e9fe32608ea385b41d2beff7ba814dac053574a01cd3ff4534f9c26,,true,1341853c60dd59c00c2ff038e1888628d6d014a118d3188418197c32ed841759,WATCHLIST,a8ec793e5d8b015116ef1d0fae232ac4281430335000d1c27a2dd0e5a512db16,2026-07-17,true,ADJUSTED,73.13,READY_FOR_CONFIRMATION,B5|DSI001,NOT_APPLICABLE,FINOPB,REJECT,NOT_APPLICABLE
SKIP,REJECT,c545492cd833d3a40095dbc47096cef4c3182f4b989b1b5717bcc949a4962fc7,,true,f8cf4f192bc6cca57e2bdb210a11f644bd8bef4304904029fcbb9163169f8bef,SELL,12a60257a14dc6670f07ae999df5239d1c357fc5d8b36520659e6a7ba05d4478,2026-04-06,true,RAW,35.00,BUILDING,B5|DSI001,NOT_APPLICABLE,SILVERBEES,REJECT,NOT_APPLICABLE
SKIP,REJECT,c5490e6da7fa97a144beb24d7159bb369fc28e72ffc92a11224b6e6ddf1d2204,,true,3bd2ec9239989e72058292a48e85ad7206e82f6e56d77ed9b33f0dab60ef1513,AVOID,20e19cce41e52b15846f06b69ea9310cad599b9a190e3b2016acc380ce884259,2026-04-13,true,RAW,50.13,BUILDING,B5|DSI001,NOT_APPLICABLE,YESBANK,REJECT,NOT_APPLICABLE
SKIP,REJECT,c54f374c540610c40ba270ef458e5a58970f9f6bb60e33ce08aa0c9d575c16da,,true,89d7942f5198a52b2a077dba34c2d0838cfaab0cb55b09677b126fe2bef2752a,AVOID,1a26169fa751a582235396f2d0f78db6e38eefd61e99f4b67fee8a5e210fee88,2026-03-30,true,RAW,59.00,READY_FOR_CONFIRMATION,B5|DSI001,NOT_APPLICABLE,GOLDBEES,REJECT,NOT_APPLICABLE
SKIP,REJECT,c56d6351b9b66533ebab3e126a95e83da4b1e7df72dfce3a59e7cf7f1aefea67,,true,cc58703b54ba6358b1e99ea04b6b77bdf0c2589da7aa19e5b83c4e6d9e18c241,AVOID,5ce0ef5d0ad3c97ee5dc4f735f8b0b57ff8345278c5788e867ad4fc194453e00,2026-03-18,true,RAW,59.00,READY_FOR_CONFIRMATION,B5|DSI001,NOT_APPLICABLE,TATSILV,REJECT,NOT_APPLICABLE
SKIP,REJECT,c570a8fd084196a490eab43f4f7d44315e28e2323306244e0744ef5969a95f19,,true,1e47993f9f49f5784630480e18d8cc19956a902252fd1b0860866ff556fb5db8,WATCHLIST,a34b108abcdfdf1798a6e6d44015719e5a1fe645277883b6fc491aef76ebe674,2026-04-24,true,ADJUSTED,72.01,READY_FOR_CONFIRMATION,B5|DSI001,NOT_APPLICABLE,VIDYAWIRES,REJECT,NOT_APPLICABLE
SKIP,REJECT,c57265058fd655cdb07d90ab0479be79e311d72c269557f6ae61b6ed33108b26,,true,ed14f5222d59e36750f88b99666a9de716aeb934381372d97502eefdfd26f79b,WATCHLIST,032e0965ca1fe14516449cb94ed9cc8ea464b04076f96d81303ccbbd072176f5,2026-02-02,true,RAW,63.86,READY_FOR_CONFIRMATION,B5|DSI001,NOT_APPLICABLE,GOLDBEES,REJECT,NOT_APPLICABLE
SKIP,REJECT,c57f4bc153ec42b43ff5aaf84b94a08807a458a50c228efa8a4ac54261693810,,true,2eac69d91bd30b70f9b9bd9b337c845f014aa56def095e61f5e3843d4c3c661c,AVOID,0ad183143698265b6d6ffea3a10cbdd2bd1737a9a53b2c9e6323460b56bfa14b,2026-05-18,true,RAW,53.82,BUILDING,B5|DSI001,NOT_APPLICABLE,GOLDBEES,REJECT,NOT_APPLICABLE
SKIP,REJECT,c5aabf59286e54ec5b0347f047f64796b4697f1c567033ddade66c2b382ca342,,true,f7e1b00d03e4581d9731242b7521a0c2d002ea5c00b08566d56794086dfb42e6,AVOID,09d1e3e7313b4a68579417917534e0c9815bc5639883ed5896524dbd0def01c7,2026-07-13,true,RAW,42.04,BUILDING,B5|DSI001,NOT_APPLICABLE,YESBANK,REJECT,NOT_APPLICABLE
SKIP,REJECT,c5c7113134ac736eff3015f305310d62d04ea6e2986fab5237a15abfa0c7af7e,,true,814fb6e8a9fbb9b4af8e719a9436b60861aa97d6cdf723de10ce7fbe65cabe95,BUY,fdbb237ee902fa969b5f3f1b55ec1e0f8dc2448f2efe5af29bbe6ecf2a3a6383,2026-01-29,true,RAW,78.11,ENTRY_READY,B5|DSI001,NOT_APPLICABLE,GOLDBEES,REJECT,NOT_APPLICABLE
SKIP,REJECT,c5da71d3f97ac4dee2a9943bc47418c2d24a56805d4257fd3c827b2de81eb8fe,,true,ff775bfc3167cdc8796166def5daa58e7955dbd7d15240e71a15a62e0bbc944a,SELL,2da1efe1424d811fc1d16c003671ecafc00b492cc4f9f674a57786b1e3ab7efd,2026-03-19,true,RAW,35.00,INVALID,B5|DSI001,NOT_APPLICABLE,YESBANK,REJECT,NOT_APPLICABLE
SKIP,REJECT,c5ff0080a08594e404437b286ada417772d7597784176a9751ec2ae474758b8e,,true,24252b60bf40be262b4baebbe6fafa823c983816c36f18951731ccb9b9d5a859,AVOID,9c818f26713b288f904f06acf18829e464caeb702c5a9e89f3a7cc9ec49c480e,2026-03-24,true,RAW,59.00,READY_FOR_CONFIRMATION,B5|DSI001,NOT_APPLICABLE,TATSILV,REJECT,NOT_APPLICABLE
SKIP,REJECT,c61e4ccffe30628d4d6cfb9b1fa2e55565ebf7097c2347bfc7c0547bf11bc3d2,,true,09231d5380e67bf069623916a1a65ce991b3ea3ca6e53c653f66c500ee332e06,BUY,d40a204871e0e99c1b964d9f111c807d4ddf96cbc5f73edf2cebe01ffa03200b,2026-05-19,true,ADJUSTED,78.49,ENTRY_READY,B5|DSI001,NOT_APPLICABLE,APOLLO,REJECT,NOT_APPLICABLE
SKIP,REJECT,c6539081e2d80752909fc6522f2a213cc4d1936a4aa1b97bd711be666fb88a9b,,true,7a3b877da2dcb29a5b82c241abe5932f9328ba189bed698873ae738c0986ec39,AVOID,50ce328c537fde86c590db5a50ec047a074429b851fbec8afb3b332793540937,2026-02-23,true,RAW,56.00,READY_FOR_CONFIRMATION,B5|DSI001,NOT_APPLICABLE,TATSILV,REJECT,NOT_APPLICABLE
SKIP,REJECT,c66c8c30ef52510d54ede5a9df147d6b5f90c5c693bfc2be5e20aefe45128749,,true,6c09571c8444bb7c637a8302836f9330e2912c6b7477c97546f4c73389e237b6,WATCHLIST,faa815ed68adf3a514242a856ef6072a6e83feb908319c8f27201fb621ce2b33,2026-07-15,true,RAW,67.27,BUILDING,B5|DSI001,NOT_APPLICABLE,DAMCAPITAL,REJECT,NOT_APPLICABLE
SKIP,REJECT,c6a23214033fbd54ca9896d37a5eef2c21d23a9b6f37dcd6977994cdcfe153c6,,true,31c69f30343fd5c78d95c6b345fa3f99ffecdc8beeeac167e7165baea2825d1c,STRONG_BUY,de9c3c000daf403fe957451e51e6bb3e5b05ede357e26d9c99b8e2277c32453d,2026-05-25,true,RAW,92.44,ENTRY_READY,B5|DSI001,NOT_APPLICABLE,FCL,REJECT,NOT_APPLICABLE
SKIP,REJECT,c6cd22e8a6d7d2736bb679e90994e81f76555f7e6b4688897bfe4f0d0984484a,,true,daecec2ef50bea7a586fde4184edcacf5de26b6fc0be924a1f28073565571af5,BUY,453ad65775b4a8c30d1bf2f856f112bb1a6e81e8c3b55a753d9e4016c2fb75d2,2026-05-13,true,ADJUSTED,83.95,ENTRY_READY,B5|DSI001,NOT_APPLICABLE,TATSILV,REJECT,NOT_APPLICABLE
SKIP,REJECT,c6cf834b31d005ba4dcf90b54903f23378a4d49c4a49bbe189a9db4798a973be,,true,237130d83c64f7d02de56b48e89607cd3cecd27e6bee24646d0333eb52f92ed9,AVOID,87718e8d61e1f8b5bbcd39a751fd404dde7ec74d1649cde479c1c141988d96ca,2026-07-07,true,ADJUSTED,59.00,BUILDING,B5|DSI001,NOT_APPLICABLE,ITBEES,REJECT,NOT_APPLICABLE
SKIP,REJECT,c6cfa25f6ac465fd5d3bd575b6ceb5063e9205fb79060dd90a85826e71838bbf,,true,b7c3bf1e7dc4cd7c28de3ee8c558129bce03625cf1f46d62ad4f6562b5c876fb,WATCHLIST,aabd5a931cbf3dd664312d87ee7f4fbfeba5cf181214987dc6281ad65e29b1bf,2026-06-09,true,RAW,68.62,READY_FOR_CONFIRMATION,B5|DSI001,NOT_APPLICABLE,YESBANK,REJECT,NOT_APPLICABLE
SKIP,REJECT,c6e0011a90d6a305a2b8b4317ea502ac02373fb5532da8f1bbd78fc23b8cbed8,,true,05d0654f66d97142bdb95e27d0a77735a873dc062b2f868ef949d7075373958f,SELL,e350aa3bb73e713339fdccc1d01a808698d95cf493b1e0a634b824f37dac4d5c,2026-04-07,true,ADJUSTED,35.00,READY_FOR_CONFIRMATION,B5|DSI001,NOT_APPLICABLE,HDFCBANK,REJECT,NOT_APPLICABLE
SKIP,REJECT,c70755266b8e851fd550dadb01d20669f6e02f00f3acc33254253cd176cae367,,true,b0d8ad884a50834ff58da4e11503347b786444debdb7d78c11425530bc317940,BUY,4e90733e58a2704a4f966c8fd194170eef56db7ef02ca6a6ccd5833d63a79ee6,2026-06-25,true,RAW,88.27,ENTRY_READY,B5|DSI001,NOT_APPLICABLE,MSUMI,REJECT,NOT_APPLICABLE
SKIP,REJECT,c70afd700bd1cdf09efe74e0acc5606a3d593baa981b8bff2f78d01a15f0c7c9,,true,8bfe524299af1e2c3ae7655de3d58a94e20e34fa39e2f22b0337c33a27902c86,AVOID,82953709c44274f5b8f4b24ce66501240e1fe7fa13a12759c37a67a0f04a5c26,2026-07-03,true,RAW,59.00,BUILDING,B5|DSI001,NOT_APPLICABLE,ELECTHERM,REJECT,NOT_APPLICABLE
SKIP,REJECT,c732385f5b7015f2cbdc80834d6cb0c1c13ce79f7fa42dca16a05e5fb9ad7952,,true,30ef05330ab36eb14a04e86a3684ba8fe6ba3f16b5889e79dca80640a06d99d7,SELL,5db113b947308b5e910e4ede0553c052cd566df0c3e4d2511c050778fffbc5e0,2026-04-02,true,RAW,39.00,INVALID,B5|DSI001,NOT_APPLICABLE,LATENTVIEW,REJECT,NOT_APPLICABLE
SKIP,REJECT,c769d81a8de02dd0876b10ca9b265c2a3f8889c98d02fa30307c8ead2a25ca35,,true,5f51ca2947dea3b50e5086ae999ac36c219e6d0849bcde650ba9c5de59674b4b,STRONG_BUY,48578f222b07c48b7d2da0da647638a4cbd9dacb45f7f840f020f7a2d3b8076f,2026-03-02,true,ADJUSTED,90.10,ENTRY_READY,B5|DSI001,NOT_APPLICABLE,TATSILV,REJECT,NOT_APPLICABLE
SKIP,REJECT,c76afdc85f6c1aaa97f78dd9490013e011000a768dc61a65b4289140f23f8664,,true,5df8e7cf85f6202cd54d78766bf9374f6821a4934dd0b27102cf216a6625d267,AVOID,1917d155e28b88bff9e3827409aa302babe43e278c073f57a39ef544dd6bd6d2,2026-02-23,true,RAW,45.70,BUILDING,B5|DSI001,NOT_APPLICABLE,GOLDBEES,REJECT,NOT_APPLICABLE
SKIP,REJECT,c793eeeab7925210f21e7311021aad4be158fc230aeed67ca21d00b698087120,,true,92699163df8bebe8e47cee3f84529f750af309cc5de4b18ee9f147ea1552227e,WATCHLIST,1804b2f4786aede69be75addf2689c43ec4267668e122fe3da194124e4bd8a9f,2026-06-10,true,ADJUSTED,69.15,BUILDING,B5|DSI001,NOT_APPLICABLE,AKUMS,REJECT,NOT_APPLICABLE
SKIP,REJECT,c7a1c684ac0419bc186a67abb7149cdda179bb570a27e1e058490526ab874349,,true,bed07b84490f9b283f6000fe72c2e255994f98c3d64eecd46adf25c7a82a7648,BUY,e47bbd3971dbd036eea6d231bd187e222ebb466b4342eec1762c1ffec7678afb,2026-01-14,true,ADJUSTED,82.10,ENTRY_READY,B5|DSI001,NOT_APPLICABLE,SILVERBEES,REJECT,NOT_APPLICABLE
SKIP,REJECT,c7a73cd729674986882e4f6b58e25bb2f87a8f253f44334f2a24bcdc76f06be2,,true,8c867e0fed99aeffe5f74a0e5ff34ee53259b22d0d9624131852361d79e1a14a,SELL,ccbee9cc11bcaeb1fc3b807289fc1539fb7af8ee243a3207939c303b47ecd14c,2026-03-06,true,RAW,38.37,READY_FOR_CONFIRMATION,B5|DSI001,NOT_APPLICABLE,SILVERBEES,REJECT,NOT_APPLICABLE
SKIP,REJECT,c7d80927d6942f59b489ade6ee2ceb0c6694942d01836f1784991e54f9f40c01,,true,bc229160d93b9654445b17bfc73d475dca834cfec8dbed62a86a05719d75b4a3,WATCHLIST,28a5d1f0a2018a9a0da3aa624dfbede051853023f0c0f9a01ea7069d2c6855c9,2026-05-29,true,ADJUSTED,60.00,READY_FOR_CONFIRMATION,B5|DSI001,NOT_APPLICABLE,GTLINFRA,REJECT,NOT_APPLICABLE
SKIP,REJECT,c7d94127e56ae46fcb849ba885cd334b6eade341b8d94deb85de935147ca20da,,true,46403db2300a3afbcaf5bef1c47d9430aef93d2fdb5b1951a304a6ca8641162b,AVOID,f72dd17c08283d832af3263ebd0940b30a1b08557288c395f8b8e93de4b96174,2026-05-14,true,RAW,49.60,READY_FOR_CONFIRMATION,B5|DSI001,NOT_APPLICABLE,GOLDBEES,REJECT,NOT_APPLICABLE
SKIP,REJECT,c7dee3caf50ca4a75945ab3778b7c2912b994166987d1593ca93a5b1efd2db77,,true,6f3104c3e389d5a591ab891ff3f5f4c5db0b4bfcf844f15efe881bac642acdfe,WATCHLIST,582af4893ec6b2b513c080a51cd9b6eaa4ec79dad89b1b33ccdf8550c3a7764c,2026-07-09,true,ADJUSTED,74.00,READY_FOR_CONFIRMATION,B5|DSI001,NOT_APPLICABLE,PCJEWELLER,REJECT,NOT_APPLICABLE
SKIP,REJECT,c7f7efe3cae6b883beb8e00b032539663a235c98bd8d94785a81b0e3f39ab2ce,,true,96e5e58f2d56bd202617785a9d901816cec09a34ae0d192bd3270d41e221ba30,AVOID,a435c8ec0a8db7ebc2eb5c98dbbc73c707485ffbbeea92aae028d2abf2b894c7,2026-06-11,true,ADJUSTED,40.00,INVALID,B5|DSI001,NOT_APPLICABLE,YESBANK,REJECT,NOT_APPLICABLE
SKIP,REJECT,c826c9e85f04c28b28b620407d98124fac39bc3de2f7233e464483f459ff40e5,,true,9628f18925cfecf8cb962429eef945632bc369603e15018d93c48099dbb368f6,SELL,f1aef2f75a4b7ed5450bd4f9c201e4c255851b1e06350dfa1079af7a8c07e183,2026-02-06,true,ADJUSTED,39.00,INVALID,B5|DSI001,NOT_APPLICABLE,ITC,REJECT,NOT_APPLICABLE
SKIP,REJECT,c8832726f5c44c2bbb300a2b873cad800e3668b2aa26259c517c2ebcc5306513,,true,559543a282128eb1fda10b07f13ab7800d7c6b05111b6ee1986f5758477633ec,AVOID,d1478114baed982d8f54062e9394076269c999503da9fae33ee59acfeb654d3f,2026-06-22,true,RAW,51.08,READY_FOR_CONFIRMATION,B5|DSI001,NOT_APPLICABLE,NHPC,REJECT,NOT_APPLICABLE
SKIP,REJECT,c8993a9419db851b339f4a65ab3f21d59e314f3a3f0cf48b799d47100c654ad8,,true,e8c8d9253ee2a5c6e9516a271a944fd38735b807e6070cf03495564ddec059cd,AVOID,8fd3e5ddc57cde3834e26f11109307442480219d81552048dbc23027eeb99c0e,2026-01-28,true,ADJUSTED,57.20,BUILDING,B5|DSI001,NOT_APPLICABLE,YESBANK,REJECT,NOT_APPLICABLE
SKIP,REJECT,c8c8193c2ad17aed961093c334193eec7a83f8bf0e9ef9a9382e0765c521e97a,,true,fc515913da3bceaac2075cac58217e336873b7df0a9e5311678d747b49852d56,AVOID,35f2fa7c9b7810cc20b459a02e55abdf25fef5a1158c3180f2797b6cbc86db08,2026-07-01,true,RAW,45.84,BUILDING,B5|DSI001,NOT_APPLICABLE,GROWW,REJECT,NOT_APPLICABLE
SKIP,REJECT,c8dc60c9f7881c9630736b603c70751bb18659f9db809a778a09b58eac39383e,,true,733b2e8693d919d2858d52df734e19a8c390cf613b1405e15fc301bc61a65277,SELL,fb50f4b0f383da9015405e91e3d3ddb53977068c104a12da9103957dc4defdc6,2026-07-17,true,ADJUSTED,39.00,INVALID,B5|DSI001,NOT_APPLICABLE,GTLINFRA,REJECT,NOT_APPLICABLE
SKIP,REJECT,c8dfea3a1e0412f3b0777198fcde7c2b330b5eb0bf3a9676edb17aa6096cdd09,,true,fb9ec845344eedef70c3a5b7126279584c25aa156fbd788bd05525e8716ac6d5,AVOID,d179b968c9901f38998e70a00843a75ce5ddf24a85f53fe6f687a88527c55247,2026-04-28,true,ADJUSTED,49.84,INVALID,B5|DSI001,NOT_APPLICABLE,TATAGOLD,REJECT,NOT_APPLICABLE
SKIP,REJECT,c8e357e51e6153e6f7ff2cfea5ba23ca81d7c69598bf168408628559a4803fb6,,true,3f7d4147b346c41e4c0cf988b573a9de791e995051625896ba0218a219ca0f73,BUY,8281184f9f32eee93dc7f04a50d5c2c05e3d649fe7319eff7b6fa38656194963,2026-06-04,true,RAW,89.16,ENTRY_READY,B5|DSI001,NOT_APPLICABLE,GTLINFRA,REJECT,NOT_APPLICABLE
SKIP,REJECT,c8ee04d9c61b1dd26dd198fd560dba7cbf3dac8824a2e114bc4ad108dd00d75c,,true,f477357176688ae7e076cd7c1ef8f6b769383188d587a4f5a79ec2e250fac824,SELL,14c44eb937e838515e43e0cad361c1c19c6aaffb9e883e63ca357307a6d31d14,2026-01-09,true,RAW,35.00,INVALID,B5|DSI001,NOT_APPLICABLE,ETERNAL,REJECT,NOT_APPLICABLE
SKIP,REJECT,c93c973b7ac04b7b04edfa3047a415fc342b2f2e930dd3599f4f4242328938fd,,true,ff775bfc3167cdc8796166def5daa58e7955dbd7d15240e71a15a62e0bbc944a,SELL,2da1efe1424d811fc1d16c003671ecafc00b492cc4f9f674a57786b1e3ab7efd,2026-03-19,true,ADJUSTED,35.00,INVALID,B5|DSI001,NOT_APPLICABLE,YESBANK,REJECT,NOT_APPLICABLE
SKIP,REJECT,c94de14caea7cfb1df5463e9d702c897bba64037b3dea863610a139decc5274e,,true,68973f766b94953875b0136a20159a3149a6cc3abee75ec079892c69e559751a,SELL,e7d13180d955c505dda9fed5c31d8a9f30c587dec790f5fba0cd7a6324c77fc0,2026-03-09,true,ADJUSTED,35.00,INVALID,B5|DSI001,NOT_APPLICABLE,CUPID,REJECT,NOT_APPLICABLE
SKIP,REJECT,c9659868d297d373145ae88dbf91b9715fcab2bd4a855c41436ed67ff42d398e,,true,f115d10c72845e9f17e146a29f343a2b5faacf8fc361cd1d9aed75477b2aa5a3,AVOID,b9eecbcb959ee59a1a24d311eba175cba1f4792a46d6e5b2a0fe73f880c97c0c,2026-02-05,true,RAW,59.00,BUILDING,B5|DSI001,NOT_APPLICABLE,IFCI,REJECT,NOT_APPLICABLE
SKIP,REJECT,c99e006b3b4224d20d26388a4e8d100606a825343ff56d247af97ab9c11e9434,,true,922e616324fe87177b52dffc5ef735ba1143d64205aa5465e89820c5c8f37f55,SELL,de674a8539ac45437bdf3fffc329aaed302e905e29cc61fb41809223a28f23ce,2026-03-30,true,RAW,35.00,INVALID,B5|DSI001,NOT_APPLICABLE,TATSILV,REJECT,NOT_APPLICABLE
SKIP,REJECT,c9b4a0f92bc68242202b4334d7ed1f3a887cc41358c4889ad4d3197bc2cf2808,,true,48394d5ad3fb4a45d06a3563fe2c74afd66f761a6f65d6dbd9a437fe9a453b84,WATCHLIST,04bc6302cd4102f21e857cb932959295958d11b328a9f41588b42576e9cba4c0,2026-07-03,true,ADJUSTED,74.31,BUILDING,B5|DSI001,NOT_APPLICABLE,ZENSARTECH,REJECT,NOT_APPLICABLE
SKIP,REJECT,c9b6e1d8acb4472286c58bf9ac90d4e5bf7a6bb0d117ba764b5fea75f0cacd39,,true,fc5efb267b0e7cf4189609473e059439a30cc4ee5b230af3a40d96ebaddccbb8,AVOID,7ec53b90d783f13d8c00ae810cdf19835214642c51d0df369e8161cdd5e1a47f,2026-01-16,true,ADJUSTED,50.40,BUILDING,B5|DSI001,NOT_APPLICABLE,CANBK,REJECT,NOT_APPLICABLE
SKIP,REJECT,c9b7efe5f06f04362719a1fad552c046a6d5d1801982577ea3648067f324b91e,,true,3f109237e28045ec152ff761f6213561ed8b186e5e28e11b581ffd7d07185583,WATCHLIST,da4c010ed4b3e778aae1a9f02c39ef0bd7e3b73cbf2853819900873b07ec9bc8,2026-02-18,true,RAW,62.27,READY_FOR_CONFIRMATION,B5|DSI001,NOT_APPLICABLE,GODFRYPHLP,REJECT,NOT_APPLICABLE
SKIP,REJECT,c9cbaa4a97549338369e09612152fd99c83383b6da14d4de4af69d35a49894f6,,true,5e4d7031e27ae53e044cde1e511175fb7b5557499205d849a2f382ffec8dd220,AVOID,959b6a5cb5d21908646a3ed2a36751a0a0e287ab123d7772e7260691ef26447d,2026-03-19,true,RAW,40.00,INVALID,B5|DSI001,NOT_APPLICABLE,TATSILV,REJECT,NOT_APPLICABLE
SKIP,REJECT,c9d1e6304a99f9f6126e7702f92b3b8915bdf16638003bf5e4a377bdabb1e5e8,,true,3d88091b8aa81af9066829bd318020d332802ad24a2fde778a0f8424cd0a5337,AVOID,781fe0f8883427738adc44cf6d621b174a1ff9f5e6d6296cb14b1bb7fdc6e3af,2026-07-16,true,RAW,48.50,BUILDING,B5|DSI001,NOT_APPLICABLE,YESBANK,REJECT,NOT_APPLICABLE
SKIP,REJECT,c9d4ce889c0ebe5605437095da0983ed12fb3051035c9b41f05af583369d77d0,,true,8b0a1f8baf13df19bc80e79ca89f1fcf8744a756a39a24eb922eb23f96901be2,AVOID,8ac849976a91c3c4259189369e452266ca4e12e460f811adec8a0337f120341f,2026-05-19,true,RAW,49.72,READY_FOR_CONFIRMATION,B5|DSI001,NOT_APPLICABLE,TATSILV,REJECT,NOT_APPLICABLE
SKIP,REJECT,c9f5b4f3b82b19f3f71e397ee4d19a4eae4c9455a3511b5eec1f38517d5e4c9b,,true,afcdcacaa6cb9559ad10c5a745ac1c4336368fd8b183629d41802070b6595a0f,BUY,f6f197e811ac698120af0fa001e0ff27d9ae779a448c38255535c60f081d8861,2026-02-26,true,ADJUSTED,77.41,ENTRY_READY,B5|DSI001,NOT_APPLICABLE,RGL,REJECT,NOT_APPLICABLE
SKIP,REJECT,ca517fa11c466233dd033d890b06e85f20921facb7ad558298538a184f5b3d22,,true,14e8430cc7f5772c592053f3fb920f4d39d44075a8a8b4e858365fc086db7257,AVOID,687a83cd3e3c48401207788e61716c24b799ccc7bcc2d45b45052db204af981e,2026-07-09,true,RAW,53.15,BUILDING,B5|DSI001,NOT_APPLICABLE,BETA,REJECT,NOT_APPLICABLE
SKIP,REJECT,ca6af9f0fec1aa1e4b3f00ebd320c522442a8a20dfb4791bf36e3a29213b9b0a,,true,a78cb09c0f8047d49aa5600bdabf39a5613906452d1df140dba3774e1d331db6,WATCHLIST,846ec98da377129415283177c588708d93bec4dd0bf362fb307daa5fe4ae3618,2026-07-06,true,RAW,71.04,READY_FOR_CONFIRMATION,B5|DSI001,NOT_APPLICABLE,HDFCBANK,REJECT,NOT_APPLICABLE
SKIP,REJECT,ca860a9f57d209ebec02ff199fb7ad248b26519cf101339a6d97ecb147b0cf3d,,true,38e503d2a7793a62586e71aa38c7d457b7791aeb6277970f4cccdf4345d6c74a,WATCHLIST,192f03e771ca43b9a67510bb83c6caa3ad37c1bc65766e938bb1f8a31dcb28ed,2026-05-05,true,RAW,74.00,READY_FOR_CONFIRMATION,B5|DSI001,NOT_APPLICABLE,YESBANK,REJECT,NOT_APPLICABLE
SKIP,REJECT,ca95f5a7e946b79b3acbcbf7693330eb34e686756e28e118da38c95bf4f5c078,,true,c2c42e40b1c6c9661e1f6892addf820b11b6392e411ca2b12a25db07fde57534,SELL,92d5c2724ac00b544d9ac65866170fdc0bc9794ac4dffc77bbc03ca6932d6ce2,2026-04-20,true,ADJUSTED,33.96,INVALID,B5|DSI001,NOT_APPLICABLE,HDFCBANK,REJECT,NOT_APPLICABLE
SKIP,REJECT,cac8e3c58d48f2f191e1457f668ca29c6a2c5a9dd7286c85f67c3ee13effb72d,,true,9831544145fd971ee2704240b2e1de762c5867fbcce1ebf718008edb32e49b02,AVOID,4db9e105a3c57fff95b1e3bbe2d0a8758900cde68a4e48631323ba350189ba7f,2026-01-28,true,ADJUSTED,59.60,BUILDING,B5|DSI001,NOT_APPLICABLE,BEL,REJECT,NOT_APPLICABLE
SKIP,REJECT,cad3af9848eeb1741aa23cc7466596ab7a8082c09d6b79164f4f9817268375fb,,true,320cc61ddf2705e789e5a5a7ff54c26c8e5d15c395f8ac15d56087dbe244c9e0,SELL,58c3b1fa4d93e8c634cba5011ad7918ae8f962b1ea2cc6bb17f87f46110f2a2a,2026-07-20,true,ADJUSTED,35.00,INVALID,B5|DSI001,NOT_APPLICABLE,JPPOWER,REJECT,NOT_APPLICABLE
SKIP,REJECT,caf216ef961a846751168e5a628c0745c25eb5cc3d593066e95851f2cc3b82a2,,true,57ddaa19f499c0975518fab6372222f78b72733c3cb4dac7242bbf7bf7b32332,AVOID,e494e1e6d3a94bb68f6aff07b0191446a6bfd3d36017fe1f33b31acf6c822bc9,2026-02-27,true,RAW,48.91,INVALID,B5|DSI001,NOT_APPLICABLE,IDFCFIRSTB,REJECT,NOT_APPLICABLE
SKIP,REJECT,caf69d399ad07010c2790216ac08fc015309d4679fd123577a438984024b65ba,,true,75c2479da528b74e49588eba2814e5f45a8eeac56d47890891df2ee988f01a3b,AVOID,3767dee6016f1eaab3f8e447fe00f91e371fa6668772b561237f2befb86a8232,2026-01-20,true,RAW,51.25,BUILDING,B5|DSI001,NOT_APPLICABLE,HDFCSILVER,REJECT,NOT_APPLICABLE
SKIP,REJECT,cb1b9566c0b94111fd594900fee008c4f4b415db280a7fc5890f2c7d85e12be5,,true,f2d4b5fa245a22d4880bab265a0a4aa6a0abfdfd9318044e4c14b2c4b7a9cf2b,SELL,48fa401bb958aeb3ebe43d995d0809f858fe5a970a9e42bd7270fa9d115fdfb0,2026-03-06,true,ADJUSTED,35.00,INVALID,B5|DSI001,NOT_APPLICABLE,FILATFASH,REJECT,NOT_APPLICABLE
SKIP,REJECT,cb5817b0462559c310ed14e46313947e3a54705130d689b8fa9b49d3279bec1e,,true,2478e95dc6c88434c19ea5abf171fa3e234ad3f80115e86defc6316d9fe6be9c,AVOID,82ef194fe5a3fe3b2a9a8be40800acbda154026448def95ff848f58e205c3715,2026-05-08,true,RAW,56.10,READY_FOR_CONFIRMATION,B5|DSI001,NOT_APPLICABLE,GTLINFRA,REJECT,NOT_APPLICABLE
SKIP,REJECT,cb608f27493c42f166c326ecd12947fea3fe400a50606b24ff4c289b3ed5f4ff,,true,bd5bcaa855801504cb66c61a3bd963700ad142ebbd720c6d1f16f3ce9eb02426,BUY,dc1bef023f95bf49f0e146d44980217ac474ccb4bb24e996c6e3d1eaf646108a,2026-05-22,true,RAW,87.55,ENTRY_READY,B5|DSI001,NOT_APPLICABLE,JSWCEMENT,REJECT,NOT_APPLICABLE
SKIP,REJECT,cbad3698285766a96de470ead25192ba554cba48337dc4f8a7344d2b887a07a3,,true,a5d45cac04261d3b4b81bbcf95904f08d855fe071f7b449f01befafcd05b3b95,AVOID,98c783cc8ddf1e845025e9b50d6ea47456377183ef93bd33255ebefd677bbc97,2026-01-22,true,RAW,49.84,INVALID,B5|DSI001,NOT_APPLICABLE,VIJIFIN,REJECT,NOT_APPLICABLE
SKIP,REJECT,cbc16d2bc00d8a101c0ca6dc2bfab4db5f95d579ca6aadc2c44c77ecc6711a27,,true,07281a98089d8114a13213127ac247032d039bb8514264608c6edbdd60144706,SELL,3bbe977ad742f20420d6240a5a8acf1629498b9c8d9c817cc372fa5a43ee8671,2026-04-08,true,ADJUSTED,39.00,INVALID,B5|DSI001,NOT_APPLICABLE,RPOWER,REJECT,NOT_APPLICABLE
SKIP,REJECT,cbc3882ef6d6e03e9266b414cc0026c08b34c076d37b547499d55478058c7e22,,true,5e109be8451ac2bc77fd3466dd3061a1c53fa344ecc7791efe465340a87fe68b,AVOID,6f23ff086ca240c636da443115d3362c792574436e25e0b8cf29d541588344f0,2026-01-02,true,ADJUSTED,52.08,BUILDING,B5|DSI001,NOT_APPLICABLE,NMDC,REJECT,NOT_APPLICABLE
SKIP,REJECT,cbcb239e4135e281b506396091057f4c36a26a941ed147384dfc287c8f8553ac,,true,2fa39384bc353f4c0088ed6c3d360ee2d392e23344c847cc16048f492ef99362,BUY,75d2d39a42db0911c068239724512e9cdd54506e895dbf288a2e865b3b2709c3,2026-04-22,true,RAW,82.06,ENTRY_READY,B5|DSI001,NOT_APPLICABLE,RPOWER,REJECT,NOT_APPLICABLE
SKIP,REJECT,cbf2881a56393efca1e5e41c30cadc4ec93fa52e1d4fdda8c96a6790cebf0024,,true,9af62085dc5c316f90fed6feee0866bafd73c46b1ce27496b8b295358ef4ff09,WATCHLIST,feb3e618621237eb3224af6d29660b11017c60ebf3e5e7e696307723851c34a8,2026-01-06,true,RAW,65.44,READY_FOR_CONFIRMATION,B5|DSI001,NOT_APPLICABLE,IEX,REJECT,NOT_APPLICABLE
SKIP,REJECT,cc3f278bad56238332f460dd2def74f64a577abf8c0988ae68e08026a74fb98d,,true,86c323f4cb10343bf2c3f9d1a83b32d31881f048c225b9380038f28e98182c92,AVOID,36f6c01286db76d1f01ef1cf7101c7a9378cc87832487e1dfa05de21e60f27d3,2026-02-03,true,ADJUSTED,54.78,BUILDING,B5|DSI001,NOT_APPLICABLE,KABRAEXTRU,REJECT,NOT_APPLICABLE
SKIP,REJECT,cc3f7b391b5e3c2db3440b2c6839542c902cc92d4780fcdc0869b147fa3161d8,,true,96a817864fdb7cd6401c44fd5fcc8ae7521716b544ea1a579ae8e7c5060a2dea,WATCHLIST,2bb0484a2b2757ee2353bc8e620b3a6f7ecdd1a9e5387c944804faf63f666e2e,2026-03-05,true,ADJUSTED,74.00,READY_FOR_CONFIRMATION,B5|DSI001,NOT_APPLICABLE,TATSILV,REJECT,NOT_APPLICABLE
SKIP,REJECT,cc6f7b4db590daeb4e716d1a263905f439aa8d77decd53f6fa684677056e568f,,true,b476e10a19ef6dd5f126a151e4fa18e2f89100d03d4dd96874e1a7fa40e42ec4,AVOID,da4c2d6305da2d1a4f7fc3590ae71a2cd09115ff38ea3ecf4b06b2453f7bbaa5,2026-01-21,true,ADJUSTED,54.14,BUILDING,B5|DSI001,NOT_APPLICABLE,HDFCGOLD,REJECT,NOT_APPLICABLE
SKIP,REJECT,cc96711c8a205fb9ca7734d888ab3ccc4170b0bc71f4dc6bfde67489fc7cfbe7,,true,b1f918730585b0f14d609f693140021a2023363360dc17573de63cc72d70cb92,AVOID,fd8cd1e5f691ba4f02cbfb646e7d041732b82fc65c06ae290f9ba7c49f35183f,2026-01-01,true,RAW,59.00,BUILDING,B5|DSI001,NOT_APPLICABLE,GOLDBEES,REJECT,NOT_APPLICABLE
SKIP,REJECT,ccb4f14332101bc4f382419d26af0e8893f69116f53e189aed2b68101b9c3937,,true,9b21f3793bd5e20c040054e30877def53813c27167133f28785176320339621b,WATCHLIST,99f6b300c6c8aba6dc831f7de54d37796d481314f3f1d1ba875b5dd10891ab67,2026-02-25,true,RAW,64.51,ENTRY_READY,B5|DSI001,NOT_APPLICABLE,SAIL,REJECT,NOT_APPLICABLE
SKIP,REJECT,ccbe3577a2289db945f3fed828d216d18290ff1449e8f79ff5eee66be0dac94d,,true,7a402688f8a4f752effccab310a95bf004c664b18c8430f4f33211bb02760c8e,BUY,f22f00865068ac5d839fa047abb25542374c46e650e3550ef280bb69b6f9bcaf,2026-06-17,true,RAW,82.86,ENTRY_READY,B5|DSI001,NOT_APPLICABLE,IDBI,REJECT,NOT_APPLICABLE
SKIP,REJECT,cccec759bcbd10237d051981dab0420e0112dfac99b6199889d1a9a8efbe14e1,,true,49654c5b40be5917700a2d902817ab546cc7ffa3c61a0a28402b0b58c51fcfd8,SELL,07ce908ffab128d7b959c408da4b7f0c5cf9e220914b925452615ba93d9e8af2,2026-01-01,true,RAW,39.00,INVALID,B5|DSI001,NOT_APPLICABLE,ITC,REJECT,NOT_APPLICABLE
SKIP,REJECT,cd109143a83436b5f3b4168214c4d4c2c22046bc339bb08524d416ffc7315739,,true,5ecadd6472cd2b0073605a390417350c236cfd4f664b23ccb5271a6680187981,SELL,157c4028931c9615d7249806e4e49d45e0970e1a8fa55c4be4ba485548716896,2026-02-13,true,RAW,35.00,INVALID,B5|DSI001,NOT_APPLICABLE,ITBEES,REJECT,NOT_APPLICABLE
SKIP,REJECT,cd3837841da4d5a3ddffad6e8b05aa1ee572b35424a89ac4705d6d548e3317f3,,true,6da9a8ad0b35ec30033489168e902c83a2bc540b7fd56164e2795e2934572cb0,STRONG_BUY,e7091596e1dc281914aa65385b599f47b7bc8836b0c85786d5780ce6f2a57fd9,2026-01-14,true,RAW,91.09,ENTRY_READY,B5|DSI001,NOT_APPLICABLE,TATSILV,REJECT,NOT_APPLICABLE
SKIP,REJECT,cd554c7ae3f50abd4c84e92459a602cf6e7feee61fe852e3e8163b93b39b258a,,true,8d3421be3d6e60c13daf4454fa5682b810362d426fb33134cc708272c5969daa,WATCHLIST,666fef8f8bfea71e0727d0fd697ed7127cd3b6649181b15df5eae132cb2da082,2026-01-20,true,RAW,66.04,BUILDING,B5|DSI001,NOT_APPLICABLE,GOLDBEES,REJECT,NOT_APPLICABLE
SKIP,REJECT,cd67f1b8882c078e2abfc004da30a9ef4ddec364d26eec2a855db1428ca69857,,true,a4c715a5fad16f8a6660e4780d031c30f0c19ea23416dd04b7c54a91221429ad,AVOID,c9d0b816692c264599426cc6f4eef950a10b3a6edaf33fc7a94705f40edcd6d6,2026-05-20,true,RAW,55.10,READY_FOR_CONFIRMATION,B5|DSI001,NOT_APPLICABLE,GMRAIRPORT,REJECT,NOT_APPLICABLE
SKIP,REJECT,cd7a65a9a367a390f094aeeec401a5d00ea5b74e639baf71ac34ed872d5fe6c9,,true,e689ab35feda2aedf4fa7a0df8ee3577aca1942833ac72e8ca21af6aedae6fc7,AVOID,8b62d5ab1cb4f547a5d202e72b05d1bef9db427012ed110dec83a0fb9f4ab4de,2026-01-14,true,ADJUSTED,59.00,BUILDING,B5|DSI001,NOT_APPLICABLE,ETERNAL,REJECT,NOT_APPLICABLE
SKIP,REJECT,cdaded11678b1933cda8f43a30491a7d8550fc54dd6f7fe5b98e63b7f23e1c0b,,true,a5e0ee7d066ab3dc57692ca8290cf99f6751fcd318017f5caecba6fc3398a8a1,SELL,81cb9086150e00d01beca4c8bdfb9638f909cc3381be2c64b91035f90fdc8a4f,2026-06-25,true,RAW,35.00,INVALID,B5|DSI001,NOT_APPLICABLE,SILVERBEES,REJECT,NOT_APPLICABLE
SKIP,REJECT,cdcd83add956becf85e27a13293e284ffae8b81fa004705523ea76b3e8dc4218,,true,40bb550560de8dbf542f016484cd23cefb7b6b87cbebf4fb7dd25da018c88a13,AVOID,547fd9412dfc997171516f7eb67c0144ba3a700b868a97fefd7bd0d5587042d0,2026-02-26,true,RAW,59.13,BUILDING,B5|DSI001,NOT_APPLICABLE,DEEDEV,REJECT,NOT_APPLICABLE
SKIP,REJECT,cdf74d6d5405738519cc20af2e24f06a3b304e011e9bf17dded42e9ad323835e,,true,157fbb21cbd09d9eb0f176e47156c71e9437b09a940a3ae5dfe41e938a0980e1,SELL,031a56011799a5ace8f5fd8863970e7bef29ede8946112ab4f56f3b4306a7fc5,2026-01-13,true,RAW,35.00,INVALID,B5|DSI001,NOT_APPLICABLE,JPPOWER,REJECT,NOT_APPLICABLE
SKIP,REJECT,ce043729f0083f7937e55b75529f66e8ab3f20fa4d52856965a548e18668898c,,true,cb4661dbc3d7211556ae36c6d679aa03907e9c681a77312ae148defbddae552d,AVOID,5c7c65c9a0ea73d39621ebeb534439435d812bbedf1bf2078a5ca907c0d380ae,2026-07-08,true,RAW,40.00,INVALID,B5|DSI001,NOT_APPLICABLE,YESBANK,REJECT,NOT_APPLICABLE
SKIP,REJECT,ce0a3d55c02a625254019d40b9e933630740b6b9c82482b1573a5826b9fc0ff2,,true,84a7649a7315809272ab7c8d103c219db28320a7434df5af7d486cd2d614c800,SELL,53f92a8940d38fca8de23ff4cee357d8a49fdee16fc1bb34dc4ab4b8cf83f5a4,2026-05-08,true,ADJUSTED,39.00,INVALID,B5|DSI001,NOT_APPLICABLE,MRPL,REJECT,NOT_APPLICABLE
SKIP,REJECT,ce11a1efed09c65ad9fa5d5c9e6fb02e8e81d35adc2bd1020966a04280629d39,,true,704fcab46c013c48a6a6ffb7ba4e7916d45949b4e832c7e71133161a9bf93895,AVOID,660c2a838cc1da19b53835ba00dd6087a949d7fe181db6de6d16f6441f27b636,2026-05-22,true,RAW,51.93,READY_FOR_CONFIRMATION,B5|DSI001,NOT_APPLICABLE,JPPOWER,REJECT,NOT_APPLICABLE
SKIP,REJECT,ce175fb3bb2d524b012d6702508e75e298bc5941efca1f0c14d77d00e28fbec8,,true,e8d2eb1e7c33e119c8ae7bfb91b22861fb165a45f346eda10576026af878919f,WATCHLIST,f0e62c1ab7fe5aa968452ca07ccee21affa2c1588517b2158b274dd41f3af617,2026-07-13,true,ADJUSTED,69.61,BUILDING,B5|DSI001,NOT_APPLICABLE,ITBEES,REJECT,NOT_APPLICABLE
SKIP,REJECT,ce2d8402b4ace14be808ea37c64c81413fd8f6c76883ecb2785c9607dae378c2,,true,559543a282128eb1fda10b07f13ab7800d7c6b05111b6ee1986f5758477633ec,AVOID,d1478114baed982d8f54062e9394076269c999503da9fae33ee59acfeb654d3f,2026-06-22,true,ADJUSTED,51.08,READY_FOR_CONFIRMATION,B5|DSI001,NOT_APPLICABLE,NHPC,REJECT,NOT_APPLICABLE
SKIP,REJECT,ce47e27dbb0509c8e1bcada19c630d2192f567ffd94cda370915b8dc23963791,,true,4ba3211a5e877bdd9522d4a362766cdf9ca5c3350a4c9c9a17de3953b88859b0,SELL,838a864c1ff6f98657b253bf282d637670f1e240381ab023fa42404838794067,2026-06-01,true,RAW,33.26,INVALID,B5|DSI001,NOT_APPLICABLE,HDFCBANK,REJECT,NOT_APPLICABLE
SKIP,REJECT,ce56be6a2669c79e0a9d5b052346def7d1bca6d7419c8fdd7acbd875d41b685b,,true,f950a6c382d3b421a489bbe073a60c91f40449854a70738aa412158223f37090,WATCHLIST,f1e2a3ee6140b3a5ada199d162a3d5561770e2ade5d979e450e973ef3505bd22,2026-05-14,true,ADJUSTED,74.00,READY_FOR_CONFIRMATION,B5|DSI001,NOT_APPLICABLE,TATSILV,REJECT,NOT_APPLICABLE
SKIP,REJECT,ce8849b5953ae1dbba6b5e3088c104c242fbf4630f93493394b8f9e16ceb7537,,true,7b1da3bf9c7bf432c46583199e7e5314495e6976a72b9288ccf1ff078c777b31,AVOID,52afafbf91473ca0401feeae70cbd420e022fde95c9a309a2495e4215e9fd7a2,2026-03-20,true,RAW,50.10,READY_FOR_CONFIRMATION,B5|DSI001,NOT_APPLICABLE,TATAGOLD,REJECT,NOT_APPLICABLE
SKIP,REJECT,ce9a91285a08a8d40a4056154199a69ee9414e7f268f79c5aa3065b3f506e629,,true,c165361bd05e7ad7dcc5ae2fe5f0e73014ee86951eaee5bc1d2e129755790ea6,SELL,2186a5307af792432f893d450b466b6c2f9936146dfcbfc25d89b6c35977a5ea,2026-03-18,true,RAW,39.00,INVALID,B5|DSI001,NOT_APPLICABLE,TRIDENT,REJECT,NOT_APPLICABLE
SKIP,REJECT,cea0d1b22e6e6afa644c7bee422aada739be08863fed031a8938a12c8121b535,,true,cf991560ff710f6de741c53f576892b9f2388ffebb583a7ac9832bacdd276cc7,SELL,0cb41edc37f43dd25242d2c9ec44c25b52de658b5168a9be34669180df9007c7,2026-01-30,true,RAW,35.00,INVALID,B5|DSI001,NOT_APPLICABLE,OLAELEC,REJECT,NOT_APPLICABLE
SKIP,REJECT,cead2266bd944ec56a4a73ee26951526cdd3a35e405a1b17be534d3329bf47c7,,true,80dbc5f3e0a3929c91270bc9d2f1ddfe6aedfc38f3a2eb8d1a2fad7444bdf03b,AVOID,267818b6deb74dcf8dd98bb309754c76760c171be99df00eecad2845393b1846,2026-01-01,true,RAW,55.97,BUILDING,B5|DSI001,NOT_APPLICABLE,ASHOKLEY,REJECT,NOT_APPLICABLE
SKIP,REJECT,ceca841c027e68a8079e1549d63fd0cce60f06087595841e9adf5e9b27646e52,,true,2121e190b6fb2b57395665db44f4c3a5ba5e7168fad53c9c5803248e5f3f4a24,WATCHLIST,63b5a5fb614a5c406a03c300afc95515347a444c0062c4ccab190b3582371440,2026-04-27,true,ADJUSTED,66.09,ENTRY_READY,B5|DSI001,NOT_APPLICABLE,IDFCFIRSTB,REJECT,NOT_APPLICABLE
SKIP,REJECT,ced8cfb43d59a663e6a37e6fa489e2516f11337be444686da291abc24d57f822,,true,a6b125fc5ba2c0bcf2b07e7384ef1ba36e04d66fb1107a24e438137523e5a350,WATCHLIST,d887abe3e7fbe9bee2e7755dbe19995150dffad7dc7d9882ab8f2876cdde38ee,2026-02-13,true,ADJUSTED,62.35,READY_FOR_CONFIRMATION,B5|DSI001,NOT_APPLICABLE,GTLINFRA,REJECT,NOT_APPLICABLE
SKIP,REJECT,cedc260275d158fb100aa5dd4a0c3dfcd9353d18099de02a29391405c7a51323,,true,7d3608f6168a64c4801189d83a48a0173b4f14fa29835cae38da8e583a34525a,AVOID,f8a84059190b26cdbf271a7a2d75b509707a9ad8fde9739dfa9006b05718d243,2026-05-06,true,ADJUSTED,53.02,BUILDING,B5|DSI001,NOT_APPLICABLE,HDFCBANK,REJECT,NOT_APPLICABLE
SKIP,REJECT,cf0355993a312b58347f9eb676184d0347d23e860c01407c3cdfa1a930e121ff,,true,704fcab46c013c48a6a6ffb7ba4e7916d45949b4e832c7e71133161a9bf93895,AVOID,660c2a838cc1da19b53835ba00dd6087a949d7fe181db6de6d16f6441f27b636,2026-05-22,true,ADJUSTED,51.93,READY_FOR_CONFIRMATION,B5|DSI001,NOT_APPLICABLE,JPPOWER,REJECT,NOT_APPLICABLE
SKIP,REJECT,cf161df56ddcc9bc8375733921826fa6c56591be7ecf719df21eadb1f6caa7f6,,true,3170ee895fff1dc2dea4e687e815df0cb3a2b2642c82139d0c300e6b3a423853,WATCHLIST,95c6d827fb7aa78702d4b08d5bc98b2b68b170aab56c3e0dc169daed51d3920a,2026-02-12,true,RAW,74.00,READY_FOR_CONFIRMATION,B5|DSI001,NOT_APPLICABLE,GTLINFRA,REJECT,NOT_APPLICABLE
SKIP,REJECT,cf2d6dd2dad0e714deff6bb0ac3f105436e5c4743aa0726b1a97d3a83d7d93b3,,true,3f2495ac1ffa9b0cc4e82f4de0c02b256dc4b8607b9b904f80be4adebc3d515e,WATCHLIST,17118f77cb6ccdb1c072c0fc87ea4f2c1d8bcb8ac5559fabde5bc5a7c2f74df6,2026-05-22,true,ADJUSTED,62.72,READY_FOR_CONFIRMATION,B5|DSI001,NOT_APPLICABLE,OLAELEC,REJECT,NOT_APPLICABLE
SKIP,REJECT,cf547b3a603bc76cc2dc3dcc8b3545b85bbdd4362121f25aef0d86e2bf3f7351,,true,74bd0a429957a3e6901c8d7be48a74239a1397c5a82d26be202e8803218021b4,AVOID,fd9283045d068964df1e8e0654392399782c152ccef88eb02058b7c7fc7b9b0e,2026-05-04,true,ADJUSTED,45.07,BUILDING,B5|DSI001,NOT_APPLICABLE,LIQUIDCASE,REJECT,NOT_APPLICABLE
SKIP,REJECT,cf5d25b9153b9a514bb763c638997e137a691d6b69d0e1bed726d5d84492b346,,true,88801cf9e7a95bd144fcf21a1175b1d07d733a417e809e7c0b037c2751b0ba3b,AVOID,6a86d66e406a458506ea43b6a38dca7d5fca7faa61296b202c2e91f66bd259db,2026-04-21,true,RAW,52.37,BUILDING,B5|DSI001,NOT_APPLICABLE,ETERNAL,REJECT,NOT_APPLICABLE
SKIP,REJECT,cf6a5c0ccaa47522d3b1c3f1bf363cbf62d8b0218848bb9a3a59d873da28762e,,true,ae745ee7417ab2aad20a3ebfc622fdb774da0fd3b88a1f3e946b16f7e4edab3e,AVOID,9d1c593dbf838d71108a5f203f07803d667538f43cc515b30ece3ae5270e8944,2026-04-29,true,RAW,42.76,READY_FOR_CONFIRMATION,B5|DSI001,NOT_APPLICABLE,OLAELEC,REJECT,NOT_APPLICABLE
SKIP,REJECT,cf6bc4ea9e5beb63b679c643e5d89b326c45be7c6b92dbc4deccf25070effb32,,true,eca86bfca6ad900b7616609b1ccd84f902b32b8ea6a2c449b070716c8326f80d,AVOID,a5c0e71e12785fb74874549151e35efecb6709d5d5ab18ecf7183a4cd748efb1,2026-03-11,true,RAW,40.00,READY_FOR_CONFIRMATION,B5|DSI001,NOT_APPLICABLE,GOLDBEES,REJECT,NOT_APPLICABLE
SKIP,REJECT,cf7326c922922a8c85714086e35d946ab246b5c3fd0c70ff8667a3ae6e84c5dd,,true,5e109be8451ac2bc77fd3466dd3061a1c53fa344ecc7791efe465340a87fe68b,AVOID,6f23ff086ca240c636da443115d3362c792574436e25e0b8cf29d541588344f0,2026-01-02,true,RAW,52.08,BUILDING,B5|DSI001,NOT_APPLICABLE,NMDC,REJECT,NOT_APPLICABLE
SKIP,REJECT,cf7e7ec21216824cf7837d20e136b3f599d3cc18188fdc9aa620374d24bab22e,,true,d2cf65bed430f1b451ebfd25cdb999e83af98ea651802942f1da2f241ea1e86f,BUY,e077edc0725d6d7d009d15697c520a1bd60bd1ea75adcebbbaf3e7870f2ecb16,2026-01-02,true,RAW,83.90,ENTRY_READY,B5|DSI001,NOT_APPLICABLE,IDBI,REJECT,NOT_APPLICABLE
SKIP,REJECT,cf8b3855838b308b823bfcd6616d9ddf532860f6790e799a000db83766801b43,,true,a518b06284384c6e00c4c8a9fbb23343910036947cdf285b01ae884184a3dad3,AVOID,2e21c726b3ec23aab79b519938f0e7006f986a2fab2425f5b2ac192eee029ed6,2026-06-11,true,RAW,55.51,BUILDING,B5|DSI001,NOT_APPLICABLE,ICICIBANK,REJECT,NOT_APPLICABLE
SKIP,REJECT,cfa0b304110b8345201c9b65468304bea62aa204826495be22673e4c387c1664,,true,c2464c597b3ba759c4647f32e7a2bdcf60278380702e945e1e0c3dd0e78acc6c,WATCHLIST,b40f3b565d36643e8f2a2861af22ae1fc1ffb0f41e003a7e0dcb659ac42bc3be,2026-01-29,true,ADJUSTED,60.67,BUILDING,B5|DSI001,NOT_APPLICABLE,NMDC,REJECT,NOT_APPLICABLE
SKIP,REJECT,cfdf8da4e3394a051a960532ca301d6720bfdfaa469378ee19394f348e99662e,,true,dc025a1f0524318789c779bccf7dc7c8544be915d1866e4ea6a53360ff750b6e,SELL,f316a83ebd422c3775cb54d2c26c72f13431cceed9f87829121fb0c71085f889,2026-03-09,true,ADJUSTED,35.00,INVALID,B5|DSI001,NOT_APPLICABLE,IOC,REJECT,NOT_APPLICABLE
SKIP,REJECT,d0076d9c05eb0ac9e39846ffb3987b577385c7f4f06558be580a11ac08aa0ac7,,true,3666664a904e3b4514f45ecaca127a6dd1184f3c8f0aae2460ac1527084ad35b,AVOID,c931bda08b8c4d21508df7bee4cb622e144c43efb7c9135a3f7f3bb0e2145a4b,2026-06-11,true,ADJUSTED,59.00,READY_FOR_CONFIRMATION,B5|DSI001,NOT_APPLICABLE,TATAGOLD,REJECT,NOT_APPLICABLE
SKIP,REJECT,d0142bbd96d28ceed12f32af905b0dde4787d5894cdbd288d8176e2dc11a9488,,true,2c3feea3e35e95cc6d1e588a57bcc98fa9d114797e6ca6d6e8cb725e6c6265b5,AVOID,6f3962deb5fc90d757db4f159cbfc7f57c80063df769304648866ae18ddf41ae,2026-05-06,true,ADJUSTED,59.00,BUILDING,B5|DSI001,NOT_APPLICABLE,SILVERBEES,REJECT,NOT_APPLICABLE
SKIP,REJECT,d015384e0bb9f09592e584181c13493b222cb809f4226a9b128a1f4f6035165a,,true,dbe84674e95e4af04064ff2815e377c450ef65db514be6524ac226defea1c9ec,WATCHLIST,b45d4fb7f5c0c481b5eb3d03af2db0baf560649f60c50ec97b879f671291fda5,2026-05-14,true,ADJUSTED,74.00,READY_FOR_CONFIRMATION,B5|DSI001,NOT_APPLICABLE,TATAGOLD,REJECT,NOT_APPLICABLE
SKIP,REJECT,d0262242569b7294bfbdba71f0c47f2a5b4aee5767d0c0be289e085b3a98d33c,,true,17d5d8774d9abde34932f5b3ae22abf9a856644b6354e543f236c258731c7929,AVOID,6320f9a0c7fa543642986957949c70c4bb5aa9ae95216e7a7cea14b42291bcd7,2026-06-30,true,ADJUSTED,51.18,INVALID,B5|DSI001,NOT_APPLICABLE,RPOWER,REJECT,NOT_APPLICABLE
SKIP,REJECT,d03075e5ec1e98c75eb5009ee16618c5f32973f85c4225d4cf8f5ebbfda4f72f,,true,48a292e0b6c34c6ac9cc2d76a6572c60a073a3842acd3ddb967fe795043c4b60,AVOID,a292520291dc30329f4bb105cd2d333b732b7fa75b4f8ab4b2b944e9b98406d5,2026-02-11,true,RAW,49.92,BUILDING,B5|DSI001,NOT_APPLICABLE,GOLDBEES,REJECT,NOT_APPLICABLE
SKIP,REJECT,d049a1f1508e1f60b76e691a9f024d413dfcaf0879b05b2da449123386396114,,true,83cdc771e05d90242f745ec7838de6c05ed3051236467f4950089a8693ba1287,SELL,bee9154ea442bdd25916b7627802e4588c543598b3c81ef54ba25041ca865865,2026-05-27,true,ADJUSTED,35.00,INVALID,B5|DSI001,NOT_APPLICABLE,PINELABS,REJECT,NOT_APPLICABLE
SKIP,REJECT,d066d515537ec5a75cc009f5cbee0ce33bf9e3aad2839b1231d1614477924ea5,,true,7058045120000243c571fcda53805310170b42cc98db210e429beadde63c314d,BUY,bc49dfd72d908290793b02fd2634fe0dfed537150dc8a80449408cf1d1cfffd3,2026-05-26,true,ADJUSTED,79.99,ENTRY_READY,B5|DSI001,NOT_APPLICABLE,ADANIPOWER,REJECT,NOT_APPLICABLE
SKIP,REJECT,d0adfbfac71a71467c1ea58217eea71ab348cc7a7cd1b76360d43e5dd00f76cc,,true,98ade49c2985cd38d62f901c55a58ad9e056cafc57e30424bbfb7513f5ec8776,AVOID,ebca1cc29afb82051cf13bf184e8b9ffa50aec20020c6d7f44f798f369fa62da,2026-02-04,true,ADJUSTED,53.59,BUILDING,B5|DSI001,NOT_APPLICABLE,NMDC,REJECT,NOT_APPLICABLE
SKIP,REJECT,d0cc49cf982f96db37f431286a15acaab0416bf32f261a49eb950937a87c3e3d,,true,e43ebbc9876a180512f54850ffce95e286744bbf5383411b2ef0df08e39d08c6,AVOID,7656382ae740e87c591fd3133ac30d7b54e46a4f206a929786a7e008c5a79e58,2026-01-16,true,ADJUSTED,40.00,READY_FOR_CONFIRMATION,B5|DSI001,NOT_APPLICABLE,TATAGOLD,REJECT,NOT_APPLICABLE
SKIP,REJECT,d0fde583e4f8aaaa861eab1b4846356629e7b3939f757f1761e24ee06ab9458d,,true,28dc9e3db26fad7678eb88c7c44a38154fc0e2831fb16e462a9a458753f2b52a,AVOID,0626a055c3cfe7baefd5f8a46c00b167931b19a028a3ca3a0bacd42786f48b49,2026-04-10,true,ADJUSTED,56.54,BUILDING,B5|DSI001,NOT_APPLICABLE,ABDL,REJECT,NOT_APPLICABLE
SKIP,REJECT,d1287c8826e7a638490ec22b854df7e1a8f2a63ec5fc937c284f27ef1ccdf41e,,true,b2336f7230bf6936f13f28cdfa36588eebf93c318a6e933648f5a19054fce243,AVOID,f7b5fa5d2ba8d53ebb218334cd4e4857c57aefacb87b4402d7c64fca08ab9ee4,2026-02-16,true,RAW,49.67,BUILDING,B5|DSI001,NOT_APPLICABLE,LIQUIDCASE,REJECT,NOT_APPLICABLE
SKIP,REJECT,d128f65af37b3c2d51bea9e40eb34a0c3fe2b930a3d5a756c04d499ca3f5f5eb,,true,2247424ecad17beb1e6ec6b316633b0359092ddab06cbb00ccde9d8b6a26b3cc,AVOID,5b44ce0a32cbce9c7840344abb5fac7f057a2e4038d9a6556e2d39564d956435,2026-06-25,true,ADJUSTED,48.50,READY_FOR_CONFIRMATION,B5|DSI001,NOT_APPLICABLE,YESBANK,REJECT,NOT_APPLICABLE
SKIP,REJECT,d1356b1ec28a64ba8f2c7f9009dfd908ced78622948e52b8ca9213480edb3d7b,,true,9a6f258f0c23a789355d33c707db9d3b3fb8cf5249649903bb8db01b6edec97c,SELL,4dae08e0b897d9675a7f0b4430e3ca0a86d432dc0b5ceb8649d43c1d1312af2c,2026-04-10,true,RAW,35.00,BUILDING,B5|DSI001,NOT_APPLICABLE,NECLIFE,REJECT,NOT_APPLICABLE
SKIP,REJECT,d13d3e859718c26c9acd5764a32c912d3046f32d12a674c7f04019b110f1046b,,true,ec7330c5caf2edf2918b86c407319e19fe76dd493bd19b7246bd021cb9324772,SELL,4b4a75049fa5b9b721dcb886fde0f5348a66025b0274a19c0582d30945204d86,2026-05-26,true,RAW,39.00,INVALID,B5|DSI001,NOT_APPLICABLE,ITC,REJECT,NOT_APPLICABLE
SKIP,REJECT,d14c53b697694575756f34829f6b387459d34e880ee617ce501a632c4eb9a08c,,true,a6f70ba9aa221ac7257d8524b82d7d92410ad3ac130b226c90a23567ac160ddc,AVOID,d24191b6c63bfc61f38ec08acad15a98625079d4924942113792c0c1a858f985,2026-06-23,true,RAW,43.96,BUILDING,B5|DSI001,NOT_APPLICABLE,CUPID,REJECT,NOT_APPLICABLE
SKIP,REJECT,d170c2170479bb2364d778660514bd55eb26516ad1d8551b15a7656c703e5489,,true,4373ee2c5483aeb9bd4dbadf5f7703377028b82423ca0227ea7a6e574409c8ea,AVOID,c5173fb5fc13f72e22d98d70c68e66ff443dd103d249026e2a7eab5ddbab1969,2026-06-17,true,RAW,52.11,BUILDING,B5|DSI001,NOT_APPLICABLE,MOTISONS,REJECT,NOT_APPLICABLE
SKIP,REJECT,d17a4c3ce9fc1d586dfae095b3a74c052536ed5623351eb328b69c522245c7c4,,true,3d572971498c4fb217aaf5d0f072ba90ccc1034da70673eddbadcf2b23f289a7,AVOID,b4ebbe59ba42cd2ec94d030d8cec7e98cf227c44d5f40f97a35ec6aab8044fdd,2026-02-11,true,ADJUSTED,59.00,READY_FOR_CONFIRMATION,B5|DSI001,NOT_APPLICABLE,SILVERBEES,REJECT,NOT_APPLICABLE
SKIP,REJECT,d1b39911072588d3f7e6518c2eff83595c3627053bab559d5cedf7a410c65c1e,,true,1d4e09f0dcd519ee2d251b4399bbc1310b57ce101e4ae545cda7da28fda3d12f,SELL,93cefe69c6eedbf11cc875d3df9e33bb5c8592379618b1ed876e445a49fbf24e,2026-06-24,true,ADJUSTED,35.00,READY_FOR_CONFIRMATION,B5|DSI001,NOT_APPLICABLE,TATSILV,REJECT,NOT_APPLICABLE
SKIP,REJECT,d1bfea5fed35cd3995f229ea3e48a2e516b1fdf938f363d3180d5a743b7975a6,,true,186c140487ef24e6d08bfc4f80b6b6920aec6acee7f4196690e814ba597f43ee,SELL,9cfa9723dea7e59a985ab9bd9627e6c1ba88778b49f4ea80333cb00ddad0d8ab,2026-04-06,true,RAW,35.00,INVALID,B5|DSI001,NOT_APPLICABLE,HDFCBANK,REJECT,NOT_APPLICABLE
SKIP,REJECT,d1c2e9e86c1d768c4092d1d2a7ff1ae156c3c8ff3e594228c4bd41fc4bb76020,,true,05d0654f66d97142bdb95e27d0a77735a873dc062b2f868ef949d7075373958f,SELL,e350aa3bb73e713339fdccc1d01a808698d95cf493b1e0a634b824f37dac4d5c,2026-04-07,true,RAW,35.00,READY_FOR_CONFIRMATION,B5|DSI001,NOT_APPLICABLE,HDFCBANK,REJECT,NOT_APPLICABLE
SKIP,REJECT,d1d9270e0e7d60122c3ac5a8ed57b9c4deac94b43a029a94883522496f082fd7,,true,a0c835d6750cf4f1ed13f263ce683beec1db8fd8de9fd52fee78cc1c6f4e3f0b,WATCHLIST,a0a5df8d466c9b35f4b63513a5655ebfc7a82c08ce3f09902cf5874bde576cc2,2026-04-28,true,ADJUSTED,69.16,READY_FOR_CONFIRMATION,B5|DSI001,NOT_APPLICABLE,ETERNAL,REJECT,NOT_APPLICABLE
SKIP,REJECT,d1e6d15168de2e8b03763bff5d86a3b10e8d825d4676dd8b167ac9185a7eab6a,,true,c687754bb72165aee997a99b5f8942a4bb106082c44d76aa5710c7be88777322,AVOID,ab53dc094826f990590d34193f0a18246045c89965df0af932790aef83ee11c6,2026-06-24,true,RAW,50.00,READY_FOR_CONFIRMATION,B5|DSI001,NOT_APPLICABLE,OLAELEC,REJECT,NOT_APPLICABLE
SKIP,REJECT,d1eb6dc5c587979e726e25316dcbc3bc6f8777f722cdda1d11ea00ef9bca5e29,,true,922e616324fe87177b52dffc5ef735ba1143d64205aa5465e89820c5c8f37f55,SELL,de674a8539ac45437bdf3fffc329aaed302e905e29cc61fb41809223a28f23ce,2026-03-30,true,ADJUSTED,35.00,INVALID,B5|DSI001,NOT_APPLICABLE,TATSILV,REJECT,NOT_APPLICABLE
SKIP,REJECT,d1f604cf2956c142253057e31d93bc462982e456ec0b0c76c8969b5db2064532,,true,04b58c94b06b8e886fc2bfa2a267dad41e59c3f461b174706ee23f86f3741388,AVOID,4ad825dd949014f805e4d77885e1c3a8887468212017ba41b3f4f11984d92f59,2026-03-20,true,ADJUSTED,49.33,BUILDING,B5|DSI001,NOT_APPLICABLE,TATASTEEL,REJECT,NOT_APPLICABLE
SKIP,REJECT,d22e394cae3232e670cea945660b7472dab19a97cf2e65d42f2c7c2c8910167e,,true,cffc01391bab940a1545ae5b94fd7487f9a1cdc5d1c898a01f25cbea9cb0a6db,BUY,798f68e39ed0c9d4e97b10335f5a9f93b8439d0ac1f42aabc6dd0f263628c38c,2026-07-13,true,ADJUSTED,79.38,ENTRY_READY,B5|DSI001,NOT_APPLICABLE,KALYANKJIL,REJECT,NOT_APPLICABLE
SKIP,REJECT,d24bc2a212e7df312e85d43313dcb96e9e39f6916d6451aca4250ace7d079f00,,true,ad087397c47544bae6fc2f446c135562313cf7e349052567967db5ed23374329,WATCHLIST,a89e436e856cad89347c91275f1f957a004b0ae5da407a29a0cdafb6fa578a03,2026-07-06,true,ADJUSTED,60.24,READY_FOR_CONFIRMATION,B5|DSI001,NOT_APPLICABLE,PCJEWELLER,REJECT,NOT_APPLICABLE
SKIP,REJECT,d286cd4a5ec1586f1eafb5f39d60b99e9d13fb664841421041778d77dc8cbc11,,true,ba3a020e6861994f3df024bce41cad4665fb3008cf904ede4f512f81906fab18,AVOID,085896521cec3b3cb4aabd417a223ca2d73a68b2a34d0201727f8dbd3ebdb0fa,2026-06-18,true,ADJUSTED,55.21,READY_FOR_CONFIRMATION,B5|DSI001,NOT_APPLICABLE,JPPOWER,REJECT,NOT_APPLICABLE
SKIP,REJECT,d2c18a9cb87900f668dad7a666877f1500f41292a9e9464524ca2c5ef0872e81,,true,eba76bfaf68dcd4d01fee8709210113d3fddfd23902f80490e926981231e15e7,AVOID,ad1589aa09ca0f9216a07d06296a654fcabbfe206e1138827ff185292d810d7b,2026-01-30,true,RAW,59.00,BUILDING,B5|DSI001,NOT_APPLICABLE,YESBANK,REJECT,NOT_APPLICABLE
SKIP,REJECT,d2eb9ed15420df412ccc742a909ed89b3d90d2a8d639891c8ef2e038dbaac737,,true,d4d983d907e4983c586214e5c1d4e23eae8ce32656b145548055bcc1cba241e2,WATCHLIST,88999f31cf36b687a46effbeb03c5458a4840a45ec349c965aedc3e4924559b7,2026-06-15,true,RAW,64.49,ENTRY_READY,B5|DSI001,NOT_APPLICABLE,GROWW,REJECT,NOT_APPLICABLE
SKIP,REJECT,d30e85b215d715ffd5032283fb2150aa286bcf79e7700d4f014f7ac25121502b,,true,106d9ffefb1a16cb627749c8c9fe2ea7c44828a807977852ebd09e1d8026da50,SELL,6e10b1e229e2f1fc336291b8620a8231049d4999795bd055ece885f290180919,2026-01-27,true,ADJUSTED,35.00,BUILDING,B5|DSI001,NOT_APPLICABLE,YESBANK,REJECT,NOT_APPLICABLE
SKIP,REJECT,d33a8856dc8113ccb88d8b8d0e0508969ed8cb09ed31f808ace2dc2e97dfeabe,,true,ae9659b4e77d65a5eafd3cae3cc0535a1c3d70663e3a5eca34f436a9c4204e63,AVOID,a686931ffe96f4dc54bac64149f13e8489acd4cfb1b221df67bfd782706c47e2,2026-03-13,true,ADJUSTED,56.29,BUILDING,B5|DSI001,NOT_APPLICABLE,LIQUIDCASE,REJECT,NOT_APPLICABLE
SKIP,REJECT,d354dc489cd7e170ae380fcf26a437454309e6cc3e7e3b4bfdf37a8a6620d225,,true,bed07b84490f9b283f6000fe72c2e255994f98c3d64eecd46adf25c7a82a7648,BUY,e47bbd3971dbd036eea6d231bd187e222ebb466b4342eec1762c1ffec7678afb,2026-01-14,true,RAW,82.10,ENTRY_READY,B5|DSI001,NOT_APPLICABLE,SILVERBEES,REJECT,NOT_APPLICABLE
SKIP,REJECT,d35dd38f9ccb5dc54ff3bbe58cbdb860babe603984ff74de61536e1436515ad0,,true,139e55dfc50b902367ba9505bce214eaa064a93eea2732e928460ac01323db53,SELL,ff41697f5607558cda4375127cc3b356956827d8ebe21c8df3c19dc5ecc9eb8b,2026-02-23,true,RAW,35.00,INVALID,B5|DSI001,NOT_APPLICABLE,IDFCFIRSTB,REJECT,NOT_APPLICABLE
SKIP,REJECT,d38599f216b75793bc3f06702c0adeb392233adea872d5e6301abb7e4d7445c3,,true,1a1a909be94ce6914d273f9da5c962fe7e34afee380fc15eb875375125ffaf41,SELL,5375c1ececcc68e26a25aff15af7a50b441e4983cad05ef938ff1a928fec1d27,2026-03-05,true,ADJUSTED,35.00,READY_FOR_CONFIRMATION,B5|DSI001,NOT_APPLICABLE,YESBANK,REJECT,NOT_APPLICABLE
SKIP,REJECT,d39e2f197f37e14b869b9cac6e31b18de5c951d5286d36396288595b8b4c43c0,,true,3ae62d43dac77d05b3bd6e0522b81ebe9ab5c82a178baa17ace16581802fa2df,WATCHLIST,fbca4c768b1bec8eef9d381ec0191dc737f8960bef26ce46c2c2f9a70ea9f606,2026-04-21,true,RAW,72.87,READY_FOR_CONFIRMATION,B5|DSI001,NOT_APPLICABLE,LEMONTREE,REJECT,NOT_APPLICABLE
SKIP,REJECT,d3bfd46ba566261646223c350194e47c23e42c9aed21d4b212652ba72be00fb3,,true,b2da762f175019eb5c6fdf6ffceb572f02d6118a0e2ac91aa09f38e608624523,AVOID,c088334a37dd89672f71c679074c80c3e289e136fec1b5584f6f08df295db8bd,2026-07-16,true,RAW,51.48,BUILDING,B5|DSI001,NOT_APPLICABLE,CYIENTDLM,REJECT,NOT_APPLICABLE
SKIP,REJECT,d3cb2fbd4af4499299809f27aa8eae36e91d06bdc85e1fb845a4d8ed89d6636e,,true,14a055a5df7f7e9f4fb43c61226e55a14cf272487fd4f68c0e6507fa72ba5ad6,WATCHLIST,a7b7e5e2ee68fc639ad6fa23800efae3f0f666af7a46822d7fe942f59cb1c016,2026-06-15,true,RAW,70.10,ENTRY_READY,B5|DSI001,NOT_APPLICABLE,MOTISONS,REJECT,NOT_APPLICABLE
SKIP,REJECT,d3d84c9e15e8f6cd1a73e5212933ab62f2097295e15422885d5f4485f6003a93,,true,628a56659a2db3a73db336c632dbe93adf7eb96d33e066188b882166e5b7ea49,AVOID,29b174aa80d4f91b3653cae764993f041aa3c528d0d5c41dc8f35c50dc38e03a,2026-06-12,true,RAW,55.31,BUILDING,B5|DSI001,NOT_APPLICABLE,TATSILV,REJECT,NOT_APPLICABLE
SKIP,REJECT,d3e29ec3076230a9fdca7e4e8369e3f07b50e460e0088a50dfae4d4a4555b920,,true,b8e107fee6529a40efd5c5afd3e55312b4aadc242299f7265cd399dff2d1e929,WATCHLIST,1f22eb1b92fcdcb1869d5aca643911304b9faa3de6dde63a512cb4cb18cfca6a,2026-01-19,true,ADJUSTED,70.01,READY_FOR_CONFIRMATION,B5|DSI001,NOT_APPLICABLE,GOLDBEES,REJECT,NOT_APPLICABLE
SKIP,REJECT,d422fc6ae9505b8656bd7685499135460fb203adf7d30b51c93ae4edc870a4b5,,true,237130d83c64f7d02de56b48e89607cd3cecd27e6bee24646d0333eb52f92ed9,AVOID,87718e8d61e1f8b5bbcd39a751fd404dde7ec74d1649cde479c1c141988d96ca,2026-07-07,true,RAW,59.00,BUILDING,B5|DSI001,NOT_APPLICABLE,ITBEES,REJECT,NOT_APPLICABLE
SKIP,REJECT,d47644804b8cd42a986ac706c8edfe0caf3a91755c41f988208c6aa3f06a8687,,true,459a7f202ff9b0aa9fd37771fcae6dbc75aeb08bf39d5c3270310f5c3b35906f,WATCHLIST,345516a70ff248cbf5cbc92cbc974ddcb3ed8caa9df94b085d4eef174230611c,2026-04-23,true,RAW,74.00,READY_FOR_CONFIRMATION,B5|DSI001,NOT_APPLICABLE,JPPOWER,REJECT,NOT_APPLICABLE
SKIP,REJECT,d4874409ac2ff747e19294cf30c75cc011bcc5b6ef4cd58e68ef57fcc0029a9b,,true,42b107d03f606080b8ba57a8cb27158d2a459edec25414ecd1c737693f461906,WATCHLIST,f0a3cd526638fcbaa585bd8fe47958cc3d495b83a65b546ce240962d3a9ec1e2,2026-05-11,true,ADJUSTED,63.92,READY_FOR_CONFIRMATION,B5|DSI001,NOT_APPLICABLE,OLAELEC,REJECT,NOT_APPLICABLE
SKIP,REJECT,d497eab998b81d3dc8e37217b4034c64dbd4e4869d71bcd24879030c7556061f,,true,ed6e9db5a4abb15bf24fc076df399549e2ea3415dfb9276458795b6cdcf72ef2,AVOID,c378f06794b1959f7cac7a52492882479f76d98c407651cda9e43c7b082df8f7,2026-05-27,true,RAW,55.03,BUILDING,B5|DSI001,NOT_APPLICABLE,FINCABLES,REJECT,NOT_APPLICABLE
SKIP,REJECT,d4b1d8cbd80823275f1d832f3b5cf8567bf183f32560e4de3821ab5ad602728c,,true,126c71bcf5e78f9d1bbf7d4ccb9677a4cb6e6ff2da31c17b312635731df1cda2,WATCHLIST,8e2353ddf0d59617fd7c878a20b7820139739d54faca84e186dda66fa63d07df,2026-01-20,true,ADJUSTED,73.71,READY_FOR_CONFIRMATION,B5|DSI001,NOT_APPLICABLE,SILVERBEES,REJECT,NOT_APPLICABLE
SKIP,REJECT,d4c5f1e5a83c611211011dec73bc4918f783428b5fc3989118898e5c4fb1db06,,true,cdeac0385a3d74d688bcd63c8365cc32b7257383a6e8962a0e52d4d2e6515673,AVOID,5e822bd680e7788cfe9deb2bd09f93dacccc48b01b463e830d967c42d6716a31,2026-04-06,true,ADJUSTED,52.95,BUILDING,B5|DSI001,NOT_APPLICABLE,GOLDBEES,REJECT,NOT_APPLICABLE
SKIP,REJECT,d4c6f319cd9f3349422f57e85674067a72db7a972fc7791d213d9df1522c710f,,true,243d759d9523a6a6f519204eb98b156b1e9ef7d16bb3f8e4c9d5283fac82cb33,BUY,f7e6bbd54716bc4b22b314a51e23be24b3213076bd2dd4fe2ee1bc8a54162fac,2026-07-06,true,RAW,77.65,ENTRY_READY,B5|DSI001,NOT_APPLICABLE,DIGITIDE,REJECT,NOT_APPLICABLE
SKIP,REJECT,d4ce63abf1049dc4c7df031e4ef701387c4b0b0d139f67dce5398d0f3ba2e901,,true,82f4f5aba90ce6b61c052d5e0b0ecb9c0db1efcd33496aff33b201b50ca40478,SELL,b2471c4c335cbb7273035961cf0b37cff0b0fe51d7c7f9d1e6204d2090f88d07,2026-03-30,true,ADJUSTED,39.00,INVALID,B5|DSI001,NOT_APPLICABLE,YESBANK,REJECT,NOT_APPLICABLE
SKIP,REJECT,d4d54d711b84965d49bf003e75f6cc2d76683c9eb8e9b235048d37de84232f45,,true,e37663e30db744fbf933e6485f5806f33325005c8765aaafbd5ab2e1f6ec0dfa,SELL,268354fd961c71e3b6cd9937cfa48dfcbd38aaaaa067120428e35e182c16c831,2026-06-24,true,ADJUSTED,35.00,READY_FOR_CONFIRMATION,B5|DSI001,NOT_APPLICABLE,TATAGOLD,REJECT,NOT_APPLICABLE
SKIP,REJECT,d4e3cf1c669983320dace6e63fa86b9dec86c5fd529a5932dc59671d72518558,,true,07130b7611e8a6574f346571e68993cabfd62d5b6908483e5af5d365d3e21032,SELL,1fca62559694192e9e056c5dddc3f6fcc7a0d67dc07fbd5841eb6d9f16a47b93,2026-03-10,true,ADJUSTED,39.00,INVALID,B5|DSI001,NOT_APPLICABLE,REDINGTON,REJECT,NOT_APPLICABLE
SKIP,REJECT,d4e696c544a7a0f735d3def0fceedd2aa1de06bb6e94f395126947eed03ecdab,,true,1ccff95e2f9b89f4868c62d02cd1feca113d3a153c4a2cd8120f76509528f0d3,BUY,5192a4bd521853ac5c0cbe443e4e7113339776dcbf7dc4cd09bb036c74197a49,2026-04-13,true,ADJUSTED,76.71,ENTRY_READY,B5|DSI001,NOT_APPLICABLE,NTPCGREEN,REJECT,NOT_APPLICABLE
SKIP,REJECT,d4f38b4508486ffd003dcd1bba162b6df52966f37ad61914e1bfab1d483a7657,,true,959a3b9a4368ab9e57390c7dcdbad983ddf07e655fd04ae3f98a88a6618603f4,SELL,c962a31237fc2b120d9c84d0bbbf62c21b6eecb8ac19d05f176d581c719f7821,2026-02-26,true,ADJUSTED,39.00,INVALID,B5|DSI001,NOT_APPLICABLE,ETERNAL,REJECT,NOT_APPLICABLE
SKIP,REJECT,d5069665630b12030b44241f18fffea5073bdc416e680ab7359f5f327bfbe392,,true,dea9873445809cab24c1d2dced0007d1362d9cd2a140653a120ad339e9d73065,WATCHLIST,b4b8e990f093978ab9b1b3cdc53e6f29ec1109e034716c25d1da51268ab4b5d6,2026-01-27,true,RAW,64.45,BUILDING,B5|DSI001,NOT_APPLICABLE,KARURVYSYA,REJECT,NOT_APPLICABLE
SKIP,REJECT,d50f2823acd8bac6528fa7712b6eb67ff0dd5a6f4f9e9180adea280c5cb63bb2,,true,602f8286df94c07bce0b88623fc1af62fee4f8007432de7f46f70102f2355f60,AVOID,e010c2bacbab7ee25a3f535ba52427765c8bebc5ab4d096c5667d1f9f7c6eac5,2026-02-04,true,ADJUSTED,59.00,READY_FOR_CONFIRMATION,B5|DSI001,NOT_APPLICABLE,GOLDBEES,REJECT,NOT_APPLICABLE
SKIP,REJECT,d536b246f394df1aa331e805042fa6d31ec9f1ab0367b33581dc40105ff7d324,,true,8d66bc50fb5e59592b133784a1b58cfa4a2a002b0ae463d49910146ceb447439,SELL,625d102ed5864bd686305671b438863da6e0a346c4632472317a58c6b08dc918,2026-04-17,true,ADJUSTED,35.00,INVALID,B5|DSI001,NOT_APPLICABLE,WIPRO,REJECT,NOT_APPLICABLE
SKIP,REJECT,d552b8975c4ca1fa1b30a0e1c297c10a816f13f85eeb598890a6a7f18280e43e,,true,f618760d7a9489a10d7f8764f04bfdae29b6efc4182b8db18401ce86093cf932,SELL,06b3028ac3b4f99868e82c5eea0aa08d3d29deb8ce0d0d2ccb74ec251cef28c2,2026-01-02,true,ADJUSTED,39.00,INVALID,B5|DSI001,NOT_APPLICABLE,YESBANK,REJECT,NOT_APPLICABLE
SKIP,REJECT,d5af16c27c2336984ccb821749c84b9fa6f74f5f991e662520f67dde6b641c6e,,true,ac281d2c2e3fec1c1b3dcd284b3ad267605da5a574dba2a7a3a69c7d040bf87a,WATCHLIST,15c83c3bfb43b20c549be9d522daffdf3fe25a2b0bdfb778290abac5efbe37a4,2026-04-17,true,ADJUSTED,60.00,READY_FOR_CONFIRMATION,B5|DSI001,NOT_APPLICABLE,JPPOWER,REJECT,NOT_APPLICABLE
SKIP,REJECT,d5ecdf00290a9644f6c8ed67f8fcf5bba92b637182cbb52a3f6cb852c8a2a42e,,true,e22ac16c6d977e9c38664e92ab73255ef6b4ce6efa136be575f74fb87ba6e7a9,WATCHLIST,51a0c2d8b68914b22ffb64a552610129b858b7f1ba39cdb7c673e77e5b8dc232,2026-05-26,true,ADJUSTED,60.12,READY_FOR_CONFIRMATION,B5|DSI001,NOT_APPLICABLE,OLAELEC,REJECT,NOT_APPLICABLE
SKIP,REJECT,d60c9193dca1ea331b6828938d970be7fbfd0442c7efd866a7ee5ded1fa0721a,,true,510468763df38618c0c949ecd3bcdf0db3c26e66d48a8fa1d34d7fc50955548f,WATCHLIST,8eaaee8a2d09d740c8361ec5f12e4173664a112f61ce3b447a2371183c24813a,2026-02-03,true,ADJUSTED,62.52,BUILDING,B5|DSI001,NOT_APPLICABLE,SILVERCASE,REJECT,NOT_APPLICABLE
SKIP,REJECT,d6cbb38b0e861942b70843b27c4663ca62eb5089eac3e16ee5718ba9e5e7ff7d,,true,b10feed0aa2242c7b182f1dfdcc7119043c7426685443995d8c54f6a97e88a0e,AVOID,b761747ab52c331885148a0e772626b553c0fe597f744d171b5b711bd6a441ec,2026-05-07,true,ADJUSTED,50.04,BUILDING,B5|DSI001,NOT_APPLICABLE,ADANIPOWER,REJECT,NOT_APPLICABLE
SKIP,REJECT,d6d119a38055829e33016275f43f66f85b4880d0fc416593aa2d486bf28d4e0f,,true,3eca1375b8240afed589a30abd3c87dbc1950733239a2c91fa1a85752cebcd9c,AVOID,6c8cb91b06199c458794c90be3a020c23082bbadc48b2afcb04b83a0e0cd3dd1,2026-02-20,true,ADJUSTED,50.48,READY_FOR_CONFIRMATION,B5|DSI001,NOT_APPLICABLE,NMDC,REJECT,NOT_APPLICABLE
SKIP,REJECT,d70fab9fecef0eaeed38a371242ea3f28b67f0288eb180a86c1b175991ac32b4,,true,a32dee842783da590d28be57888262444b5af59b14499a1ef6c871e7a127c283,BUY,8fe1f0ce6291e9ab3186d5cf63a0cdcf6ede1761a8ef91b5fc88e5614e505a02,2026-06-09,true,RAW,84.14,ENTRY_READY,B5|DSI001,NOT_APPLICABLE,EASEMYTRIP,REJECT,NOT_APPLICABLE
SKIP,REJECT,d7155780e9fa8dd8ca40aefd94e7979abeee40e239c31b84cf6fa8bace4cf34c,,true,ddc015638d9a3c119084a58c1e46eef73ccf211fd78d3fa06fd0d07468fc7bd8,STRONG_BUY,627152c263c057f889bb8c9fa6f8b8c23f7f70f95ed91e2f72cdddd76cc3b28d,2026-01-27,true,ADJUSTED,90.62,ENTRY_READY,B5|DSI001,NOT_APPLICABLE,TATSILV,REJECT,NOT_APPLICABLE
SKIP,REJECT,d7391743e7c91d4794fc7a92782ef50a31781dbb7214c6504ebc5e74f0cc54cb,,true,042b6b1b7a37196fe709c50e8dca178afa4600b1fa38c90fd37bfabb7ba571f6,WATCHLIST,15ba66435ef0103f8c9612931c5c52e92add3dc52931cd9327ca79d5e52db585,2026-07-01,true,RAW,71.13,ENTRY_READY,B5|DSI001,NOT_APPLICABLE,RITES,REJECT,NOT_APPLICABLE
SKIP,REJECT,d76331e2ad3f4b823c60dbafcff87aa13fc398805644141d59ce416e7a22ef84,,true,885d94f5ae2cf59e81df285087818970d4a0bce2f2ff51e95498f78313732d58,WATCHLIST,beeb17e083a0f9efb8a659e696563f72a2048b4553625cbebc8afdeee54a671d,2026-01-09,true,ADJUSTED,73.18,ENTRY_READY,B5|DSI001,NOT_APPLICABLE,DAVANGERE,REJECT,NOT_APPLICABLE
SKIP,REJECT,d76864337163bc7744bad775c51790bc39078b5b337e5b00998d25fb06d49d9b,,true,f16633f7ec1c7561ad1bd300a74385f4dc7005709c770fa2a8dc1fd36eca2516,AVOID,4d9a312b2ad73e4750d7eec02a71744707a5a48a8b19fa13a7bdc461f1b450fe,2026-06-03,true,ADJUSTED,57.32,READY_FOR_CONFIRMATION,B5|DSI001,NOT_APPLICABLE,HFCL,REJECT,NOT_APPLICABLE
SKIP,REJECT,d7edcc2527ad08c90d7cf7a1f06ec73ddb11523376bf7ae6c1fc972f306c997e,,true,be576dec9c3dc64b552b7faf4083b5a6e377818462b4fe2a3d5b923374285ec3,SELL,0cc675aaf8d5a8c43fe53c72445e10dc08067e1c8fb64c49b9b350ca1c0a967e,2026-01-08,true,RAW,35.00,INVALID,B5|DSI001,NOT_APPLICABLE,HDFCBANK,REJECT,NOT_APPLICABLE
SKIP,REJECT,d8036f356067d82bd2d5f4df1c494720485ab7c8050b7fa972e53d3bd4c34352,,true,f3aaafab0b4dd74ae4e2ec56d529aeeaf75687b50de4ef3e110879e2770ac1e4,AVOID,36e56a33b642413de15fa736e87b7464fa7a889fc72313e3e739f977e9f31ab0,2026-04-30,true,RAW,40.00,READY_FOR_CONFIRMATION,B5|DSI001,NOT_APPLICABLE,JPPOWER,REJECT,NOT_APPLICABLE
SKIP,REJECT,d842bcb948f5ead2b30a605e38eb0f81431ce6e99a8d85fbeb1269b723d4bb16,,true,cb4661dbc3d7211556ae36c6d679aa03907e9c681a77312ae148defbddae552d,AVOID,5c7c65c9a0ea73d39621ebeb534439435d812bbedf1bf2078a5ca907c0d380ae,2026-07-08,true,ADJUSTED,40.00,INVALID,B5|DSI001,NOT_APPLICABLE,YESBANK,REJECT,NOT_APPLICABLE
SKIP,REJECT,d86fc95a95180342f0605dae96b7ca4443cdafe7f77fce6d5612983f36939e90,,true,a49fce5e26a89347c85bafc50edbb68f0107cdb38f75b0684e17e3d2fd70ed97,WATCHLIST,3b59fd7d1c955c716fac7088662e687769220cf47e344ea2a9346a775746c46c,2026-05-08,true,RAW,74.00,READY_FOR_CONFIRMATION,B5|DSI001,NOT_APPLICABLE,FSL,REJECT,NOT_APPLICABLE
SKIP,REJECT,d87371af369ead7b29436601f4554a89476c2cd964bb3bb75fbad4799ae4d866,,true,d2cf65bed430f1b451ebfd25cdb999e83af98ea651802942f1da2f241ea1e86f,BUY,e077edc0725d6d7d009d15697c520a1bd60bd1ea75adcebbbaf3e7870f2ecb16,2026-01-02,true,ADJUSTED,83.90,ENTRY_READY,B5|DSI001,NOT_APPLICABLE,IDBI,REJECT,NOT_APPLICABLE
SKIP,REJECT,d87406abe7a870e6ae75a2dae1cd67ede48a41631c66ca2ce31f1c1e180b6691,,true,826945ef78540498f0db1c045a237428aa72edd53a172ac35e9d3906f2c74772,AVOID,20b527e0f65fe8229816fe9a41f3ef2778c83828c7ef6971693f68f931021fb2,2026-05-07,true,ADJUSTED,42.49,READY_FOR_CONFIRMATION,B5|DSI001,NOT_APPLICABLE,JPPOWER,REJECT,NOT_APPLICABLE
SKIP,REJECT,d87688fce4fd06403caba8490f472588d52352ccd94733abe571bb063ced1966,,true,f852307d072cb2fee8a4e7ecc3e90888d7dcb29d5762c95c3ecdb6f49df8a8ad,AVOID,ced30208253f99940d304ab2e307870f3168fa0c39ab85874bd575de6e54f255,2026-07-15,true,RAW,54.63,BUILDING,B5|DSI001,NOT_APPLICABLE,HFCL,REJECT,NOT_APPLICABLE
SKIP,REJECT,d876e9eb581cea41d7e7999387bfd03f448cb5032e3b150723885aad7fef6d97,,true,c8d6a7d535268fab9ad617c576bbdecc6656c01b7f1e2536124875e0bf225286,AVOID,b6e78accef03aa95384798dd6778b86ec3e260722c2a7819c47a04fe695005c2,2026-05-12,true,ADJUSTED,59.00,BUILDING,B5|DSI001,NOT_APPLICABLE,TATAGOLD,REJECT,NOT_APPLICABLE
SKIP,REJECT,d878df6060772367c3abf95333cc27fd79bd29cb2c8fca54a0adcedc15c864e3,,true,f9cfef5f1736c7bacddd3924f6fe6f9743dc9ee2dd89ee18a35c19eeb951ff32,AVOID,cfd807e6c85e2c529f7e62a84050a53d4d3c85837399dfbaaf37e64fbb28d7b7,2026-07-03,true,RAW,53.64,BUILDING,B5|DSI001,NOT_APPLICABLE,SUMICHEM,REJECT,NOT_APPLICABLE
SKIP,REJECT,d89f6f1655d662c589fdbc9cce2cbeb8ff118c11a6a513f274b471700b2f60ac,,true,d8ceb7e9d2e750665b41f76b823958fb37946f4cdf95256831466c4aa643fd60,WATCHLIST,1559f13138393df030e50c07e9458d8a3486d21bbdfb794dc87f8e815c0889f8,2026-02-18,true,ADJUSTED,68.78,BUILDING,B5|DSI001,NOT_APPLICABLE,PNB,REJECT,NOT_APPLICABLE
SKIP,REJECT,d8a3be09978aead37532d4b744f0854bf6cbfefa8c3ec84af5bc6c84d9b375ee,,true,f7e8e4623f191b4c4a818a5a995a095ced2df8dfa3614c3b8522d97c934c7429,AVOID,3aa1f7b4fd407c466a701739fb3e9f8a00c42cac309f6583dd02dcdc3f84e03e,2026-04-20,true,RAW,43.39,BUILDING,B5|DSI001,NOT_APPLICABLE,GOLDBEES,REJECT,NOT_APPLICABLE
SKIP,REJECT,d8b06bc90b368be37e959cdce8176ccdc2010c9536eb7d41b86dc73e59e8a21e,,true,7227fbd315ccf06228b5b703af923d1ec23882b4008df7a5aadac62a705fb1b5,AVOID,cc318b5a3a200cc3672bff1a885b79e6bcc825142542bb8c5f6f1efa946e94ac,2026-01-29,true,ADJUSTED,56.55,BUILDING,B5|DSI001,NOT_APPLICABLE,SILVERCASE,REJECT,NOT_APPLICABLE
SKIP,REJECT,d8bbdca688d2ae315af54fe58d23118ad0f223fed43187ccc3b1b4869734808b,,true,37a8e4e33e6ef5ff72f03da0e5d5736395e45a3ab29c2f7d16fb520a0e39688a,SELL,c6d2bb6b170351466b3b19689fa4c0034e5ef1632047ddb8280ef20ff0e77acc,2026-03-10,true,ADJUSTED,35.00,READY_FOR_CONFIRMATION,B5|DSI001,NOT_APPLICABLE,YESBANK,REJECT,NOT_APPLICABLE
SKIP,REJECT,d8c34a6da09d1dda0a46154601931241ffff02961e4e76f3686091601c63a510,,true,1e3b1899d690196e1b8106a7794ecb9360753dac70d5718ff050b54cd77fa46f,SELL,cd9a1302186bee4fac5520e26803bf0b46e0abd443f6a9ff1bbc0e850694a4ab,2026-02-13,true,ADJUSTED,35.00,INVALID,B5|DSI001,NOT_APPLICABLE,PWL,REJECT,NOT_APPLICABLE
SKIP,REJECT,d8e27b324a09b9946761229a4411d82115b4b91d4b937c0868152b5dcd62bfc4,,true,406fbf4449dd94a26803e63344e7e90325fbf200081e3babb657c419f85240e7,AVOID,f4c6b1d54f83f219994f1f1238252f158c4bb77cda262e486f9485d3b45beb95,2026-02-25,true,ADJUSTED,56.00,READY_FOR_CONFIRMATION,B5|DSI001,NOT_APPLICABLE,TATSILV,REJECT,NOT_APPLICABLE
SKIP,REJECT,d8e4f0188eb2cfb6bb875fcd573b6c377914744a8e358730a7270de189654561,,true,74366d66b3e443472ae59f53a68b19faa736cf756047b26468c9f35e46a53213,AVOID,6408f97e418b09ca4ae2f591074b8a6c13348558ded067940b98190ae415a9e9,2026-04-08,true,RAW,59.00,READY_FOR_CONFIRMATION,B5|DSI001,NOT_APPLICABLE,OLAELEC,REJECT,NOT_APPLICABLE
SKIP,REJECT,d8eebfe508fe998e398e73ee454babdf7b3fa01a31404cbf5da5df6d854e5921,,true,922cb8cd37e6099a6c96babf7b768e142d2cc4483372cd37cfdd9d397346e355,STRONG_BUY,bfc6a86d2df0ce5c3e34593b78ffc45a14bd8c387fbafbdd773cbad4ccdb87ba,2026-05-04,true,ADJUSTED,92.29,ENTRY_READY,B5|DSI001,NOT_APPLICABLE,MEESHO,REJECT,NOT_APPLICABLE
SKIP,REJECT,d910d9d38b6a0c6470a7d0fb270ad1e23ac420201ef50fdebbae3ae9b34df5ad,,true,6809a112a28f3fafa23c5f8be699f6d9bae4b47590b7f538f840ee20ad232c79,AVOID,ffd820ee2b7d43309c8c3d4d7b4434c2baedc9ce3111a63181e7ee37de83eb4c,2026-03-17,true,RAW,58.95,READY_FOR_CONFIRMATION,B5|DSI001,NOT_APPLICABLE,TATASTEEL,REJECT,NOT_APPLICABLE
SKIP,REJECT,d92302f19d872a888ffc2f65eddb85658a3b9c5edd7e40c27a0094e236c24fd9,,true,368a7f1a943dee3eaa3f6e60be2f3a0fdd51ae760c7fc843f4624a524c814f68,SELL,5229240bdc7098ebb4965786e1e34e46a5d61a8ee83895977565752828de3832,2026-03-09,true,ADJUSTED,35.00,INVALID,B5|DSI001,NOT_APPLICABLE,HDFCBANK,REJECT,NOT_APPLICABLE
SKIP,REJECT,d92d54f045790f080e56ff5f2427d76ebd32ba228a2073f0f27a7fa0e28050a3,,true,03c51c479977b3dd291718bbf0a1c73048b974159b1406c6c23b2ca50fbfe9ec,SELL,6e063e0638dd448ec177c5b8ae31327ef931ea5e9a05241cfd025812a5cc7e04,2026-01-22,true,RAW,35.00,INVALID,B5|DSI001,NOT_APPLICABLE,VASCONEQ,REJECT,NOT_APPLICABLE
SKIP,REJECT,d93f44ad46b1faf35ed5f722cdebd5a701989aa52c8d47c2267f43d16a71ee27,,true,c838a0a2b5258fa21dfd92db6974b95852b0f58ec0747759c708b5394ac4e3a7,AVOID,515da5c72d4f0f5e872243936b3c3eb330460ca670608f77543033a91ee74e2e,2026-07-02,true,ADJUSTED,59.00,BUILDING,B5|DSI001,NOT_APPLICABLE,OLAELEC,REJECT,NOT_APPLICABLE
SKIP,REJECT,d9451a792fa3bf0b5c3b682f9d2609aa16982840b1e2d515271acc1ed22e46ff,,true,3646c58462895fe6f816aa9d61fab008f1e5532df84638ff5b2541ca2a184bf8,SELL,495c4d85dbe7f13ad289af4ce6d10892cd5862dae9987f103369e05b6105711e,2026-03-23,true,ADJUSTED,39.00,INVALID,B5|DSI001,NOT_APPLICABLE,SILVERBEES,REJECT,NOT_APPLICABLE
SKIP,REJECT,d947f6d8c39d2ca7aace2a24a9e4ffa2946ce82209810c98c7d669612f23395d,,true,331098b5822b61eca54dca82a54bb4ca50ae859c806ddd9d9df4e849f8dd4d20,AVOID,2306a9e8c6b6016f94a28f6b29ba4efe48be500a6d7715dbdefb767fb6f53304,2026-06-16,true,RAW,43.11,BUILDING,B5|DSI001,NOT_APPLICABLE,CANBK,REJECT,NOT_APPLICABLE
SKIP,REJECT,d95484102b98038e2ff64551c11b7f9d14fa3022c6e385b74d9e4297143dfe7b,,true,3282184962a18b1d855d30be5fdf9848fdbd51b31225a6b43d38a99e3cf88e8b,SELL,a8b8e889ef8ee3436629293934a6b29d4066cd0c10a7a1e34569d43aff664a1f,2026-06-24,true,ADJUSTED,39.00,INVALID,B5|DSI001,NOT_APPLICABLE,TATASTEEL,REJECT,NOT_APPLICABLE
SKIP,REJECT,d997c314e986f618c0bf0311e509427b6314e6a46320880900515257cce8cd02,,true,783d17216312efc8451cc39cfc31faf60231289411343f95d7725bd30e207a29,AVOID,29bd64359661e27ab968103c5aef0e5f8e79c2103f73d258d106e4055d5bf0bf,2026-03-06,true,ADJUSTED,47.38,BUILDING,B5|DSI001,NOT_APPLICABLE,AXISBPSETF,REJECT,NOT_APPLICABLE
SKIP,REJECT,d9ac5f852263efc3b7ab301659e93cd522ef59c4851d64c18d28b3a9a2d4ac8c,,true,73fba9ca305ff640a0c5c984613ef02b9c3763933562cb7a30641a8c0bf74676,AVOID,613b9c9a524c30ae6ef099bb5520b631c6be9f0e3e1129416c7d04e2aa1032f1,2026-01-09,true,ADJUSTED,40.00,INVALID,B5|DSI001,NOT_APPLICABLE,OLAELEC,REJECT,NOT_APPLICABLE
SKIP,REJECT,d9bf7cbc65ab3ee70049f8930797a7c5f026b98dc6eb225c9323c7261c668562,,true,3574547672c202f5c54692bd833678709a276eaad0a7509b8754ad25fcab9d3c,AVOID,f987f7492e569f30e1e567caaed15d145f62cd1c6088025255bc1240942b379f,2026-04-16,true,RAW,43.62,BUILDING,B5|DSI001,NOT_APPLICABLE,FILATFASH,REJECT,NOT_APPLICABLE
SKIP,REJECT,d9dc3ac7cb72c635452b04749a0f97d3e6a668111564c5db4aa50f37b5588474,,true,ade379b7bf790c77c6300ae84b8655c85a4fcceb9c466976b79b34632b276e79,AVOID,0a8161fff3a315beedcfb28989a082ac3a3eb09029853c4ef05aea7b5b50e859,2026-04-07,true,RAW,59.00,READY_FOR_CONFIRMATION,B5|DSI001,NOT_APPLICABLE,TATAGOLD,REJECT,NOT_APPLICABLE
SKIP,REJECT,da005f69130d64b8ef0151906fc16ad517fbc81e870f76d170a1186dbb1710b9,,true,41b8891535660427010ea0d22445a1aca15ee32474ce1e2fcc96db6665f2a2d8,AVOID,46576189ed287dd2aad592dd938212effc55a301e5b7a4363748e1af69fd480e,2026-01-27,true,ADJUSTED,59.00,BUILDING,B5|DSI001,NOT_APPLICABLE,GOLDBEES,REJECT,NOT_APPLICABLE
SKIP,REJECT,da0c1c91f0642a3c2c7daa7d0fdb4545e413fe40f5f868d5477ebbbeb3af6c53,,true,895edd8ffcd40db0539e8540e76da77639ce8b72f91157a0241844d1d47c1d6d,BUY,00470d4e1fc4efa0e6b6ad0fe76ec99ad3892a8c1fdf8571b2ff8f6762dd8a3b,2026-02-16,true,ADJUSTED,88.68,ENTRY_READY,B5|DSI001,NOT_APPLICABLE,EASEMYTRIP,REJECT,NOT_APPLICABLE
SKIP,REJECT,da0e0f780aa377017d521e8ccc2c094a18b71fc4d0cfa62da6f97c60d0fa4a19,,true,b776d18648c915e9a163da36a96d82341e10a4cd263835b1892094c2c3a5a4ef,AVOID,f97db9a07e8c174ab50acd6010411cf2c9ab05d11dd3c61f78b37ebe6d531326,2026-07-08,true,RAW,47.90,BUILDING,B5|DSI001,NOT_APPLICABLE,KALYANKJIL,REJECT,NOT_APPLICABLE
SKIP,REJECT,da3254fb4f6d39705cf2c8f2a3805a924efbb65b9d2e4a7b33a9ea388df8bf4f,,true,193521463ce996c1a5d2a86d583bf3cabe52f84aed202ce0407b6f12da9bd21b,AVOID,f25207d83be0a67f22686850b125fcdfc101d2586180f23cc491cc1f09c4ec14,2026-07-15,true,ADJUSTED,59.00,BUILDING,B5|DSI001,NOT_APPLICABLE,AEGISLOG,REJECT,NOT_APPLICABLE
SKIP,REJECT,da344320a1c33a324e469bbd0c813a4015a61c0ccbc6e2b30c97479524ce6b69,,true,0e1130fa09efee18cad02ab762700be46196c664f7b275241094431b7639f8f5,WATCHLIST,ab9b071e1de2dd90a3caab49e8a1796bbd393acb26e8624be9af5af519ad02dd,2026-04-23,true,ADJUSTED,70.86,READY_FOR_CONFIRMATION,B5|DSI001,NOT_APPLICABLE,YESBANK,REJECT,NOT_APPLICABLE
SKIP,REJECT,da42393fdd9b0548489a908254f5aaafe8cb849a834ea08155c28c1fe99a2d4e,,true,2459b3d0aa13420b6cb759ddb8ab0c94e330daeab0f86db96acc8bc30880484b,WATCHLIST,56211a96d17903dc2b664088b1d441f5e725062caa784c6475e44e7c5f034b5b,2026-02-02,true,ADJUSTED,71.15,READY_FOR_CONFIRMATION,B5|DSI001,NOT_APPLICABLE,POWERGRID,REJECT,NOT_APPLICABLE
SKIP,REJECT,da4381892140fdca4bcbf588c39ec7bb56309915dbc5e0307bbb5f9f1d40f14f,,true,18a2e6edb288137890e27109222519837aef182eb103fda67a4c5b9923453e70,WATCHLIST,fe75699f4a28f9e14c0d2c715bde8ba2846111f4138b40d59ecfa19a42e639d2,2026-04-23,true,RAW,65.36,READY_FOR_CONFIRMATION,B5|DSI001,NOT_APPLICABLE,RPOWER,REJECT,NOT_APPLICABLE
SKIP,REJECT,da5c8ed1427e099fb49493ee7f845c3f0714b4d8174593d5bd86e668954380cf,,true,cd85ad01f1de9d26a18e027684b0432f4d8096821b55729e0e7d02cc0c53a301,BUY,c567deb36d4806a46ebb377023a161a99bd0c37d0347f901f7a86aaac2fc177c,2026-02-04,true,ADJUSTED,76.24,ENTRY_READY,B5|DSI001,NOT_APPLICABLE,TATAGOLD,REJECT,NOT_APPLICABLE
SKIP,REJECT,da7384c6e7cef8e05f5400e403d8387da1d68d83979cc70c4845acab5a477670,,true,317639184f4ffd63a53236da1dc8029b6f74252024a5755c6ec2473b629f9704,WATCHLIST,7b4e3882c7f85cf58e3aa759e19bbec35c852b6637ec301cde6e541c166b8600,2026-02-26,true,ADJUSTED,72.12,READY_FOR_CONFIRMATION,B5|DSI001,NOT_APPLICABLE,TATSILV,REJECT,NOT_APPLICABLE
SKIP,REJECT,da74e625f628a5137dae46a2dd1cec7f54b238e3cc75c75941992dec1890946e,,true,0c6c34c824decf3300121f59bc09da4f0a2a2bd7a522aa3b5525611ce8918ea0,AVOID,1d992f7fe04a133171fa63d59170c589425f9716aa4e6c89daff7243f2d29573,2026-04-30,true,ADJUSTED,58.90,READY_FOR_CONFIRMATION,B5|DSI001,NOT_APPLICABLE,OLAELEC,REJECT,NOT_APPLICABLE
SKIP,REJECT,da999be27d6643851acc5f4b46fbe1c531c02ab8cda88185809ccc8e8b038d11,,true,8c5d0c7831f13b58e2a4b91f23d2002a2ad62a29983d3ffb8a17c258f5af9ddc,AVOID,64d573189761eceb26447fe8a25cc9738922c6dde72bde101b1486d7efe725fc,2026-04-15,true,ADJUSTED,58.00,READY_FOR_CONFIRMATION,B5|DSI001,NOT_APPLICABLE,YESBANK,REJECT,NOT_APPLICABLE
SKIP,REJECT,daa4a0b51437ed7f1f0b27ec6d4ef82ec6abfa6bc247a38ebc48caf0a67a1988,,true,d02c8a4f85e967745bfb046970cbcc8868a3be31314f51d4197bae3697df9dfe,WATCHLIST,0b617b489b0ad05218ccf08efa8e98f57c4a85139cb74cb2ddd8b528b9fd20c3,2026-01-06,true,RAW,70.21,ENTRY_READY,B5|DSI001,NOT_APPLICABLE,SOUTHBANK,REJECT,NOT_APPLICABLE
SKIP,REJECT,dab01c85f01198fd4a9d69e05e9abf0ab62c66a36d349d7445c2f61d12623efd,,true,99fcdb92e7f75cad2d7446a9c8941d6a5bd1c1ead4c38cb9f268039c3889d01e,SELL,f46e654d0ac62766c936b141e510795025deac1081ae997ff6a960d713308475,2026-02-27,true,ADJUSTED,35.00,INVALID,B5|DSI001,NOT_APPLICABLE,JPPOWER,REJECT,NOT_APPLICABLE
SKIP,REJECT,daf6d568f7989c7b93fe37d2c82018a817090d15fc4369e29025fe6879e0f067,,true,4f0611c765086099b8e53086ca0fb153289e3a1f5b232f3f15bc2820907cea05,WATCHLIST,805e66353c7b70b2dc6dae7aff047e7be84309dbaf01d6ad2d0d11aef784541d,2026-05-13,true,ADJUSTED,61.06,ENTRY_READY,B5|DSI001,NOT_APPLICABLE,SILVERBEES,REJECT,NOT_APPLICABLE
SKIP,REJECT,db0370a53a8a6fd57e845a210feffc53ec62f37354ebfe76f91e7700821772d5,,true,a582f7f56ec8db1fbd0ebbac65bb28b2a5bd52d8ba67b481cca372e4f87edba4,AVOID,2a9a4ca236d32fd371eb1a07d8338550126b9092675b457016ec5272879ca222,2026-04-10,true,RAW,51.98,BUILDING,B5|DSI001,NOT_APPLICABLE,HFCL,REJECT,NOT_APPLICABLE
SKIP,REJECT,db0d17f97cad93f20bc0488b51f31af53f21f3e5277885f9771fcf83bb4061e5,,true,9a6f258f0c23a789355d33c707db9d3b3fb8cf5249649903bb8db01b6edec97c,SELL,4dae08e0b897d9675a7f0b4430e3ca0a86d432dc0b5ceb8649d43c1d1312af2c,2026-04-10,true,ADJUSTED,35.00,BUILDING,B5|DSI001,NOT_APPLICABLE,NECLIFE,REJECT,NOT_APPLICABLE
SKIP,REJECT,db42348c40542fc6037696a5a5e55f51371dbc9f40d9d7c98eec724a11fdcaab,,true,6e7c2513020ad190adbf847d5e963bed0412350b67f6ffc53d74b7a87d05f656,AVOID,7323398bb9226dd3773107d64432721cc5185f1227601b1cd25847ce95cf089f,2026-04-16,true,ADJUSTED,44.85,READY_FOR_CONFIRMATION,B5|DSI001,NOT_APPLICABLE,RPOWER,REJECT,NOT_APPLICABLE
SKIP,REJECT,db72812f0a413fe072170928324acef33caaee4d6aa72b569257a3405e69710b,,true,d963451c7412d02973492de1293ba4568caa8dacb92e55857fcae86d183bd3bb,BUY,3d49beb375578e750d1d7628fc181c10954292d13b9e5d24b40914b4c5ab614c,2026-02-11,true,RAW,77.34,ENTRY_READY,B5|DSI001,NOT_APPLICABLE,BCG,REJECT,NOT_APPLICABLE
SKIP,REJECT,db8d35f464507b36c6d1be7ee1164f030f3e38299827b42f5275b57801d44ed0,,true,ccc387b1cfa7343e8a63aeb9d7a60c7b333729af367db725768cd1b5b2204d97,AVOID,3d45c5153b4010eecb42cb3ce1e6eb23394a0703c7cd3bf0577d2c57fef4cd8e,2026-01-08,true,RAW,55.96,READY_FOR_CONFIRMATION,B5|DSI001,NOT_APPLICABLE,SILVERBEES,REJECT,NOT_APPLICABLE
SKIP,REJECT,dc00287c955bc08b8a62b254de35c6761139dcd71b4365ea889ccbeb36fee652,,true,12e17f0ac55bd40df35c8ae4510b70f8d2224233a35bb699e66b8981b5cbf0f7,SELL,7e0ab56d3ccb523886de70a7e64c342831f19bc850ee85255dae1d9c2d49200d,2026-03-25,true,RAW,39.00,INVALID,B5|DSI001,NOT_APPLICABLE,SAGILITY,REJECT,NOT_APPLICABLE
SKIP,REJECT,dc0de72c55990a8cf425ca4ae8df4f2203e69eea58245621295d0a7a6a843186,,true,c9a18b84ebae121004ddd6e55b043d61fc561ec895a9ca8287aea598dfe83c1a,WATCHLIST,ab28ea68b377081649cad3a311ceefdfc6657ac71facd3a66297114905f8d598,2026-06-24,true,ADJUSTED,74.00,READY_FOR_CONFIRMATION,B5|DSI001,NOT_APPLICABLE,YESBANK,REJECT,NOT_APPLICABLE
SKIP,REJECT,dc4138b1c60960afff708a47bf3195570f1c88c7779ecad42117fff5197fa907,,true,b303c50cdf69392323323edee83bbde4d13dbe8439456d660915eeb363904828,AVOID,cd1a4a0f3afc843c50e44d53c59c1c51e030f06ad4e87f573cdaa8adca4a3845,2026-06-29,true,ADJUSTED,49.35,BUILDING,B5|DSI001,NOT_APPLICABLE,NMDC,REJECT,NOT_APPLICABLE
SKIP,REJECT,dc598158dc23a3a7512d8e0554d558d3f39db3a2d05910d7a07ae76b0ec769d0,,true,51fc5452ac8a805ca3c0d98656ef74785f3e9d36502502b10532083e91cccb05,AVOID,739cfbed3f92aa39a0b595e0cba8e7a0e55cc873c605355a3c4c09b9440816f9,2026-07-07,true,ADJUSTED,46.85,BUILDING,B5|DSI001,NOT_APPLICABLE,OLAELEC,REJECT,NOT_APPLICABLE
SKIP,REJECT,dc5b5baf619d645b8bd1298f0207071f623c2ea54d4a75d1a62eed189abda101,,true,a683492e9710ab4d4d561ca7ac7514ee219114d79e4ce6370123edf90bf85bc3,WATCHLIST,a413d1b63e342d8e14bf0ada8e97fa2f365a869b740d5ce28d5c4988b3e505e5,2026-06-22,true,RAW,69.21,READY_FOR_CONFIRMATION,B5|DSI001,NOT_APPLICABLE,YESBANK,REJECT,NOT_APPLICABLE
SKIP,REJECT,dc707b1a6e4b354f67d2ac84d2e06e51e3305acd550523f88171fdb3b983a806,,true,e455ef7901c89daebf6bae5d33de6c15240884ec27c56891946e69033552b88e,SELL,5a1d7d1c279ec2224bcd19fac066c2604d5d7b29fb491e3dba37676a5509cbe0,2026-05-29,true,RAW,34.02,INVALID,B5|DSI001,NOT_APPLICABLE,HDFCBANK,REJECT,NOT_APPLICABLE
SKIP,REJECT,dc789616e3deb68d02879e8cc70e07c373d6809387882bc776b57d30055a2376,,true,ca4219a71e581a1bd840e2c9b824807018c5ad921365ab7f069f60f81e44694d,SELL,ca90aeef3598024ea9e36bf1511e001fe795985eee9995819bf7b192d37c9bb8,2026-03-02,true,RAW,35.00,INVALID,B5|DSI001,NOT_APPLICABLE,ETERNAL,REJECT,NOT_APPLICABLE
SKIP,REJECT,dc798872bcdb63dd126f431ce6c04dba3b78262fefaa87ef924e19024044213c,,true,fe32c6fe540d2dbee317eb72b8432d41fc73e6c9eae010f1093f99979aaaeafd,WATCHLIST,9d14470d78adeffb0e999d63b49b142859bee67253eff044d0348906241a00c4,2026-02-05,true,RAW,70.71,ENTRY_READY,B5|DSI001,NOT_APPLICABLE,ASMS,REJECT,NOT_APPLICABLE
SKIP,REJECT,dc7b80ccfcb5a4e97d89e62bce351cc17174a99c450916f144abbd7077949b04,,true,7b4a39b8079bec943ab6ac8a32c2ed7842d70ab204a14b7ad6489849be32a742,SELL,9c5b259205459c540fdc49a2157f48bea957fa94d91e88fac8a1416af3c47f02,2026-01-29,true,ADJUSTED,35.00,INVALID,B5|DSI001,NOT_APPLICABLE,YESBANK,REJECT,NOT_APPLICABLE
SKIP,REJECT,dcab3654500b8fed8521d141bcce773b28b98ee9ae04f3974fbed0963bbe12f0,,true,1a7f663c46289b3a093d54e53dad0abf7dd50dccb96b7835252af48359bfbf04,WATCHLIST,27e867d5198402720240d9dc6d377556ceaa3881752cac2b95406b5cbbe1f266,2026-05-11,true,RAW,71.56,ENTRY_READY,B5|DSI001,NOT_APPLICABLE,RAIN,REJECT,NOT_APPLICABLE
SKIP,REJECT,dce538f268599d12d3cf5d3fc9fc18400a8c0a17d946643125ef1969f1875802,,true,53e8b41acea3ecf3e7f2141b55991957991c33d641221c4ccf4e5795d1e275be,BUY,8baca71620a876e21b6144a370807727a31e583a132be7fa61fc080c76993dc6,2026-04-13,true,RAW,80.96,ENTRY_READY,B5|DSI001,NOT_APPLICABLE,FILATFASH,REJECT,NOT_APPLICABLE
SKIP,REJECT,dced52602f560e12b179b615637a2bf86ddf1026fef7b29c5164bf85b76ccea2,,true,b9497d9b42df218eb052edad4f266e9ef33d32c0ca200dd4c8d5c2818fb45d75,BUY,45f6259222de70e9f19ae6366903d7ac7655faae5b86b3f57fa8ebe74bcb5b13,2026-06-22,true,RAW,79.24,ENTRY_READY,B5|DSI001,NOT_APPLICABLE,IDBI,REJECT,NOT_APPLICABLE
SKIP,REJECT,dcf1a17f44d5f67eac1f9be922f98212f566e59f387be7dd85cff81d3c891cc7,,true,cd33576118038ef2c9f26c8daebadbcfe8dd9588b7cda1c8f03d350402ade7e3,WATCHLIST,5e3434347a6311799c8ab1d07f873e47c81c00e796773c2e52cdd5f4709dbaf5,2026-05-19,true,ADJUSTED,67.39,READY_FOR_CONFIRMATION,B5|DSI001,NOT_APPLICABLE,YESBANK,REJECT,NOT_APPLICABLE
SKIP,REJECT,dcf5aeb86f65e88ae54548c62a56146994f24b23d498b4f3c129dd421285d5d9,,true,f1e296e18a66f459707f62a16018039e0f973515506fd429ab5619f0a723001a,BUY,7516d954988a2017715eac054d5c188d3681db2bf0bd5a3cee90fda868b06a12,2026-02-04,true,RAW,85.83,ENTRY_READY,B5|DSI001,NOT_APPLICABLE,GTLINFRA,REJECT,NOT_APPLICABLE
SKIP,REJECT,dd361c110feff5383471174f1fa6684bda077fbfdaef3bc6e3a3a0cc412dcfa5,,true,f6ac7b541ad84db49907e1ba50bc200b4852b0c6daa46befc8a267ac2818e00f,AVOID,14eda1ae4ada2fca7cff020ab5b4edbd082a338ecdd215359df5e98b1a9de9d4,2026-03-23,true,RAW,59.00,READY_FOR_CONFIRMATION,B5|DSI001,NOT_APPLICABLE,DCXINDIA,REJECT,NOT_APPLICABLE
SKIP,REJECT,dd654c6325b465421b55af298f7b7f58ab8a32efd7293c700db7ca89c7fcce5e,,true,a78cb09c0f8047d49aa5600bdabf39a5613906452d1df140dba3774e1d331db6,WATCHLIST,846ec98da377129415283177c588708d93bec4dd0bf362fb307daa5fe4ae3618,2026-07-06,true,ADJUSTED,71.04,READY_FOR_CONFIRMATION,B5|DSI001,NOT_APPLICABLE,HDFCBANK,REJECT,NOT_APPLICABLE
SKIP,REJECT,dd69648028f546afd40258e84c03fdda6246df9ea9a5316d976b2c3894d49227,,true,16ae4c2e94bbfb46029abdf7e758938830482c9f0adcfc8d6629dfa5249f3826,AVOID,8e60852bf3d602ef9965a540e28550581e1e215c47598fd46322ba162be4ddd7,2026-02-20,true,ADJUSTED,50.60,READY_FOR_CONFIRMATION,B5|DSI001,NOT_APPLICABLE,GOLDBEES,REJECT,NOT_APPLICABLE
SKIP,REJECT,dda85b76a5cc6f9520fb193763535ac0f46feb1e5889c2bec5f0c9a146032e95,,true,06b139ed51b349379715a5879ced1f19c391fc06331fd57ece7698cf800ad16b,SELL,1afbce02634c5cea85941942d3878d205bf37bbda95a0650277b755ccec87378,2026-06-23,true,RAW,39.00,INVALID,B5|DSI001,NOT_APPLICABLE,VEDL,REJECT,NOT_APPLICABLE
SKIP,REJECT,ddabb4285efaa07de93e202e880621f0cae8ed3e595d46aac3746f22021ca5d2,,true,a5f53c13a627c5004672c4af1c6821136ebec317654ab34ad7ddce1b9fb2774b,WATCHLIST,d64b1eb303e0abb0dd12899e56dbb516a316d185b801092d64b7740143e22f26,2026-07-07,true,ADJUSTED,74.00,READY_FOR_CONFIRMATION,B5|DSI001,NOT_APPLICABLE,PCJEWELLER,REJECT,NOT_APPLICABLE
SKIP,REJECT,ddbe7e39b26eaade6393c7eedee6d19a659634d2ef9641804cf893d1d3d2bfe3,,true,9308545b579f5e0e56cb8646a18d8b4646f60f346a692d6ec9a43b7ec0864800,BUY,60fe121455d5647a68f2fc7419934b1f4ad8a11956cfce5d5d892c7047a84adf,2026-06-18,true,RAW,77.16,ENTRY_READY,B5|DSI001,NOT_APPLICABLE,MCLOUD,REJECT,NOT_APPLICABLE
SKIP,REJECT,ddd42225ab28d422a531df1eac25ea11d0b68122145e4b4766f86750f08dbadb,,true,743866f76211eabffb112fd94a2757f07012d53ca938edaf1a871a4cf68294c8,AVOID,f16a1666304e515bd6034cf7bbb52b94a33690f1a94dd9eb6b3a18b8d96939f8,2026-04-21,true,RAW,56.25,BUILDING,B5|DSI001,NOT_APPLICABLE,TATSILV,REJECT,NOT_APPLICABLE
SKIP,REJECT,ddde1b80c2990058d183cb20a8ea310a95c1f853481c76fc6ab0bcd504392e0e,,true,eb50ed704d226421ef76f19d70ae4f6dfdd5ff4198723d809e90bf90ab229c80,SELL,b738a7f68ca6dd771c74b50ac9ac7bcb69276fa6ba4b5cc002342be3e6706aca,2026-03-05,true,RAW,35.00,INVALID,B5|DSI001,NOT_APPLICABLE,FILATFASH,REJECT,NOT_APPLICABLE
SKIP,REJECT,ddf36a740ef5f67981ce932269569e4091fb70ee09be33db5592354ec39bbc42,,true,43ee99eb21707259363951a9cdfc65eedcd332f5afee862119365995f6d6bc8f,AVOID,8575b663c27bcbe519e2115ae8b879f04c415b031642c44efbfa357fb9af067a,2026-03-12,true,RAW,47.85,BUILDING,B5|DSI001,NOT_APPLICABLE,GOLDBEES,REJECT,NOT_APPLICABLE
SKIP,REJECT,ddf6d9b43f9c1d1a61ea1601b2e3d8f5abfc3f2ff5316179fa61ebb4de6a0ace,,true,7511f503e1d972fc5c2fff3f38c1ecd34b28d871889e6f08bde5a11f5adbc4ad,SELL,161bc841b6fc97bff270e3185af4d2fadecf82290542ae7f4a5b9af41042b11b,2026-01-27,true,RAW,35.00,INVALID,B5|DSI001,NOT_APPLICABLE,HDFCBANK,REJECT,NOT_APPLICABLE
SKIP,REJECT,de090579385c71bc6fd72c14af967557073274cbcd1d1c56720430151d26246c,,true,73e279f8944c2354198a5e176d31be1a15664e52e9e91e2bd7bb0955444274a3,SELL,35ab90e35c51c0bd3e3271f84cecfb573547ebe867105b2c499138b367d1db87,2026-03-02,true,RAW,35.00,INVALID,B5|DSI001,NOT_APPLICABLE,HDFCBANK,REJECT,NOT_APPLICABLE
SKIP,REJECT,de1eb413db7407c87dbdf57a95941f75c71137bbde3a6f34d00b47fab6075766,,true,171dcf00bad035661157ecec4e1a54818cbd295e5b48ceb82729fd63afbf7515,SELL,26614af4e3844bc22602fdf3fbb1d8c38856bc57a43d475d5fd2480222bc38b2,2026-03-23,true,ADJUSTED,35.00,INVALID,B5|DSI001,NOT_APPLICABLE,GOLDBEES,REJECT,NOT_APPLICABLE
SKIP,REJECT,deb17260c755faa935cd83a09869b1ee8e8284129a30bb60ec3a3ed0c99ac266,,true,e1f86fd29b44e7405a7841e37efad1e7c3a1e11035b39381bf2a6c84a75c7445,SELL,f5872dc62e99db5e71fb28b92205156475adb563900552428157e6ac97e7c143,2026-03-05,true,ADJUSTED,35.00,INVALID,B5|DSI001,NOT_APPLICABLE,HDFCBANK,REJECT,NOT_APPLICABLE
SKIP,REJECT,debd4ca093d974248a8666ac10e8715a6200176a3cf49d822c0aaea442eec90d,,true,6af3271efba80232a4df840c2179fbf2d3eb9c65a423b9d4de4ad27264052d6c,AVOID,1fee3eb14514817f2d45576cda50ca1af702a8b1c769ebf20023ac19cfa27782,2026-02-09,true,RAW,54.68,READY_FOR_CONFIRMATION,B5|DSI001,NOT_APPLICABLE,GOLDBEES,REJECT,NOT_APPLICABLE
SKIP,REJECT,decd298485a1eb1768d221da778a358a7392524c8f4d4b43a9a51c676408b85e,,true,3801d5c831f1ab8c3a228434a880c111bd08825e8a6b8f5a2d7746e91926fd90,BUY,a07a1dff27d56d5015245d71350b21e32380432185401f89afeaebcbae61db46,2026-07-01,true,ADJUSTED,75.55,ENTRY_READY,B5|DSI001,NOT_APPLICABLE,PAISALO,REJECT,NOT_APPLICABLE
SKIP,REJECT,def06d9f4a3bf7413659e2a420c0489b86bee2566a6652afdb85affcd755c3ba,,true,b097d47a0314e04a1f06a40e38d2eb35a7d40d6c09897dab6f00ee3070c37499,AVOID,0ffae9c8794c2f2250594ba65a8d5c1591efbdfedea30dfcaf6bf769a370f830,2026-05-06,true,RAW,46.39,READY_FOR_CONFIRMATION,B5|DSI001,NOT_APPLICABLE,JPPOWER,REJECT,NOT_APPLICABLE
SKIP,REJECT,df182412d8ee08fd2a817ad254fdedcbaa2740fdc976f3f341355c0b9b1e2123,,true,c40c521edd5dcc69b1bf2e2c4e62fb5b959e0a86db6f9549e7e50c4e4fafa154,AVOID,ee747e6c1c15382a602489fe46e7cb8874f6c781855de6a5715a5ca3f3be1f88,2026-05-08,true,RAW,59.36,READY_FOR_CONFIRMATION,B5|DSI001,NOT_APPLICABLE,TATSILV,REJECT,NOT_APPLICABLE
SKIP,REJECT,df1888298ad16a40e2c01a87a5eaaed7105f479826b938d0f33ae5e32e6957a6,,true,f97b9d0a7ff812dbdb058e6e212d7a100bede2fff9b2ca0f98f62fd243d601ee,WATCHLIST,33ec3a748b0cd52b257832a00589ab1b72ad7011bc55e7536b7a2ed50ed90050,2026-02-02,true,ADJUSTED,64.09,READY_FOR_CONFIRMATION,B5|DSI001,NOT_APPLICABLE,TATSILV,REJECT,NOT_APPLICABLE
SKIP,REJECT,df22da20daea5eaabb29b25de06de463ee601b826cb33859f654d2d94530e284,,true,6dd2424cda4824d518694886833883ebc0dec5782dd1683227211563426ee9e7,SELL,a16d2e7b8b0b708f87ee206facc2ee525765969267392dd85c3ac8ba16affada,2026-04-09,true,ADJUSTED,37.99,INVALID,B5|DSI001,NOT_APPLICABLE,YESBANK,REJECT,NOT_APPLICABLE
SKIP,REJECT,df251e817f0c441e4b34b2655fa013131209602332f5374e34529c0c72d982c5,,true,505ba100d5e165aa9ad69137b34df9a29ba6f98ac8a9b488f29e6d36a9e1311e,SELL,9bcdc2db8d1b6706879934a95d357e977d57d56d19f7a176213567c67542b387,2026-01-27,true,RAW,35.00,INVALID,B5|DSI001,NOT_APPLICABLE,ASMS,REJECT,NOT_APPLICABLE
SKIP,REJECT,df29f3742809587cfac5d4cc8b839db4f76a3a1465d02947483f99929c4ed5ab,,true,2c4efb233fa18a26545081dbdbb973e515dfec8100fb0eb151318d69fb7ffe6c,SELL,af74f61c59957131491ffdc001a53ed05b3508eebcbf9c7e2af00f7977983e05,2026-02-27,true,ADJUSTED,39.00,INVALID,B5|DSI001,NOT_APPLICABLE,VMM,REJECT,NOT_APPLICABLE
SKIP,REJECT,df365d99d93be1d75d280ecca935baeed3c459f68c5312ee2c3214aabbc398c9,,true,7f544eecee9fc644dc74aa5086fba6a2d4ccc5829a3817e5c8da99e4458245a4,BUY,a3ad84308804ebadd6be97dbadc45c10f9e81bf8a16847bcf8db710ed7d6149c,2026-05-07,true,RAW,77.36,ENTRY_READY,B5|DSI001,NOT_APPLICABLE,HFCL,REJECT,NOT_APPLICABLE
SKIP,REJECT,df4336a189324511df183b29463eb010c53c4a438bed212d0fdae2e1bb78d903,,true,6753f6105c409393edc2e26f8460fc2cb56f1757e003a76536de7ab3fb074c76,AVOID,1f23936dcd4453fa62099210aa6d4df69a6dc6bb2b5e9d3b6f8748e0dd577aeb,2026-01-05,true,RAW,59.00,READY_FOR_CONFIRMATION,B5|DSI001,NOT_APPLICABLE,TATSILV,REJECT,NOT_APPLICABLE
SKIP,REJECT,df4c3d60c9c2ba3af2223281f65ae4ffd98dd2c6e24d0cc07cd537ad1678d6f5,,true,8bfe524299af1e2c3ae7655de3d58a94e20e34fa39e2f22b0337c33a27902c86,AVOID,82953709c44274f5b8f4b24ce66501240e1fe7fa13a12759c37a67a0f04a5c26,2026-07-03,true,ADJUSTED,59.00,BUILDING,B5|DSI001,NOT_APPLICABLE,ELECTHERM,REJECT,NOT_APPLICABLE
SKIP,REJECT,df527bb44b42e327c80c34432062152be4c4bd944f13201ec69d412c463275ec,,true,f1bda2ec709c6bbb85a4971ae7e6e2383a70e75c5a671811107d8d1ecc1e62e9,AVOID,0593e3b03f832d67babbd9f0bd84ba08a32d0c4cd646739f473057629f72fe7f,2026-03-25,true,ADJUSTED,45.59,READY_FOR_CONFIRMATION,B5|DSI001,NOT_APPLICABLE,ETERNAL,REJECT,NOT_APPLICABLE
SKIP,REJECT,df562807126bd57a1106cf0bf95140b2868c5dd64e34410e425e09b7c9afae4f,,true,c63f8cb9c624c3f72357733ed27f0546c5dd9ed823f43f3c12b434a7eebaa00f,BUY,f4bc612747218830633d7c9d31263cfca97bea2d0a1bc70b444571420708d708,2026-04-17,true,RAW,89.47,ENTRY_READY,B5|DSI001,NOT_APPLICABLE,OLAELEC,REJECT,NOT_APPLICABLE
SKIP,REJECT,df93354271ab380742510cd151f27c15bbfd9f7403961d567f7d10af59cae491,,true,1af2a0d9f3938cd147c627489270289c9b9163b075b271ebecc067ff326b762c,AVOID,1671b8ccdb670b18774aa197d1b40d1592628b82acd65da99eec408d8212df24,2026-06-01,true,ADJUSTED,40.00,INVALID,B5|DSI001,NOT_APPLICABLE,PCJEWELLER,REJECT,NOT_APPLICABLE
SKIP,REJECT,dfe312570217da498326e0d5b7e99bc9126f92bd381149f9d3be705ef20b7367,,true,30dc2606f384e69a448dcf50d9c7ff9b3517790243c6b27afe96819805e59121,STRONG_BUY,494338d831a50e3ec2853cc729938271bb1ee383ce5aaef8ace68c7d734054cc,2026-06-03,true,RAW,90.33,ENTRY_READY,B5|DSI001,NOT_APPLICABLE,IFCI,REJECT,NOT_APPLICABLE
SKIP,REJECT,dff14cd655a95d174d8f4a6b693583bfa1f5a418dd54478ea295f8cc17926f9b,,true,c2200c9e21202d4c4db09513397cedca0036a7c186207376c1f1ad8a5bc3609f,AVOID,002024c17ce80a0611d76dbe7468d886fce66036b7cfd703704ffadf36c52efd,2026-05-15,true,RAW,55.27,BUILDING,B5|DSI001,NOT_APPLICABLE,NEPHROPLUS,REJECT,NOT_APPLICABLE
SKIP,REJECT,dff15d6cbba9c51459bc43cf560f9f579c6d27fe8dc1cf8f006b3925bd3cbf0c,,true,cbd40522319bc82c9b311c963ff80807cb29d5e36f912a40b11928e48388f432,AVOID,e19ea4905b61c27fdebaad0b5033b6484fce524da4d2c0c092f22592685f98c0,2026-05-25,true,ADJUSTED,53.17,READY_FOR_CONFIRMATION,B5|DSI001,NOT_APPLICABLE,TATSILV,REJECT,NOT_APPLICABLE
SKIP,REJECT,e0129acbcfbe52c8e60aea327cc8087577fb040031337e98cd85ca7b47ded872,,true,5373c6a4f0d3f0b718e283cb5b21b28894a83fde4f56c162476a8c157b6c6744,WATCHLIST,5820c600b773e5c09ee550a4f50a12781e2940cd36be0c3c1a14aa782d3f9950,2026-03-12,true,RAW,60.24,READY_FOR_CONFIRMATION,B5|DSI001,NOT_APPLICABLE,TATAGOLD,REJECT,NOT_APPLICABLE
SKIP,REJECT,e05101ea2dfb9b1f4b24983792777da6499c26ab5a689ff908e271d77eea4867,,true,5111e4ea159fb8101800d169112d42411b985d70c6e38f0a353420d655c4657c,SELL,16f122f95e4ad1824aa55abb03d4ab8b64a0a9da07e3a1efffd8d741ff802ac3,2026-02-13,true,ADJUSTED,35.00,INVALID,B5|DSI001,NOT_APPLICABLE,YESBANK,REJECT,NOT_APPLICABLE
SKIP,REJECT,e06216dbecfecf49d201e3534b17bac5ea1113041e71392734051d8774760395,,true,6ccd56fb8bce17109965f6ef2c49fd3e9050446718d3566a13ccd79cc3466dbf,WATCHLIST,5b77eff525f899f45e67b27694772541ec1699d8f8fe9b89b65adc8b4743a583,2026-06-08,true,ADJUSTED,68.60,READY_FOR_CONFIRMATION,B5|DSI001,NOT_APPLICABLE,YESBANK,REJECT,NOT_APPLICABLE
SKIP,REJECT,e0998271401f379d800aa5f9f30297deb79b492c44e52d9c60b1779b89956544,,true,b6f9f35f114a8825e9cf8df92af7e361417887f795595d20c52470e6ca2e7ad2,BUY,781da9b4a77df27e6d2ee063171e5f15a6b808bb5da5628267d5c0b6488ec50f,2026-03-12,true,RAW,87.47,ENTRY_READY,B5|DSI001,NOT_APPLICABLE,NTPCGREEN,REJECT,NOT_APPLICABLE
SKIP,REJECT,e09c9cca6b47dabe08fcefde941ebd71840eb5dca983f7152f18a31e38a1bae2,,true,37ea06628d7864be3057797764d1fa584b468a1b075a5ae653a97955595c2360,AVOID,1dc0ea539a0fe38a461709c8e9b167a820cc5540c3aeb46fc684ef7ceb27b3a9,2026-03-11,true,RAW,40.00,INVALID,B5|DSI001,NOT_APPLICABLE,YESBANK,REJECT,NOT_APPLICABLE
SKIP,REJECT,e0a1719b6a91a6d74c5f6731a1418dc30ad4ea374080cc71a3f19c5ae211f3c4,,true,402f683f89f29997acdec12b8415a83c9394d945ffeb820a5b7b90ab676b042a,BUY,4925f67f009e66f3ae438836e005613df70f79379f21877d2141ea306ddc8796,2026-07-02,true,RAW,88.93,ENTRY_READY,B5|DSI001,NOT_APPLICABLE,PCJEWELLER,REJECT,NOT_APPLICABLE
SKIP,REJECT,e0a964c5695bde037ca510175beb5181e7242cd08bd1c6e6c35c42ae6f393963,,true,e9e4be2cdb05463a38a8ebaae50b67d2245d78540eb7ed2d330527f9e7e89c2d,SELL,d15ffc62c3eb96322e1c1b7906ff5e587c2256b02e3d6d93059fc76b660cc75b,2026-06-11,true,ADJUSTED,35.00,INVALID,B5|DSI001,NOT_APPLICABLE,HDFCBANK,REJECT,NOT_APPLICABLE
SKIP,REJECT,e0aa032b56dd79cbd65feee191a4eca70a58854ba151acdb995398d36d4d5985,,true,29e519c45a74bc4f6e0cf74976533f84b84eb7fa96c790214b56812a91468845,BUY,6127c92f7a21111d9b3bdb9682636e76807d8c41334510f2df932dec2a105bbf,2026-03-11,true,RAW,89.49,ENTRY_READY,B5|DSI001,NOT_APPLICABLE,JINDALSAW,REJECT,NOT_APPLICABLE
SKIP,REJECT,e0bb00c74945f1e15fc94dfa616046c0af0b0ee989ef13b6f04d29f2f879131c,,true,fff5c516103353e525946c360201fd4f2063edf45c63e3398eb39b8753922a14,AVOID,8a004299e7271caece472f75e8877d9671b3ee4182f92506aebef19f67c8f614,2026-03-09,true,ADJUSTED,59.00,READY_FOR_CONFIRMATION,B5|DSI001,NOT_APPLICABLE,TATAGOLD,REJECT,NOT_APPLICABLE
SKIP,REJECT,e0cd3b4b0485689ca69543b7d62b7352e6b07133e7bd16dc39787c018003f42c,,true,6435db9e7280d1042af5817908f67439542ba9efac931ec152af39f96148e581,AVOID,551bd5ee4a99819f06062eba51bea5960d3c95ec1088f809373774c9686dabd7,2026-01-08,true,ADJUSTED,40.99,BUILDING,B5|DSI001,NOT_APPLICABLE,LIQUIDCASE,REJECT,NOT_APPLICABLE
SKIP,REJECT,e0f02201a0d70c801006f5c31d94ae637bfbf60abfecbd9a002cc323e9e644fd,,true,b96a34cce9ba59f8ce9bad41a89cd8870fc88bade02986282d1d44d0c01da171,WATCHLIST,6b87532eba4c3f12862b3fe2e134ec4fa38191acaaa1202f9ce868d1c73f9b83,2026-05-04,true,ADJUSTED,70.33,READY_FOR_CONFIRMATION,B5|DSI001,NOT_APPLICABLE,JPPOWER,REJECT,NOT_APPLICABLE
SKIP,REJECT,e107d4a0bca48efbf2d09a5f6e076e3e15fa4b2876ca58ee549ec9e7d91aff16,,true,31b01cb608fe11cd039bd6a5922f68faef9bde3898ad50eefda995c41dfa4a13,WATCHLIST,15e1753f7fcef87acede5bcf77ac2e64ee4b29918e0ca80239d071d6f028a2d2,2026-01-21,true,ADJUSTED,63.65,BUILDING,B5|DSI001,NOT_APPLICABLE,JINDALSAW,REJECT,NOT_APPLICABLE
SKIP,REJECT,e1574898eae39b81f487eb38da5c96e6324890d41631ebaf8502e6b60e0907c6,,true,ab6bd3d26dca5d10abda88b25e1a517c3ccb1cdec1280c888c03b96fa1657b44,WATCHLIST,d983aaa303b87179b210b14e686d27e97ee6238d7dd0ef09afd382458b7865d6,2026-05-29,true,ADJUSTED,64.03,READY_FOR_CONFIRMATION,B5|DSI001,NOT_APPLICABLE,PCJEWELLER,REJECT,NOT_APPLICABLE
SKIP,REJECT,e16b135bf438e2148f58c30f777fe9499b5f0de7f6d0e6624febb5b02bab5785,,true,fe4495788c2f15ffe546cb6a2377d16cb8035e11deebb7c8e4ab9d907d52f81a,AVOID,385577b377aab1525f966edb11d52657558cbc4e3bd697a63352ead978c40c7c,2026-05-07,true,ADJUSTED,59.00,BUILDING,B5|DSI001,NOT_APPLICABLE,TATSILV,REJECT,NOT_APPLICABLE
SKIP,REJECT,e173e09bb4ca8835d2c785a4c5f3c5c4a926cd88a97fd81efd2c7980e176f163,,true,a586ed26f57341100639344474cdd86350031ae8bba61a52479a5fbbfbcd43bd,SELL,dfef15aad277432fd3b9a2528b9ac11b40cab78d2a8b75fddc4c3c308a2f9768,2026-01-20,true,RAW,39.00,INVALID,B5|DSI001,NOT_APPLICABLE,YESBANK,REJECT,NOT_APPLICABLE
SKIP,REJECT,e1818fb6e1f059c912b791404304ed057c58db83f08876c8c0c8a2e630366b73,,true,48a292e0b6c34c6ac9cc2d76a6572c60a073a3842acd3ddb967fe795043c4b60,AVOID,a292520291dc30329f4bb105cd2d333b732b7fa75b4f8ab4b2b944e9b98406d5,2026-02-11,true,ADJUSTED,49.92,BUILDING,B5|DSI001,NOT_APPLICABLE,GOLDBEES,REJECT,NOT_APPLICABLE
SKIP,REJECT,e185a7ec5c4d0bc8af54b09c73dfd155ceb7966777ecabaaf196135693fe1a83,,true,86b720b1f40666f835a3fa7f7a1e7ec8f228cbe4b644e414463be38cfda89c7c,AVOID,7742f311aad4ba33f8d8b4a261a2d206b4e6e0d9a17860a9c2e16bb18d2d3170,2026-03-23,true,RAW,40.00,BUILDING,B5|DSI001,NOT_APPLICABLE,LIQUIDCASE,REJECT,NOT_APPLICABLE
SKIP,REJECT,e18ecab26db60934b41c3361e06bf0e197cf14bba5494848f61e712cd8450dba,,true,7b0248d15f5c75be20cfef54c074dbcaf22eed83661e04c571c61bb9e67f7ba7,WATCHLIST,bddbaedfbed8a13086a50fbe0bb74c7ec2fc8eda063d4a5a239e9826cf8d35f1,2026-06-15,true,ADJUSTED,64.03,READY_FOR_CONFIRMATION,B5|DSI001,NOT_APPLICABLE,PVTBANIETF,REJECT,NOT_APPLICABLE
SKIP,REJECT,e1b3eaf060321ca14100a5f1e8edc79eb839ef630a4253fc53faa5ebadc8f772,,true,511dcbc82cebc72df067637fcd80377244cc397a6d6a7291ae0c3868981e1e6d,STRONG_BUY,fefc7a2493c8e4307cc30fc26df06751301c003dacfa770ac3ab9f0fbfc33b7c,2026-04-10,true,RAW,92.56,ENTRY_READY,B5|DSI001,NOT_APPLICABLE,OLAELEC,REJECT,NOT_APPLICABLE
SKIP,REJECT,e1c3f40d365e8292e412ede570ca9a1f2320191ce19ef4f02c1fe51c7a6f9518,,true,8e0c16804558d16689b7c5acc3642a2f80cb62c607067f7fcbfc347094bc7dc2,BUY,b9a71a04a030fca4aa3cbf5ef2987312267c7e22a67c4e316d688c24bdbefcb2,2026-04-15,true,ADJUSTED,83.67,ENTRY_READY,B5|DSI001,NOT_APPLICABLE,RPOWER,REJECT,NOT_APPLICABLE
SKIP,REJECT,e1c9b88a79ee14348b3734a34e7aa4f158a5b9d718f6128cd7392c687d808282,,true,9143c0a2803b19931a1a15c833d2804dedf73b7955fd9ee6fe3a7d9cf363606a,WATCHLIST,079c870aeeca3622bfcfaf79add2552fadc63316c6eb3ad311b3fc429aa71b9b,2026-01-09,true,RAW,74.68,READY_FOR_CONFIRMATION,B5|DSI001,NOT_APPLICABLE,YESBANK,REJECT,NOT_APPLICABLE
SKIP,REJECT,e1ee1416aa1be57caa5c18565bf97f14ff24c9615edea47d7f8f37aecbc7bd03,,true,80bc11422cb5a3d28503295eecfe716ed01b8448580facb3f94f9238472f5b1f,AVOID,457c5a309a0adfb678f2eeb1a38349889914fc4d8d69e6f9dc4a7f99fa378719,2026-03-09,true,ADJUSTED,57.10,READY_FOR_CONFIRMATION,B5|DSI001,NOT_APPLICABLE,SILVERBEES,REJECT,NOT_APPLICABLE
SKIP,REJECT,e2014f6e4a8d79053e6e5e25ea8782887f57dd65b8d875818931b001b8aa6390,,true,5df8e7cf85f6202cd54d78766bf9374f6821a4934dd0b27102cf216a6625d267,AVOID,1917d155e28b88bff9e3827409aa302babe43e278c073f57a39ef544dd6bd6d2,2026-02-23,true,ADJUSTED,45.70,BUILDING,B5|DSI001,NOT_APPLICABLE,GOLDBEES,REJECT,NOT_APPLICABLE
SKIP,REJECT,e20820ef8bab04cbd84f10f6bfd571d406fe4f1bbc16521531c5ea94b3c381ed,,true,43e8ff395d4f9802dd15ec849aae5bd9f237b43dd701994fe1dbf1bbf5cd0b1c,BUY,fca77e838ff5143bd57e000fbbe05eee448a8d4319a4956b223c4fb782b67e00,2026-04-16,true,RAW,87.26,ENTRY_READY,B5|DSI001,NOT_APPLICABLE,JPPOWER,REJECT,NOT_APPLICABLE
SKIP,REJECT,e255478285830aa7c9c08b42c6ebcc747a1ef0ef7aa6e0bf93896dcce1ef3635,,true,a3453d8048b19f1ae3f497b88ab945446ce4184ae478ee8be55353df1484da82,WATCHLIST,ec9af27980b02e77e05c62560c138902548d67c27983f51c5600389ccded0008,2026-06-09,true,RAW,61.74,BUILDING,B5|DSI001,NOT_APPLICABLE,CANBK,REJECT,NOT_APPLICABLE
SKIP,REJECT,e279694fde3f3c61b24bfeef84f6582ed26d34967d3b2eadff49f2428be64d00,,true,c7d5b0ccd840deb46c20230f45d5d9e6c8c2a41b32f6bec3c352cc300b310a76,WATCHLIST,b7f6c052f5a4fef7a103d5b64b7586efff905aee6ceb8b9e3fbd791e88f5b974,2026-02-18,true,ADJUSTED,66.61,BUILDING,B5|DSI001,NOT_APPLICABLE,AAREYDRUGS,REJECT,NOT_APPLICABLE
SKIP,REJECT,e2c2ad7c855a1c7f49bf2078bc0baa1ccdce7e6bf1f23f55a885d7dc6a218e60,,true,f772460c9d99473fc0b7600d1dbcf47ecdbbadb1b5057d192a7eeb00d57a1fce,SELL,570f785bb957463cd82b2bf651fb4eb801285561edf4c0ef9517b26133bda18a,2026-03-24,true,ADJUSTED,35.00,INVALID,B5|DSI001,NOT_APPLICABLE,TATAGOLD,REJECT,NOT_APPLICABLE
SKIP,REJECT,e2cbb669b8ee305fa24d04a5704cd8bddfcc73561674f920ab808bf8192bf36e,,true,adc30df4aab96c14b78cbe3ad17fcdd94607c550b16dda90998d53f69005b947,SELL,30f47819b83793b2ab73fd661b7f33e092ec2f463fb375126230637d25a816fd,2026-02-24,true,RAW,35.00,INVALID,B5|DSI001,NOT_APPLICABLE,IDFCFIRSTB,REJECT,NOT_APPLICABLE
SKIP,REJECT,e2d2a86f68d26d8ea9f8631917ab4a1714b081a394e8f0856569869afb7a617e,,true,dd7740cdf1b7d3b86da687761763c03777228659c0551867b1dad7dfbe92ca59,AVOID,b699d157c54019b69b04bd6c43d074164c263b983a9eb6b0622eab6751c47507,2026-03-20,true,RAW,40.00,INVALID,B5|DSI001,NOT_APPLICABLE,YESBANK,REJECT,NOT_APPLICABLE
SKIP,REJECT,e2d2d096010b4dcaaa7269a6fab124c1488772e50d40ea03f91037bd09014a9a,,true,f62208082485395ef28d422d06eb1e7374e02f80d2f6c10c533cd816577b9797,AVOID,d94ff672a049148017340025e5afdc8e5133b58a3e072dfb3dbfdde198b53bfc,2026-02-10,true,ADJUSTED,55.10,READY_FOR_CONFIRMATION,B5|DSI001,NOT_APPLICABLE,TATAGOLD,REJECT,NOT_APPLICABLE
SKIP,REJECT,e2d3a9289f9afd0039965910ed8c0cf1afab69748b92c6547976412568a48e11,,true,124096d547013062c89e90c70b43fab419c46c9ec7b8b27bcb970e8f48481c6c,AVOID,471f667c23f59f0854d73c89849099ede3082c4fda3be4d057cc76d9493a0fac,2026-04-15,true,RAW,47.41,BUILDING,B5|DSI001,NOT_APPLICABLE,HDFCBANK,REJECT,NOT_APPLICABLE
SKIP,REJECT,e2e436e660dbd9bc5abd7f917f9dd8fc5217b1b801e643e86b052315e63d117f,,true,04a51be5736e7103eb31d3672314dcd092286604926e71a5f2261ec7816b22b6,AVOID,856b81db0f0eb29c42ec16463acd6abdee2d8896d585270048fe8f2ca4f92c6b,2026-07-06,true,RAW,56.60,BUILDING,B5|DSI001,NOT_APPLICABLE,GVPIL,REJECT,NOT_APPLICABLE
SKIP,REJECT,e2eada063dc7031366b2f300db3c49946dfd81f0281b5c39625018e0eb0787ac,,true,f618760d7a9489a10d7f8764f04bfdae29b6efc4182b8db18401ce86093cf932,SELL,06b3028ac3b4f99868e82c5eea0aa08d3d29deb8ce0d0d2ccb74ec251cef28c2,2026-01-02,true,RAW,39.00,INVALID,B5|DSI001,NOT_APPLICABLE,YESBANK,REJECT,NOT_APPLICABLE
SKIP,REJECT,e3384d4b7d4ad8befe76041a855cd0a781a2cfdab2280e5428e82a086be8c33c,,true,ea8a9aecda864740c6025f0e1e50358bfc509d2a0b7e13b18ec0f3b72b326dfa,AVOID,7aa2065de41e93716d5c150ec5801be91f38842d4467a699f489c67cbafd5a4e,2026-05-22,true,ADJUSTED,59.00,READY_FOR_CONFIRMATION,B5|DSI001,NOT_APPLICABLE,TATSILV,REJECT,NOT_APPLICABLE
SKIP,REJECT,e33ced9438066b441e3d7e05ff7d7bc12470626a1e1baf243e2f59335ffc44c4,,true,89ce770e05f4704b849246117b681d4983086b8e6be3a736fbc3fdd260b312c1,AVOID,1eb7d3732e0fe677029a54dde8f0c2d7d820220607ddda7ff90123277857bb78,2026-05-22,true,RAW,52.47,READY_FOR_CONFIRMATION,B5|DSI001,NOT_APPLICABLE,TATAGOLD,REJECT,NOT_APPLICABLE
SKIP,REJECT,e343e7262d2e2a53f6cbd1f33e6084c9642eb8404b80d2b7534df5b4159be879,,true,8bc85fe5c937063defd1d0a2037b2d3be034bdabbfbf7e341747a25c08274bf1,SELL,5c9db151be6cec2ad8629282b7cf7496008630c72abff960d4553f86c41a162b,2026-01-23,true,RAW,35.00,INVALID,B5|DSI001,NOT_APPLICABLE,MONEYBOXX,REJECT,NOT_APPLICABLE
SKIP,REJECT,e356446b622f131040ba11552088401e55f99fc0aae9434805daa7732ecb4e1a,,true,510468763df38618c0c949ecd3bcdf0db3c26e66d48a8fa1d34d7fc50955548f,WATCHLIST,8eaaee8a2d09d740c8361ec5f12e4173664a112f61ce3b447a2371183c24813a,2026-02-03,true,RAW,62.52,BUILDING,B5|DSI001,NOT_APPLICABLE,SILVERCASE,REJECT,NOT_APPLICABLE
SKIP,REJECT,e38a79a2a24dcada6429e616440153dc8f19c533d6903b396f8905b0591fdde9,,true,a5e0ee7d066ab3dc57692ca8290cf99f6751fcd318017f5caecba6fc3398a8a1,SELL,81cb9086150e00d01beca4c8bdfb9638f909cc3381be2c64b91035f90fdc8a4f,2026-06-25,true,ADJUSTED,35.00,INVALID,B5|DSI001,NOT_APPLICABLE,SILVERBEES,REJECT,NOT_APPLICABLE
SKIP,REJECT,e3a331b11db5c61855a32fa85be8e85d49933838dc8b5fa3bfba11afcc79315a,,true,39c9fe27d16d3de5642cf65a13401b0bc3f5d9ee455d7cba0e10449592481b22,SELL,72630e4b21673fe30d98d95a6bab85400f98f16d5d630cf0197cf6819d852671,2026-03-04,true,ADJUSTED,35.00,INVALID,B5|DSI001,NOT_APPLICABLE,RPOWER,REJECT,NOT_APPLICABLE
SKIP,REJECT,e3ad5f5e9973854de2e649089cdb82bded2fc43b3ee27a19cc8d3dede48611c3,,true,16ae4c2e94bbfb46029abdf7e758938830482c9f0adcfc8d6629dfa5249f3826,AVOID,8e60852bf3d602ef9965a540e28550581e1e215c47598fd46322ba162be4ddd7,2026-02-20,true,RAW,50.60,READY_FOR_CONFIRMATION,B5|DSI001,NOT_APPLICABLE,GOLDBEES,REJECT,NOT_APPLICABLE
SKIP,REJECT,e3c098bf5681b0568f812ff23a6ea90caf481f865ebfd58371c4f80c8b41f4e4,,true,c48d4f07bc50c98a03a1229891c3c2fb83bc417b86ea1fbd3d92b58ba5b0a1b8,WATCHLIST,d326bd4df1f465da7f1e0a5c563f6093e001d360bb4575429863e97592127ce8,2026-03-17,true,RAW,71.05,ENTRY_READY,B5|DSI001,NOT_APPLICABLE,GOKULAGRO,REJECT,NOT_APPLICABLE
SKIP,REJECT,e3d904680d863607673e89ce42eecda4fae302e69dea5265286685ad45977ecf,,true,88801cf9e7a95bd144fcf21a1175b1d07d733a417e809e7c0b037c2751b0ba3b,AVOID,6a86d66e406a458506ea43b6a38dca7d5fca7faa61296b202c2e91f66bd259db,2026-04-21,true,ADJUSTED,52.37,BUILDING,B5|DSI001,NOT_APPLICABLE,ETERNAL,REJECT,NOT_APPLICABLE
SKIP,REJECT,e405baff45504ef9ebb1c447012b1b8071acd0a9aa017a1599355f85eb7e14d9,,true,4495b6034bd4c1dfb32213d83fc745d51b7cf997c3e5a11d2c1d6ed3744ebd3d,SELL,2f11e8acfab525158faa77339511cb2ec2938df68bbf759e9698a32fe9e89191,2026-03-24,true,ADJUSTED,35.00,READY_FOR_CONFIRMATION,B5|DSI001,NOT_APPLICABLE,HDFCBANK,REJECT,NOT_APPLICABLE
SKIP,REJECT,e40a0b8bf0658329b3f4f1c19e8b92cd54d174699d675190d1d68b7494f8e489,,true,cd9eaa7db6e098c18cdd436d42d4df0415b49ac5c563642475886bae34eb66f5,SELL,96eff145ff27eda0636b7e35cb9ad3dc5101452a0b247b96a48e12097fd6e016,2026-03-24,true,ADJUSTED,39.00,INVALID,B5|DSI001,NOT_APPLICABLE,BLS,REJECT,NOT_APPLICABLE
SKIP,REJECT,e4352e00522fcbd2e647fc5ffa0c227971a6816d5f1689d9603c1af23e5d3374,,true,92e9eac17a9af001c016352f02bc728e487d2244e8785fbb49691cfa7f748701,WATCHLIST,ff1f81d2e5a6be9f8746fc9be9952938edbce0fc070dc3f01bbcc555af97a27c,2026-07-09,true,RAW,68.18,BUILDING,B5|DSI001,NOT_APPLICABLE,BORORENEW,REJECT,NOT_APPLICABLE
SKIP,REJECT,e4387502219f9a7736a701577883f3ca354d1843ced712232de19098ffd7cf1b,,true,9c0ed715d2886fd37463c857a57946e3657c9f5083a54054242e9129c178a93e,SELL,4ad76d4e547e81723efe4da2969ec66f90fd34c656b5a97d9b2112ec33bf18da,2026-06-25,true,ADJUSTED,39.00,INVALID,B5|DSI001,NOT_APPLICABLE,IRFC,REJECT,NOT_APPLICABLE
SKIP,REJECT,e44dd2ae299663871fd2581a29bf633c1c1698811498ec9bc3e734d7348f47fe,,true,54887fa8dec83ea0dafaa6aae7dda32a4c30cf63550e67fb489a1ead31ef5e1a,AVOID,8dcef78fee9eb144add5dd557e5cf0f942e7630aa596ad613ce29d7251ff6ccf,2026-04-20,true,ADJUSTED,59.00,BUILDING,B5|DSI001,NOT_APPLICABLE,TATAGOLD,REJECT,NOT_APPLICABLE
SKIP,REJECT,e454514fd7937645ff4ca27c51c115c5dbdc91e3d5370b4efc8013828ebee07e,,true,5ae67b94ad1e86ff848cdcb9db53222c71f44946f8ce9796d2c29f843e5801c9,SELL,c4f8418e134c25dd4d6c5a3898eec6fa615639e4468b35b039a08d6f96195568,2026-02-02,true,ADJUSTED,38.55,INVALID,B5|DSI001,NOT_APPLICABLE,ETERNAL,REJECT,NOT_APPLICABLE
SKIP,REJECT,e49f654cdda13528df890cb8850167b370f6967b5a3c9ff4019b9a64a40e3ee2,,true,6e62c8a900e2ee55f3888d8941efa8de9ea5e9dcad78d768c57c6ca4f575e76e,SELL,e1585289cee8221c7d56d439805268bb8b9e6854dea8801f5611e59d7a65f006,2026-06-09,true,ADJUSTED,39.00,INVALID,B5|DSI001,NOT_APPLICABLE,PINELABS,REJECT,NOT_APPLICABLE
SKIP,REJECT,e4bdd79e1ba103690043c422390498946f0e6e27c6ae575f46b6b3259147cf9f,,true,d6ab224a1fd9292d7c4ddd3511c279c38d320b0fc2d9f62e110c6b362acee3dd,BUY,abd1abc1bfdbf350db929c179379f6503fd5e5b09dea0c506d7ba01fbe20b452,2026-01-19,true,RAW,88.97,ENTRY_READY,B5|DSI001,NOT_APPLICABLE,TATSILV,REJECT,NOT_APPLICABLE
SKIP,REJECT,e4cf6f1c42f0330b26ad99ebf1c641e95e89102ea41113cd9a9e12125943fc55,,true,52e79e7e6c852f6436331d139cf15bf7580f47cf499eb70d1e5261c43c95b316,AVOID,9d3f5b1f7d152832c15b61b1470b616737a0180d7e955736210739516047259f,2026-01-20,true,ADJUSTED,54.49,BUILDING,B5|DSI001,NOT_APPLICABLE,SILVERIETF,REJECT,NOT_APPLICABLE
SKIP,REJECT,e4d53cfbf0b3bd8cf4c09843ee6e50b9725c8fa13f37153e1e7a7f69d37c39ef,,true,54d6a386f4ee3d67e2033c7d0b9cf3a53636013cb85bc9058a06d9e232e460fb,AVOID,ad5a19f8cdcfedd567e6505484bff899b932b2f939a4ab42f41f2547bcb4d994,2026-01-19,true,ADJUSTED,44.24,READY_FOR_CONFIRMATION,B5|DSI001,NOT_APPLICABLE,YESBANK,REJECT,NOT_APPLICABLE
SKIP,REJECT,e4d74629d1ba3df5f492fee4b5fe7ac31f547d23a183b978c1f4f751ebc208a8,,true,78da19bbd5170765888911c6cc009ca3959164041ee224f96173767bd4885c6d,WATCHLIST,1df3d4f3f2e01a006a65dcc1433531f5368e9bf765fe153803c918b1017ce494,2026-01-09,true,ADJUSTED,72.30,READY_FOR_CONFIRMATION,B5|DSI001,NOT_APPLICABLE,TATSILV,REJECT,NOT_APPLICABLE
SKIP,REJECT,e50197cd083f957d996a879540a25fe35e2016a4377b4bcccc103ebbde8a9cf7,,true,ea4476f5738a6672072b70e45fb4ca3b01332bc37240759f4498dba3ae24420d,WATCHLIST,8da604d7d46a49525305c1340e243bed77d712cba0107574e3e0ac7f24cb1d27,2026-04-13,true,ADJUSTED,71.86,READY_FOR_CONFIRMATION,B5|DSI001,NOT_APPLICABLE,OLAELEC,REJECT,NOT_APPLICABLE
SKIP,REJECT,e50828a1ae54c117d4764b96671d850f021206ae58d08f4727ca55e696528447,,true,5a2bc7780ca46295995d1bb559da2491daa32c3f020a66e21b037eb641a5b93f,AVOID,df23efaef8e8effe1f66f1d6fc877ab3f9afd28ed7c0adc5753454cdc4d3b596,2026-02-02,true,ADJUSTED,50.90,BUILDING,B5|DSI001,NOT_APPLICABLE,NATIONALUM,REJECT,NOT_APPLICABLE
SKIP,REJECT,e509c84306e9408e3b0d69b976b76189d53caaefaf2026f5e6d0ab0a48a81837,,true,612c04eeeaa54b1ecb2d31c5188dab344d351c626475c399ab41d6024808f47f,WATCHLIST,09de274c028a8d8f82b2bc0efbcbb735da065e879d704b1376f356eab8dca653,2026-07-13,true,RAW,61.44,BUILDING,B5|DSI001,NOT_APPLICABLE,UNIONBANK,REJECT,NOT_APPLICABLE
SKIP,REJECT,e511b552295f4f92c2e12455b6cc7c437dc51ebb8f51ca9377f96f0c19ee365b,,true,f5d97c27e72ac883c8b69d15cfa601cf4a3d119b7d76344dfa2fc991cceb055f,AVOID,2d5426fa25355796125491202a8363bb5b2ba04156738a7a155aa7f9ac5ec07e,2026-05-22,true,ADJUSTED,54.79,READY_FOR_CONFIRMATION,B5|DSI001,NOT_APPLICABLE,HFCL,REJECT,NOT_APPLICABLE
SKIP,REJECT,e5232dc30de2cba71875dcbf33fd3eeda18ebbf72a25cb8d25453b90fb2faf2e,,true,6674cdfd3946a3a1262abe0f0b7cc60cc978060a6246f7969afa6775f4a9acf0,AVOID,456f936f5e194cbcf4767dc91835a6ef4b6ba8c62b0106d7153b7b5d52064c02,2026-06-22,true,ADJUSTED,54.12,READY_FOR_CONFIRMATION,B5|DSI001,NOT_APPLICABLE,OLAELEC,REJECT,NOT_APPLICABLE
SKIP,REJECT,e54c931558dd44314a4285b00aec5780cf24023d1ab4b6a6d8dfcee32b1facc8,,true,aabcf527b545f7fb6377406c5d040d6a427de3274e91ac9c545172241bf01c47,SELL,a219c52578d448e8533d5b0a024d761658bad9f4d30a033829549b17f2f891ec,2026-02-02,true,ADJUSTED,35.00,BUILDING,B5|DSI001,NOT_APPLICABLE,YESBANK,REJECT,NOT_APPLICABLE
SKIP,REJECT,e54cf5bb240a41f80a6e4fa11c87853e8fbba4ad5905f23301f855689e27216c,,true,79eecf1b751178459ef3e8e0f5a73da9c368dcb1223b01967195785116012b39,WATCHLIST,23cca40bd8731966490dc2511e91b6cb2d91f80d3be4b39002f6fdfc54dc0141,2026-01-06,true,ADJUSTED,68.28,READY_FOR_CONFIRMATION,B5|DSI001,NOT_APPLICABLE,SILVERBEES,REJECT,NOT_APPLICABLE
SKIP,REJECT,e5635ed199f1106ae2ed45fc34bb9bc968d81d228a0cff486a7f4ff90393dd9b,,true,0324643205cae739c1a9a6e000f8e865aa1b7649c64f6fd593104aa23e93f14d,AVOID,10c682f82220f853e6c074b2be9900c49557e6129c5a63445937cd400afb52f1,2026-01-07,true,RAW,51.09,INVALID,B5|DSI001,NOT_APPLICABLE,OLAELEC,REJECT,NOT_APPLICABLE
SKIP,REJECT,e578e2806f35c17dc1591ca011195d1a7463aa39a8d06f09878238949100c061,,true,09231d5380e67bf069623916a1a65ce991b3ea3ca6e53c653f66c500ee332e06,BUY,d40a204871e0e99c1b964d9f111c807d4ddf96cbc5f73edf2cebe01ffa03200b,2026-05-19,true,RAW,78.49,ENTRY_READY,B5|DSI001,NOT_APPLICABLE,APOLLO,REJECT,NOT_APPLICABLE
SKIP,REJECT,e59a246909b35279a820be9202537686195084ab1b5dfaa5ae2dec2ada12e23a,,true,7e4a05d3386059899b4d88c22b45e91a3665be4639825f0e8dfdf78c606d0ff1,WATCHLIST,382a7505e3821f78df9151d1332baee607ec0670a807f02c2be3e7aadd278fdc,2026-01-16,true,ADJUSTED,70.12,ENTRY_READY,B5|DSI001,NOT_APPLICABLE,SILVERBEES,REJECT,NOT_APPLICABLE
SKIP,REJECT,e5ced028f73c47e34cad3b4736437af7813a74fbde6b21c692eada0bd9fcb803,,true,8a99d8c226cf767df1d6a1cdbc47d378563e9c3a1bc20760301cab80975417ee,SELL,f325691c743ab5d6c2cda1550017048375a9fb8837ad00812e44104a5d247166,2026-03-24,true,RAW,39.00,INVALID,B5|DSI001,NOT_APPLICABLE,GOLDBEES,REJECT,NOT_APPLICABLE
SKIP,REJECT,e5ee78bf0b3d638ac66e35ec15dc0064144e2bb6596859357f0ebb5603823e66,,true,fcc6cb9d7200467af3bbb9606be1485d1d1f1496e59b8b5e07cb393ef8130eb1,SELL,7639ea9732ce509e248706100801717c77302426c94fed0ad6836d48cb6ded9c,2026-06-29,true,RAW,39.00,INVALID,B5|DSI001,NOT_APPLICABLE,CANBK,REJECT,NOT_APPLICABLE
SKIP,REJECT,e5f651822513eaf712be26baec692595ea30e64c731019483cd18051dc474302,,true,d77f8f6c7c7be5d5d8f57298cfdc75e4f0732e1d6096aad94ef75749989900a3,WATCHLIST,e92289f30a97f896f9b7b3880a8b028d956f47f67e723bbbf8399d3d857e8cb2,2026-02-23,true,ADJUSTED,69.22,READY_FOR_CONFIRMATION,B5|DSI001,NOT_APPLICABLE,MOREPENLAB,REJECT,NOT_APPLICABLE
SKIP,REJECT,e60164715fd37d48671171e71ab20d4eb4648a97bdfa855a4b47234d92c1dca2,,true,3787f3882bf9979c05f3538f6267e8a3a2e573b6d79b9e7fa84f9b29a57f46e0,SELL,4ea8f22d1261bef245bff1fbf5cb523b36e5c0add2023612d7d24a4bfccbd2c3,2026-06-29,true,ADJUSTED,35.00,INVALID,B5|DSI001,NOT_APPLICABLE,NTPC,REJECT,NOT_APPLICABLE
SKIP,REJECT,e60e162957b2bd4a5805cd8631b7e4fc81c79b1cdbadbf93db05c92309ef493b,,true,8989fb5634f30cc3a16ded4ebaccde873d8a969b7033994f85254665de380a58,AVOID,b4901d1f11abce0ba836fff5f51c9927a2c0daff44f48e07c9191dcf9afe647f,2026-02-09,true,RAW,59.00,READY_FOR_CONFIRMATION,B5|DSI001,NOT_APPLICABLE,YESBANK,REJECT,NOT_APPLICABLE
SKIP,REJECT,e6b36f53100d12c20ba980409ee4b2b3711bea6662fe7deb9c381c82a36b0b7d,,true,43d68180a921b081f7b380209d9ce525fee24224f996c3ae08a25871eff2184b,AVOID,4a5b66d62d2af9547ca2767b896bd1a1b62212f9924a0a5f7a9f3c0d12679b35,2026-02-24,true,RAW,54.01,BUILDING,B5|DSI001,NOT_APPLICABLE,TATASTEEL,REJECT,NOT_APPLICABLE
SKIP,REJECT,e6ce60ad4b70c13336a9d3a9daff910334efa6c1b9338ef03411afa6fef3d3d0,,true,6435db9e7280d1042af5817908f67439542ba9efac931ec152af39f96148e581,AVOID,551bd5ee4a99819f06062eba51bea5960d3c95ec1088f809373774c9686dabd7,2026-01-08,true,RAW,40.99,BUILDING,B5|DSI001,NOT_APPLICABLE,LIQUIDCASE,REJECT,NOT_APPLICABLE
SKIP,REJECT,e6dd4a1cc75efd321e2623ec7718c73e7389b00342fe367deee66e55e7fab460,,true,a0a2c9b8ab95010a153e9f80354f478388894e954e810167ea27bb82448b6f9d,BUY,58cc82a6ae990290cf9381e6707cf312722a0083b7361c7a4da65eddae812cb1,2026-01-12,true,ADJUSTED,89.49,ENTRY_READY,B5|DSI001,NOT_APPLICABLE,IFCI,REJECT,NOT_APPLICABLE
SKIP,REJECT,e73082323d547a2f2d65b6072535fe2a9040abdf5957ee197253d253a0ab1e4e,,true,e43ebbc9876a180512f54850ffce95e286744bbf5383411b2ef0df08e39d08c6,AVOID,7656382ae740e87c591fd3133ac30d7b54e46a4f206a929786a7e008c5a79e58,2026-01-16,true,RAW,40.00,READY_FOR_CONFIRMATION,B5|DSI001,NOT_APPLICABLE,TATAGOLD,REJECT,NOT_APPLICABLE
SKIP,REJECT,e735151f0b53d71c2220bcca0d2c777cdb2f0d55816a59f0a7af4215f27bade7,,true,8d4d9bad3bf5520e8f5eb053f9f2eb06c7874f8d5b51b3ffac3ab2fe48b1451e,AVOID,afb334856a15b6b65f9e681bae7fddb951f7f0b2dc6503e5d6e5a7bba17a3a7b,2026-07-17,true,RAW,50.06,BUILDING,B5|DSI001,NOT_APPLICABLE,YESBANK,REJECT,NOT_APPLICABLE
SKIP,REJECT,e7432fbd971d4d4e9645305341f79b70e1f6f4b18c93429e4fdd65d2aad98c99,,true,448985dd186d7432fb942399d2205243171687394688f7c6fc6eb93e7e264d01,WATCHLIST,8a0820f5742e5e866866a8ddfb5e0942750f8fb074a924baea86b6e16c95c021,2026-05-27,true,ADJUSTED,63.25,BUILDING,B5|DSI001,NOT_APPLICABLE,OLAELEC,REJECT,NOT_APPLICABLE
SKIP,REJECT,e7719ee378443d4c54ef3de34ee0c832eb32a084a7de26b6c6e14eea46c1320c,,true,b09d2e7c4e19ab6ba27fbe63b67308dd275e2484eb8bf706d011ba1117f6fee7,WATCHLIST,aa8c231c25b3ddef7be32cc24f2408d8513ddaed8b63fb687b91b7c9bf4ab62a,2026-04-09,true,ADJUSTED,61.40,BUILDING,B5|DSI001,NOT_APPLICABLE,PRUDMOULI,REJECT,NOT_APPLICABLE
SKIP,REJECT,e77dbbd3c7773d63438133c0cd25b70de8add4e5c17b39e2e0cf12f9b6cd3d50,,true,bfde2be89acb82bb69e5da9cfca8201dbab4400abe9abc96d56f24c094f4164c,AVOID,3509f5f4b71f4c78c0439428c604bdaa5cfa485dc5f3ff46fece5f124448618d,2026-04-06,true,ADJUSTED,56.00,READY_FOR_CONFIRMATION,B5|DSI001,NOT_APPLICABLE,OLAELEC,REJECT,NOT_APPLICABLE
SKIP,REJECT,e783382c1a074c52c3ec87f3181f9177834c5b5090954f9f56458eaa2d4a505f,,true,8c8cdaf13695e9df8e8062ac5d277769f6b985cc58e96b48fb26a55dd68fe78f,WATCHLIST,16897cd00ccf88a7ee3f4d1ea4d5c4ebff2312383e775f8fb09a7d7655b711ec,2026-07-03,true,ADJUSTED,66.97,BUILDING,B5|DSI001,NOT_APPLICABLE,AEGISVOPAK,REJECT,NOT_APPLICABLE
SKIP,REJECT,e78a9157d09f27a32aaee68372db27883a5f580d5c64ab8a386fa46b95a94603,,true,37a8e4e33e6ef5ff72f03da0e5d5736395e45a3ab29c2f7d16fb520a0e39688a,SELL,c6d2bb6b170351466b3b19689fa4c0034e5ef1632047ddb8280ef20ff0e77acc,2026-03-10,true,RAW,35.00,READY_FOR_CONFIRMATION,B5|DSI001,NOT_APPLICABLE,YESBANK,REJECT,NOT_APPLICABLE
SKIP,REJECT,e78addc3e4fb5287b98853de4fff2e6d786926840f941646b77bbf51c5f8e5f6,,true,0bf30c02774695dd189cf68cf97a4775b06107e5af16e78fb72e05dd37154bd0,AVOID,18622d53df106166134698023caa62c35f7774737efe9bbd781a725c92570acf,2026-02-12,true,ADJUSTED,46.34,READY_FOR_CONFIRMATION,B5|DSI001,NOT_APPLICABLE,SILVERBEES,REJECT,NOT_APPLICABLE
SKIP,REJECT,e78e3cfed06a4d7f26fc48a939440066aff9685cebc061f555fab818a6f82384,,true,6b3cf4f32a98658f7576e42f23db7f7769da2989bc681579bb659a02951cad93,WATCHLIST,0a84fb5dbd4a8430c11574abdb753beac4b2a6b6b00a6d95efbf5ae3e603bb9c,2026-06-22,true,ADJUSTED,60.00,READY_FOR_CONFIRMATION,B5|DSI001,NOT_APPLICABLE,JPPOWER,REJECT,NOT_APPLICABLE
SKIP,REJECT,e7ae0c37333b5581290f2f540a2a48bd611b27e36ecb91688fc88f0fbba567bd,,true,159b47f0e080e4e3ff4f881de87fa6569449968e90ee3f8c0591ff56dea25b75,WATCHLIST,50d9d66aba0d67457874240aeaaa342b469f3161a64959681313ddd0e3c40feb,2026-06-29,true,ADJUSTED,60.28,READY_FOR_CONFIRMATION,B5|DSI001,NOT_APPLICABLE,GMRAIRPORT,REJECT,NOT_APPLICABLE
SKIP,REJECT,e7b06fe4428f3678ba748e76805eed2b4e218651f280312d18f2c263c57fb5ed,,true,35745695928ba57812b249ba93d052651137adf8e218a6f2ed1f27b9fd6a7b88,AVOID,70575ab0bef684447cf8b5d1aca597e134499a3604d014279ae43506c2fecb98,2026-04-17,true,RAW,51.12,BUILDING,B5|DSI001,NOT_APPLICABLE,HDFCBANK,REJECT,NOT_APPLICABLE
SKIP,REJECT,e7fd2844e8d7f08067209d4527d143552eea0a80c0c7d5bf62880977e42eb027,,true,f0f5e842cb75b65d4e7645f71b33efdcaa453be438942c80b1466583901cc955,AVOID,657286cca19b5debb6fa70c50d2d030b024a113fdff971d78eba1b527f327625,2026-07-06,true,RAW,51.07,BUILDING,B5|DSI001,NOT_APPLICABLE,LIQUIDCASE,REJECT,NOT_APPLICABLE
SKIP,REJECT,e80632dfdca3eca1afc06eebaff48a38bd6aa4b8a01865e4f007a8a7d5347e74,,true,3f109237e28045ec152ff761f6213561ed8b186e5e28e11b581ffd7d07185583,WATCHLIST,da4c010ed4b3e778aae1a9f02c39ef0bd7e3b73cbf2853819900873b07ec9bc8,2026-02-18,true,ADJUSTED,62.27,READY_FOR_CONFIRMATION,B5|DSI001,NOT_APPLICABLE,GODFRYPHLP,REJECT,NOT_APPLICABLE
SKIP,REJECT,e840e8c0af3b5dadf833bc712b7b8442c86f8dc7038eb9fc3f1f8f7848ae9b48,,true,ba3137bb939335c5d1e942606c21631cee5ca971ffed45ec744bbcec948295cb,SELL,15102d19e08aa921ef89a77bd71ac591fb6292ce71351e6d9adce57abebe1184,2026-04-07,true,RAW,35.00,READY_FOR_CONFIRMATION,B5|DSI001,NOT_APPLICABLE,YESBANK,REJECT,NOT_APPLICABLE
SKIP,REJECT,e8ae19b35ec23dacad3b9aa2da7b2f23a353b1c7ccad6da0004fde40606aa697,,true,89f27c6e520d825d7a3260fb7fc18f4a027be70b90d065a1b0a14ae0d75619cd,AVOID,01240c5f2bd06f1dfe83aa93552bb73f48cf8ee9cc0d94a1f32ec5d163ee3ca3,2026-02-10,true,ADJUSTED,54.16,READY_FOR_CONFIRMATION,B5|DSI001,NOT_APPLICABLE,GOLDBEES,REJECT,NOT_APPLICABLE
SKIP,REJECT,e8c1d88978fe5d780879f2d9114df5a0d1d7c51ab85778daf19f1a147f051447,,true,a29c3a72c0f69f364e15a58103be01b757b010e967d3615f3280c977197c99d4,AVOID,676565329d717024cce79a6738c48447e32dbb3fae28ccc9f2becfda9e17b261,2026-02-12,true,RAW,55.02,READY_FOR_CONFIRMATION,B5|DSI001,NOT_APPLICABLE,SJVN,REJECT,NOT_APPLICABLE
SKIP,REJECT,e912266e467feeacf1d3e0ee69041b18e2d82f36de369929c8f69f4df1b4206f,,true,fe32c6fe540d2dbee317eb72b8432d41fc73e6c9eae010f1093f99979aaaeafd,WATCHLIST,9d14470d78adeffb0e999d63b49b142859bee67253eff044d0348906241a00c4,2026-02-05,true,ADJUSTED,70.71,ENTRY_READY,B5|DSI001,NOT_APPLICABLE,ASMS,REJECT,NOT_APPLICABLE
SKIP,REJECT,e9344c486f162d862ef9ccd22947e908877da6da4c17bbecedf7d3f071c01ad0,,true,7f3bf105198051a4813e70af69796c88edffb91a2df3c261316f28c863ca1e38,AVOID,5d8b9db2172d8f38900d08a44d7c6972a9f6de923a4670c3adcb760d644f147b,2026-01-23,true,RAW,40.00,INVALID,B5|DSI001,NOT_APPLICABLE,GOLDBEES,REJECT,NOT_APPLICABLE
SKIP,REJECT,e9372084eb0afa5c2235b925522cc93b22d3ff4815ae64dea828dc337f3c611f,,true,6f46156bca081c685bf3de924f10e5fd524ac431c1c98075332c2f7a87451171,AVOID,a3538b4730d9c122d767dc2bf7e7e6487dfb5c143108d4164d9a960c19d4e2e8,2026-05-19,true,RAW,45.65,BUILDING,B5|DSI001,NOT_APPLICABLE,GOLDBEES,REJECT,NOT_APPLICABLE
SKIP,REJECT,e93e11351f776869fd49d978b255d0c0155c4914a71eaa169d48030aecd56aeb,,true,f99b1e2f834e6f06dfc75bc6bf66f878e3d07feeaef625a5c4e8baea5bb039d3,SELL,3a9572fc76b8e490c8fb47d410b7af5159e7bce8e7a7d884339553820582424d,2026-03-30,true,ADJUSTED,35.00,INVALID,B5|DSI001,NOT_APPLICABLE,HDFCBANK,REJECT,NOT_APPLICABLE
SKIP,REJECT,e946c632a4720031a5b4f4dd74d521c7475aea301f770542311d13df22cc2821,,true,ab237a654782cf8342fdf0bc5ec675c73036e78c7044a1ae7ed2f04a8741d9d4,AVOID,4362f04d8237c46ce150babe3e9e95ca1f455ca49506a27f9a90c0ca7ac68b77,2026-06-02,true,ADJUSTED,59.00,READY_FOR_CONFIRMATION,B5|DSI001,NOT_APPLICABLE,JPPOWER,REJECT,NOT_APPLICABLE
SKIP,REJECT,e95e2bcd8cfc7e984b5aa873f9692832222c7cf1724ff5d3fe7e0aac9344efc9,,true,5506f568c60b0b35679a01a3587855307bace7a60acb52a5871a0238c321b814,AVOID,065a09431cd32a9d88d648c758607ea63948b0dcd256d96fbfaf4770ee735bbc,2026-02-05,true,RAW,51.47,BUILDING,B5|DSI001,NOT_APPLICABLE,SHEMAROO,REJECT,NOT_APPLICABLE
SKIP,REJECT,e9881c1a3757ca06d8f686a28673dda5307a88ba9971bb90d7f19c79c5da72bf,,true,1ebccb8ba8d70e1b1e72aabd7b1943799f15caa73edbf7ea46f50ff397dbcc41,AVOID,22f04e37d4e1ce30f7e32506e36a5dc02ab30b98623794b54e57827fa5f0463d,2026-01-05,true,ADJUSTED,57.86,BUILDING,B5|DSI001,NOT_APPLICABLE,SILVERBEES,REJECT,NOT_APPLICABLE
SKIP,REJECT,e99d1c2f12c9824189dea5982428a225686554d06245c0412a739110c5b3ae12,,true,38e503d2a7793a62586e71aa38c7d457b7791aeb6277970f4cccdf4345d6c74a,WATCHLIST,192f03e771ca43b9a67510bb83c6caa3ad37c1bc65766e938bb1f8a31dcb28ed,2026-05-05,true,ADJUSTED,74.00,READY_FOR_CONFIRMATION,B5|DSI001,NOT_APPLICABLE,YESBANK,REJECT,NOT_APPLICABLE
SKIP,REJECT,e9c7a762bdf7e41a81a6542128ba9f725b5bd32c9fee01d9ae810eb75247862b,,true,c715d6b8ee3ad0396723a9f55f3a9fbbc7731a644d733fd5968b51723d3aa93a,SELL,27324d582e7a7e511f97204c8978831b7bcebd3ecadad35a56427bacc871ba9d,2026-07-20,true,RAW,39.00,INVALID,B5|DSI001,NOT_APPLICABLE,CANBK,REJECT,NOT_APPLICABLE
SKIP,REJECT,e9c7bb473506db95c3db1b27b03967366903f3625b87220b8bad3d1e73f55a27,,true,e5e16b57ef72c130ab76a535c7aba858ca435465ba678ffe0ec81199cbb19a1b,BUY,89f7e477c09ff1ecfe23cca1a908ca7d377593b5cf1cee3af6e0f79cf7596470,2026-01-13,true,RAW,88.98,ENTRY_READY,B5|DSI001,NOT_APPLICABLE,TATSILV,REJECT,NOT_APPLICABLE
SKIP,REJECT,e9c8fd9aec7fa1a4450265a361fd5f4d591ad2d3bd52e19f8373abc77fb5943c,,true,621a6c033091f654cba9581ab668bc34629e0aa627ccd2f2cc27b85d19fabc47,SELL,81cebc791ecb85cc10691e5d81f66d875af7352c6d7c7a3a76f1849b0a6cd3c6,2026-07-14,true,ADJUSTED,35.00,INVALID,B5|DSI001,NOT_APPLICABLE,TATSILV,REJECT,NOT_APPLICABLE
SKIP,REJECT,e9daa3bc858e909e83fa8d1756910aab6ad9ef4862fa7a7ee7f2b0e90e834d00,,true,058fae9d7fa665dedeebc8c0c226774df3346889220eb272a9705726aa98337d,AVOID,8d00707db6dc2b1e81233abfda825dcef9c939dbecde1836b76fd72e5b51e264,2026-03-16,true,RAW,40.00,INVALID,B5|DSI001,NOT_APPLICABLE,FILATFASH,REJECT,NOT_APPLICABLE
SKIP,REJECT,ea280ddb371cad3f2320370f7d7c72c0d722f06462cbc932f7045546bd9642e6,,true,a8f58758e3f154de5735ba7468b83a5154e53253df485b1efb0b25d5eefefc24,AVOID,b2cfc975b276ee95d1948a58ac08101da50d60d881cc8864e31262da063fd22b,2026-06-18,true,RAW,55.01,BUILDING,B5|DSI001,NOT_APPLICABLE,HDFCBANK,REJECT,NOT_APPLICABLE
SKIP,REJECT,ea4bb36925a5bf56548e1f361f676826c65ca22044b732c8f426f3cd174d51d6,,true,fe836288fbd8a1e3d521ee41a0f44ae21468e2fa6bb00b1435af29e15c602a74,WATCHLIST,e27acf970a9ecf8fcb684118cb04e49e5d46a8f9e6ca61f668084cbece606e4f,2026-01-13,true,ADJUSTED,74.00,READY_FOR_CONFIRMATION,B5|DSI001,NOT_APPLICABLE,IFCI,REJECT,NOT_APPLICABLE
SKIP,REJECT,ea5a7671f29e8872cbecc076d5a7ddf3d06f8a33dfc1b62031bce519b5158a97,,true,29837fe98e18cae63e6b71e6aed7bf158495dac6e2ff03ff665770c7e8de3250,AVOID,80ccd8887715338e9c0e369d5468a016455b9d77beea3d190fbc1c795f564c62,2026-03-06,true,RAW,58.88,READY_FOR_CONFIRMATION,B5|DSI001,NOT_APPLICABLE,TATAGOLD,REJECT,NOT_APPLICABLE
SKIP,REJECT,ea5b005f6bef236e452637a718836ed60c4548a724056bcc0a498b35f84226c0,,true,a82474b5fdda18f3f12a1ce51492f32421f0bbfdf93b3dfd681480851ae36e44,SELL,a6a3773c5da045c58e10b865b23f05b87f918dc662cb9a760a3d2a94b0c30aac,2026-06-24,true,RAW,39.00,INVALID,B5|DSI001,NOT_APPLICABLE,IRFC,REJECT,NOT_APPLICABLE
SKIP,REJECT,ea5c59fd1b0c62ef35d4d3f97cc7e427ffdf157957c9762faee8b5712aa1835a,,true,cef843dddef4134f2fc6832ebb28a12d0a29163558e6786de7af54a16015631a,BUY,f51bb911ee09dc4e6c3a684b17dc3f270b8078999846b5b7c7c9b65214615836,2026-01-05,true,RAW,81.22,ENTRY_READY,B5|DSI001,NOT_APPLICABLE,YESBANK,REJECT,NOT_APPLICABLE
SKIP,REJECT,ea83a9e8e5b18fd815dcd380c80e04ae165f1baab6291c06896be9a29aaf6d8a,,true,eaa8a5aad979073d82c321d4d7f687ccdf0122247f186b9a3d4b5d9b2c8613bc,WATCHLIST,ce417d867e20f634a04e44a56f908a10046ae6e56f5345344fa60b7429c4ee28,2026-07-13,true,RAW,74.00,READY_FOR_CONFIRMATION,B5|DSI001,NOT_APPLICABLE,PCJEWELLER,REJECT,NOT_APPLICABLE
SKIP,REJECT,eac78ae3d7a3d47af2e9b92f1c992c05f3cf9a6da12e8516c411df0074a74944,,true,5406f9bc811cd2c72baf268ede8e080d54cef170e04a78e3b627d783feffafe0,AVOID,21225489a3a72f8def8e032249b0d6fe806f43a0741621fc576bc33c508f5bdd,2026-04-22,true,RAW,45.61,BUILDING,B5|DSI001,NOT_APPLICABLE,TATSILV,REJECT,NOT_APPLICABLE
SKIP,REJECT,eace04f7c690ab800867d2fb43446e98d72c2d9a9547710bc9d36f4172c2ac0c,,true,dabc3335d32dbbd4c8c50bcd81c0dbcaa6addf844a4ada0bbf52e75f1f7f84ca,AVOID,c09f4a7f2ba2c2d1615ae59597346514f635d4c182949a3e33a5e7d4d70a196e,2026-06-01,true,ADJUSTED,52.30,READY_FOR_CONFIRMATION,B5|DSI001,NOT_APPLICABLE,YESBANK,REJECT,NOT_APPLICABLE
SKIP,REJECT,eb0129c2357ae4e0b8066dd193ffb6bfe37fa2393679e75cbc7fda9a3ac61502,,true,2d573b945e38e9ec350d072b5bf283c8e56a63a2340afd0ddaa87c925f5e63b4,AVOID,d5b4ccbaa88c6e0ca376b505684184d68fa6ecc259f9e4aaaa0be195f659631a,2026-02-16,true,ADJUSTED,54.08,BUILDING,B5|DSI001,NOT_APPLICABLE,GOLDBEES,REJECT,NOT_APPLICABLE
SKIP,REJECT,eb0516170eb3f6f601c6f295c559cbdabbcb9e9045a05fd95ea5d301e100bdb3,,true,db8921b9f0b5f769c11ba57f9a8df4ec6404662f689589e7b5bd2826964e50cb,AVOID,b833659fb1f41640e8146bc84f869c3b5e8cb5a0b91ae774633b20d920a00583,2026-04-13,true,RAW,46.17,BUILDING,B5|DSI001,NOT_APPLICABLE,LIQUIDCASE,REJECT,NOT_APPLICABLE
SKIP,REJECT,eb099f46066fc522a7d68b62d901c9123698a3b0f3af3c07b4f2e3003f7abe59,,true,6c09571c8444bb7c637a8302836f9330e2912c6b7477c97546f4c73389e237b6,WATCHLIST,faa815ed68adf3a514242a856ef6072a6e83feb908319c8f27201fb621ce2b33,2026-07-15,true,ADJUSTED,67.27,BUILDING,B5|DSI001,NOT_APPLICABLE,DAMCAPITAL,REJECT,NOT_APPLICABLE
SKIP,REJECT,eb733598661885f88a9736f0d75b2d7bf212a9eaa0c09efff5fa89a8d465a2a1,,true,699b0dbc7a5360487e395561577b6a2e12412642309497d70b2b9c24059f1d74,AVOID,2e2f0f6ff04e5fa4236bca4b3b77385972b15da5ba2f45102a14d9f9d2dc2086,2026-06-23,true,ADJUSTED,48.38,INVALID,B5|DSI001,NOT_APPLICABLE,TATAGOLD,REJECT,NOT_APPLICABLE
SKIP,REJECT,eb8f92090ad8e1f71e02ba44f5cbb40d7144ff70d0d682ab8d69c5b9043f4054,,true,ddc22fc0fb8655f2f7f6000d6120deb4e553280aaf5d123e2a6d97582c96e999,BUY,04f5a1ef4fd87d08b2e58afc9db1086360f34f5af539fc06673983ef63a2088d,2026-07-10,true,RAW,82.42,ENTRY_READY,B5|DSI001,NOT_APPLICABLE,KALYANKJIL,REJECT,NOT_APPLICABLE
SKIP,REJECT,eba050df7abcee367a793713e1ea95e656155851d98fb54feab03fc67f1460bb,,true,27bbe46d4de739fc42732039380fb97e86fadf17352047937103bda60f280808,AVOID,deab69c8d7ecb9fe6ad7d937c80988549ca5a529d27d9421fc6d9ed1a9aa50f5,2026-06-12,true,RAW,55.00,READY_FOR_CONFIRMATION,B5|DSI001,NOT_APPLICABLE,GTLINFRA,REJECT,NOT_APPLICABLE
SKIP,REJECT,ebca5243c78cb17ac0c9addf9a67c9b278d793fb8fb547e8f3137030b43dcfd8,,true,a4fa69fa5ce6b844a3ac2ff44ed99b624c79fe78905cb1b30e988ea3848b7536,SELL,515bc214ec9e8370326b0d838c0bc5aef8d646c5f27cdf5c9dffa79d5a8ef6c8,2026-07-13,true,ADJUSTED,32.61,INVALID,B5|DSI001,NOT_APPLICABLE,TATASTEEL,REJECT,NOT_APPLICABLE
SKIP,REJECT,ebe31a2ee65b12ce1d3641b91a94c045fbe91ad307cbb49ba038d8add5a293af,,true,4d779d015ef5345049a4f53686cc72cc8fc8ed33bf744d3159e1f418bb30391e,SELL,ef95a84c56c1c9587c1c7457b1fc9fe0bdb7a52412da99d1e0f4e21f24ffce98,2026-03-24,true,RAW,35.00,INVALID,B5|DSI001,NOT_APPLICABLE,PCJEWELLER,REJECT,NOT_APPLICABLE
SKIP,REJECT,ec51f7aff53e9306fb645c934361c296ecf80628b040d9fb8c4e1c346b3d299e,,true,6fb5b32fac4657b7b368a0ac945519b25a00d0e7ac14c08ca51855951060fa92,SELL,83fcd4c62cec564b5f263719efb5519a22be134047a0304bf7e504e009071868,2026-03-24,true,ADJUSTED,35.00,INVALID,B5|DSI001,NOT_APPLICABLE,SILVERBEES,REJECT,NOT_APPLICABLE
SKIP,REJECT,ec5236e4696fff640e9a695aee809454957cbdca82c22afcec2a98e5a5dab36b,,true,b6a40230087b8e40807f873aaf1ae708fd03104be1b9a8c772ff779e54921322,SELL,1047fe9b2577c8137889f01faf184532940c133d855b811569ca25d3aaa7fec2,2026-05-22,true,RAW,39.00,INVALID,B5|DSI001,NOT_APPLICABLE,CENTRALBK,REJECT,NOT_APPLICABLE
SKIP,REJECT,ec6471cee914cadb5245202f03bf5841309c852618b5ea75ebbaae9284e14324,,true,863021b7c4c1431e83bc7abd5b8d177229f4d9b4ff05299ea1f2a4fbf73b098a,SELL,68b3db6c2d8e02781d7fe2f3512aea5199e5a9ca79efbb32ed76db47e9e070f5,2026-03-18,true,ADJUSTED,35.00,READY_FOR_CONFIRMATION,B5|DSI001,NOT_APPLICABLE,OLAELEC,REJECT,NOT_APPLICABLE
SKIP,REJECT,ec68e8231269cc44e108ae32ba8befadb92711c29e9856c4e5fa2003d067e316,,true,275111e89b0ebb3fb3b6c18d58c27fb4f2d27182e5d0b0f04dce1eb03b9c714b,AVOID,cf13018486282a21c1defb03899fe8109a2c04064f1728b034d7cc8fbd308c3c,2026-02-06,true,RAW,51.54,BUILDING,B5|DSI001,NOT_APPLICABLE,IDBI,REJECT,NOT_APPLICABLE
SKIP,REJECT,ec6eb2ec8347be3b6f6620dff659f4de88a61c1b7fc59e013ce6ba79ca084772,,true,411d2105a53b094945fcf4d885383f6d50338febcc84460b31b84a6df0eb04d0,AVOID,e3556e481e468de0555b18c9a5c5f2fe595f896cd76e91e243ff0a50a50f450e,2026-04-10,true,RAW,52.41,BUILDING,B5|DSI001,NOT_APPLICABLE,JPPOWER,REJECT,NOT_APPLICABLE
SKIP,REJECT,ec7c7b1222b9ee0df06794d1217c18347ca9bfa3e745e3831cde6e0891bdaa5d,,true,9a6fad3613a20b0962a0a25271ecd2f9625ca16d951bcb69bae75e602ee62114,WATCHLIST,025acdd5c6acc3006bcf8b40849695a8945431c0fe5e779e4acbe71b1abcd57a,2026-01-20,true,RAW,62.86,BUILDING,B5|DSI001,NOT_APPLICABLE,SILVERCASE,REJECT,NOT_APPLICABLE
SKIP,REJECT,ec833d50ed80b4fc213575726839d9fbfad40d4e862e60ef7e1409ad85d6a4b6,,true,1c84cfe73684d23835aee6e0f601c64de7698decab47fa48cb9215ee84ccd68f,AVOID,53881a7a835e913caad648f9b75532a94f354c8e11f906d35ac4b924869da205,2026-07-17,true,ADJUSTED,40.00,INVALID,B5|DSI001,NOT_APPLICABLE,TATSILV,REJECT,NOT_APPLICABLE
SKIP,REJECT,ecce739ca5f10a0499df8ca095e3cadb9b65ce7b3c4914e7192be3486046c4c0,,true,9bd832ee0fc9e2eccdbd4272e158a41a6907ec7e2155bb6fcde80e0e89926d1e,WATCHLIST,fea9b219ac1aad77a6f68368ec2ed0993f864edb40368e79f236d23d107126f5,2026-06-02,true,ADJUSTED,67.18,ENTRY_READY,B5|DSI001,NOT_APPLICABLE,NMDC,REJECT,NOT_APPLICABLE
SKIP,REJECT,ecfae3115c28898f94ea3570a86939a241574ec0b20093e3e40b40b7de077dba,,true,114e93fd9cf9cc1a2c27482f7c7ee9f2cfb946c6702308d2524758d5416b4a94,AVOID,9ed6e662da9f68f4d5853291711bc8c1ca438f26c620b9f34bb50a5a07b215ff,2026-01-05,true,RAW,59.00,ENTRY_READY,B5|DSI001,NOT_APPLICABLE,OLAELEC,REJECT,NOT_APPLICABLE
SKIP,REJECT,ed1a45e7fc3908e0de0d42d8184a4cb6eaeb89017bcda7307a17bd3d84c72191,,true,c087126f52100d1cde3ddf983000c0e27dd2cc2331e116afdec815cbbb1ab791,SELL,b6df130b21752d7dccae5a2f5d043897ba71ac89282da841d86a8877a92b4c14,2026-03-16,true,ADJUSTED,35.00,INVALID,B5|DSI001,NOT_APPLICABLE,YESBANK,REJECT,NOT_APPLICABLE
SKIP,REJECT,ed1d4ad6e3eccd7cdf284547f7fb32e63f6e97ba8238f11e82b1cc4e49f47d93,,true,759862c7563c472eadac3fc30018b5321b347bb3054eae6e604aea320852d858,SELL,36dd421a2a51ce37ea5ea9df655a7b607d84052705de8cb54f21682b1419ff4d,2026-03-04,true,RAW,35.00,INVALID,B5|DSI001,NOT_APPLICABLE,FILATFASH,REJECT,NOT_APPLICABLE
SKIP,REJECT,ed649225ea3d48c00200488fc52e53d59901223bae5f6d6c783882ef9eef28f1,,true,7f3bf105198051a4813e70af69796c88edffb91a2df3c261316f28c863ca1e38,AVOID,5d8b9db2172d8f38900d08a44d7c6972a9f6de923a4670c3adcb760d644f147b,2026-01-23,true,ADJUSTED,40.00,INVALID,B5|DSI001,NOT_APPLICABLE,GOLDBEES,REJECT,NOT_APPLICABLE
SKIP,REJECT,ed75a599a65c0de0f50a45398f9210f297d6082d210a5eff25c7a6790f0cb309,,true,1f07184aa8eee0154ded948e16d23c0710446e2eeb5c34e2ddb3bd62f39c4a95,AVOID,6a8d5433cfb6db60f82b912ff1c690f0691715250bacffdc83b8d02510f7ca2b,2026-04-06,true,ADJUSTED,46.55,BUILDING,B5|DSI001,NOT_APPLICABLE,LIQUIDCASE,REJECT,NOT_APPLICABLE
SKIP,REJECT,ed9ab1197569494e3b4c8dbecaa66a03df31ad814c1138696f7ce3ed7a3bf241,,true,1089132b3b8856329424502f2c62c02b0bfb9658ab6b68a3dcebbce70352939a,BUY,e20555fed3828e600ec3b8d141f0045bede3ca2cf5d56d35489dac5b9953b157,2026-05-05,true,RAW,84.24,ENTRY_READY,B5|DSI001,NOT_APPLICABLE,JPPOWER,REJECT,NOT_APPLICABLE
SKIP,REJECT,edbae3092c5655edf0f90a127efbabf12f8d6661d20f5bcbafcb6d3ed18f4649,,true,51be6b42e85322da36bac29de8d8a621adf3a0dfcf71fbccde4e02f7f4e8bc2f,SELL,ce0dcd54cddc36a2e0e9a1b55768500c1714d5a8b58fc53691ff472427d8cad6,2026-06-04,true,ADJUSTED,39.00,INVALID,B5|DSI001,NOT_APPLICABLE,NHPC,REJECT,NOT_APPLICABLE
SKIP,REJECT,eddd7c417a7c4ee23fc502798a6c1e99da87dd5f122c4437ecf7fd53bf47840a,,true,0d2e89048146a8e846f62bb22d449c34598a573b3f99a0a9c119e7ba5605ba78,WATCHLIST,df36734eecccd4a674ac58409c5d89a09765e437b4d92e96a33d1cca0466e643,2026-05-29,true,ADJUSTED,74.91,READY_FOR_CONFIRMATION,B5|DSI001,NOT_APPLICABLE,YESBANK,REJECT,NOT_APPLICABLE
SKIP,REJECT,ee04fd17587f35e08910d1d83fcf6b782f9d5566252e07c183ccbe3939481b5b,,true,11ccf0fca231412f1bbc5fea722c7def754137edd5f5af8935864cc2d05e5f8e,WATCHLIST,99a325271c419c894269b829a21121d6184fa9ed6a06824a6b25f6a1428825a8,2026-01-08,true,RAW,62.51,READY_FOR_CONFIRMATION,B5|DSI001,NOT_APPLICABLE,TATSILV,REJECT,NOT_APPLICABLE
SKIP,REJECT,ee0c3f9277fdfeba73a6e073d09e19e2c6645e60ef4b66b78dae971d2472142b,,true,826945ef78540498f0db1c045a237428aa72edd53a172ac35e9d3906f2c74772,AVOID,20b527e0f65fe8229816fe9a41f3ef2778c83828c7ef6971693f68f931021fb2,2026-05-07,true,RAW,42.49,READY_FOR_CONFIRMATION,B5|DSI001,NOT_APPLICABLE,JPPOWER,REJECT,NOT_APPLICABLE
SKIP,REJECT,ee43eb3058571fd88a083420f6479bfdb24675fe69b3f17af082628bb4167972,,true,0f7b9f7083434b38e284754cff4f9d67559e3a029ddb446dc0920ba0c81573a0,AVOID,be61c4c8a8df2fd41e8b040ea1c322ae665a70bb111ff023cb1a1662e137eb6b,2026-06-18,true,ADJUSTED,53.52,BUILDING,B5|DSI001,NOT_APPLICABLE,IDFCFIRSTB,REJECT,NOT_APPLICABLE
SKIP,REJECT,ee52904ca7ab132bf7339a81ffcc490c6782c7a88aba583e96ce5142c30de9f7,,true,f914d1751ac7441e8c6f9ce5c20e1cfd489e52f646faa82164254c4cfd252ec7,AVOID,65043ad5ecd10c67b9bd4a15253823f11d125f78973b919f8987d1fcc23549a1,2026-01-09,true,ADJUSTED,59.60,READY_FOR_CONFIRMATION,B5|DSI001,NOT_APPLICABLE,GOLDBEES,REJECT,NOT_APPLICABLE
SKIP,REJECT,ee538884f9da52cb0f61b2f8a61f42275fb850f08a33cf4edb88ba0c971fabad,,true,d5d00d1073ab561a1d8f4de884eed787ee36f27f5919533bb5040f2db6993697,AVOID,b9a8b5fa643e17cc51543887cb0b30472066d3b8f6ad7e0de3d50beed2575ed5,2026-04-24,true,RAW,45.28,READY_FOR_CONFIRMATION,B5|DSI001,NOT_APPLICABLE,YESBANK,REJECT,NOT_APPLICABLE
SKIP,REJECT,ee5afea695620db531b37c31ddc2657bb428365dc7db92971a8de4eede6c3020,,true,2c4efb233fa18a26545081dbdbb973e515dfec8100fb0eb151318d69fb7ffe6c,SELL,af74f61c59957131491ffdc001a53ed05b3508eebcbf9c7e2af00f7977983e05,2026-02-27,true,RAW,39.00,INVALID,B5|DSI001,NOT_APPLICABLE,VMM,REJECT,NOT_APPLICABLE
SKIP,REJECT,ee61a2f5f3b6c5b4ca6df6eb683a25e3fd75999fdbb5514727dcf5af117f220b,,true,759862c7563c472eadac3fc30018b5321b347bb3054eae6e604aea320852d858,SELL,36dd421a2a51ce37ea5ea9df655a7b607d84052705de8cb54f21682b1419ff4d,2026-03-04,true,ADJUSTED,35.00,INVALID,B5|DSI001,NOT_APPLICABLE,FILATFASH,REJECT,NOT_APPLICABLE
SKIP,REJECT,ee84e7d0f16d2ff53ef32314d2771993e36613dede35f11d2bc67117bab434d5,,true,f572b0b95c28489da99dbf931deed41452e5dbd2447de37dd173eb45bff2208e,WATCHLIST,36953eaca055593a6792ff8f9f17b544421c6737dcdddcb24afd70b1d478077c,2026-01-19,true,RAW,65.98,READY_FOR_CONFIRMATION,B5|DSI001,NOT_APPLICABLE,TATAGOLD,REJECT,NOT_APPLICABLE
SKIP,REJECT,ee92509ac3cc9d3dfdf351c39bfbc5905d55382ccec12d4c90c2cbf0237a3a0b,,true,ea4476f5738a6672072b70e45fb4ca3b01332bc37240759f4498dba3ae24420d,WATCHLIST,8da604d7d46a49525305c1340e243bed77d712cba0107574e3e0ac7f24cb1d27,2026-04-13,true,RAW,71.86,READY_FOR_CONFIRMATION,B5|DSI001,NOT_APPLICABLE,OLAELEC,REJECT,NOT_APPLICABLE
SKIP,REJECT,ee9ab32323051d31ad72ed7780c1b4463b4655e34705814d6121e680516d7bde,,true,dcc89c17de121fd1006463c3b3e101559c7bee84bdfb156fbef33f7fb78013e7,AVOID,05ccc05a0a1f104fca70b0a25e04c42c94b6e2831b94f5a2ef0778cc454feb14,2026-06-18,true,ADJUSTED,46.48,BUILDING,B5|DSI001,NOT_APPLICABLE,TATASTEEL,REJECT,NOT_APPLICABLE
SKIP,REJECT,eec56c230b67b891c1b378fea268d70d5615f23619f9034669d38c695c286e8b,,true,7025c1ff27324f28067e899022f42877e615c5ccd92fe28c70c07c9cdbb6d6ef,BUY,ef33309d73e71c0e4a9b5a00cd352ed5d4d04966df6b1c9d32af8a448fb72211,2026-01-29,true,ADJUSTED,83.46,ENTRY_READY,B5|DSI001,NOT_APPLICABLE,TATSILV,REJECT,NOT_APPLICABLE
SKIP,REJECT,eecee04912ebd94bf6a7d979b39ed9faa7d4baa8e950bc0201478c8c29063311,,true,2e56290f25f5b9f6007b042624423b79575122c6141200ca0c12b48176910465,WATCHLIST,12e4e6996503c7566dd04bd79b6cd6e1c428f6973d3f4b62b00da9c45ba1c1e8,2026-07-03,true,ADJUSTED,69.35,BUILDING,B5|DSI001,NOT_APPLICABLE,MOSCHIP,REJECT,NOT_APPLICABLE
SKIP,REJECT,eef20d3d1753c3b082837925ab47a19feaab6e2e4ee2a5e9afef4d28c927954a,,true,8dd0039247bc6729838e10813f7cee506872581d5a2eb18cc66a0fb2b7233c61,AVOID,4dba2edcf6372268ff0159bd62b4a5d6042636333c37b219503e90a475f9ee86,2026-04-16,true,RAW,55.31,READY_FOR_CONFIRMATION,B5|DSI001,NOT_APPLICABLE,TATSILV,REJECT,NOT_APPLICABLE
SKIP,REJECT,ef15c5d7f145b9d9ea5356f2b40f67173d0e504890e5e06354654315da5408c9,,true,c53395b4b3c562657011169c380adcdd77b5544e61f4ba2e177ed92988fa5a70,SELL,7b44ab6dbb99eaa6d45a6c4979be45635a49e8bdb850d8f023b5f4c8b9a53d5c,2026-06-30,true,RAW,35.00,BUILDING,B5|DSI001,NOT_APPLICABLE,TATSILV,REJECT,NOT_APPLICABLE
SKIP,REJECT,ef160d8dd9110c698d5473399c6612bd74c27e3de8cf673bd4515282ed53ee1e,,true,3eca1375b8240afed589a30abd3c87dbc1950733239a2c91fa1a85752cebcd9c,AVOID,6c8cb91b06199c458794c90be3a020c23082bbadc48b2afcb04b83a0e0cd3dd1,2026-02-20,true,RAW,50.48,READY_FOR_CONFIRMATION,B5|DSI001,NOT_APPLICABLE,NMDC,REJECT,NOT_APPLICABLE
SKIP,REJECT,ef1838c108f3b23f4e75ea0a1ba9b2f7c45d11a87e5786fe28ff4ec6fafa144c,,true,0ce58db8c381b499fc657468257acf4aeef3f07eac5f62617614b24cb579e9ad,SELL,a1309ec798d16685792bf97e80faad47c6df4a7a374ad57aef9c947e4c5c2dd8,2026-04-01,true,RAW,35.00,READY_FOR_CONFIRMATION,B5|DSI001,NOT_APPLICABLE,YESBANK,REJECT,NOT_APPLICABLE
SKIP,REJECT,ef1ba70861e49bb4c47237cb11cbc1979ac1565bb8ab07a042fdbbadfb2e74c5,,true,0f1429d21ff677554675793d6d863d530ed307b34e1a812688d80f32f57705d2,WATCHLIST,1035110dec397d1c27e0e622a246032f830e6bdab5e30c947c76894399ef2047,2026-01-22,true,ADJUSTED,60.53,BUILDING,B5|DSI001,NOT_APPLICABLE,MEDICO,REJECT,NOT_APPLICABLE
SKIP,REJECT,ef705459590a552a4ebd78cabed0e605ff7f4d567838874ef172352253df2a68,,true,1cf0b04dc301fdd62aaeca50939db3966f08bf96e091cac032f873d750946a76,SELL,3f75f4a096e8274097a06e3087bf81f50efd5b18c0959ab09d320dd41b1048aa,2026-03-25,true,ADJUSTED,35.00,INVALID,B5|DSI001,NOT_APPLICABLE,RPOWER,REJECT,NOT_APPLICABLE
SKIP,REJECT,ef8016824ee7725fa4c5edc67b3228d3d0ab7d44d80960a96b3a150fd6f5ed23,,true,b097d47a0314e04a1f06a40e38d2eb35a7d40d6c09897dab6f00ee3070c37499,AVOID,0ffae9c8794c2f2250594ba65a8d5c1591efbdfedea30dfcaf6bf769a370f830,2026-05-06,true,ADJUSTED,46.39,READY_FOR_CONFIRMATION,B5|DSI001,NOT_APPLICABLE,JPPOWER,REJECT,NOT_APPLICABLE
SKIP,REJECT,ef842ce6b83711a10d0afcb008d9d8e1a0155db042ec62ee3403ab68d8b67040,,true,de7c132c5eeff7225ff37204e8647ed75b43b5edec8bfa08f8bc5e73e5ce2644,AVOID,e1ff86b0138bff5d5e9198b3d491132c74675e401b8a00185d7e4f5cf1bc119c,2026-02-11,true,RAW,49.04,READY_FOR_CONFIRMATION,B5|DSI001,NOT_APPLICABLE,TATAGOLD,REJECT,NOT_APPLICABLE
SKIP,REJECT,ef880c610997cd96d91c1ea7e1e853859574c965c00437e5f6a41aceee1f3d0a,,true,ad5e909a6c95068cc27d2c7f79118364df218f51d21a19be7e872d2aac24a87b,STRONG_BUY,97c3af6924c72a00dbc4352b529f07636d84c415cbff1a5ef4f4ccaf72e143a3,2026-02-17,true,RAW,91.51,ENTRY_READY,B5|DSI001,NOT_APPLICABLE,EASEMYTRIP,REJECT,NOT_APPLICABLE
SKIP,REJECT,ef88ae7aa54e13fc6dcf5cfd997e8ea867ca0e1081a7fb10ec8037aea9aceeae,,true,c07fe769cdc4bdad53441a719d0b796c2fb025422718b6822c6853ada3e42555,AVOID,bbf48893318bbfb424d4928b0414329ad57f50f4c717f36847b24b467eaef376,2026-02-27,true,RAW,40.00,INVALID,B5|DSI001,NOT_APPLICABLE,YESBANK,REJECT,NOT_APPLICABLE
SKIP,REJECT,efa73feefe5c66a4f231bb46822f3e171fe555d1fcb622eceabc6c5de003a48b,,true,ad61c44ebcd8aee8c7148ca78a30a50c00d910c27933a2edf9d54bb92dff6d40,WATCHLIST,bd48173deb2ad69d60c5a13bdb5b66ec754fe71809e547009f37b7318421a9ba,2026-02-16,true,RAW,67.79,ENTRY_READY,B5|DSI001,NOT_APPLICABLE,GMRAIRPORT,REJECT,NOT_APPLICABLE
SKIP,REJECT,f008f85f9bf16e9dc2bb09b5fb11f53fcdb6422f9d0ea5e86a6377144990526a,,true,b53ca0a554de1dfc65f9352f699e0e182ddd8ecab733473d1dda461b75e0f8d0,AVOID,bf198ace6e0d1bded470e1b71e07030f517be9c5fdb5ad50818ac03c6ad5d4e3,2026-07-02,true,RAW,54.77,BUILDING,B5|DSI001,NOT_APPLICABLE,SKYGOLD,REJECT,NOT_APPLICABLE
SKIP,REJECT,f03b5ce57e073ab89dbe767679cde1c6ae91c2767f599938365f97d5355f6e10,,true,f9097093b32a145f4ea49cd0cbde1b7d3a1dd717571bdf8cb448bccbd9837eec,WATCHLIST,55ab17b451a125af5abe71104b0418163f7c3180406356ba898362049985f64e,2026-02-20,true,ADJUSTED,63.95,ENTRY_READY,B5|DSI001,NOT_APPLICABLE,CANBK,REJECT,NOT_APPLICABLE
SKIP,REJECT,f03ff7ed3801a258fcd573e4bfd40283d6bf82a44d1bbac5b6776a2fa56e4775,,true,bd43621c8ea7fc2ca0d8115a4f1ae49c4824c31550a9a7384cd787571e32d99f,WATCHLIST,0eafb154100c3cd0ab9e67d5542c65715efefb8f0dcea0f793b20b524e921f2a,2026-07-07,true,ADJUSTED,74.00,READY_FOR_CONFIRMATION,B5|DSI001,NOT_APPLICABLE,RITES,REJECT,NOT_APPLICABLE
SKIP,REJECT,f05c5d0b8901adec548adc18a87e961d130f23177e6894e99aa4c9ca83cdef6b,,true,8ea19391e525e1053a94ac26b4a85b048341c3d8a5b88bdcff738581bd211643,WATCHLIST,f98bf9d49dda6c6bf3e47fd098be9540616ba098c99e9530b4e0601c0cea573a,2026-05-12,true,ADJUSTED,72.44,BUILDING,B5|DSI001,NOT_APPLICABLE,SEMAC,REJECT,NOT_APPLICABLE
SKIP,REJECT,f0c411aa7d78b42788f9a5154a51c16100f888bc8d2b1a20f38920b6da3d138f,,true,802c35e92a0a0fca59811bfbd95f6b1479d301ea228faf5ee6606991bc66bdc6,BUY,0860584790b2fdd3099aea744a6fdcd1c9cbab26ad20f6b05e846965ec94bedc,2026-06-15,true,ADJUSTED,80.05,ENTRY_READY,B5|DSI001,NOT_APPLICABLE,YESBANK,REJECT,NOT_APPLICABLE
SKIP,REJECT,f0d086a1da8a4c94a0b084a7f44746746fe8f6b7662482287247087cae7dd755,,true,9454e40d6e0a3c73da7631bda391af7b6861acacb4d523e303f28e0f777acedc,WATCHLIST,b538a66b00dbda1acbf9b7ff053d1ded1d7f935f817f53823863653dc6ad7bf0,2026-05-04,true,ADJUSTED,72.63,ENTRY_READY,B5|DSI001,NOT_APPLICABLE,BHEL,REJECT,NOT_APPLICABLE
SKIP,REJECT,f0ef877b0105bd127dfa089efffdfb5d120659e1b45210c3d44d99a419fad650,,true,1e1a65538f814656016d9649282753ed2204c63030ad6368eeae82bf283ad5fc,SELL,2a82f2c3e5f05cdfdd8bdd31ac5dada4513996daa684e82b16bf2a040332c73f,2026-01-12,true,ADJUSTED,39.00,INVALID,B5|DSI001,NOT_APPLICABLE,IREDA,REJECT,NOT_APPLICABLE
SKIP,REJECT,f0fcadc2694ce8cc6345fda872ed7a3389afeee061add1c0387bb6e9464defdf,,true,5a00a1c7837459d24c3106f6ec51ef12b05fcf4d4920a27dd8075e8d56e06b4d,AVOID,22372a5b0a3ff8f0182fbffad894eda3b34c121e8081870abcb1a3b39a1c109c,2026-04-29,true,ADJUSTED,59.00,READY_FOR_CONFIRMATION,B5|DSI001,NOT_APPLICABLE,JPPOWER,REJECT,NOT_APPLICABLE
SKIP,REJECT,f10ce74d4b69ad056505b4a02b0bff6e9a7bdaae56c2c09918c338638201e0fc,,true,d42997c6c4a6b202d0230b3b478f26d7c289c6b1cc3c13fd0b80ae2c298c1d58,WATCHLIST,e5daaaee9ae3dd4601eed2282fdd3050fc31e38c8e9b90ba9b4a876cadc8cffe,2026-02-06,true,ADJUSTED,64.53,READY_FOR_CONFIRMATION,B5|DSI001,NOT_APPLICABLE,GOLDBEES,REJECT,NOT_APPLICABLE
SKIP,REJECT,f124505f36870e5343ae3fdae9562a8984e6c1230e569b799efa5a33d0ca3fea,,true,ba3137bb939335c5d1e942606c21631cee5ca971ffed45ec744bbcec948295cb,SELL,15102d19e08aa921ef89a77bd71ac591fb6292ce71351e6d9adce57abebe1184,2026-04-07,true,ADJUSTED,35.00,READY_FOR_CONFIRMATION,B5|DSI001,NOT_APPLICABLE,YESBANK,REJECT,NOT_APPLICABLE
SKIP,REJECT,f124840c1952084cd1995755c281bd6e0cd2f8c41db21c16e4135ee971b4de96,,true,e9286d7e5433dcc88924b94d7b7392998d2ba304155a2df790d720ba081926a2,AVOID,381837f1613450ce8c1b3d36ccc3f64ba1345bfe3bad208ff3fcf86f05c6d3d9,2026-03-23,true,RAW,40.00,INVALID,B5|DSI001,NOT_APPLICABLE,YESBANK,REJECT,NOT_APPLICABLE
SKIP,REJECT,f1255af95d4b16283e3e56f1341d23aa1a005787b8cad6660cad40195815f958,,true,607abebaa2a2ff8aef878fc12e0a5ec4f537dae86a6f4f02a6cac7f35ad280a2,SELL,86bc72ebc60eda9863338ddc711c8aaa6812d9c5b2563587f2404929aa5b6dca,2026-03-11,true,ADJUSTED,37.69,BUILDING,B5|DSI001,NOT_APPLICABLE,LIQUIDCASE,REJECT,NOT_APPLICABLE
SKIP,REJECT,f134e1cb2537bcfc5185c3e43c9325e65a172c9beb09df117f22d09fb17eed8d,,true,e5a0fef1bf7dd2c2b31e32db5468416bf08f57ab5b00167353e93833f04610e1,AVOID,2ecfd2213088a385fb97e252002440cc7721f10e7eee69ce7bb1d41b87863baa,2026-03-05,true,RAW,52.60,BUILDING,B5|DSI001,NOT_APPLICABLE,POWERGRID,REJECT,NOT_APPLICABLE
SKIP,REJECT,f1623a0738b91d84eb841d25036ce2fa6070f43d4428265aa749cbea42787e2d,,true,6f36122fb435280c77d896aa1de5f1ab89607d7c5af8c5fae9a65e52ed748b7a,SELL,05eb4bd7b130bad8ee322292f879ad2c3e03d21aea35b076bade891f38a45228,2026-04-30,true,RAW,35.00,INVALID,B5|DSI001,NOT_APPLICABLE,HDFCBANK,REJECT,NOT_APPLICABLE
SKIP,REJECT,f18da1757808ab198145db6705fb66feeed62488402857045fe31dde0edba37b,,true,8ccc8bb8c99a789d6d8dedb3cf90e98cc60c4fa531d1e1bec3ddb416704092e9,WATCHLIST,c8ebc1bc4d2574ecf2569fab3402d372577aac91e4d3f4cebdd4b2ad8d362b0c,2026-05-29,true,ADJUSTED,62.95,READY_FOR_CONFIRMATION,B5|DSI001,NOT_APPLICABLE,JPPOWER,REJECT,NOT_APPLICABLE
SKIP,REJECT,f197ff8c2becf986c77977b0f31a9607f4a51ab3e3301679c2ab2b02ecf031ba,,true,9dc92f4cc21d008e28552d9869ba94fee37d4267ddd1380f388d4b86e305522c,BUY,dad3ea409346c417939648c901685934e1e935f39f9fee46ad7a9a9d3e7a7968,2026-05-25,true,RAW,78.63,ENTRY_READY,B5|DSI001,NOT_APPLICABLE,OLAELEC,REJECT,NOT_APPLICABLE
SKIP,REJECT,f1bfcafb80dfefde1f5ac3260f49d205e36b4131555f43167d5bbcf506177a8d,,true,148e0029f0612cbed7296cd2e2a590cc86bd6daa8503936e49cc38436d58a641,SELL,a4890508e622162a929b6075588d54705a2f192a0fa4e7d4d2832fb66b1d23e7,2026-01-30,true,RAW,39.76,READY_FOR_CONFIRMATION,B5|DSI001,NOT_APPLICABLE,GOLDBEES,REJECT,NOT_APPLICABLE
SKIP,REJECT,f1e50d9d292d76c6543a64720b71839dd2e60f495c8fdda8af9130dc79dc5a0b,,true,2cff1c1d45cd3c8fbaf1bf5249820172647f917fcce57c093cd2c1b2ef3d2783,BUY,57e53c284f8c38a3edcca9c5de7b2d1b6b1c3127f6197b341329e6b17cc189de,2026-04-30,true,ADJUSTED,85.46,ENTRY_READY,B5|DSI001,NOT_APPLICABLE,MEESHO,REJECT,NOT_APPLICABLE
SKIP,REJECT,f20733f62d46713720fc96a0d384804a4d3b06d595ba71417d82b47b762afa6f,,true,b91f87825a376e0f5d515096ccb3111f9e03f611d9197e660201f2ce1cc64402,AVOID,7d722634e47dbcb6ba89efad02f0bff0de9c58e865afef75b711f76d81b3fe9e,2026-05-15,true,ADJUSTED,59.70,BUILDING,B5|DSI001,NOT_APPLICABLE,ATLANTAA,REJECT,NOT_APPLICABLE
SKIP,REJECT,f22788005bb05bcd31014896a2e4adeaae5f90b8e09d1b565b48790ef6750818,,true,5607716f2335056599616b00d59ea2860a5d031b5d19fc1d294739e6b742438b,WATCHLIST,70443529645fc6c9169237a497bfe0867985d427582e6c0bee5baa514161f953,2026-07-09,true,ADJUSTED,63.87,BUILDING,B5|DSI001,NOT_APPLICABLE,AZAD,REJECT,NOT_APPLICABLE
SKIP,REJECT,f2325c096bcf52e076df10512d06de59c5ee3094b6f7ec99f48d49c4fc221728,,true,6ea65f5da25ffd906ae06685a1c66d9acbc8d7ca7c99d153bb0d119f3d93974a,WATCHLIST,31beead26819fc81ad5d87646682d4b7d20954dacfe449dddfadee1b33313b51,2026-05-18,true,RAW,70.03,READY_FOR_CONFIRMATION,B5|DSI001,NOT_APPLICABLE,TATAGOLD,REJECT,NOT_APPLICABLE
SKIP,REJECT,f23962377f63c18a1582379018d2174c7a5ef644013fb4a9d95ee764cb337767,,true,499a676ae87aedc5f8f726f60631ea105d404361c8a30bbfa5944d96f0a76715,WATCHLIST,178d1f89bbb820ebed2c2597ffa7be6f282a93771b796581c9d360cb9f56cec3,2026-04-28,true,ADJUSTED,72.91,READY_FOR_CONFIRMATION,B5|DSI001,NOT_APPLICABLE,YESBANK,REJECT,NOT_APPLICABLE
SKIP,REJECT,f244012a084303ea103fba7b03923a27f40039b0daa486acc5402cf7e5319b47,,true,f1104160e4bf043c6884ae6c487475ce5d2fbf36be2f4210814385c34fd657cd,AVOID,a58c1ac0c96452b7ecd3f824b7b13ee9f9d63d99d3edfb41cfe2addc722358f0,2026-07-14,true,RAW,40.00,INVALID,B5|DSI001,NOT_APPLICABLE,YESBANK,REJECT,NOT_APPLICABLE
SKIP,REJECT,f24fc43625a742638c16939a1b618b1b8a023eca8f71d1d8a10767a59e7ffa46,,true,3282184962a18b1d855d30be5fdf9848fdbd51b31225a6b43d38a99e3cf88e8b,SELL,a8b8e889ef8ee3436629293934a6b29d4066cd0c10a7a1e34569d43aff664a1f,2026-06-24,true,RAW,39.00,INVALID,B5|DSI001,NOT_APPLICABLE,TATASTEEL,REJECT,NOT_APPLICABLE
SKIP,REJECT,f270b834cd55ee2aecce9e9550d82f5c7bb7b83b5b58ddd2a06cce9d7b9dafe5,,true,2055ce2c231948ec4fb7beed8f1b2c7c0c74f222b771c8f372ffc8dac490c46b,WATCHLIST,6420dfae49c836576398f9fe56d89c4b252905bb47917cc8351748517d1ae37a,2026-07-17,true,RAW,65.21,BUILDING,B5|DSI001,NOT_APPLICABLE,KALYANKJIL,REJECT,NOT_APPLICABLE
SKIP,REJECT,f28543e007f5404548df6a921b15a6a2f796ed357b3053a38323c8fa50a22aa4,,true,80a68b845a5c6a7da33c29244ab666bff86b85270e6ee15e137991fdd6ed6654,AVOID,6a05d6c716d1a9cc0c3e1c4c5e8bdbf79080a6f148123452379780cf22ebbc11,2026-04-10,true,RAW,52.20,BUILDING,B5|DSI001,NOT_APPLICABLE,BLUEJET,REJECT,NOT_APPLICABLE
SKIP,REJECT,f2943f3e05704c728f62d0f5c08f674049c6f14a378050dd76ba18bd71b67a29,,true,97d614491d0bcc50808904374dfaad73ae9a7c4016d8d3ed987d8fe144d0e1f6,AVOID,f15d928136cc333223694cd6c1ecbf745fb12f0428b3fc401439484136059db8,2026-03-16,true,ADJUSTED,41.74,READY_FOR_CONFIRMATION,B5|DSI001,NOT_APPLICABLE,TATAGOLD,REJECT,NOT_APPLICABLE
SKIP,REJECT,f2b241ebd327bbe5183c91755f60d22cee8a20851024e7e3cdb0412b861b457e,,true,99c3b3ba76bd1ade8f98dd3eceb9567793b9cc4fb90eedf5713faefabb6cfce5,WATCHLIST,53bb77cb0b4d6b045b4ebf71860b00b37f054f1e7a5a3b696ca1b04fccabb590,2026-02-19,true,RAW,61.47,READY_FOR_CONFIRMATION,B5|DSI001,NOT_APPLICABLE,SILVERBEES,REJECT,NOT_APPLICABLE
SKIP,REJECT,f2c7629090857141736722f2bfa1c3d833159843d51501b3982b2d98fdae97db,,true,dc6327c370b459da80d5e6770516ca9d7640e572946c9ef51c9c6d2c41d5cc14,SELL,23e778cea3f86779894887d660cc5d8056d65752865e6abfbc622b0008f013ec,2026-01-01,true,RAW,39.00,INVALID,B5|DSI001,NOT_APPLICABLE,FILATFASH,REJECT,NOT_APPLICABLE
SKIP,REJECT,f2cc0266bc2fbdbc19e47e830f8754abcaff767e6ca3bb10aec562cbecba9ea3,,true,b2da762f175019eb5c6fdf6ffceb572f02d6118a0e2ac91aa09f38e608624523,AVOID,c088334a37dd89672f71c679074c80c3e289e136fec1b5584f6f08df295db8bd,2026-07-16,true,ADJUSTED,51.48,BUILDING,B5|DSI001,NOT_APPLICABLE,CYIENTDLM,REJECT,NOT_APPLICABLE
SKIP,REJECT,f2eb15cd4717ab5a68cb0739fed1f78dee5bd75201554eeb3ee60932baf24cae,,true,334ffc0dbb71c92bf424d2d7622cf7c1fcf156247bcd8b0d43cc5f5db99925c8,BUY,22ac1efc904d52cbe7f4f2ed3adc13a793d0ccc75f34bb19796bfaf09a44145b,2026-04-21,true,RAW,82.46,ENTRY_READY,B5|DSI001,NOT_APPLICABLE,MAHABANK,REJECT,NOT_APPLICABLE
SKIP,REJECT,f307eadc426720a64c94d7d3005c19abcb828eb602cfef7dedeca709e0d4b77b,,true,bb0a68fa2aadf751254fcacbd3ceac706666852a77e566fa398b069731afae21,AVOID,2fb6d2f7441dfb6ba0ae8a46188c3db88f82eb4dc07e6524ab1f8955c2365414,2026-06-05,true,ADJUSTED,54.72,READY_FOR_CONFIRMATION,B5|DSI001,NOT_APPLICABLE,CANBK,REJECT,NOT_APPLICABLE
SKIP,REJECT,f31152199d74963b3d40c9ef1708fcb443eb7d6ecbf62dd892165f78d557cad2,,true,ec444ebea0407d3076aa88d3b272fcd737c8dcc86a15552fc2397a83116c7793,WATCHLIST,2b7861b372ebd4f286eaa734dce3664a86492d6b0fdbdcac6c11983f2ac17e57,2026-06-17,true,ADJUSTED,64.08,READY_FOR_CONFIRMATION,B5|DSI001,NOT_APPLICABLE,IFCI,REJECT,NOT_APPLICABLE
SKIP,REJECT,f31ac0aff74be4f663939507d84c7a4c86a0703ac22494657f3577d3396a3e77,,true,74f0443ae0a2737698053189aa9da9075f20699fd7366059603f2f49bfe9a95f,WATCHLIST,1e194ce61b1eaaaa370764ac58fb725a2458407a80a83e86de3217331cbe5020,2026-02-17,true,ADJUSTED,60.80,BUILDING,B5|DSI001,NOT_APPLICABLE,PNB,REJECT,NOT_APPLICABLE
SKIP,REJECT,f33e0db93579ba9fd721aae7967f8373d8fa166a29b392412adea2cc06626969,,true,b5852bf9768519deff201ecea27ef902f551546c7d91f80f9f2e4586e21a7fa8,BUY,3d5c6ded63863f6a68d226143f01834b717f0daf0594c0cad2e2bf3ca4e5e08f,2026-04-22,true,ADJUSTED,77.98,ENTRY_READY,B5|DSI001,NOT_APPLICABLE,ADANIPOWER,REJECT,NOT_APPLICABLE
SKIP,REJECT,f344e34fc987cd6a79edbdc7d3a8a0518faa1c0154ac23a763433d7c19755197,,true,987a8698a01c76b0f458efbc98ab473e1e6b81184da63e33875703c671d594e1,AVOID,81a3f396e308419253a2080ca77c66ac0f604f74404be22cb386b7eaaab0c37e,2026-03-18,true,RAW,47.59,BUILDING,B5|DSI001,NOT_APPLICABLE,SILVERBEES,REJECT,NOT_APPLICABLE
SKIP,REJECT,f35c69d79ca3de6b2a63f707fab8835e1d068ec4952623d9d5272afe1e615083,,true,168448e104a181b64c62fde69237d6636ec42b25db5311fe0c8141aec3890a14,AVOID,7bdac810c74b48289d267c05bf78d41397a3a2914993a61cfb190274966d1fc5,2026-06-30,true,ADJUSTED,50.16,BUILDING,B5|DSI001,NOT_APPLICABLE,ETERNAL,REJECT,NOT_APPLICABLE
SKIP,REJECT,f398bc10e9e2ae6997cc904233fe1976a789cfff31b6cd9e7d89ad96d368ee0b,,true,49654c5b40be5917700a2d902817ab546cc7ffa3c61a0a28402b0b58c51fcfd8,SELL,07ce908ffab128d7b959c408da4b7f0c5cf9e220914b925452615ba93d9e8af2,2026-01-01,true,ADJUSTED,39.00,INVALID,B5|DSI001,NOT_APPLICABLE,ITC,REJECT,NOT_APPLICABLE
SKIP,REJECT,f39adc6d344f4427ee6dfc87c1da240917aaae7d715abbdc2f20d51db60954b6,,true,9aca27d4ada86581c65ac2fb3d378c8f11af752862ee5a3da00b4532c6a775b7,WATCHLIST,111a98724b32416eb0c0ab9fcc29fc19e23b64f62394a00ade1badc75185c95e,2026-06-30,true,RAW,71.35,BUILDING,B5|DSI001,NOT_APPLICABLE,MOREPENLAB,REJECT,NOT_APPLICABLE
SKIP,REJECT,f39d1aea241133486620fe94165b3216038e45cb1d7788287236f66fa4bdae8d,,true,e5f57755033a4f76e0c5fb1d3b27e955f29c71cce7ba2dcba01777cd94d1b69a,SELL,07a2e6f94458173f1efdc6be0a2f40e369ec70cc99214794865d4158d2254f3e,2026-05-19,true,RAW,39.00,INVALID,B5|DSI001,NOT_APPLICABLE,INFY,REJECT,NOT_APPLICABLE
SKIP,REJECT,f3cdd42ef5d9bbfbd428bd1ddcad8aa6c4b065f821d4d1803b1c3790e924e7c7,,true,53855122952b9568bd0f10a3da25fa185ff5d33f7180d95154ac53a8677cc5d6,SELL,b56acc8c788ce851087c6c326ff51de289e966d9c34d56e72c1591c6309aca58,2026-02-24,true,ADJUSTED,35.00,INVALID,B5|DSI001,NOT_APPLICABLE,FILATFASH,REJECT,NOT_APPLICABLE
SKIP,REJECT,f3d21036cdd1587a88ca4b775d6d07190af1e3b291529a3eeac98b605c93c69d,,true,04a51be5736e7103eb31d3672314dcd092286604926e71a5f2261ec7816b22b6,AVOID,856b81db0f0eb29c42ec16463acd6abdee2d8896d585270048fe8f2ca4f92c6b,2026-07-06,true,ADJUSTED,56.60,BUILDING,B5|DSI001,NOT_APPLICABLE,GVPIL,REJECT,NOT_APPLICABLE
SKIP,REJECT,f3d4555e0fd80160bdc1923040c3b6585c23e63f25ec078f5f87b0b1b6efd127,,true,db8921b9f0b5f769c11ba57f9a8df4ec6404662f689589e7b5bd2826964e50cb,AVOID,b833659fb1f41640e8146bc84f869c3b5e8cb5a0b91ae774633b20d920a00583,2026-04-13,true,ADJUSTED,46.17,BUILDING,B5|DSI001,NOT_APPLICABLE,LIQUIDCASE,REJECT,NOT_APPLICABLE
SKIP,REJECT,f3e03db72078b9077d4c45d7035a15223df99d449435e6ac8743dd63c2e7af49,,true,40bb550560de8dbf542f016484cd23cefb7b6b87cbebf4fb7dd25da018c88a13,AVOID,547fd9412dfc997171516f7eb67c0144ba3a700b868a97fefd7bd0d5587042d0,2026-02-26,true,ADJUSTED,59.13,BUILDING,B5|DSI001,NOT_APPLICABLE,DEEDEV,REJECT,NOT_APPLICABLE
SKIP,REJECT,f3e129f4fb0692e660479ff6d80899782825662d79c8b0c6749ac9e8649dcf37,,true,bb4abbbc0b1a10f701dd89bfa36c13314abb6ebb07c99fce47c2ff5c668856ae,WATCHLIST,40b000ba9d20eceb6f33da3df68342a455b4eec0ea9bc83b704c2e1be07158b3,2026-04-20,true,ADJUSTED,60.42,READY_FOR_CONFIRMATION,B5|DSI001,NOT_APPLICABLE,ADANIPOWER,REJECT,NOT_APPLICABLE
SKIP,REJECT,f41816cd5e4923a905bddae2e917e06c33432976dabc565bf5e456b496452570,,true,7096d1a4dc4b60cb23957dbc907902b9ae173a57d781250d8c5c98e3940a0d65,AVOID,ed6dd724d24820aa9640134d4f93de8e06ed0ef9ec8ee7972479ec66681005f5,2026-06-04,true,ADJUSTED,44.21,READY_FOR_CONFIRMATION,B5|DSI001,NOT_APPLICABLE,JPPOWER,REJECT,NOT_APPLICABLE
SKIP,REJECT,f41ea91a4e88adc0bb742fec94974d0917bbdfc1dadd2b9ead4e147772ac3a8a,,true,44f4cec1d4a433704795af2b7de6142124a206378005f7800503062296534ec0,SELL,3555dc53e50d6665e789024b18aa127378106e52004dfccd8df77cbf0577d7b1,2026-03-12,true,ADJUSTED,35.00,INVALID,B5|DSI001,NOT_APPLICABLE,JPPOWER,REJECT,NOT_APPLICABLE
SKIP,REJECT,f44638cf8f24f85ebe8b9d6ced2672c3a4702277bceefaa6bbb92ea8ce77d949,,true,e90082fbb73794104e334403bdd9cfe212b17197597474e615a36eeb6f813489,AVOID,47c0c71f9963e009e5a77e7c32560382b04c6e3df979e4f9024bfdf164b24db0,2026-07-08,true,ADJUSTED,59.00,BUILDING,B5|DSI001,NOT_APPLICABLE,AEQUS,REJECT,NOT_APPLICABLE
SKIP,REJECT,f45427369dbb77859f95bbaf2cf9d89159d53d841ad0f604dac82eb8322a33f8,,true,75fa7164b693497f6abb123ffced3b5d0c63bab203de85da2eac3695d815a4bd,SELL,6446bcb927ee3a2e5d0017b7101849e93a27c23702bc3cbeb05ac594b70463fc,2026-07-01,true,RAW,35.00,INVALID,B5|DSI001,NOT_APPLICABLE,GOLDBEES,REJECT,NOT_APPLICABLE
SKIP,REJECT,f480dfb0469e810e912d6a541ee7b717cb9ac9e1e4107c53746f2163a17e25a2,,true,53855122952b9568bd0f10a3da25fa185ff5d33f7180d95154ac53a8677cc5d6,SELL,b56acc8c788ce851087c6c326ff51de289e966d9c34d56e72c1591c6309aca58,2026-02-24,true,RAW,35.00,INVALID,B5|DSI001,NOT_APPLICABLE,FILATFASH,REJECT,NOT_APPLICABLE
SKIP,REJECT,f49a79e2c9665b2238eeb21362a75a48e623a8412ef56f925dc1cd703876f2f2,,true,f33dee7e21a966e08bed8c00ccb4f214828b5f10c9c1ecf927afb8decb127945,WATCHLIST,e92057686905efcf926f82ca8a6934d7dc09c43a21d2a3daca08e8535591ab02,2026-03-23,true,ADJUSTED,71.61,READY_FOR_CONFIRMATION,B5|DSI001,NOT_APPLICABLE,NOCIL,REJECT,NOT_APPLICABLE
SKIP,REJECT,f4abb18aec8e083583609d61a76ef54dc2dbde2850ddcbe1de3c57e340f29da0,,true,c915c0b5b19e57c31c802d65b8980f504c58e781639ff3b2780a736eb2ea6544,SELL,525b0b82538986660f809825d81bac78adc9c0591ce6de8b97f1a18d035683d8,2026-06-30,true,RAW,37.09,BUILDING,B5|DSI001,NOT_APPLICABLE,HDFCBANK,REJECT,NOT_APPLICABLE
SKIP,REJECT,f4bad1bd59fe2ba51ce6648b90cd117ab0674ff1000e37ae7299a12e587ae7ee,,true,3ae62d43dac77d05b3bd6e0522b81ebe9ab5c82a178baa17ace16581802fa2df,WATCHLIST,fbca4c768b1bec8eef9d381ec0191dc737f8960bef26ce46c2c2f9a70ea9f606,2026-04-21,true,ADJUSTED,72.87,READY_FOR_CONFIRMATION,B5|DSI001,NOT_APPLICABLE,LEMONTREE,REJECT,NOT_APPLICABLE
SKIP,REJECT,f4c256a9a4b29fdd18b15cd6b89dc19efd9d86528911c8480370cc2a3dba5e86,,true,fb7286970d453cda4f3c713f0a077915392f0c4eb94f8592bb6142a29ebee8f3,AVOID,0ff8bc286b2b97bd792e01f1de01c38910ccfeaba8b4820499aaaed8fd044850,2026-05-05,true,ADJUSTED,48.53,BUILDING,B5|DSI001,NOT_APPLICABLE,SILVERBEES,REJECT,NOT_APPLICABLE
SKIP,REJECT,f4cf24e593347c2be04fbc8604a2d7c117a02d4261a5ff27a4bc5cecd052b4b2,,true,75d7fefa2dbf2dc7958612308814a8de3ca9414be763d34ecce2b8bb4fb9f7d1,AVOID,fd7a4627d44f8aaeeb482401258f308809715e62aa906f3dcc9bf17b7fae4f5c,2026-01-16,true,ADJUSTED,49.89,BUILDING,B5|DSI001,NOT_APPLICABLE,GOLDBEES,REJECT,NOT_APPLICABLE
SKIP,REJECT,f521589edf06f9a54881ce7842f45f78fb4ea54a0cc4a65b637b1e5a45fc80d3,,true,883bf3738212eee86d9871e4b9f597f71bc750f9e276f542a5f99292f7f2d1fd,AVOID,4111b5ca43ecad81551f9fd173780c4d9be2f802fd5b35db7525c622498e758c,2026-03-24,true,ADJUSTED,42.26,INVALID,B5|DSI001,NOT_APPLICABLE,JPPOWER,REJECT,NOT_APPLICABLE
SKIP,REJECT,f5419337bccc58ad8369c0b8e7b5f08bec9d2f3c3793a46bfe08877ec7b06882,,true,1571fe66593b08c2008fd437b4a85ab5897cc86095701f51d40dc26e3e63f899,AVOID,08c65fb6a8f5a0969e74aed3611058e1f5b7b87f5320063d5a021cfe74e7e14e,2026-05-14,true,RAW,59.00,READY_FOR_CONFIRMATION,B5|DSI001,NOT_APPLICABLE,YESBANK,REJECT,NOT_APPLICABLE
SKIP,REJECT,f55d6b6185d11ad55942ea34b53f2bfae7a1eca70f759f35522872de1683251f,,true,52e79e7e6c852f6436331d139cf15bf7580f47cf499eb70d1e5261c43c95b316,AVOID,9d3f5b1f7d152832c15b61b1470b616737a0180d7e955736210739516047259f,2026-01-20,true,RAW,54.49,BUILDING,B5|DSI001,NOT_APPLICABLE,SILVERIETF,REJECT,NOT_APPLICABLE
SKIP,REJECT,f55e5bea1697e02aa11c6944184576ea1eefb42ad139f72acb21d195271891e4,,true,0989879e812ab19c17c7ea1b27b305c381e1c129ad3ea855081df752afef197f,AVOID,55c5b81d17b53fb0f1823fa620b5da2de7582b98620394343f10dc90898dfabc,2026-06-17,true,RAW,52.29,READY_FOR_CONFIRMATION,B5|DSI001,NOT_APPLICABLE,JPPOWER,REJECT,NOT_APPLICABLE
SKIP,REJECT,f59948ed0bb63b237c635ef305fbff80840d8c6be42763bfbe60e009aea24fec,,true,9767e7eb8bae71e273f86ce15c4404385a177775b98701e610e38e0152cade76,AVOID,02b224bb0637851eb1424ea49131d536b05e86a37f45a6d4d2e098fe19816c09,2026-03-09,true,RAW,40.00,INVALID,B5|DSI001,NOT_APPLICABLE,YESBANK,REJECT,NOT_APPLICABLE
SKIP,REJECT,f5a0104b2fbd21d2bf92a7800e439593c58ad7dd27e97c7d8b0c5a0593abf042,,true,3c8f805844d354c692f979c5df206b194fc0046b5f21883322be07f4b0017828,BUY,bcea30927b34ce3bd2748a98ddc79085a14c9517870edbf7cf3da469acb5be62,2026-05-11,true,ADJUSTED,79.11,ENTRY_READY,B5|DSI001,NOT_APPLICABLE,HFCL,REJECT,NOT_APPLICABLE
SKIP,REJECT,f5bf3bc867ce64e867c9dac4455a282d6380d52d976e8a24520ce0e6e9fb0bf0,,true,400d0f57dc992171c2dc6a50b2e8229899c80d32ddfb52f3849a17722f878ddf,BUY,4fcb4f9df267fd7857e781003f677914c8af22ef729a4ae2a125e2d306425b48,2026-05-20,true,RAW,86.59,ENTRY_READY,B5|DSI001,NOT_APPLICABLE,FCL,REJECT,NOT_APPLICABLE
SKIP,REJECT,f5c69acf6da6e9280af275913b379cc4c4be7f294c55f4626c8fb088987ee070,,true,73af90b1820cdc4cd0efecce1c8602cce7cffadb89b2e3aee601057cddb94759,WATCHLIST,44752b1f5f3380ee4c17c008b46d002f106a0b030047a180a89f533c76813b11,2026-05-12,true,RAW,72.17,READY_FOR_CONFIRMATION,B5|DSI001,NOT_APPLICABLE,GROWW,REJECT,NOT_APPLICABLE
SKIP,REJECT,f5c8a0344c27e30d0189c51580846c1da2bdb48023e2f3debc3a31b469806475,,true,d8a121b14c4e88d5de3e7867053890875cd8f10fa9b5ffc90c031ae36097bfc8,STRONG_BUY,90ec84fec60b58c1ede9a7dad183fcb4d2d77a53bc9f33acf8edbab81b8d1a80,2026-06-12,true,RAW,93.46,ENTRY_READY,B5|DSI001,NOT_APPLICABLE,IFCI,REJECT,NOT_APPLICABLE
SKIP,REJECT,f5cf4ef1d1dea3908eb5ada8ba21cdddb6ea76d0729feb41bd81894a50c56091,,true,e3c7a38ce109e7a5993b08de293bc95e6f8c6b5ea83caed9a3a9c3c2f18efe13,WATCHLIST,708420b8bcf102ff133330b7b3bb3195088b1261fbaae280833c60fee20e2087,2026-05-18,true,ADJUSTED,65.13,READY_FOR_CONFIRMATION,B5|DSI001,NOT_APPLICABLE,SILVERBEES,REJECT,NOT_APPLICABLE
SKIP,REJECT,f5e6a5e7c4e7161af169468005f1f9abcaec97f34796df57e0a2179884ea4d1b,,true,f3aaafab0b4dd74ae4e2ec56d529aeeaf75687b50de4ef3e110879e2770ac1e4,AVOID,36e56a33b642413de15fa736e87b7464fa7a889fc72313e3e739f977e9f31ab0,2026-04-30,true,ADJUSTED,40.00,READY_FOR_CONFIRMATION,B5|DSI001,NOT_APPLICABLE,JPPOWER,REJECT,NOT_APPLICABLE
SKIP,REJECT,f606e2e19b1c59ce6bc3fd2b68f8ee991819cab481f0bee12095f87316788344,,true,0190ebb730e2634867b72299f09691b037788eb945e121809be22b55a856be05,AVOID,30a03b0127d755ad472dcd55d378ff32f9346c14e1b3b64089334e7b2b695262,2026-04-13,true,RAW,59.00,BUILDING,B5|DSI001,NOT_APPLICABLE,GOLDBEES,REJECT,NOT_APPLICABLE
SKIP,REJECT,f61a36ff4b40636abf9d529d1cce9082052ec25deb76d0ffc76fea3e980bf376,,true,042b6b1b7a37196fe709c50e8dca178afa4600b1fa38c90fd37bfabb7ba571f6,WATCHLIST,15ba66435ef0103f8c9612931c5c52e92add3dc52931cd9327ca79d5e52db585,2026-07-01,true,ADJUSTED,71.13,ENTRY_READY,B5|DSI001,NOT_APPLICABLE,RITES,REJECT,NOT_APPLICABLE
SKIP,REJECT,f623faec42247f2c8bb289a4b99bc0e82974bbb49a3436c3de3b3ecf4d62460b,,true,13fd2ae0f5df4e50709a1ffc1a9ac0781600007f9d5b69aed29dca1b0091d322,SELL,7fffb057ed154acd79b747b6277e4bf36843402da9cd47831fbf9f03dc5bfa81,2026-03-27,true,ADJUSTED,39.00,INVALID,B5|DSI001,NOT_APPLICABLE,UNIONBANK,REJECT,NOT_APPLICABLE
SKIP,REJECT,f62e8f1b983c1325ad4ceec680635841642e3f236e11995f6c6bc453dd1a3d97,,true,4535de01c6d7d7f9305c0dcac222efcf3d4b90f148067e85f291f68e4c636ac9,WATCHLIST,51c80bfc7b8125e91ad7ff361d0cf384d945732e0e76abc32670d696616f6856,2026-01-16,true,ADJUSTED,73.16,READY_FOR_CONFIRMATION,B5|DSI001,NOT_APPLICABLE,GROWW,REJECT,NOT_APPLICABLE
SKIP,REJECT,f62f3754eb83ddf0afdbc47bfdcdbc3f29e497191fdb3292e767fcd59ec11f55,,true,6ab0697c9fd71e1951597b51fe3520dfab53bdf70fa4bb2a81cc96105dfabea1,WATCHLIST,81f9a7a653f4f1afb89d8339e48df8bd0fdc5bea8b3e09b6022803592fe949ff,2026-07-09,true,RAW,69.33,BUILDING,B5|DSI001,NOT_APPLICABLE,CUPID,REJECT,NOT_APPLICABLE
SKIP,REJECT,f643c49f6e08a1f6067cd511d844ebbcb1fe3a6556b5eb4e33595436c8e1fe6e,,true,b9497d9b42df218eb052edad4f266e9ef33d32c0ca200dd4c8d5c2818fb45d75,BUY,45f6259222de70e9f19ae6366903d7ac7655faae5b86b3f57fa8ebe74bcb5b13,2026-06-22,true,ADJUSTED,79.24,ENTRY_READY,B5|DSI001,NOT_APPLICABLE,IDBI,REJECT,NOT_APPLICABLE
SKIP,REJECT,f65fb52687b546d080087861291f4d76380dedcb0330d3af982d7173f610f4e2,,true,0fc587f81dce1f3790a849795debaceb990b766fcc1dd745ae5d87898381c25c,AVOID,0d51e61072f0c5b9d7a13ef48981a2d83f7db1ba3b56a78dc25eef8875c49059,2026-04-01,true,RAW,53.39,READY_FOR_CONFIRMATION,B5|DSI001,NOT_APPLICABLE,JPPOWER,REJECT,NOT_APPLICABLE
SKIP,REJECT,f67571aaf3fd0819a5b623ba0b96e45fd7a593acc1c33f924467f3f2f1e13a07,,true,80a68b845a5c6a7da33c29244ab666bff86b85270e6ee15e137991fdd6ed6654,AVOID,6a05d6c716d1a9cc0c3e1c4c5e8bdbf79080a6f148123452379780cf22ebbc11,2026-04-10,true,ADJUSTED,52.20,BUILDING,B5|DSI001,NOT_APPLICABLE,BLUEJET,REJECT,NOT_APPLICABLE
SKIP,REJECT,f68296b29b8d6d2a934ef7439fd5cafa2db96931a4166da64d4af813a010f4bb,,true,a5e924847d26a27e87272e65d3ccbb19ab26597b40bd62f126f7ea08ff8bff22,AVOID,2b0ab47faf0b9203b465b419df8993b29f07099224102e900b3e41fde451b24e,2026-03-30,true,ADJUSTED,46.72,READY_FOR_CONFIRMATION,B5|DSI001,NOT_APPLICABLE,LIQUIDCASE,REJECT,NOT_APPLICABLE
SKIP,REJECT,f686446ecc8ca11e476a11c0e9bd2ca8f177dd0fe6b52789c39cbf98d9cf4e99,,true,e5b6488613710fa72467e9ca5e37a851ab3e691df67f8e8b068794bfef9bd41e,WATCHLIST,54147e4952c89d5c83d10ba73d187121d36104da45f5dda8185001ba5b25f606,2026-02-18,true,RAW,74.00,READY_FOR_CONFIRMATION,B5|DSI001,NOT_APPLICABLE,EASEMYTRIP,REJECT,NOT_APPLICABLE
SKIP,REJECT,f6ad6b024fd661b0408af65e50e9a252940cb1bb602241824e3423713e40b736,,true,7922681865fb2eb1d834006f880ce1da64abf56104ad8810f98a34d63e95f2a9,AVOID,d358d731479b0a1e64c8e1053d3e01d3a770550d54a9fe0336f86726f030ceef,2026-05-20,true,ADJUSTED,43.51,READY_FOR_CONFIRMATION,B5|DSI001,NOT_APPLICABLE,JPPOWER,REJECT,NOT_APPLICABLE
SKIP,REJECT,f6bc1920dad37b4f078e23d4d3e0d8bf34864c51afaf3670f68263730b195115,,true,99f605ebd8ed4d01b0df1995e065329876a3b85f02e629a68f35a1ff73f209f3,WATCHLIST,c8633fc8859e30a5ce60913d64491ea031803ec5ee7f8dd5312cbfa7b9c8aedc,2026-06-01,true,RAW,60.00,READY_FOR_CONFIRMATION,B5|DSI001,NOT_APPLICABLE,JPPOWER,REJECT,NOT_APPLICABLE
SKIP,REJECT,f6cf28c7bc60865ef235835085cc499f81ddded1dcab4a6c94502aaf99385802,,true,c1d1d0c54063b8fc431a4af8bd158d0fb78f5184910aa22ccd870ed405d29608,AVOID,30eeedaa8500ffb4f33469230571586dddf334e942ba3b62245c1768fffcb9e8,2026-04-17,true,RAW,57.74,BUILDING,B5|DSI001,NOT_APPLICABLE,LIQUIDCASE,REJECT,NOT_APPLICABLE
SKIP,REJECT,f6deee0fe645e3838882bdea51c15d5cc48ea3d956991c546606cc2e82c767e6,,true,b53ca0a554de1dfc65f9352f699e0e182ddd8ecab733473d1dda461b75e0f8d0,AVOID,bf198ace6e0d1bded470e1b71e07030f517be9c5fdb5ad50818ac03c6ad5d4e3,2026-07-02,true,ADJUSTED,54.77,BUILDING,B5|DSI001,NOT_APPLICABLE,SKYGOLD,REJECT,NOT_APPLICABLE
SKIP,REJECT,f6e176294198996baab2bfe7ae859a438677fbb0d2ca094f7bca9e4a2f421eee,,true,83c3998f9f200f0ece24662c68d2fac6f0445499e06032d091fd5f6421b55819,SELL,ffeb0fc55b41b9f7420814f498fbf2ab8caa2a54a16de0899d82118efb801d37,2026-01-01,true,ADJUSTED,39.00,INVALID,B5|DSI001,NOT_APPLICABLE,TARIL,REJECT,NOT_APPLICABLE
SKIP,REJECT,f6ed845fc68defa926ca4297a60e425b2d2bf944a77230e13b04fedc5565f8ad,,true,800cb9c7755f63d592bd6f755efdd9449199f2a7c0034ef74d77d8db1e24ba72,SELL,8b0f741807df1177e7737e38ef1dbc5044e2c865b1d2b98b43200442c45f7d71,2026-03-19,true,RAW,35.00,INVALID,B5|DSI001,NOT_APPLICABLE,FINKURVE,REJECT,NOT_APPLICABLE
SKIP,REJECT,f73dc68df5178ff2b658823aa0fefdd709a61064ffe29df5d55390c9d1487498,,true,959c4fdcfed5d8fc13f1a81da1c271d058accd97a363a4a22b025836bee88607,WATCHLIST,7e2ba159f59c25cf7309b40acd0204a3ffa24e0f2c85e5374b0ffadfba81f1c1,2026-01-28,true,RAW,68.41,BUILDING,B5|DSI001,NOT_APPLICABLE,ONGC,REJECT,NOT_APPLICABLE
SKIP,REJECT,f74399420f9dd69e14be502098b805decbd1adb655d6e04dcf2aa801fd84e56b,,true,02ebf66c76d081ef868579d8657e872f2d86db0b29ce53fa79da17f428372850,WATCHLIST,33179bc4be2ad6fb874fe63e375e7ed790e7ece5f3434c4b3629e91adafc8e33,2026-06-01,true,ADJUSTED,74.00,READY_FOR_CONFIRMATION,B5|DSI001,NOT_APPLICABLE,NSLNISP,REJECT,NOT_APPLICABLE
SKIP,REJECT,f7453bf681e76c7c7d1ae69889f84d2a5b73c001b5c1108fdbc65d2485848a97,,true,9f19b66528b73ab0873f223a0e6318013501c60c49e42f536cb87449f9503190,AVOID,99537f2400fc4f06f6ffc382031b411e3bad82709430155811dd75ff8cbcae78,2026-06-30,true,ADJUSTED,59.00,BUILDING,B5|DSI001,NOT_APPLICABLE,IDFCFIRSTB,REJECT,NOT_APPLICABLE
SKIP,REJECT,f7dd10ff73db30ae772a52de2eba25cdf514fc355074a86f5146bdf92fa878c5,,true,a7b5a2f550263c7a534aa426ee829f7616db29d249fcb4db1a14baa7b1438b37,AVOID,4c92858c287af0aed777f06ba008f933c53b166c1c297b1e0c37e1bf1ee145b0,2026-06-04,true,ADJUSTED,47.50,BUILDING,B5|DSI001,NOT_APPLICABLE,WIPRO,REJECT,NOT_APPLICABLE
SKIP,REJECT,f7e07492f9a33433d032d9b3498788c50870debb6f88011d1c2c8c4493e5962c,,true,fbf8127032c09997767173e19c8696e4b7bea75d70b4afbd8c63193b8a0dd6ee,WATCHLIST,59bf57051758d9a376a4999f08a37e73fe7394305120cb6b4e5da92c2929648e,2026-05-21,true,RAW,63.48,BUILDING,B5|DSI001,NOT_APPLICABLE,TRITURBINE,REJECT,NOT_APPLICABLE
SKIP,REJECT,f7fbc1683a7295c8dcf78d4e2e9ad41659e30c7767c72205c96db99874cd87c6,,true,78da19bbd5170765888911c6cc009ca3959164041ee224f96173767bd4885c6d,WATCHLIST,1df3d4f3f2e01a006a65dcc1433531f5368e9bf765fe153803c918b1017ce494,2026-01-09,true,RAW,72.30,READY_FOR_CONFIRMATION,B5|DSI001,NOT_APPLICABLE,TATSILV,REJECT,NOT_APPLICABLE
SKIP,REJECT,f8113404aae1d2978b894ef083c250e4a9ead98a27c13cc334d7d9a0f92cf31a,,true,4f8ae69276e2cabb1b14cb13145a7dba9d5c83aff96fff307f236526e41d41d6,AVOID,6acbbe23e9315d489e428bc2a75c802d7e15e3a7cf7750d2fd302130148975c6,2026-02-26,true,RAW,50.24,READY_FOR_CONFIRMATION,B5|DSI001,NOT_APPLICABLE,TATAGOLD,REJECT,NOT_APPLICABLE
SKIP,REJECT,f827933a9fdcc64507f5d1c928c72b64660f17435fc8482ccd5912eaab6e61e0,,true,0647569f2cbc3c346c02eeb2a33e4e8d23d8aba797def858b4e8f37263447a53,SELL,ffe3c3fdd4fefab6fb4e5a81783b8f60b2c46e7b5659a11bef1b97ec6285d351,2026-04-02,true,ADJUSTED,35.00,INVALID,B5|DSI001,NOT_APPLICABLE,HDFCBANK,REJECT,NOT_APPLICABLE
SKIP,REJECT,f85c2f5621417e1b825dc0dc7ce137ff9bcbcce78716fb6444909e60c88fb0d6,,true,92f547030950b4f71299e0788e9d365b3b05fed10c515802abe344d04aad0632,WATCHLIST,c5c8a1e76538046c208d8497e547174950c5d3a7a44bffe2c0cc58ae6848737a,2026-06-10,true,RAW,67.89,BUILDING,B5|DSI001,NOT_APPLICABLE,ATALREAL,REJECT,NOT_APPLICABLE
SKIP,REJECT,f87895ca1481f93d4fecdbde84c34922feb3cc4f96fd03741f03ecb1958a1b59,,true,317639184f4ffd63a53236da1dc8029b6f74252024a5755c6ec2473b629f9704,WATCHLIST,7b4e3882c7f85cf58e3aa759e19bbec35c852b6637ec301cde6e541c166b8600,2026-02-26,true,RAW,72.12,READY_FOR_CONFIRMATION,B5|DSI001,NOT_APPLICABLE,TATSILV,REJECT,NOT_APPLICABLE
SKIP,REJECT,f88113f0a41d4d2e269245c2d7adc7dbe0515074be649f4e9b46235c3f9c2ab3,,true,1891ebd29f77b8ef4ec1d5102563309f787939e796cef817f36072be42a73b00,SELL,638d67531c4d589fc7b4cce6addf7658545fc94ae892379cc96df636468d932b,2026-03-18,true,RAW,35.00,READY_FOR_CONFIRMATION,B5|DSI001,NOT_APPLICABLE,YESBANK,REJECT,NOT_APPLICABLE
SKIP,REJECT,f8a006c8a8bd02d01b2fece3185c2ccf689ad7870411f27493a97e646e0aca46,,true,489b87fe59e90484d2e208a53307d70371072c306c4821d3ae0be0915107d4b6,WATCHLIST,f786a911832e3db613d36ca5ae03558d336b09ee911156ddebacab84df9675c4,2026-06-15,true,RAW,61.96,READY_FOR_CONFIRMATION,B5|DSI001,NOT_APPLICABLE,TATSILV,REJECT,NOT_APPLICABLE
SKIP,REJECT,f8b41bde479b6e89c281eb5a57c3c5b8f450dcfbaff0951c218f24641a35eaaf,,true,5b75cd897be24eb9b43dbc78c78b58b8fa192f70668029e54d33848c7dfcf05c,STRONG_BUY,aff28d805b65297b19743794a0df15023d46296ffc4398b528c46eb06edd48a7,2026-05-06,true,RAW,91.90,ENTRY_READY,B5|DSI001,NOT_APPLICABLE,YESBANK,REJECT,NOT_APPLICABLE
SKIP,REJECT,f8bd6e40dd2849b4dfe00ac02c5a49bafa704771b16cbb3a38b4eb5ee3229251,,true,93413bfed58232a91b765082bc52b88bc629137ba57a069a044b67938d324637,AVOID,851b4196f623e5ae227da496383d1a50b2cc5630f78f6167286bca6e84f43a50,2026-04-15,true,ADJUSTED,40.00,BUILDING,B5|DSI001,NOT_APPLICABLE,GOLDBEES,REJECT,NOT_APPLICABLE
SKIP,REJECT,f8c5655e8c305115529f9db860ff1c1a1877b446ce4f18daf59ee763786e617d,,true,362b134f15b8a694f8bf74c4fa4ea887566ca8a968ee26ed648cd1727b4d0148,AVOID,416a2a386dcdd1f2c593b1933bd80294b5448a2dce77f365ea0115a68bc098be,2026-04-17,true,ADJUSTED,59.00,BUILDING,B5|DSI001,NOT_APPLICABLE,TATSILV,REJECT,NOT_APPLICABLE
SKIP,REJECT,f8df7de61da80059c4cc5991ab2fa9fff0975fe9a2235b42bc19796e4852e321,,true,ff25f30d89cfbe03d6add50a74e1e147ad0aa153b6bbf9920e92df8ef0392ed3,BUY,9df6c6645296c8b2e5aef7cad2bbb023fbaf1a240000244556eea4df9e58f8b1,2026-03-19,true,ADJUSTED,87.16,ENTRY_READY,B5|DSI001,NOT_APPLICABLE,JPPOWER,REJECT,NOT_APPLICABLE
SKIP,REJECT,f8ead9f7525695a6d697c69c41459e89db1a8999266227a2aa31debe7ae5e878,,true,31af70c2c656556c2b23deb5aed9ea96a1887228f0bc8723bb1bb732e44f0509,BUY,5d669b1d41f89b10ad3e39a8d13d91d1565345ef78a5a8e09b62e1ec1a232133,2026-05-08,true,ADJUSTED,88.59,ENTRY_READY,B5|DSI001,NOT_APPLICABLE,YESBANK,REJECT,NOT_APPLICABLE
SKIP,REJECT,f916152eaf77945e96da5e62e5af8c91d7e66c41e9f4bed0ff1c63f803fabc08,,true,f852307d072cb2fee8a4e7ecc3e90888d7dcb29d5762c95c3ecdb6f49df8a8ad,AVOID,ced30208253f99940d304ab2e307870f3168fa0c39ab85874bd575de6e54f255,2026-07-15,true,ADJUSTED,54.63,BUILDING,B5|DSI001,NOT_APPLICABLE,HFCL,REJECT,NOT_APPLICABLE
SKIP,REJECT,f917c49432698048cb16348215f0d241de72688cfd3fb3db789906976489e173,,true,3341f1d74ec5b4743034499f190509cf2ac09a7ce35096b25c447246c12f4b7c,AVOID,ccd88a2e21acae71333a6126d3df02cd927e7e336e7fde7d7262f9b53e4497a9,2026-02-19,true,ADJUSTED,59.00,READY_FOR_CONFIRMATION,B5|DSI001,NOT_APPLICABLE,TATAGOLD,REJECT,NOT_APPLICABLE
SKIP,REJECT,f98509bb75ce124fab0592f5a43ad486445813e383fe56be9ffe988f16172734,,true,e059d6506e6d56bb35ce43d3c6c28aa9762a4bde2225077f856e844873c7d16c,SELL,8bba655ec71aa80e3131cdcbb45bd2db8210175d412f6db0deea138a47469565,2026-03-18,true,ADJUSTED,39.00,INVALID,B5|DSI001,NOT_APPLICABLE,MMTC,REJECT,NOT_APPLICABLE
SKIP,REJECT,f98ff19c025814ba7cdb622d1acba43635b4bed3ba5694203a5d1dba1a2b6d9c,,true,2fa39384bc353f4c0088ed6c3d360ee2d392e23344c847cc16048f492ef99362,BUY,75d2d39a42db0911c068239724512e9cdd54506e895dbf288a2e865b3b2709c3,2026-04-22,true,ADJUSTED,82.06,ENTRY_READY,B5|DSI001,NOT_APPLICABLE,RPOWER,REJECT,NOT_APPLICABLE
SKIP,REJECT,fa29616d24a93889d1e1ed5ecac6c15f6d1c09a0ff06a62cd83be035657232b3,,true,49c966c328cd6e996236acfdab4c6e31e2e468cabd009ce254e1f3a826e36f16,SELL,66cf65e6e9a5a45329c299eb4d235dcac46c4f3a654e2e2f1e58977b1988cb59,2026-02-06,true,ADJUSTED,35.00,INVALID,B5|DSI001,NOT_APPLICABLE,RPOWER,REJECT,NOT_APPLICABLE
SKIP,REJECT,fa2cf46b11b8faec4c0fe9b610b6b692c31d4ca9b0eee66edc956d3ffd661f6f,,true,abfec5167a5f3b2a59b01b0df6523847d54cf561f0d217466554b17906587ca9,WATCHLIST,5b140fc5b0c2e5d770987a56bb7a678f70385212c1fe22f2b40ece37e2486d77,2026-01-29,true,RAW,71.66,ENTRY_READY,B5|DSI001,NOT_APPLICABLE,HINDCOPPER,REJECT,NOT_APPLICABLE
SKIP,REJECT,fa2d6f8f3d80a113f423f95607f102a1827b1f8b4e1be6fb48fdd7db7c745d68,,true,11175ecd27d49add54502ffc8421584a5c30451d0ec30fedfffac86010a7b78f,SELL,697111aaacd752d382b45b456c8b91a514a5ce061198e5c6375750790a373a04,2026-04-17,true,ADJUSTED,35.00,INVALID,B5|DSI001,NOT_APPLICABLE,CUPID,REJECT,NOT_APPLICABLE
SKIP,REJECT,fa43b7e2cb2b59c9fce3cbf9dcdc5000de8538de820274918567a1a651e3d234,,true,99fcdb92e7f75cad2d7446a9c8941d6a5bd1c1ead4c38cb9f268039c3889d01e,SELL,f46e654d0ac62766c936b141e510795025deac1081ae997ff6a960d713308475,2026-02-27,true,RAW,35.00,INVALID,B5|DSI001,NOT_APPLICABLE,JPPOWER,REJECT,NOT_APPLICABLE
SKIP,REJECT,fa9af916e7043defb9a65dd666a31e5d73332577731ddc8c5665cb1d101276ca,,true,cb95191d26f0e1fda7356e2ca49410885f0a39a0d28a029db93d153c13e364b7,AVOID,439a3857c6881056ff468ae59e9c2c8e38289dd84344a91cdbfda6c56113b465,2026-02-09,true,ADJUSTED,50.92,BUILDING,B5|DSI001,NOT_APPLICABLE,SILVERCASE,REJECT,NOT_APPLICABLE
SKIP,REJECT,fac3ba3182ec0f69994c22d423a04769e0311357daf15eebee51d54a11def982,,true,4b013e3a9138bd86ea75fbf0240e3bf4c7223717f9830b788858ecdc96c628dd,WATCHLIST,a876992359986ea4ca1be8e4b0891b6593ddd7f84d2217849b4fc86069c802da,2026-07-01,true,ADJUSTED,69.08,READY_FOR_CONFIRMATION,B5|DSI001,NOT_APPLICABLE,YESBANK,REJECT,NOT_APPLICABLE
SKIP,REJECT,fb3e3463bd729d6cd7efe743d57fa916bf162ad04da6530eb169df64d7d65b55,,true,72ca504f0ed3d77b0079f49867e4041636a1f9003d2ea7b3e8dcb4c71eb6a710,AVOID,3eef5302019ac1e10f5ec80ecfd85cba95a17f826f4f4a977d3dc3a4648e16d7,2026-05-11,true,ADJUSTED,57.25,BUILDING,B5|DSI001,NOT_APPLICABLE,SILVERBEES,REJECT,NOT_APPLICABLE
SKIP,REJECT,fb53a3692693343f7fc8e6f7b55e8e164a7bf0d8787b33770ba586f42229b09d,,true,9f3c94996ac793f1528913d984543be1eba5e8adcbedc4cb0c7bc6e48757f40a,AVOID,68000c90047879492f4d766904ff92900e809751299b7926205c36f6a65e7e8e,2026-04-01,true,RAW,51.40,BUILDING,B5|DSI001,NOT_APPLICABLE,LIQUIDCASE,REJECT,NOT_APPLICABLE
SKIP,REJECT,fb938da0dcd065ebde320252ff2a2098deb9ca94a0be920b58b31d6be9495ca7,,true,9efdb4208a7a5e0da416df1039bb2df5644ac5823b31d1001e50656ea7eca0cb,WATCHLIST,3e8caf302974346dfec48e44b3ed59dbefd4a3c0a83c4bf3e1b07dd580da6dce,2026-01-21,true,ADJUSTED,63.66,BUILDING,B5|DSI001,NOT_APPLICABLE,GOLDCASE,REJECT,NOT_APPLICABLE
SKIP,REJECT,fbb0f86633ac444c423790db78ecfd42fdb7c6d4adbcf702c9f4339e9674ab89,,true,1d3410a2afdeb3f2f76e44b3276b0197ca2ff1c01cc25666abc796a8e06b50d4,AVOID,93574d06cc248bdcc205ea815a570e01b47de0083c60fd7fd00833f5d5787000,2026-06-30,true,ADJUSTED,41.39,READY_FOR_CONFIRMATION,B5|DSI001,NOT_APPLICABLE,YESBANK,REJECT,NOT_APPLICABLE
SKIP,REJECT,fbb2fed0785a7d6d0969dc4d8b9cc81a7a4ce69ca921e37b1efe9725afc90fe6,,true,659cbfddc6f8811a061570485bd4d7b0017578273d58c726e8accfe3f5a262ac,AVOID,e5556e14fa1c7ea554819f4dede7ad88bd9afce22373a78d6bd633af658f8c3d,2026-07-10,true,ADJUSTED,50.22,BUILDING,B5|DSI001,NOT_APPLICABLE,GROWW,REJECT,NOT_APPLICABLE
SKIP,REJECT,fc00f873b88d600817867930d39308e9c96dd5674338426ae138a2f84449022b,,true,fcc6cb9d7200467af3bbb9606be1485d1d1f1496e59b8b5e07cb393ef8130eb1,SELL,7639ea9732ce509e248706100801717c77302426c94fed0ad6836d48cb6ded9c,2026-06-29,true,ADJUSTED,39.00,INVALID,B5|DSI001,NOT_APPLICABLE,CANBK,REJECT,NOT_APPLICABLE
SKIP,REJECT,fc2154291979ed6dc6c8a1d46681a59f103950aea57dca5477409a855bb0afeb,,true,228a3bdb96a10d34c126be06660f62314f1c888545349573ddb439d513913963,AVOID,95c5e8801ca42b7dc6ea6087c8ee1e2bc67f29deae250ec088a3ca361a8b08bb,2026-03-05,true,RAW,43.83,BUILDING,B5|DSI001,NOT_APPLICABLE,LIQUIDCASE,REJECT,NOT_APPLICABLE
SKIP,REJECT,fc504cbef06da69964c00493e5c486172e05b889642dac9c57a7d9ac515afc7a,,true,e4a22e4ebd80495ce97a5ba372a551eeeee2e587fec159c2a670a9856b5aab02,BUY,ddddd5e6da58a3d92612e375087778c2c4a8f48590ee8fd158646cbae74b0013,2026-04-23,true,RAW,75.11,ENTRY_READY,B5|DSI001,NOT_APPLICABLE,IRMENERGY,REJECT,NOT_APPLICABLE
SKIP,REJECT,fc76b841dda09604d879cd7fff62ad5296a310c78378e5eb86e3b43a9132b875,,true,6753f6105c409393edc2e26f8460fc2cb56f1757e003a76536de7ab3fb074c76,AVOID,1f23936dcd4453fa62099210aa6d4df69a6dc6bb2b5e9d3b6f8748e0dd577aeb,2026-01-05,true,ADJUSTED,59.00,READY_FOR_CONFIRMATION,B5|DSI001,NOT_APPLICABLE,TATSILV,REJECT,NOT_APPLICABLE
SKIP,REJECT,fc7b2e80e4bed58df4406356f6d9c68e08940b39f288b013460f4a57751a8ac1,,true,26bd229521fbc47a6c1fa367fcc5be5cdbcbe48d62905c51bdd60ff96a164fb5,AVOID,55383fd764ea480d7f1926a5649718344acab17f11e0b777dbb218ca2d3cc8a9,2026-07-06,true,RAW,40.00,BUILDING,B5|DSI001,NOT_APPLICABLE,YESBANK,REJECT,NOT_APPLICABLE
SKIP,REJECT,fc8a1f26b4ef0cb8f08b1f593ccc83218e0fe14df9ac066871e265bb863c53a9,,true,cc8fdb5a8a11ad866311da78478479e08d8e464d82f713ecde057db4f0ecb052,WATCHLIST,52f3db10f512aacc32959d73e2f6e869d81f87e1fefe06af7520c0e42bb56a7c,2026-05-26,true,RAW,74.00,READY_FOR_CONFIRMATION,B5|DSI001,NOT_APPLICABLE,JPPOWER,REJECT,NOT_APPLICABLE
SKIP,REJECT,fc9bc253cb515c00a3d62682fc8069312e2539213eabb82919900415ef385c6a,,true,27f6e0b6e1c35804704e5b5c8e0e920fe533cae0bd865836b114e933b6678fcf,SELL,688879e7c0b128328fdfd21088b48c1e7fccce0af0150ec90591b1f862f9415f,2026-03-17,true,RAW,35.00,READY_FOR_CONFIRMATION,B5|DSI001,NOT_APPLICABLE,YESBANK,REJECT,NOT_APPLICABLE
SKIP,REJECT,fcb2a1e0434fd849aecb1d932ec6b7a294120aea3558c629573be8c01759dd24,,true,cc3a79b24e6f6f113062808fcfe0e4da55f3860475ff9ad209e7b4aeb843229a,SELL,78b6b3a9a7e7824a9aa4c5ae6bd706505df632334df368280307f1a1dbdadea6,2026-02-04,true,RAW,35.00,INVALID,B5|DSI001,NOT_APPLICABLE,RPOWER,REJECT,NOT_APPLICABLE
SKIP,REJECT,fcc12ccba20b065f3c307085fb197e14e5fc21297e56f77c19e3691bb609be74,,true,f23cab117ceb353ddbe5a04cbb9caad0a5305c649cdc6e5f4210c2025d73bdac,SELL,4f6cd70d01813605ffc5e95a53aa2262fab20f8eba0922f663729b17ed63da87,2026-02-03,true,RAW,35.00,INVALID,B5|DSI001,NOT_APPLICABLE,MASKINVEST,REJECT,NOT_APPLICABLE
SKIP,REJECT,fcc5657f2fac880486739499ed4ce5e03f11ace6be5ff0f762849f18c0972de3,,true,96b8f786c7b3acc14ce5ca86fbf852dc1739362c2ad30f44bccdb624d9bc6952,BUY,64f4d779d8965dda8c4a69188935c223ec8aaad10467133b002ba7c495d37f42,2026-04-08,true,RAW,82.35,ENTRY_READY,B5|DSI001,NOT_APPLICABLE,PCJEWELLER,REJECT,NOT_APPLICABLE
SKIP,REJECT,fce0da1918aad0c68c63a57375c41a61ad45ad7c295dda48f7a06e4812633111,,true,9aca27d4ada86581c65ac2fb3d378c8f11af752862ee5a3da00b4532c6a775b7,WATCHLIST,111a98724b32416eb0c0ab9fcc29fc19e23b64f62394a00ade1badc75185c95e,2026-06-30,true,ADJUSTED,71.35,BUILDING,B5|DSI001,NOT_APPLICABLE,MOREPENLAB,REJECT,NOT_APPLICABLE
SKIP,REJECT,fd058bb0b8b973c4ba2218beb27619f7985aa1dadc9b72d63b9db22d699771bd,,true,78a29298ab6074bb5b8b92376fdaa4d58f04c75a029af68969d53eecf2de95f7,AVOID,e7a777d829163ef9f5babd052e0a1251707884cf276968c2960284f57a3d7292,2026-06-10,true,ADJUSTED,40.00,INVALID,B5|DSI001,NOT_APPLICABLE,TATSILV,REJECT,NOT_APPLICABLE
SKIP,REJECT,fd2515c8ce4ddc811763cf51b8187b33166d5c5cc49f0412c076aa9a6da40fe6,,true,c691ad640c4fc79020f5046905162a179f2f3ffc294dd959638c516e3c77555a,AVOID,d4d59a26c3154eb5c68baaa1a9f3a6d8f65c5dd12831aac40d53b3bc74dfe804,2026-05-27,true,ADJUSTED,59.81,BUILDING,B5|DSI001,NOT_APPLICABLE,EXIDEIND,REJECT,NOT_APPLICABLE
SKIP,REJECT,fd6313a9e0922e425e5ae398dd0e8ba8e3348ec9c770ee2a0da26ae91c87c987,,true,8d66bc50fb5e59592b133784a1b58cfa4a2a002b0ae463d49910146ceb447439,SELL,625d102ed5864bd686305671b438863da6e0a346c4632472317a58c6b08dc918,2026-04-17,true,RAW,35.00,INVALID,B5|DSI001,NOT_APPLICABLE,WIPRO,REJECT,NOT_APPLICABLE
SKIP,REJECT,fd81abde166dbf7ff773c285812eb21db1cba257d5ffb1338e292fff42ef7962,,true,c915c0b5b19e57c31c802d65b8980f504c58e781639ff3b2780a736eb2ea6544,SELL,525b0b82538986660f809825d81bac78adc9c0591ce6de8b97f1a18d035683d8,2026-06-30,true,ADJUSTED,37.09,BUILDING,B5|DSI001,NOT_APPLICABLE,HDFCBANK,REJECT,NOT_APPLICABLE
SKIP,REJECT,fd8d788c0e373e7d4ba7af1752511678538cfea2982d76f6e37443c3f85bbb73,,true,9b58e79391f2622de4db3be6bb03fc208c5fb74125ce18c7bee63690a5ccf250,AVOID,dc752f81d6ee308f3d29480255d7c29a9bef2fd78e8d9f1d2a24d33d693e37e3,2026-01-20,true,ADJUSTED,54.14,BUILDING,B5|DSI001,NOT_APPLICABLE,PCJEWELLER,REJECT,NOT_APPLICABLE
SKIP,REJECT,fdb14caf3297d6b561ba4ad485de462a9de20f541bf3b673bd921972eeb22651,,true,fb7286970d453cda4f3c713f0a077915392f0c4eb94f8592bb6142a29ebee8f3,AVOID,0ff8bc286b2b97bd792e01f1de01c38910ccfeaba8b4820499aaaed8fd044850,2026-05-05,true,RAW,48.53,BUILDING,B5|DSI001,NOT_APPLICABLE,SILVERBEES,REJECT,NOT_APPLICABLE
SKIP,REJECT,fdb44a189ad3b75aa8870d12924a227ff8ac7e95f4535efa2143cec2e30c71ac,,true,b14a44e5edb9288cc071834e4affa5c319434296b641ae259b81394395665c50,AVOID,593dd3ff2e91d15541fd7b95c6d84c2bd99a86412c27638d4981852458e38e85,2026-05-12,true,RAW,50.82,BUILDING,B5|DSI001,NOT_APPLICABLE,OIL,REJECT,NOT_APPLICABLE
SKIP,REJECT,fdc1c0afc17fe0cb68967880de86d46643eba723876a21a9a4c4c38a7bfe1939,,true,1f447f9e215de18798de3d9b88add36eff2c83ca86f3d8ae9c40eab3e2a5e08d,BUY,cacc2dd5ed67254d711f82cfece55371650a13cb77d708f63a5ee52b8b806b59,2026-02-04,true,ADJUSTED,87.54,ENTRY_READY,B5|DSI001,NOT_APPLICABLE,TATSILV,REJECT,NOT_APPLICABLE
SKIP,REJECT,fdee6cdf9b2f6e6bf5206394b3202a0998632048d9f0080ee08f782addba1f9b,,true,e385b18d7864d8ab7da8afc7392fe7ec52826536968f6aeb6f4918abcebff38e,AVOID,62eced16022f6b5f390c7d265c2d2ef4fadbf05317deac716cd4a624c598600c,2026-06-18,true,RAW,59.00,READY_FOR_CONFIRMATION,B5|DSI001,NOT_APPLICABLE,NHPC,REJECT,NOT_APPLICABLE
SKIP,REJECT,fe2e90ef886c54e52d26872811b3d0667d0ce9faf56d403a2b3c09de9422e60e,,true,bc229160d93b9654445b17bfc73d475dca834cfec8dbed62a86a05719d75b4a3,WATCHLIST,28a5d1f0a2018a9a0da3aa624dfbede051853023f0c0f9a01ea7069d2c6855c9,2026-05-29,true,RAW,60.00,READY_FOR_CONFIRMATION,B5|DSI001,NOT_APPLICABLE,GTLINFRA,REJECT,NOT_APPLICABLE
SKIP,REJECT,fe40af7d009e03cbe8143f337597a2063c678d9f9b9981c3f0756bbcb803893c,,true,9c27923aa8803169baa5577e87e5dcd640ad641c753d440145ef1aa0f706438e,BUY,2b92218df345cbfffcd954058ef135d3ca3706dd4fccd09725c6573be3e09fd2,2026-05-20,true,RAW,79.98,ENTRY_READY,B5|DSI001,NOT_APPLICABLE,APOLLO,REJECT,NOT_APPLICABLE
SKIP,REJECT,fe49b37c2b2760fe94da7b43dab7957b1ff588472e5ba48783120c2b011e6a39,,true,0c5aa3c0d259f47870c1ce85f6afdf2f1cf6ebbd91f359c3fe778319d4997442,AVOID,8a3c944c801b4d342d6ab46e18a4c7dc248af4a48f00237bbb94713795a9bfc6,2026-04-07,true,ADJUSTED,59.00,READY_FOR_CONFIRMATION,B5|DSI001,NOT_APPLICABLE,OLAELEC,REJECT,NOT_APPLICABLE
SKIP,REJECT,fe6800546545ae14271be8df4a4c53ed98cd93fb442c495646f1d97b802a37b2,,true,6190f302bb1bc363ce71825e6260d64c32ca3ff387f4efb28f39e0e24067b323,WATCHLIST,3c8864895a824e5c48bf7970747ded18ead4a29464eebaa6cb493e6e70587a6d,2026-06-22,true,RAW,74.16,ENTRY_READY,B5|DSI001,NOT_APPLICABLE,NIACL,REJECT,NOT_APPLICABLE
SKIP,REJECT,fe788817af7cd6d758fd73f0c718f680a01f4eea969a54251c208f760271c529,,true,de7c132c5eeff7225ff37204e8647ed75b43b5edec8bfa08f8bc5e73e5ce2644,AVOID,e1ff86b0138bff5d5e9198b3d491132c74675e401b8a00185d7e4f5cf1bc119c,2026-02-11,true,ADJUSTED,49.04,READY_FOR_CONFIRMATION,B5|DSI001,NOT_APPLICABLE,TATAGOLD,REJECT,NOT_APPLICABLE
SKIP,REJECT,fe7c68ec5aaf805bd9213d3df46546893075cda4baca29faef4beffa63437f96,,true,070172c400a913248e6e777b665c1b1af88b6decc796bd024b6622be067949db,SELL,2a6939010db049ac5b8de009296cb409bb43df1d1e641189ce2670edd55ce551,2026-06-19,true,ADJUSTED,39.00,INVALID,B5|DSI001,NOT_APPLICABLE,TATAGOLD,REJECT,NOT_APPLICABLE
SKIP,REJECT,fe94c3732e722c6729c11cdfa8707a4b30de2047cbc5159e4dac227e08a1e0ab,,true,cf96c1d9d9373fc6698731a344c698907660121d01bc9dbca04a30f7edbe11e6,AVOID,c4d8aa65e26beb451319348f3042b842ae0aa8ac12d6fadf176da35278421bf7,2026-05-14,true,ADJUSTED,53.81,READY_FOR_CONFIRMATION,B5|DSI001,NOT_APPLICABLE,HFCL,REJECT,NOT_APPLICABLE
SKIP,REJECT,fec05d7bd033d3be8f8182707735d8b495211269c38a13894b1f6879e18622eb,,true,5c657eedb460dc6ca0cd93a201799be3e57b43cfec38a8f8955c6cee99f4e90a,WATCHLIST,0d278604ede4fc2388a38001ff6e23511ca64f25ff5fd05e2d2c51101085dfd2,2026-04-16,true,ADJUSTED,66.48,ENTRY_READY,B5|DSI001,NOT_APPLICABLE,ADANIPOWER,REJECT,NOT_APPLICABLE
SKIP,REJECT,fed3f2cdde5542657236f6709495d9a7a27c10669e569143021a1af0febd4e9a,,true,4d04658787273996e71ded7e2d57f8b600a391f2c51df16104c3b2e03807a900,WATCHLIST,bef4f7361d849b22b24f6b0f52e50757f5c69a26359c40febf7754b4123cbdc2,2026-06-12,true,ADJUSTED,60.87,READY_FOR_CONFIRMATION,B5|DSI001,NOT_APPLICABLE,JPPOWER,REJECT,NOT_APPLICABLE
SKIP,REJECT,ff296e7702553987d21f1aa934105c0456d5155d8463353f51583c57ecc6eab6,,true,883811cefd08cb9593d3c28db9ca1575f1e15553b7089b82be47797d3f233eab,AVOID,be36bd2c1c7b5afc253d428d58c8e5b87d5535fdc4ee18f7e45aae2e28430558,2026-07-07,true,RAW,40.74,BUILDING,B5|DSI001,NOT_APPLICABLE,YESBANK,REJECT,NOT_APPLICABLE
SKIP,REJECT,ff376ad159770d434f289f320af6b99b37d6183c904c3e5ff8ec7a9a79b98b7e,,true,68a5b5b18904c90a43da03e010f3be1bb31ddb3a11daf9058c7ba3f1de65bcbc,WATCHLIST,db489c3754a0d7c4ae483001db834112e5143cf7d3d2e724a6408a164548c4e4,2026-03-04,true,RAW,65.22,READY_FOR_CONFIRMATION,B5|DSI001,NOT_APPLICABLE,TATSILV,REJECT,NOT_APPLICABLE
SKIP,REJECT,ff601c504d41ce4b5db8d156dc3df932e84c1005f7f691859b4abe98931bab25,,true,b1075cbb253fa917471b748de23aea4713caa699f4be6fd171f40569842e9ce0,WATCHLIST,1ee74b18518f1935396987c8f6af0fb51444bd281f5fb01494fbcd6b44ac112e,2026-02-06,true,RAW,64.86,READY_FOR_CONFIRMATION,B5|DSI001,NOT_APPLICABLE,TATAGOLD,REJECT,NOT_APPLICABLE
SKIP,REJECT,ff606ec2b4dd54e593801587276526d0095d006f9defc23446bbc1c0dd8b8596,,true,e4d4d40075c010e1558fb2156601ecd591aa04e15a46453871bc717cefc5018c,BUY,721e81b47fe24aa61e223491d16e30f7848ded74fdf5449c7cc9ea9cb6e81dcb,2026-01-12,true,RAW,75.38,ENTRY_READY,B5|DSI001,NOT_APPLICABLE,YESBANK,REJECT,NOT_APPLICABLE
SKIP,REJECT,ff7392029f8478b39f48dff477b29f5d09dfbe962eed56aab6e5a9ce2ee16cf3,,true,2cff1c1d45cd3c8fbaf1bf5249820172647f917fcce57c093cd2c1b2ef3d2783,BUY,57e53c284f8c38a3edcca9c5de7b2d1b6b1c3127f6197b341329e6b17cc189de,2026-04-30,true,RAW,85.46,ENTRY_READY,B5|DSI001,NOT_APPLICABLE,MEESHO,REJECT,NOT_APPLICABLE
SKIP,REJECT,ffbd801cb976aa66e2d238f6afcc1ea64c2d1957cd27823dfdd82c10a6f5943e,,true,81e3bdc8e6ac9607d026ecdf24dbbd3da485b9b1d42f8e67a43c83e2a3e08944,AVOID,ab4ae3da57d7d992ecb658042a89e6b788c977bde657bd13de6cff0873d0a874,2026-05-19,true,ADJUSTED,46.51,BUILDING,B5|DSI001,NOT_APPLICABLE,LIQUIDCASE,REJECT,NOT_APPLICABLE
SKIP,REJECT,ffca30efb9813792447c290ea1d717227c5348eb1e537126024405892fe73afe,,true,e3a38250c18faf030a1bde5c6ea9bd5f91936804515bcea218d6fc6bb97d136b,AVOID,2c9eefab7dff8997d7e2f399dc9eb84a24d790a560c47909225623ae2bf26e94,2026-06-01,true,ADJUSTED,57.99,BUILDING,B5|DSI001,NOT_APPLICABLE,CREATIVEYE,REJECT,NOT_APPLICABLE
SKIP,REJECT,fffa8e4132d9e8ae9da2151e6b7464b560ed5824b3feabc83b4250d73a9dbb9f,,true,ecef39b4e62affa02a1dae5740ab836a0b272a1f4728fb2d38f15eb654a6c20f,AVOID,2e9840b7af96484e49bcfaebf4000b07e0c48d476b7ea00380666ce70e0a56dd,2026-04-24,true,ADJUSTED,59.00,READY_FOR_CONFIRMATION,B5|DSI001,NOT_APPLICABLE,GROWW,REJECT,NOT_APPLICABLE
SKIP,REJECT,fffabe868bf0febf8c766004808e0a6077c1960485d9602bd6da5bbc403d3449,,true,6be88b6a77653e99d6fd8b60fa496b0675d034c4d31f4ea6a5a6823562861271,AVOID,7b42a73fe2448f71040679a61ff6f9ee85a843ca2f11bb901f7d396d4f4eeb90,2026-06-01,true,RAW,40.84,INVALID,B5|DSI001,NOT_APPLICABLE,TATAGOLD,REJECT,NOT_APPLICABLE
