arm_count,captured_input_identity,complete_stack_policy_version,economic_candidate_id,price_views,raw_adjusted_pair,recommendation_date,recommendation_identity,regime,sector,security_identity,setup,setup_stage,source_count,terminal_decision
1,408e12c046621697cea663cc2152d76624b04bf63ae4cd404d903a0b0bc8262f,351869caf3fd82276cd55f84606b5b8a82957194ccbdf3999fb7c7241baafc28,c0c15cb11d7cb930a5cc35aed8b14ee364fa1392a315c768ac83ddf0891f48eb,RAW,false,2026-07-26,448745ddfe4f9c01e67f7d0bfb30e42f60d89732f81dc987e5ee90d7fb46da56,NEUTRAL,DEFENCE,BEL,MOMENTUM CONTINUATION,BUILDING,3,REJECT
2,004c4512b9f76a78b1d3f261a51b0fe8d844174fec8e046ca727cdd024f3bc66,351869caf3fd82276cd55f84606b5b8a82957194ccbdf3999fb7c7241baafc28,cb4d2c972cabd2d35ae6085ad45e4db41c0bb4a4c46a9c7df1a4c6a0e1778f7e,ADJUSTED|RAW,true,2026-03-18,8a54e554b2482420f60d235c294c973010f59bb32b1153c4d04dc66b8cd8201f,UNKNOWN,UNKNOWN,GOLDBEES,UNKNOWN,BUILDING,2,REJECT
2,004ffb0b22daf1266bb49a1753ee99ddca09578dd47d1a4d3df59f86715ca098,351869caf3fd82276cd55f84606b5b8a82957194ccbdf3999fb7c7241baafc28,cc3a79b24e6f6f113062808fcfe0e4da55f3860475ff9ad209e7b4aeb843229a,ADJUSTED|RAW,true,2026-02-04,cc968b81c40122fe30e0cdf9db00629bd592e9ef640c851c2f606be688c023e9,UNKNOWN,UNKNOWN,RPOWER,UNKNOWN,INVALID,2,REJECT
2,00c037dba0d1ff67ec030beb8ea5aa4be2ad9c98110431d5e2c82f450c765e2f,351869caf3fd82276cd55f84606b5b8a82957194ccbdf3999fb7c7241baafc28,fa4b65c42994b227200a4d23626c4a338ae3a446d9b3377cc9b0535562513da0,ADJUSTED|RAW,true,2026-06-11,fd174acd88d76bcb991d561aabdc0e4171cd2668ff8834e6ce24c8f954fbb935,UNKNOWN,UNKNOWN,JPPOWER,UNKNOWN,INVALID,2,REJECT
2,00f0bbb6b2676dce5efae875875f09dc905eca5feb591f5acb311ebcc0bf4356,351869caf3fd82276cd55f84606b5b8a82957194ccbdf3999fb7c7241baafc28,7362dfe6ac8a78293dbcf99655596b3df34c90906c3f7977492e3b2b3d8bc81c,ADJUSTED|RAW,true,2026-05-06,495c57deee21f4ca190ccf7bd9c61fa49f5927b58c1ad94420394f632f0ab17c,UNKNOWN,UNKNOWN,TATSILV,UNKNOWN,BUILDING,2,REJECT
2,00f3d7ed9d06413696b1640122ffdc05e0a32009e58ddaae59e5bf2185548af1,351869caf3fd82276cd55f84606b5b8a82957194ccbdf3999fb7c7241baafc28,6e7c2513020ad190adbf847d5e963bed0412350b67f6ffc53d74b7a87d05f656,ADJUSTED|RAW,true,2026-04-16,84cc1571b399de74e171c4307207ca53404f6d3e1adbf6a98b491a2bf6ebc83b,UNKNOWN,UNKNOWN,RPOWER,UNKNOWN,READY_FOR_CONFIRMATION,2,REJECT
2,01059e9d07f0deb6f6e939de7610058591f2ff6c4b5fac402a4d9bdfddbfd7bf,351869caf3fd82276cd55f84606b5b8a82957194ccbdf3999fb7c7241baafc28,f16633f7ec1c7561ad1bd300a74385f4dc7005709c770fa2a8dc1fd36eca2516,ADJUSTED|RAW,true,2026-06-03,996a1064cbbd05293c0405ffb9eb2b4fbbda4f7238773a65fcd063a08275f19a,UNKNOWN,UNKNOWN,HFCL,UNKNOWN,READY_FOR_CONFIRMATION,2,REJECT
2,016b59304658dbc71c75a776f0a6bc1ba36615670cc9a674939f476610cf4d3b,351869caf3fd82276cd55f84606b5b8a82957194ccbdf3999fb7c7241baafc28,2e56290f25f5b9f6007b042624423b79575122c6141200ca0c12b48176910465,ADJUSTED|RAW,true,2026-07-03,a2453a119dab7932b96a916db9496d69fe0958d07c2a21adbc5d6c07115469ad,UNKNOWN,UNKNOWN,MOSCHIP,UNKNOWN,BUILDING,2,REJECT
2,01bc80ce308c57088d56c27499ff3d76ba34e43378ab8f57d0c82b9184af5969,351869caf3fd82276cd55f84606b5b8a82957194ccbdf3999fb7c7241baafc28,ba5fadea219d2a31dd5d04b4aa0413511456a55f8ff5e5d3364f652b3ac953e9,ADJUSTED|RAW,true,2026-04-17,d958e1432fd87239feedce70e318514d5e386f1598b1135c940b900f7c2c519a,UNKNOWN,UNKNOWN,YESBANK,UNKNOWN,READY_FOR_CONFIRMATION,2,REJECT
2,01cc63dab6717bde791b2a0b236ad0ff90a4b07d3bec8f750545b33128b2042a,351869caf3fd82276cd55f84606b5b8a82957194ccbdf3999fb7c7241baafc28,681442ecb0a1fbd9fc76d0f9e1ddf72e34a9bdc0008c5e2a94f149b062e01aec,ADJUSTED|RAW,true,2026-05-05,5fbbca95fb037216ccbda16de2e999083a8dbd22fb00504aef3e588c8dfb8979,UNKNOWN,UNKNOWN,ADANIPOWER,UNKNOWN,BUILDING,2,REJECT
2,01f35470deaba978427f5b90aaca7fc0bffe088e177a6cf459543ac53d5b0e42,351869caf3fd82276cd55f84606b5b8a82957194ccbdf3999fb7c7241baafc28,3666664a904e3b4514f45ecaca127a6dd1184f3c8f0aae2460ac1527084ad35b,ADJUSTED|RAW,true,2026-06-11,a903338a9d802fe2b7e5a65c948fcd271632eea29097772048591beee3ca9f82,UNKNOWN,UNKNOWN,TATAGOLD,UNKNOWN,READY_FOR_CONFIRMATION,2,REJECT
2,02037f07a96a2f6399c6d5efd20a2e09524117f768b6e3bc9ecdf059b0a0d148,351869caf3fd82276cd55f84606b5b8a82957194ccbdf3999fb7c7241baafc28,4ba3211a5e877bdd9522d4a362766cdf9ca5c3350a4c9c9a17de3953b88859b0,ADJUSTED|RAW,true,2026-06-01,bfc373fb0b05ee4e5db3e181ebe43a839fedd319a9bfdf3522cca1dff74577cf,UNKNOWN,UNKNOWN,HDFCBANK,UNKNOWN,INVALID,2,REJECT
2,020ea47dfa1040b6013438f2078c90498d7ea901de74d7bd19bac80013829d8a,351869caf3fd82276cd55f84606b5b8a82957194ccbdf3999fb7c7241baafc28,96b8f786c7b3acc14ce5ca86fbf852dc1739362c2ad30f44bccdb624d9bc6952,ADJUSTED|RAW,true,2026-04-08,d791e2ff2b1eea04db399734b0a0697a15bc79f3fef8420a1c58f87ed26064c9,UNKNOWN,UNKNOWN,PCJEWELLER,MOMENTUM CONTINUATION,ENTRY_READY,3,REJECT
2,02414938e129823934454b8429ded57781ba1dcc7da389bbdc80519b38486c7a,351869caf3fd82276cd55f84606b5b8a82957194ccbdf3999fb7c7241baafc28,80bc11422cb5a3d28503295eecfe716ed01b8448580facb3f94f9238472f5b1f,ADJUSTED|RAW,true,2026-03-09,fe7c7e42989e4fa02b5730a3e905e1f87896be5cb4b129237c73a5e9a2114b8a,UNKNOWN,UNKNOWN,SILVERBEES,UNKNOWN,READY_FOR_CONFIRMATION,2,REJECT
2,024c58ef4fb61a29c9860381dbff1d27fa39d59fb8bb531810405d577c5186da,351869caf3fd82276cd55f84606b5b8a82957194ccbdf3999fb7c7241baafc28,e5b6488613710fa72467e9ca5e37a851ab3e691df67f8e8b068794bfef9bd41e,ADJUSTED|RAW,true,2026-02-18,102464a2341ab25e815d6b8a7c8455247e072959079a96ccdadf141c971f319b,UNKNOWN,UNKNOWN,EASEMYTRIP,UNKNOWN,READY_FOR_CONFIRMATION,2,REJECT
2,02560a2b823472b67dba02254b7261d78350f7a47658417e86fa37609052a82c,351869caf3fd82276cd55f84606b5b8a82957194ccbdf3999fb7c7241baafc28,66bc542147a2668719bb7e79283affa2ebc7378f59902a4beebd7e6dc359d6c6,ADJUSTED|RAW,true,2026-04-17,d4baa830208ff601d11f859b5916511edd38cab24e2feb4c1d892f6da13aee8a,UNKNOWN,UNKNOWN,JIOFIN,UNKNOWN,INVALID,2,REJECT
2,02bdb26830dd32b0ca6a4011ed5633a3021a675ebf24f047d8feac44a4c6b169,351869caf3fd82276cd55f84606b5b8a82957194ccbdf3999fb7c7241baafc28,415729f3ec8ec5cb9fec73631e483f1e65e85e46d4f08d9c61430416122085aa,ADJUSTED|RAW,true,2026-02-25,bcf05bd63a76fb4787c80291a41311ced85fcbb43ef4e6c0e85df25d743c40ae,UNKNOWN,UNKNOWN,TATAGOLD,UNKNOWN,READY_FOR_CONFIRMATION,2,REJECT
2,02da4493ada5849ad47812b66463cc1dd82a4d3669916a73a098c2a4326ce0c7,351869caf3fd82276cd55f84606b5b8a82957194ccbdf3999fb7c7241baafc28,3fce704f0fa86b2473a4bd4c4d1171f18c3aadb9a278f95ab695e60e672471d3,ADJUSTED|RAW,true,2026-05-07,c9c4acec30c401d70b9f9393755c99f9b653f5ecb7d46790b7f480fe12afd3c5,UNKNOWN,UNKNOWN,GMRAIRPORT,UNKNOWN,BUILDING,2,REJECT
2,032ae397aade54741afd7e98d1b88efc77533ae94d55764da84ade4b142e36cc,351869caf3fd82276cd55f84606b5b8a82957194ccbdf3999fb7c7241baafc28,c915c0b5b19e57c31c802d65b8980f504c58e781639ff3b2780a736eb2ea6544,ADJUSTED|RAW,true,2026-06-30,c24ec9d08508d2b9cacede6015053a17b019a30e4060f3d555a445ba69ced566,UNKNOWN,UNKNOWN,HDFCBANK,UNKNOWN,BUILDING,2,REJECT
2,035af68a1a465190d315888037a236a7049b1e0cf2b0b2e6208849bbbaec42ac,351869caf3fd82276cd55f84606b5b8a82957194ccbdf3999fb7c7241baafc28,9819a13fc28c29f6ca55b3193a4373311049e86cdbef66686adba8f0744a93cc,ADJUSTED|RAW,true,2026-07-07,8f87bb3390d2bac968828f3e5f4afe64da75d65d5fc22f0c4d0d4dff360b3057,UNKNOWN,UNKNOWN,HDFCBANK,UNKNOWN,INVALID,2,REJECT
2,03eb6fecc59f5b9aad849d8df7f1d0bf2dfd2326c42256cdaa624f68833f1bd5,351869caf3fd82276cd55f84606b5b8a82957194ccbdf3999fb7c7241baafc28,0e38f286138c2727643325c790cdd6336e473f17e4bd6ee9bdd24a9ab84990b4,ADJUSTED|RAW,true,2026-05-11,31c01b78f5658100859743e815a1f7be0ba4ced93a3bb8d7a05bcc09a284452a,UNKNOWN,UNKNOWN,GTLINFRA,MOMENTUM CONTINUATION,ENTRY_READY,3,REJECT
2,043642b0ad7960795f7b32e6b0894ee862e2365b5b4204395d778e744cd05982,351869caf3fd82276cd55f84606b5b8a82957194ccbdf3999fb7c7241baafc28,86c323f4cb10343bf2c3f9d1a83b32d31881f048c225b9380038f28e98182c92,ADJUSTED|RAW,true,2026-02-03,6c1bbea1af2a9a589ab776d4f944a460a2271c539c4c917f0fb37fc339f6ccf0,UNKNOWN,UNKNOWN,KABRAEXTRU,UNKNOWN,BUILDING,2,REJECT
2,0485be6dc13e9b62254e00f5f69de8878c4d9a9267c806ee4b464f5b17123187,351869caf3fd82276cd55f84606b5b8a82957194ccbdf3999fb7c7241baafc28,6ab0697c9fd71e1951597b51fe3520dfab53bdf70fa4bb2a81cc96105dfabea1,ADJUSTED|RAW,true,2026-07-09,4f5788a5d5d34a824bc3ff65e68508a534c6fa6e742070ea80e59dc22d371dd3,UNKNOWN,UNKNOWN,CUPID,UNKNOWN,BUILDING,2,REJECT
2,0510935d58f5c5f5aec18f2d6b5ae40e4e4051872658df6d9e89404e3f3f143d,351869caf3fd82276cd55f84606b5b8a82957194ccbdf3999fb7c7241baafc28,2a747c18d59d6ee4424dcdc7dbb8b7e011bb7e8c4294741d0993ffb9efba883f,ADJUSTED|RAW,true,2026-03-25,436a13a7f19222efed13528e8dd76b793351feb811d937c6abd1a5e42e9f3650,UNKNOWN,UNKNOWN,JPPOWER,UNKNOWN,READY_FOR_CONFIRMATION,2,REJECT
2,05634f5f3961cf532afef51bfed495f69c1dcff693f6f565aa34926cc02effc0,351869caf3fd82276cd55f84606b5b8a82957194ccbdf3999fb7c7241baafc28,f0bbb7cb47f830d5cc2a5e692ddfb8cfd8b3d9a29331a1ad7d20f79983f094dd,ADJUSTED|RAW,true,2026-05-29,6dd8603703ffb238726c86330c603110042119964b09b1bdfc596721605cb433,UNKNOWN,UNKNOWN,FEDERALBNK,UNKNOWN,READY_FOR_CONFIRMATION,2,REJECT
2,05fad943f9c6534c7755daeb0be9a3076bd983fa7acd0720b410b621e89cb350,351869caf3fd82276cd55f84606b5b8a82957194ccbdf3999fb7c7241baafc28,0bd32e484cd3bd69d6ff04a74ffa4a041e7733a9d0e52733ac5d4abec42ea77d,ADJUSTED|RAW,true,2026-02-04,57c13aae61bb8bd7b4e7b3ce4f8a463283cf6e47dd40bcc87d5bf67da928de3a,UNKNOWN,UNKNOWN,SILVERIETF,UNKNOWN,BUILDING,2,REJECT
2,064140ac91304beca03752481e68780d9cc84acce1fdac230c9e5a7f8eb397d3,351869caf3fd82276cd55f84606b5b8a82957194ccbdf3999fb7c7241baafc28,65128f76f6c1bc6ad3df1a64a13f6ce13779660f35022e67cadf97ce566be5df,ADJUSTED|RAW,true,2026-03-02,e41ab619cbc529c50225e04706190318c61583b76c565ef6a18f8f4c54407a76,UNKNOWN,UNKNOWN,GTLINFRA,UNKNOWN,READY_FOR_CONFIRMATION,2,REJECT
2,0648dadc688eb120fcc86c799cdfd9576fc2ac57fe35b046455864c78e5a47f5,351869caf3fd82276cd55f84606b5b8a82957194ccbdf3999fb7c7241baafc28,a60beae80e49af6aec50b45f8c712c5b7d26098d7656550e180b2548bdd8c289,ADJUSTED|RAW,true,2026-07-10,c66cd160e15eb47cfa8813be402bc34900be2a6c20ac3627ac67f08363ac5834,UNKNOWN,UNKNOWN,SOUTHBANK,UNKNOWN,BUILDING,2,REJECT
2,0658485c11a9a5ddfcbfc6ddf54d7c50d634a1e00c02813c85fcfa5e0de71ef8,351869caf3fd82276cd55f84606b5b8a82957194ccbdf3999fb7c7241baafc28,fff5c516103353e525946c360201fd4f2063edf45c63e3398eb39b8753922a14,ADJUSTED|RAW,true,2026-03-09,25a20342e337b81a1d336574ad55349a83a49a73aca8884c87879d7b18c24941,UNKNOWN,UNKNOWN,TATAGOLD,UNKNOWN,READY_FOR_CONFIRMATION,2,REJECT
2,0695b1178c4498e2069450da24b4b81c3012810eb37a8713f2f27d321baeedce,351869caf3fd82276cd55f84606b5b8a82957194ccbdf3999fb7c7241baafc28,d8c496888208b520df6f8bc469bf2246adc76dbcc32fd1c804afd7de49bfe68e,ADJUSTED|RAW,true,2026-07-17,b16642f20e01bc970c165e96aed1de98c3f0b304394f037d5b680789ba7b734e,UNKNOWN,UNKNOWN,PCJEWELLER,UNKNOWN,READY_FOR_CONFIRMATION,2,REJECT
2,069ff409989e6b66a1c33d8a853b82a2f832cac24b1c86425c12aa09bfd0a37b,351869caf3fd82276cd55f84606b5b8a82957194ccbdf3999fb7c7241baafc28,5b83e4e010ecdeea0b66fa91b75db256cba170d2a4adcdcfc99871fbebb2d85a,ADJUSTED|RAW,true,2026-01-13,b772179377a1d9802537a3b17604de154f016b74f985813d40d96f6111e31e6a,UNKNOWN,UNKNOWN,SILVERBEES,MOMENTUM CONTINUATION,ENTRY_READY,3,REJECT
2,06a499657008e1341ff3a2cae2b8d5de3898b75dad8d5c988f0664a571537aca,351869caf3fd82276cd55f84606b5b8a82957194ccbdf3999fb7c7241baafc28,f25c502d3cfc8378ce733f06073b50dee37cabcdfb46af44831ba7187ee2ba16,ADJUSTED|RAW,true,2026-04-23,1173a7f478d19dec82253b8b88e9ad7c6b8fdec3129af61f6ef8f9f20b319043,UNKNOWN,UNKNOWN,JIOFIN,UNKNOWN,READY_FOR_CONFIRMATION,2,REJECT
2,06ce968010704104a38b059af8f44b086407b90228460e93477bcb3e6a21c625,351869caf3fd82276cd55f84606b5b8a82957194ccbdf3999fb7c7241baafc28,cc58703b54ba6358b1e99ea04b6b77bdf0c2589da7aa19e5b83c4e6d9e18c241,ADJUSTED|RAW,true,2026-03-18,cb1b4ac39e98180be768fdbf82c29bdac4757cbe7330c220a9a7e731a77daac0,UNKNOWN,UNKNOWN,TATSILV,UNKNOWN,READY_FOR_CONFIRMATION,2,REJECT
2,06f080966390752a174cc1907d97551d8ee40f8346494e887098adb3c1a42696,351869caf3fd82276cd55f84606b5b8a82957194ccbdf3999fb7c7241baafc28,5850e184b30f4d3edabfa1432e75bd870b1dfdf80826732003b5ad72a3aa2cf6,ADJUSTED|RAW,true,2026-05-19,79d804bff4be1de44142a5412f9e79121e5f8a2b5ad0d13459cfbf01561cdbf4,UNKNOWN,UNKNOWN,TATAGOLD,UNKNOWN,READY_FOR_CONFIRMATION,2,REJECT
2,070da9be69df3cfb0864654695287dc21e29c4e722ee1dc1bbf7813bd8ccd494,351869caf3fd82276cd55f84606b5b8a82957194ccbdf3999fb7c7241baafc28,8f45e796d0bf6f524dc0f8d2525062d03eb3c92fd11156f972952a96cc2a2c4b,ADJUSTED|RAW,true,2026-05-25,5248d4c3f649fff40ed03fd8dda3e822ddcbaef907b022169dd41718f300418d,UNKNOWN,UNKNOWN,YESBANK,UNKNOWN,READY_FOR_CONFIRMATION,2,REJECT
2,071254d8a944c74afb3d145862b343a676ff542b271224295863dc0ce1c60d12,351869caf3fd82276cd55f84606b5b8a82957194ccbdf3999fb7c7241baafc28,5078cf12df81651c803eadd8012bc19123f35beae2fabce5973d016772a1dacd,ADJUSTED|RAW,true,2026-02-06,49bdfb05f0d02828f78c1ddbb17718de702965d5f4aac1fb14bed54aefefe522,UNKNOWN,UNKNOWN,TATSILV,UNKNOWN,READY_FOR_CONFIRMATION,2,REJECT
2,0720e67c480cf69b1ed7fc647519df7382c0246673696d00e6f692eb0a0cc763,351869caf3fd82276cd55f84606b5b8a82957194ccbdf3999fb7c7241baafc28,6c09571c8444bb7c637a8302836f9330e2912c6b7477c97546f4c73389e237b6,ADJUSTED|RAW,true,2026-07-15,1e40ab6e6e3a6ab05d84924a6471f004a424b46de6da4616ed8d15756b54b8e6,UNKNOWN,UNKNOWN,DAMCAPITAL,UNKNOWN,BUILDING,2,REJECT
2,0734176ca236c60d5b726b2a026c02c354e520c6bea8f7db0c7ed0ea8d05f031,351869caf3fd82276cd55f84606b5b8a82957194ccbdf3999fb7c7241baafc28,168448e104a181b64c62fde69237d6636ec42b25db5311fe0c8141aec3890a14,ADJUSTED|RAW,true,2026-06-30,1baa1af26ba0b3619709188a4aaa76586af178c0a5d9ed608ced8999b5fe3357,UNKNOWN,UNKNOWN,ETERNAL,UNKNOWN,BUILDING,2,REJECT
2,07894fe1c3c104a3ff31ebcd69449c21a9317d9145100a466c36544381c82f3b,351869caf3fd82276cd55f84606b5b8a82957194ccbdf3999fb7c7241baafc28,7b03d82f66a544ec5d72d8257ab55d555369c4337f595d4c69ec86ecd1229663,ADJUSTED|RAW,true,2026-06-02,2ab0827aa4d2f790b039b35ebbee2918c4c985b473398ef3398faa4aa2b3a72c,UNKNOWN,UNKNOWN,NHPC,UNKNOWN,INVALID,2,REJECT
2,07967055f8d124a3f01c339c8962468a1e3f1cee82afdbb583ee3689cdbeb3bd,351869caf3fd82276cd55f84606b5b8a82957194ccbdf3999fb7c7241baafc28,373933e404fe4bed05f5cfdf131630d8c74f025e2b63babdadd58a55334aef7c,ADJUSTED|RAW,true,2026-02-17,0f64e95f7fd27e6344cf9f6a49b1362b3054e26b6450ebb4231e3fc6a70a9890,UNKNOWN,UNKNOWN,YESBANK,UNKNOWN,INVALID,2,REJECT
2,083af36f0e2aa6ac8c699c5301dea7a6740c2b91ce2411f041a8fbae4c696275,351869caf3fd82276cd55f84606b5b8a82957194ccbdf3999fb7c7241baafc28,943eddda60974424e63a631104713ce8ecae192cc554e8eb9dcece58300f6238,ADJUSTED|RAW,true,2026-07-09,a005a6459951b4d8bfbfcbbc0b6ad318503b2b4f0a735bd911975fb32568aff8,UNKNOWN,UNKNOWN,MASTERTR,UNKNOWN,BUILDING,2,REJECT
2,086cc28750dc1d2c1cbd6d895f5864269261f43ed4c29013364f12ecaa532359,351869caf3fd82276cd55f84606b5b8a82957194ccbdf3999fb7c7241baafc28,5aec033ee3656d751fe0ca7e2e699b182e001f5be7d2ac5569fbabeebc186c42,ADJUSTED|RAW,true,2026-02-13,a6461d3d0eabde223caa2db8439c3ee86d54e9c0d687f6368e134cab27e2d455,UNKNOWN,UNKNOWN,GOLDBEES,UNKNOWN,READY_FOR_CONFIRMATION,2,REJECT
2,08718a62f2aec14df364a1bf375fb7a3bfd34606bdc62e02a4d288b1fd0e5048,351869caf3fd82276cd55f84606b5b8a82957194ccbdf3999fb7c7241baafc28,2f37443b94c72697e94b267ed8a43e3f603cacc729bfa5159e4fcc2d5f5dd563,ADJUSTED|RAW,true,2026-02-19,c6c763cf0d003f558e67fb56ccd2feae2b3b079dbc29de5494325edb6f932158,UNKNOWN,UNKNOWN,NEWGEN,UNKNOWN,INVALID,2,REJECT
2,08768187261cd0d16b5fed4228c8fb5c76695fbca0f912f72659a9c45903a66a,351869caf3fd82276cd55f84606b5b8a82957194ccbdf3999fb7c7241baafc28,00357d4be79daded92f2d25d0364db84dccbb487c1cca56a58c48bd0db2373fc,ADJUSTED|RAW,true,2026-05-27,af196144d409e4832a1b00a21f747ec38f7b00b5e037169c21c1cb11f26d4209,UNKNOWN,UNKNOWN,COALINDIA,UNKNOWN,BUILDING,2,REJECT
2,087b4cc767c079e51f629ab1e98690440c7a4d152a47e8116aedc899ea5b1209,351869caf3fd82276cd55f84606b5b8a82957194ccbdf3999fb7c7241baafc28,9c3bd987165f310fab9796add1e1c35e1cac8bdbbdf1a354c0b329fda5ee14d3,ADJUSTED|RAW,true,2026-04-15,029923364309ad6b54692d9c05e444981404b11094aacc7470e616bb82032f51,UNKNOWN,UNKNOWN,OLAELEC,UNKNOWN,READY_FOR_CONFIRMATION,2,REJECT
2,08b675389efa82786fbb11c7a4015614e2006e6e4d6458519fb67258d08a49aa,351869caf3fd82276cd55f84606b5b8a82957194ccbdf3999fb7c7241baafc28,ea628f4d4120500aa4eb5b296f2493cee59010655ca31132350bf22a2572fead,ADJUSTED|RAW,true,2026-01-16,a7ad02e7d2cc9004f5e04375dfe5350e44d0fbfcdff4734944b1cd3f154efbe0,UNKNOWN,UNKNOWN,TATSILV,MOMENTUM CONTINUATION,ENTRY_READY,3,REJECT
2,08b874967bbfa515def44cff9891620ccaa9a8a416562b6825e7c8f62628bfc6,351869caf3fd82276cd55f84606b5b8a82957194ccbdf3999fb7c7241baafc28,70eb5e46de8911ca438c7fcc8590aa369d8b0b9e6b9d96764274b1b9759911e2,ADJUSTED|RAW,true,2026-02-12,44da52e8f48c6b9f44014efb583522c623fb737cbef58aebcaedf0eaf6bc26fd,UNKNOWN,UNKNOWN,YESBANK,UNKNOWN,READY_FOR_CONFIRMATION,2,REJECT
2,08cc9957a60533d95ecaaf7a1d16b3f39356e680a1c77fea9a313da03d6c9c5e,351869caf3fd82276cd55f84606b5b8a82957194ccbdf3999fb7c7241baafc28,114e93fd9cf9cc1a2c27482f7c7ee9f2cfb946c6702308d2524758d5416b4a94,ADJUSTED|RAW,true,2026-01-05,ef3aa4f630f443777457411f54c7596efdca8e50047e86b4f191da584e556154,UNKNOWN,UNKNOWN,OLAELEC,UNKNOWN,ENTRY_READY,2,REJECT
2,08ce03dc3b5ca6297135ba2bd10fe629744fd0d1c6b79bac5e3dc830ca9228cf,351869caf3fd82276cd55f84606b5b8a82957194ccbdf3999fb7c7241baafc28,b1a00972d7c1030f5e2a1a04b319270353f08d9c24250006523c26bd99b7b941,ADJUSTED|RAW,true,2026-05-07,553de73e99c89277600ce7497a3f220e9bb71355dfd40b21fbb0d0fee75ecb31,UNKNOWN,UNKNOWN,TATAGOLD,UNKNOWN,BUILDING,2,REJECT
2,08d22297bce87a9117b489ecf6b113b18f529476d670009d619143f811b15fa5,351869caf3fd82276cd55f84606b5b8a82957194ccbdf3999fb7c7241baafc28,5d6b623237e28e17f1b6154e32d5e451b15645725c16ed1475feba9fc170adaa,ADJUSTED|RAW,true,2026-07-13,764f9dc438e09fe237d511eb438ad5ace8a801bdf6adb87ade133850cdbab6ce,UNKNOWN,UNKNOWN,UJJIVANSFB,UNKNOWN,BUILDING,2,REJECT
2,08d3e9bb7e83eb41d651413da3ec4bcb2ed8ee31618b4eb6af0341f678552ff5,351869caf3fd82276cd55f84606b5b8a82957194ccbdf3999fb7c7241baafc28,12ea5d04ff94629a645e15a8803989d68c5483237082942531ff2847cc28aabd,ADJUSTED|RAW,true,2026-07-15,09adf8e682f9c675791e1baa4715f11e207e2af6bc4558dc5b0850f908ee74e2,UNKNOWN,UNKNOWN,GABRIEL,UNKNOWN,BUILDING,2,REJECT
2,092f2aa93022a0f5798c4c0ca544681469cab14686b9157d61b412ed656a75b7,351869caf3fd82276cd55f84606b5b8a82957194ccbdf3999fb7c7241baafc28,73af90b1820cdc4cd0efecce1c8602cce7cffadb89b2e3aee601057cddb94759,ADJUSTED|RAW,true,2026-05-12,4c25ae424528adc6f80b09fdd154621a685c1c9d7abdb01e2234bd78c863c5db,UNKNOWN,UNKNOWN,GROWW,UNKNOWN,READY_FOR_CONFIRMATION,2,REJECT
2,09792b57f266bda0df68c74169403254c366d3fe94f3fa08f4184414291bdaeb,351869caf3fd82276cd55f84606b5b8a82957194ccbdf3999fb7c7241baafc28,5506f568c60b0b35679a01a3587855307bace7a60acb52a5871a0238c321b814,ADJUSTED|RAW,true,2026-02-05,83cd17a15882929ddcec3fed6362c1bf8e77335c0ac6331b4bdfd555eb105f18,UNKNOWN,UNKNOWN,SHEMAROO,UNKNOWN,BUILDING,2,REJECT
2,09c19f482728b2b3ad7805bbeadc1257e857a968ecc43649670bf896db9e8769,351869caf3fd82276cd55f84606b5b8a82957194ccbdf3999fb7c7241baafc28,07281a98089d8114a13213127ac247032d039bb8514264608c6edbdd60144706,ADJUSTED|RAW,true,2026-04-08,d804d0357ad858b2aa297d7dc9624d850dd072d32e6a045745fb8fd6044eda66,UNKNOWN,UNKNOWN,RPOWER,UNKNOWN,INVALID,2,REJECT
2,09d9a4773bab9cfd85cfca86f80e565a49523f3dcd04cf5784bb6b725ac23c5d,351869caf3fd82276cd55f84606b5b8a82957194ccbdf3999fb7c7241baafc28,93f3d5babdb66dc1b36260007af8a87918b641535340dbf36585f16c1a96ccf2,ADJUSTED|RAW,true,2026-02-27,e99403d10bd8b34c3f195957fb17c46704656dd590ed3db3eb02057f5adb399a,UNKNOWN,UNKNOWN,BLKASHYAP,UNKNOWN,BUILDING,2,REJECT
2,09daa34356c924d13257b2f0f3f7d83d00d26945e4d059f31facefac804f4fb6,351869caf3fd82276cd55f84606b5b8a82957194ccbdf3999fb7c7241baafc28,67ac8ed9d5c76d6253769b273e647cd9aeb5b411beeb4bc8f95fd0f0f1f902ad,ADJUSTED|RAW,true,2026-05-20,3feab0abd7d039460f9c0e3206aeceb5f406f00b6b1f165657d9e761f934bc52,UNKNOWN,UNKNOWN,TATAGOLD,UNKNOWN,ENTRY_READY,2,REJECT
2,09db51e7687083d077d88749a3aa9fdc11678acd47217a532c40de0c0b634677,351869caf3fd82276cd55f84606b5b8a82957194ccbdf3999fb7c7241baafc28,9b4bc2cef888b9191eece9ad9aa17e1a07b242bb4528ffc50074e9d9e60f2979,ADJUSTED|RAW,true,2026-05-15,1dbf481fde053b3831ca088e7e8bfb5db468b182a7afa5f8a778b5783da0d9a4,UNKNOWN,UNKNOWN,TATAGOLD,UNKNOWN,INVALID,2,REJECT
2,0a1377f4d510eef8ea3eddff1a7bdc2ad4faf34b0c41dd0e8f1c43b5ca20621e,351869caf3fd82276cd55f84606b5b8a82957194ccbdf3999fb7c7241baafc28,316765417907c4645fd3a782af0f4aeec8dd218058d5d725e4ecbdaaae57e2af,ADJUSTED|RAW,true,2026-07-17,abdb212a77829d4e119f00a0a4f75c12cd9edb29066399b3ff82e60e50e807ea,UNKNOWN,UNKNOWN,RELAXO,UNKNOWN,READY_FOR_CONFIRMATION,2,REJECT
2,0a220aafc9abbd970e38dd025fde3d7950536b511dd23e717dbfb5d3b0f01e6c,351869caf3fd82276cd55f84606b5b8a82957194ccbdf3999fb7c7241baafc28,9f1d29a5fc87d8fb5f7f9674ff7e1948cb528a0fef8c9a14963ea4cb1f6cd424,ADJUSTED|RAW,true,2026-04-08,965645403bff6e138821c3f2f2d6eec1f84a09af9ad6a99e8f45a2cbdc3f5b88,UNKNOWN,UNKNOWN,TATSILV,UNKNOWN,READY_FOR_CONFIRMATION,2,REJECT
2,0a3d597f34a12bb067270c34cf7f2a4a32bdd723c76248a44a07059d34a57ce6,351869caf3fd82276cd55f84606b5b8a82957194ccbdf3999fb7c7241baafc28,b83bd72647b3f532d746bb56f0d8f648330ee48a592ce87a1eb165306c372ed7,ADJUSTED|RAW,true,2026-02-27,50b7cf79f2ca04a3af26d46b5cb9b9937310d0037a672844e48bb1a905260d2a,UNKNOWN,UNKNOWN,TEJASNET,UNKNOWN,READY_FOR_CONFIRMATION,2,REJECT
2,0a7f8faaf70e0d38dd6ea0f953d373fad5f8e07eac7fa7713004f7152e95df49,351869caf3fd82276cd55f84606b5b8a82957194ccbdf3999fb7c7241baafc28,6388dffd38561b6d3ec1dec94717d78c021c00cc2b87d364e7db733f202efe09,ADJUSTED|RAW,true,2026-01-19,de562a097fed5c07926002b1c91b24d915d7f38414c3fd39bdf28d00593f1479,UNKNOWN,UNKNOWN,SILVERBEES,MOMENTUM CONTINUATION,ENTRY_READY,3,REJECT
2,0a926f77e98b83f0b41375b111cc1599bf3b7f97d5b4479171dbb24393894319,351869caf3fd82276cd55f84606b5b8a82957194ccbdf3999fb7c7241baafc28,3a747788291b33da4a744ca0e34acdbcd901518ff7fc9e6fce7a49e686b6408e,ADJUSTED|RAW,true,2026-03-11,9b88081f94e7022fefe0be7c01c3d6f9f3aad3e822b7618d303ae498cb23d372,UNKNOWN,UNKNOWN,TATAGOLD,UNKNOWN,READY_FOR_CONFIRMATION,2,REJECT
2,0a9b850ee105c0e23ce30add6e69b19c1c1882c80d9c1216074d74f65ffcb1f1,351869caf3fd82276cd55f84606b5b8a82957194ccbdf3999fb7c7241baafc28,6ea65f5da25ffd906ae06685a1c66d9acbc8d7ca7c99d153bb0d119f3d93974a,ADJUSTED|RAW,true,2026-05-18,6a4de4cccea44134ebf3c3f8ab4207d1dab396d43977a9859325a5d3b76ca5db,UNKNOWN,UNKNOWN,TATAGOLD,UNKNOWN,READY_FOR_CONFIRMATION,2,REJECT
2,0aa20c418acf0b0a43551d9368782c8790b710cc50bf8e611454302f67789f76,351869caf3fd82276cd55f84606b5b8a82957194ccbdf3999fb7c7241baafc28,180cf71eaa5ac3ecfb2e7e72bcd86be430fc81a7568af004efca2ff2de7867e7,ADJUSTED|RAW,true,2026-05-13,66f375270b9d21a1920facefd0161f54b2aa8072803f4c9c730d9d89f4e27331,UNKNOWN,UNKNOWN,YESBANK,UNKNOWN,READY_FOR_CONFIRMATION,2,REJECT
2,0aa8c8f544781eba575f892a1c0e51e0c4a3251c9d1318260ce2d2d07355b20f,351869caf3fd82276cd55f84606b5b8a82957194ccbdf3999fb7c7241baafc28,d2cf65bed430f1b451ebfd25cdb999e83af98ea651802942f1da2f241ea1e86f,ADJUSTED|RAW,true,2026-01-02,23973186395c66dd6b4299a634b8f47d0c699504a128d8f3843ce6b3e5cd828d,UNKNOWN,UNKNOWN,IDBI,MOMENTUM CONTINUATION,ENTRY_READY,3,REJECT
2,0aebee75958e38803c614ea9f49b758cb63d2eea7c9bddaee393f60d34ab4599,351869caf3fd82276cd55f84606b5b8a82957194ccbdf3999fb7c7241baafc28,aa48ae31903c5a38d18bbe935ceef55b54bbc3fd1218c525112dffc6edaf83e6,ADJUSTED|RAW,true,2026-01-13,46689096fd6a86cd4f81ddef2a0814061033072482e9efbe789ae4f80893aa5c,UNKNOWN,UNKNOWN,MAHABANK,UNKNOWN,BUILDING,2,REJECT
2,0af768ebc717e60f9a531c36f5990498cd4bfb4b6323c78cf986160d907c0f64,351869caf3fd82276cd55f84606b5b8a82957194ccbdf3999fb7c7241baafc28,b96a34cce9ba59f8ce9bad41a89cd8870fc88bade02986282d1d44d0c01da171,ADJUSTED|RAW,true,2026-05-04,c0ea57c009f73142383b5fe4e5c2fe0996efa5fe1f8b32436e291f9b41e052a9,UNKNOWN,UNKNOWN,JPPOWER,UNKNOWN,READY_FOR_CONFIRMATION,2,REJECT
2,0b5827b5eae7082f7c3cb513b8b8a1684593ce575b1f6ce91d4840392e62a18a,351869caf3fd82276cd55f84606b5b8a82957194ccbdf3999fb7c7241baafc28,023af5588166cc0f3e53c179f59f86cc1795dcb7adef54e118aa8d98e7fc1942,ADJUSTED|RAW,true,2026-04-13,31b3e0a77b78247eda183660bb5dcd205a3c58e699e67aa2af46b6550616b79e,UNKNOWN,UNKNOWN,HDFCBANK,UNKNOWN,BUILDING,2,REJECT
2,0bfeb317b32c51eaadf67f132d458a17cc9baa4e2ce4aa8b2d591f4ed54fc958,351869caf3fd82276cd55f84606b5b8a82957194ccbdf3999fb7c7241baafc28,48a292e0b6c34c6ac9cc2d76a6572c60a073a3842acd3ddb967fe795043c4b60,ADJUSTED|RAW,true,2026-02-11,b33ec3969410c987e9595680d51ecb96a2c9bd46cc72cd097639e12d5f4c52db,UNKNOWN,UNKNOWN,GOLDBEES,UNKNOWN,BUILDING,2,REJECT
2,0c6b063aaa3d253cb5f2e5687035dacc571688f6ed09b450be3a0f5cdb4e4a03,351869caf3fd82276cd55f84606b5b8a82957194ccbdf3999fb7c7241baafc28,1da2e2dc2c52eb6b272c0be22bb7550ae3898537c64fc7e45054ad71adea003d,ADJUSTED|RAW,true,2026-05-18,d87b058c6104a36e761bccad88007a5b66a180a06911a265ec83d6a2315666da,UNKNOWN,UNKNOWN,LIQUIDCASE,UNKNOWN,BUILDING,2,REJECT
2,0c87d27856e66b4a0e0ff506369daade9e33da80f9d0a39c56c9f9c8d73d154e,351869caf3fd82276cd55f84606b5b8a82957194ccbdf3999fb7c7241baafc28,774e55e4e795a76c6f97d781b08e2ea332fa2e4c37ba21c51256a194b8b17181,ADJUSTED|RAW,true,2026-04-01,cf1204d63f59630b32fe674695f3873fd77418d67a66da85e42ab8384c83f7aa,UNKNOWN,UNKNOWN,OLAELEC,UNKNOWN,INVALID,2,REJECT
2,0ca581f85c54e0d051b49a3611bbff9646b07e9d8d0e13edc3996c79d916cb70,351869caf3fd82276cd55f84606b5b8a82957194ccbdf3999fb7c7241baafc28,cf991560ff710f6de741c53f576892b9f2388ffebb583a7ac9832bacdd276cc7,ADJUSTED|RAW,true,2026-01-30,9e471f85165bcaf7d602dce6fae1955b21c93333c445db5b5b8882e772e63095,UNKNOWN,UNKNOWN,OLAELEC,UNKNOWN,INVALID,2,REJECT
2,0d1440096355bfaa0a4c2020d0939b153862ca768329fcd6f0453f8d4a0d8587,351869caf3fd82276cd55f84606b5b8a82957194ccbdf3999fb7c7241baafc28,8c8cdaf13695e9df8e8062ac5d277769f6b985cc58e96b48fb26a55dd68fe78f,ADJUSTED|RAW,true,2026-07-03,d7ba00865ecd2c0372c57bcce597818338e57da001c995269057a93c2de9ddee,UNKNOWN,UNKNOWN,AEGISVOPAK,UNKNOWN,BUILDING,2,REJECT
2,0d2f811ea00127d26dbb68620de996cb73a6083f59cdb44f48fb62b6c6029f3d,351869caf3fd82276cd55f84606b5b8a82957194ccbdf3999fb7c7241baafc28,6e62c8a900e2ee55f3888d8941efa8de9ea5e9dcad78d768c57c6ca4f575e76e,ADJUSTED|RAW,true,2026-06-09,1cb885ec1345c0a9d17a7b4ef808441a0e5f06b96587a535965d187b82c5c1e3,UNKNOWN,UNKNOWN,PINELABS,UNKNOWN,INVALID,2,REJECT
2,0d540223040328a7bfb10f9e829a6223bf186ec7adc1f2cc2039ed177833e3c6,351869caf3fd82276cd55f84606b5b8a82957194ccbdf3999fb7c7241baafc28,f8740f209a8ad05017e07a43163fc1a10da7bc0cb0b90fe7a362253759c7fa16,ADJUSTED|RAW,true,2026-02-20,4f0f81c003f45d6d8adef5c9637f751e232d81a0824f5e35e15df724e74d681d,UNKNOWN,UNKNOWN,TATSILV,UNKNOWN,READY_FOR_CONFIRMATION,2,REJECT
2,0d68ba46bfbf6656be048919fe771920fedf4815ce06b0825ebc11a7a22a4953,351869caf3fd82276cd55f84606b5b8a82957194ccbdf3999fb7c7241baafc28,432906a3c5d8ba3a1a8d2fae24d5b3cf861e695b36ad6862310090fb2e4a5e24,ADJUSTED|RAW,true,2026-06-10,e611079131dc9b18c2a6ff715a6373ddbd82712e15f2006c27ea4705c1f87e77,UNKNOWN,UNKNOWN,CARTRADE,UNKNOWN,BUILDING,2,REJECT
2,0d817358c5313cbde86e7b3bde9c33cf3882d394e0157e812fc34e97b0d8489f,351869caf3fd82276cd55f84606b5b8a82957194ccbdf3999fb7c7241baafc28,259c8c187a821048f8af196f1bcfefd97afb16fb6838ba45d05547a72559e9bd,ADJUSTED|RAW,true,2026-07-16,8cda26b8768570f7aa8a6eb35bdbf239789681e68f5147b8f725dab957ab9e00,UNKNOWN,UNKNOWN,BECTORFOOD,UNKNOWN,READY_FOR_CONFIRMATION,2,REJECT
2,0db6cd0e17c81306bbcdf147f52027aa3a33bd95e4b1afa3b27f731c20bfac36,351869caf3fd82276cd55f84606b5b8a82957194ccbdf3999fb7c7241baafc28,c48d4f07bc50c98a03a1229891c3c2fb83bc417b86ea1fbd3d92b58ba5b0a1b8,ADJUSTED|RAW,true,2026-03-17,5583588761adb011eabd3664ccee109d2adb19cfc1f3a7f78ef5c6a9a3934de5,UNKNOWN,UNKNOWN,GOKULAGRO,UNKNOWN,ENTRY_READY,2,REJECT
2,0dbdd0eb24941fff4e021a097a4d35cea6f0add63d80d30df0f07334be5a1180,351869caf3fd82276cd55f84606b5b8a82957194ccbdf3999fb7c7241baafc28,3796e198afe28ad059c96830018e674d2e04f6b68aa53353e37cde7175b84283,ADJUSTED|RAW,true,2026-05-21,0ecd7d9cac1711d47372e3ea59c1abc6bcbbeec848f379df8e8344072387985f,UNKNOWN,UNKNOWN,JPPOWER,UNKNOWN,READY_FOR_CONFIRMATION,2,REJECT
2,0e4e1cbed6fb332b1a441de3f316730da52f22b27a9b82415a3561852c477258,351869caf3fd82276cd55f84606b5b8a82957194ccbdf3999fb7c7241baafc28,5607716f2335056599616b00d59ea2860a5d031b5d19fc1d294739e6b742438b,ADJUSTED|RAW,true,2026-07-09,23ab39fac4ac16d6acf04905f4faff7369db5aff8b040473cd9f0d6a0aa55afa,UNKNOWN,UNKNOWN,AZAD,UNKNOWN,BUILDING,2,REJECT
2,0e751ab796c21ead6b398494d55715078d624bbcc426627c56d45b5126b3e461,351869caf3fd82276cd55f84606b5b8a82957194ccbdf3999fb7c7241baafc28,97d614491d0bcc50808904374dfaad73ae9a7c4016d8d3ed987d8fe144d0e1f6,ADJUSTED|RAW,true,2026-03-16,8fcd12218cda491969d7843b249c4b61d5a0476afc1feaaf3c311c1462021466,UNKNOWN,UNKNOWN,TATAGOLD,UNKNOWN,READY_FOR_CONFIRMATION,2,REJECT
2,0e7cf7db73191c870d8d74074311cc88b8fdd3523473be39386ab9ffd2badf3c,351869caf3fd82276cd55f84606b5b8a82957194ccbdf3999fb7c7241baafc28,0fc587f81dce1f3790a849795debaceb990b766fcc1dd745ae5d87898381c25c,ADJUSTED|RAW,true,2026-04-01,f268705965181a87ba927a00b1582c6c05b0b972e01a3688fee9dddd78fbcb1d,UNKNOWN,UNKNOWN,JPPOWER,UNKNOWN,READY_FOR_CONFIRMATION,2,REJECT
2,0eaac816413817a219329f6ba2c7ddc9f4aa352fdadb96d92d8cb30073f6ceda,351869caf3fd82276cd55f84606b5b8a82957194ccbdf3999fb7c7241baafc28,e29da2638b7d8437186d3f2e1a0229b3cb563e3111cbda4462a2cc62c054102e,ADJUSTED|RAW,true,2026-05-14,fffb576195a9dadc7ae0ce9b0b536353c01ba5d79c93c6f9a5aa49aebf8ef5d7,UNKNOWN,UNKNOWN,VEDL,UNKNOWN,INVALID,2,REJECT
2,0eb4c325367454c3443feb1cce0ed81dc003ea697c06c802024b69467f07900b,351869caf3fd82276cd55f84606b5b8a82957194ccbdf3999fb7c7241baafc28,0f71b73ec8c0a5b432a287c84ba9eda4bc16d28b4897eb575f4949a560381c4b,ADJUSTED|RAW,true,2026-06-12,07d6570b2c6a4ba5808772665249ff480201bb9a01d36362a02c91dcd384c77c,UNKNOWN,UNKNOWN,OLAELEC,UNKNOWN,READY_FOR_CONFIRMATION,2,REJECT
2,0ee08313644ab2108e91fe6639e8ee42ac4d796da5d0d032db4fc42c46c38af0,351869caf3fd82276cd55f84606b5b8a82957194ccbdf3999fb7c7241baafc28,15603dfc69403e30dd3767e0161d9febd4438fb4dae5c5b98b2f593f1438994e,ADJUSTED|RAW,true,2026-04-17,127d0db7164cb8abb6088af7ee6e3f42843fc6bc2091eea62f1c9f526b428561,UNKNOWN,UNKNOWN,TATAGOLD,UNKNOWN,BUILDING,2,REJECT
2,0f3aea978472bee94f5cfcbfec8b70382afacb3b1ffec512f74c01dfc944f1e7,351869caf3fd82276cd55f84606b5b8a82957194ccbdf3999fb7c7241baafc28,a245f2ed7436abdb1901d51e7679dc93e1ee93979aa4debfd24c9a1b534202de,ADJUSTED|RAW,true,2026-05-29,45f8eedb5d971299b87c787f557aa4d47762e0d7e14f87e684d775e6cffffa9f,UNKNOWN,UNKNOWN,AKZOINDIA,UNKNOWN,BUILDING,2,REJECT
2,0f3cec9a37036050d6cbf4130ffc18ccde166278a94da502409e68a4e1c44af6,351869caf3fd82276cd55f84606b5b8a82957194ccbdf3999fb7c7241baafc28,9048ef968b6a7fbf52901c69a2cd7e6a23d3aafd2a6934c4332945bf43999612,ADJUSTED|RAW,true,2026-06-17,ee046e650406efe29a9620a9fb01a4760412be8af063977cfac2a099eb11e2e4,UNKNOWN,UNKNOWN,SOUTHBANK,UNKNOWN,BUILDING,2,REJECT
2,0f77a7f55e44966fa4f46456cdd13765a7e709b303dc190f455695122e298663,351869caf3fd82276cd55f84606b5b8a82957194ccbdf3999fb7c7241baafc28,72524bb90268617397b150d9adb64afa8a12538dbd823667f990a91a082cb24c,ADJUSTED|RAW,true,2026-04-21,96283b038e983ef63034ca85fb326a18ec0600432b0d1136b414e40423151be2,UNKNOWN,UNKNOWN,GROWW,MOMENTUM CONTINUATION,ENTRY_READY,3,REJECT
2,0fb689dba1ad7f40887c155799ee39a12f906f72acbaf55ff8d52743b7174093,351869caf3fd82276cd55f84606b5b8a82957194ccbdf3999fb7c7241baafc28,d513d1ba9f9eec3843f7c805b176b45797f85d30001935085d8692a2ff8ae3d1,ADJUSTED|RAW,true,2026-05-05,32e02f2313b1eba6faca2830840873e59efccc3a759df60e1f97a386f3675a82,UNKNOWN,UNKNOWN,VEDL,UNKNOWN,INVALID,2,REJECT
2,0fd51ce35f1253d42d804bf66e10cfec09f67d46c7c21c8d2bf560de7b47f3dd,351869caf3fd82276cd55f84606b5b8a82957194ccbdf3999fb7c7241baafc28,12c6e183805f2c35078a23fddeab42877bef97205122c686e82b3437fd6db077,ADJUSTED|RAW,true,2026-06-19,c3c12a995ed79fab5313f112117ef35711ddec7dca49fd133c5927e397c5e1fd,UNKNOWN,UNKNOWN,MEESHO,UNKNOWN,INVALID,2,REJECT
2,103218fcbebb2ea5ee1b8ecd3f3b8b78b14b3a510022bc79faefee582797e2d0,351869caf3fd82276cd55f84606b5b8a82957194ccbdf3999fb7c7241baafc28,a250dd6a0d3d25d5d776d8916feb759c270689c00ba2a48cb18e057586422267,ADJUSTED|RAW,true,2026-06-16,965551c009df8dbf4334950d05fad7eef2a9dc16e91e633b24bddfdf12f5bbc6,UNKNOWN,UNKNOWN,NHPC,UNKNOWN,INVALID,2,REJECT
2,10e88d2ab6c7d7632497d205f414a30d27561b2e3e38ea646d31b94e56afcc85,351869caf3fd82276cd55f84606b5b8a82957194ccbdf3999fb7c7241baafc28,4df7bbf6cce788afc95ac5218c613efe0711d9468c6a603ef784feee9a634f37,ADJUSTED|RAW,true,2026-04-02,9cfa80b7c124de10f3187f9f2129d8a33afe7571808a859cb142552722cb5db7,UNKNOWN,UNKNOWN,ETERNAL,UNKNOWN,BUILDING,2,REJECT
2,1107463db82ae3080414f794718da29da76ee4c345a638c4435473d5bfcae244,351869caf3fd82276cd55f84606b5b8a82957194ccbdf3999fb7c7241baafc28,fe8cc7a1f205845e78e7914322acafdf614504173cd167c64a984dcaa965a944,ADJUSTED|RAW,true,2026-07-01,53e5e31ed1497f18bef40151e0a160b4591eacd1558eaf603240273789825915,UNKNOWN,UNKNOWN,ETERNAL,UNKNOWN,READY_FOR_CONFIRMATION,2,REJECT
2,112ab74d006d0efe5a77505528a27db702595f0e0ebfd42b96e2dcdef7933992,351869caf3fd82276cd55f84606b5b8a82957194ccbdf3999fb7c7241baafc28,46770f38621a05198fec6501b6359fd32b82b25154bc400cebefcb914be19415,ADJUSTED|RAW,true,2026-07-02,204c6772654d9619d2e90f843e78d51a7a77a7fe85e3c68ae521814e50756710,UNKNOWN,UNKNOWN,EXIDEIND,UNKNOWN,BUILDING,2,REJECT
2,1198593eaaf01c8fe662683a3346bec7bc2cf4cc188934199a8d4640d46fd18c,351869caf3fd82276cd55f84606b5b8a82957194ccbdf3999fb7c7241baafc28,5c1294d081097722fa321334fed386ba2124104d93b93d4e8b4d1da67b40dbb2,ADJUSTED|RAW,true,2026-06-05,f6aa60b7c228979a4a16afbe6f1d8c86f244ad05b24e1f6d1645bd4c052daf94,UNKNOWN,UNKNOWN,YESBANK,MOMENTUM CONTINUATION,ENTRY_READY,3,REJECT
2,11a1362313d7d54d754c17f1804d159b91dea4e9294def51e3d54bb35cd13ce6,351869caf3fd82276cd55f84606b5b8a82957194ccbdf3999fb7c7241baafc28,44f4cec1d4a433704795af2b7de6142124a206378005f7800503062296534ec0,ADJUSTED|RAW,true,2026-03-12,3153fd97f72521dd04a62dffcaec9886094ab4daaf53675eda6761317e66cf0c,UNKNOWN,UNKNOWN,JPPOWER,UNKNOWN,INVALID,2,REJECT
2,12c6cbdcab01ed6593faf5751b9a351cd550a6487f39d47da94907adca12b32a,351869caf3fd82276cd55f84606b5b8a82957194ccbdf3999fb7c7241baafc28,8c867e0fed99aeffe5f74a0e5ff34ee53259b22d0d9624131852361d79e1a14a,ADJUSTED|RAW,true,2026-03-06,ed6256636333a425917c534db2e3091e5e4a697d33710c17a3d65d94f9b9a10d,UNKNOWN,UNKNOWN,SILVERBEES,UNKNOWN,READY_FOR_CONFIRMATION,2,REJECT
2,1327c5ab953d77fc0b6d962fcc8cc11f3ad91cfa93fbe9b0244ea161138537b3,351869caf3fd82276cd55f84606b5b8a82957194ccbdf3999fb7c7241baafc28,eaa93dc9442ad8cb0c14cfffcac4833b101853ddfdb8bb4d061442f35c5900c0,ADJUSTED|RAW,true,2026-04-28,f20d6c0b7a101bc1dd38cad6e8e0c09e8a681233926b3af0257c2897bea4deb5,UNKNOWN,UNKNOWN,TATSILV,UNKNOWN,INVALID,2,REJECT
2,1397474e568538d61e3dc9b63d9e67ab8c1e8b35616c1572462b535f6041321f,351869caf3fd82276cd55f84606b5b8a82957194ccbdf3999fb7c7241baafc28,35cbf0b9077ff4e0aa71374bb8fd33f26280d5589c42785d07fb4b104cf60b6b,ADJUSTED|RAW,true,2026-03-30,86c1bd97ba6020e115834e9c87c1750a1e83e5feeffdb7f386be5eb6512db14b,UNKNOWN,UNKNOWN,SILVERBEES,UNKNOWN,READY_FOR_CONFIRMATION,2,REJECT
2,139d78a77737f41ea5ddb5820d58515834c58741f7c47ced9bf7b1b0d780911a,351869caf3fd82276cd55f84606b5b8a82957194ccbdf3999fb7c7241baafc28,27b331d29459d0b7077819fc412c12c2ba89ef26a769d2cf24a2c7b81980806e,ADJUSTED|RAW,true,2026-05-13,a44f8306ebcd64f707862ca75736dbc4d1385bdacfe244af794592c9219ba1da,UNKNOWN,UNKNOWN,GROWW,UNKNOWN,READY_FOR_CONFIRMATION,2,REJECT
2,13aa563213f0615f7950a2bf16341cdeb387ba68e43707e14ace7ee94970183e,351869caf3fd82276cd55f84606b5b8a82957194ccbdf3999fb7c7241baafc28,24a64052c90b8af3119bb1182a6aa806a34987cefaf15895d5ee1855489b38c1,ADJUSTED|RAW,true,2026-05-15,38ae2d2e10d13303b9e46dca8646b1d131d058910efe7f1ba0cb536dd76192e2,UNKNOWN,UNKNOWN,APOLLOPIPE,UNKNOWN,BUILDING,2,REJECT
2,13ac65fe174078244d83b5ab15938784b5dd03535f37f84ed376827f2593db04,351869caf3fd82276cd55f84606b5b8a82957194ccbdf3999fb7c7241baafc28,9db7f2e669d6181f86f9f972552fdb73d61ad9b9c689c57d6698900155b3a890,ADJUSTED|RAW,true,2026-03-04,6fcf17fb3bc0534955d793381d7a0ffcb0c14bc7c067dbd8d37455424ebddafe,UNKNOWN,UNKNOWN,YESBANK,UNKNOWN,READY_FOR_CONFIRMATION,2,REJECT
2,13c8a2184756618b0ff7775797a804c95252474ae2e6bfc3d3cb56364a339347,351869caf3fd82276cd55f84606b5b8a82957194ccbdf3999fb7c7241baafc28,6f36122fb435280c77d896aa1de5f1ab89607d7c5af8c5fae9a65e52ed748b7a,ADJUSTED|RAW,true,2026-04-30,42f10f3928d80de20f727f88eee8e570b9ac6e750bd5c5be685e517cb5af009a,UNKNOWN,UNKNOWN,HDFCBANK,UNKNOWN,INVALID,2,REJECT
2,13e576c8de71e4904fd93bbed5c17735e39d668d14a95926cdd660391078ccd5,351869caf3fd82276cd55f84606b5b8a82957194ccbdf3999fb7c7241baafc28,b37d81bc6ae02f844b28c3c1063dfc833b3d8becaad4ce52f6927a2e34309304,ADJUSTED|RAW,true,2026-07-09,efaaa0bc3c754f65570ef7e5b6986c814e1df50b3a300c457c0bb6e15fc27d52,UNKNOWN,UNKNOWN,RADHIKAJWE,UNKNOWN,BUILDING,2,REJECT
2,144051662323d62d6849d7e13bb3447b403c5dbf323fce307780e609a804e76d,351869caf3fd82276cd55f84606b5b8a82957194ccbdf3999fb7c7241baafc28,f7cbc7e0e47469e8a77b01e3254fa9b30cf9dafb2cbbcce4394c370b9cf13914,ADJUSTED|RAW,true,2026-05-15,a6720e08bce5568d720bf13ada456c90d74d5aa8c8523454fc2d5277dde72105,UNKNOWN,UNKNOWN,NAZARA,UNKNOWN,BUILDING,2,REJECT
2,145f7c612fb48c72713aceafe72575a8ffabe3d5b9327b2e98ee9eac00bbbb82,351869caf3fd82276cd55f84606b5b8a82957194ccbdf3999fb7c7241baafc28,ab8ed6b2e1dc9d6618df04d1e68777112622f82cbc3ef12c3aab18c9fc8d3c5f,ADJUSTED|RAW,true,2026-03-25,061d6c5cefff546cbb3dc6a269ffebbda87240b726e05875fba8023a571efa12,UNKNOWN,UNKNOWN,SILVERBEES,UNKNOWN,READY_FOR_CONFIRMATION,2,REJECT
2,1464e0db33f9be9ccad9802ffbd9e17910a74038c20d10e524257e25362113b5,351869caf3fd82276cd55f84606b5b8a82957194ccbdf3999fb7c7241baafc28,fcda27c5f927341bf5d5c23d09f89000921802914c3e3120fdf534cee8510418,ADJUSTED|RAW,true,2026-06-16,f7f0d7f7672508f3152eea48b6590b5e609af539580fbefb8171abefbc60619e,UNKNOWN,UNKNOWN,IFCI,UNKNOWN,READY_FOR_CONFIRMATION,2,REJECT
2,1485b2f6692207319b73cb69463a990dc8fef3a4935895761cc0366bd2cde3f2,351869caf3fd82276cd55f84606b5b8a82957194ccbdf3999fb7c7241baafc28,d362525886757d775bfb232a271248c431a3e17a8bd3b70e6202da63291d8226,ADJUSTED|RAW,true,2026-01-09,96f11dc9f30bf8cb46e272a727b16902ed1f1ba2b70103b417fdc458807d34b9,UNKNOWN,UNKNOWN,LIQUIDCASE,UNKNOWN,BUILDING,2,REJECT
2,150ca2f740d17076bf946d5ca000b4ffb5f4d009440e081f34a4d11e44c9029f,351869caf3fd82276cd55f84606b5b8a82957194ccbdf3999fb7c7241baafc28,037c3fc899dbf43f63c4e7d86dd1f3d7057f1b420ea98057e91ccb37c185851c,ADJUSTED|RAW,true,2026-01-01,752ff63e1ccd6dce92f3affd433c291492ccae455a908bb4266f464153346b8e,UNKNOWN,UNKNOWN,HINDCOPPER,UNKNOWN,BUILDING,2,REJECT
2,1512dfedd33b78190764c41438e758af41cdf073802966ddc5e00cad337cc1fe,351869caf3fd82276cd55f84606b5b8a82957194ccbdf3999fb7c7241baafc28,7e4a05d3386059899b4d88c22b45e91a3665be4639825f0e8dfdf78c606d0ff1,ADJUSTED|RAW,true,2026-01-16,555e177c373a707e120be23295b0654d8512966e2a287f9a8a118bdd4fe7d580,UNKNOWN,UNKNOWN,SILVERBEES,UNKNOWN,ENTRY_READY,2,REJECT
2,155740315ab98f77d483c2957abd7bd45bea12459087f81af49829d1130a6b6d,351869caf3fd82276cd55f84606b5b8a82957194ccbdf3999fb7c7241baafc28,197d4c32a21a25ee56b6dd4a04adf573e67e718410043f29a947475460366c6c,ADJUSTED|RAW,true,2026-01-14,04a826875152d01bd138d6d7da69a91e06200dde911237e55df2c88683837f92,UNKNOWN,UNKNOWN,UNIONBANK,MOMENTUM CONTINUATION,ENTRY_READY,3,REJECT
2,1650fd9b0beaac9b2149f4b917afa586ec31b16926a336f09bfdec264aaea087,351869caf3fd82276cd55f84606b5b8a82957194ccbdf3999fb7c7241baafc28,2c4efb233fa18a26545081dbdbb973e515dfec8100fb0eb151318d69fb7ffe6c,ADJUSTED|RAW,true,2026-02-27,34eb51c358294d1bb02045c4018d6ae895fae71c3cae93ba8cc598176f1c10c1,UNKNOWN,UNKNOWN,VMM,UNKNOWN,INVALID,2,REJECT
2,1693b1c56cd9b1078c910ae4343d4349bd71948f8bfde0e6ce76f688deafc830,351869caf3fd82276cd55f84606b5b8a82957194ccbdf3999fb7c7241baafc28,a5f53c13a627c5004672c4af1c6821136ebec317654ab34ad7ddce1b9fb2774b,ADJUSTED|RAW,true,2026-07-07,ff443783277ebbef0b920e503b4a1859ccc373660dba5bc0a573cbb8fbbc64ba,UNKNOWN,UNKNOWN,PCJEWELLER,UNKNOWN,READY_FOR_CONFIRMATION,2,REJECT
2,16bd554eda2c7a359253a4c859fce57b821e1eb34136c26e22d2835e521ab9a4,351869caf3fd82276cd55f84606b5b8a82957194ccbdf3999fb7c7241baafc28,8dd0039247bc6729838e10813f7cee506872581d5a2eb18cc66a0fb2b7233c61,ADJUSTED|RAW,true,2026-04-16,65bd4cb9d2280cd40f73bfdf91eed615299cd91fa3ee540d3743c75191781e4b,UNKNOWN,UNKNOWN,TATSILV,UNKNOWN,READY_FOR_CONFIRMATION,2,REJECT
2,16d29edf1640ee20aa76652aa4f55b96e1fa6aec5cff5e5004adc739334ac444,351869caf3fd82276cd55f84606b5b8a82957194ccbdf3999fb7c7241baafc28,2610d025508f6eb34f0306214931f60a1cc7c72c820959ddd7df6d1570e558b0,ADJUSTED|RAW,true,2026-02-04,a11c7de1528ff75027cde74cba4faeede0c01d62a6144bedef7a3729e21e914b,UNKNOWN,UNKNOWN,SILVERBEES,UNKNOWN,READY_FOR_CONFIRMATION,2,REJECT
2,17123fcc2c425bd19115673ba0a2ef2d0e790831adc18f43babd17c3c113f767,351869caf3fd82276cd55f84606b5b8a82957194ccbdf3999fb7c7241baafc28,49b6f2c454ada33dfc0837937b9f55e0f5f5a2cb0c5dcff645ab97c6721245e2,ADJUSTED|RAW,true,2026-05-21,5b467ab7e32f3f56a38533fa69dd5f360afae6c2e5cd384bc6e51c9be6fc0c0a,UNKNOWN,UNKNOWN,PROTEAN,UNKNOWN,BUILDING,2,REJECT
2,1712ac9e53b987f5ec3132eb73390a64b390e14642febe61f1e056644674ee43,351869caf3fd82276cd55f84606b5b8a82957194ccbdf3999fb7c7241baafc28,49654c5b40be5917700a2d902817ab546cc7ffa3c61a0a28402b0b58c51fcfd8,ADJUSTED|RAW,true,2026-01-01,6aa32b00e3333b5848de9cc0da615af01538129c68341d4b8259f5d60f7026a9,UNKNOWN,UNKNOWN,ITC,UNKNOWN,INVALID,2,REJECT
2,1778e60e88d38c76075a06c35e82347db0334b77015a2a2a5d19d8e96cf8b989,351869caf3fd82276cd55f84606b5b8a82957194ccbdf3999fb7c7241baafc28,4e3cfcc0664b2513e408403dfacb9a6891b5aaa6a3445a0881c688471bca763c,ADJUSTED|RAW,true,2026-03-20,7695e98e933271ad16499bb946fea5436469ca688df85ff15ea3318ec4f84840,UNKNOWN,UNKNOWN,SAGILITY,UNKNOWN,INVALID,2,REJECT
2,1781383cdc836ba66006393c34d16d1a719405d23e57bcd358ef87afe820f621,351869caf3fd82276cd55f84606b5b8a82957194ccbdf3999fb7c7241baafc28,52e79e7e6c852f6436331d139cf15bf7580f47cf499eb70d1e5261c43c95b316,ADJUSTED|RAW,true,2026-01-20,810295ed8fbea352b2c6401bf2c56c8d9e801994c5fc75bddf01606aaea319b1,UNKNOWN,UNKNOWN,SILVERIETF,UNKNOWN,BUILDING,2,REJECT
2,17960633a7bbd400ad412bf98c9fc1e627685083557a3b465a0008ba4fb79916,351869caf3fd82276cd55f84606b5b8a82957194ccbdf3999fb7c7241baafc28,7025c1ff27324f28067e899022f42877e615c5ccd92fe28c70c07c9cdbb6d6ef,ADJUSTED|RAW,true,2026-01-29,e800ca974423563f3aa2ac909958ee4a23f430fee3b2e4ef0bb96eb7c4c99b63,UNKNOWN,UNKNOWN,TATSILV,MOMENTUM CONTINUATION,ENTRY_READY,3,REJECT
2,17c3d77f8834ff7aa0744d81df3328cd78578bdaaec0e83acbabde9c387c0391,351869caf3fd82276cd55f84606b5b8a82957194ccbdf3999fb7c7241baafc28,bee90ea21ccd966062874b37f602aa4fef552cfd4b341f5b745796271a7b9742,ADJUSTED|RAW,true,2026-03-16,3d398457f380c4d5a38829fe0782ff0013cd89c6a034254f1b1c6925964a2aee,UNKNOWN,UNKNOWN,ITI,UNKNOWN,INVALID,2,REJECT
2,1820e9f1dc77753cbfda145b232dd70658b4c5cffef248469ee607213b013859,351869caf3fd82276cd55f84606b5b8a82957194ccbdf3999fb7c7241baafc28,bf2f5ffcf42bb2160d3f68862688576334f74f7cfc3ddd72e4152d55fd0bb4d3,ADJUSTED|RAW,true,2026-03-19,406cfb77206f3a0d82d9964b865d0bb0941ad128221378a3b4832fba5a182944,UNKNOWN,UNKNOWN,DIFFNKG,UNKNOWN,INVALID,2,REJECT
2,1897d7f85324763229e8eb9dddea823256a4886e6e84a1ccb3604adf9e824529,351869caf3fd82276cd55f84606b5b8a82957194ccbdf3999fb7c7241baafc28,6d68326b675b08849365c3bec1fcf6a11ffe975028f09f00c3a97cde2f33f5ee,ADJUSTED|RAW,true,2026-04-24,414625637524f8a57b49c431229e35d65388cb2a99e7f220ef1b2134a67e085c,UNKNOWN,UNKNOWN,GOLDBEES,UNKNOWN,BUILDING,2,REJECT
2,18d454f9e3b510e9994f809041b2b69fd06cc31c32021e5eb968ca9e5cf688fe,351869caf3fd82276cd55f84606b5b8a82957194ccbdf3999fb7c7241baafc28,dcc89c17de121fd1006463c3b3e101559c7bee84bdfb156fbef33f7fb78013e7,ADJUSTED|RAW,true,2026-06-18,869b9184bf9fa6c52db00485913a63e85fcea977d125f0a431e0c283154274f0,UNKNOWN,UNKNOWN,TATASTEEL,UNKNOWN,BUILDING,2,REJECT
2,18ef9c15b870d400915761ed4ea5efc03dff0a2cf9c8d9911c836cc538467e88,351869caf3fd82276cd55f84606b5b8a82957194ccbdf3999fb7c7241baafc28,730ae2ade9a12ef3c62364731f6ceb1fac4c01b021cbbe04457389041668d9f4,ADJUSTED|RAW,true,2026-02-16,9093749dd1fc877c8f0f0f88a0c0a3a0cfb2f0dc401f0aa8f95a84d6e813c2a4,UNKNOWN,UNKNOWN,ENGINERSIN,MOMENTUM CONTINUATION,ENTRY_READY,3,REJECT
2,192e28d21c07ffdc2bc0469923f1a2ddd8b00e411a5a55fcc09d2df3a82cb6e6,351869caf3fd82276cd55f84606b5b8a82957194ccbdf3999fb7c7241baafc28,7f544eecee9fc644dc74aa5086fba6a2d4ccc5829a3817e5c8da99e4458245a4,ADJUSTED|RAW,true,2026-05-07,e0dec82c5c33b49f77d30420eee38b7e8fd471d3c5e0cc40768e0dfa109daba8,UNKNOWN,UNKNOWN,HFCL,MOMENTUM CONTINUATION,ENTRY_READY,3,REJECT
2,1961402922c488b4367ddac22df1021b6c254e8c3e9fc17a562fe0ec70018408,351869caf3fd82276cd55f84606b5b8a82957194ccbdf3999fb7c7241baafc28,40bb550560de8dbf542f016484cd23cefb7b6b87cbebf4fb7dd25da018c88a13,ADJUSTED|RAW,true,2026-02-26,b6e6eadcdf42b32b2edbc0a276b3295ed9b5e9a58078d74c7f86dbae198f293e,UNKNOWN,UNKNOWN,DEEDEV,UNKNOWN,BUILDING,2,REJECT
2,196353254f844464c0a5dbedd31796822990cfa34edf6568ab3fb4fa9c013b5b,351869caf3fd82276cd55f84606b5b8a82957194ccbdf3999fb7c7241baafc28,16ae4c2e94bbfb46029abdf7e758938830482c9f0adcfc8d6629dfa5249f3826,ADJUSTED|RAW,true,2026-02-20,1379b7637e69a3d2a37bfa813b2303189f250d662f81e07767768b61bbd93115,UNKNOWN,UNKNOWN,GOLDBEES,UNKNOWN,READY_FOR_CONFIRMATION,2,REJECT
2,19956b109804c0f75a49023b96d88c110419e9287b6b1bf5c13ccb88072ee446,351869caf3fd82276cd55f84606b5b8a82957194ccbdf3999fb7c7241baafc28,0cf9bbfcc87a30fb2bbf9b579b9e9393f8b1c754447d2ff583879daff7d1024d,ADJUSTED|RAW,true,2026-06-19,015f433ed77fc114737f241e1ae0ed435bf46aaed35d06b60bbcde98a6efa1b5,UNKNOWN,UNKNOWN,TATSILV,UNKNOWN,INVALID,2,REJECT
2,19a15e49d96241395c4cfc9440099b6d4f9d8aab33663bd583d3bf4eab091cbc,351869caf3fd82276cd55f84606b5b8a82957194ccbdf3999fb7c7241baafc28,e9ff15358f04d9d1db6794d0d14330b7f9db65b3c5b0e2a5c78fd19564fa905e,ADJUSTED|RAW,true,2026-02-10,90af198417fb1ef1bf75bbf1391e4660418522da68943b1865ed94a299b56c37,UNKNOWN,UNKNOWN,YESBANK,UNKNOWN,INVALID,2,REJECT
2,19b1ecd0a47e6849214795553c2f4299ced073f6482df7766c318ac8ee9e870a,351869caf3fd82276cd55f84606b5b8a82957194ccbdf3999fb7c7241baafc28,4c9f5fe30dbd5da485cab992fdc2c27263af5ac72b36e259c3fe83c668e25afd,ADJUSTED|RAW,true,2026-02-09,9e75bd6bf6b4a5fd21252dfa90719b0caa6ea75d0fb6cecd3124875b54a60b52,UNKNOWN,UNKNOWN,SILVERBEES,UNKNOWN,READY_FOR_CONFIRMATION,2,REJECT
2,19bc5ee271c895e2359ca29f12099ffb4e3a03f396c70bd3aaccafada4666884,351869caf3fd82276cd55f84606b5b8a82957194ccbdf3999fb7c7241baafc28,cb0a8077b142453ccb5006b27176c12a9ac1e6613e4b275c74e07bf438b01b6e,ADJUSTED|RAW,true,2026-01-13,6d467961efe2176bdd9a9fc78e7c838f1971d0be718aefaca8babfeee6f110fd,UNKNOWN,UNKNOWN,ETERNAL,UNKNOWN,BUILDING,2,REJECT
2,19c4f3c15bcfd10053ddfe3decaf8d6deffb353c1d32764f79646455625cf406,351869caf3fd82276cd55f84606b5b8a82957194ccbdf3999fb7c7241baafc28,dabc3335d32dbbd4c8c50bcd81c0dbcaa6addf844a4ada0bbf52e75f1f7f84ca,ADJUSTED|RAW,true,2026-06-01,28242506a1c4841ae1e152a890f8094e74d44276f3253417034ebf4d46a915fe,UNKNOWN,UNKNOWN,YESBANK,UNKNOWN,READY_FOR_CONFIRMATION,2,REJECT
2,1a366b5f9e4eddab3ae93f6cf5ae9e101d4e1043576d819f9d73a2405a0de05b,351869caf3fd82276cd55f84606b5b8a82957194ccbdf3999fb7c7241baafc28,f3ff40329f128ed9bf490cffe375f307919da68188a293149c48b689fefe58b8,ADJUSTED|RAW,true,2026-02-24,ca6c304ffefb2ece828b201e8fbc99f61729ada6513b12e407cb49592e5bd20b,UNKNOWN,UNKNOWN,YESBANK,UNKNOWN,INVALID,2,REJECT
2,1a7f0653c4e529cdc93f16916bf409ce6937352311cc321ccf4d073ec63c7a06,351869caf3fd82276cd55f84606b5b8a82957194ccbdf3999fb7c7241baafc28,3e4b192bae620522a4ee661d7d5c96037c8b074446c558a00015bdb1449259c5,ADJUSTED|RAW,true,2026-05-26,bbedcf09c5293839798da6fd24ddb9b85057e8ce700e0d58ada95dfc37d5e5be,UNKNOWN,UNKNOWN,SAIL,UNKNOWN,READY_FOR_CONFIRMATION,2,REJECT
2,1a8cf6020842fa6954952be15ef955f0a7b221b30368a55c1798efa3d0e0cb2e,351869caf3fd82276cd55f84606b5b8a82957194ccbdf3999fb7c7241baafc28,f4ded8b8a28dd4f4140712560aa5c5fe7aac70c29836b13b9ff116c0dc4047da,ADJUSTED|RAW,true,2026-02-23,0d67d77ba9bea07b3e37c090810ff13346654233c6d0d0767bc4cb5bfcdce620,UNKNOWN,UNKNOWN,TATAGOLD,UNKNOWN,READY_FOR_CONFIRMATION,2,REJECT
2,1a910b7dccd3d6663af879e12292fd29464321960f6048cbf78a961af0260e4c,351869caf3fd82276cd55f84606b5b8a82957194ccbdf3999fb7c7241baafc28,1cd916810020f8091eeb0634f645b90139988a0749e9e9904d4f5531a105b5bc,ADJUSTED|RAW,true,2026-01-05,3af313f8452acb880a75cf2ae13d2227dba68c4784a5c296008b6ed95ebb6578,UNKNOWN,UNKNOWN,SJVN,UNKNOWN,READY_FOR_CONFIRMATION,2,REJECT
2,1ab4acea9cfa8c8d7980d58eec68ee0ec39fd533de9c74eb34badd635726d9fe,351869caf3fd82276cd55f84606b5b8a82957194ccbdf3999fb7c7241baafc28,83f30401e7f69677501ef6a08537d53db053e976690402eed74cbd089eea3552,ADJUSTED|RAW,true,2026-03-10,f9665dc699a434907a795e852c8b2a09423878ee48579526ed0b59237384c524,UNKNOWN,UNKNOWN,SILVERBEES,UNKNOWN,READY_FOR_CONFIRMATION,2,REJECT
2,1abd1111f15b55f3b1e0994649ff823743b539a8433c574caedf4367a2f43492,351869caf3fd82276cd55f84606b5b8a82957194ccbdf3999fb7c7241baafc28,58cdb4f7171125e7ba1b458786546751e4be8c2cd8de32fcc3b6567d2be34245,ADJUSTED|RAW,true,2026-04-30,dddf161242289f5138ebb0ffda38ec1f8a4cfbb138e3a417395a4e05550fb928,UNKNOWN,UNKNOWN,ADANIPOWER,UNKNOWN,READY_FOR_CONFIRMATION,2,REJECT
2,1abfd18a86370edd348975abd10a009047c5a39dd0d2135cd8fbcb67e2e90c1f,351869caf3fd82276cd55f84606b5b8a82957194ccbdf3999fb7c7241baafc28,334ffc0dbb71c92bf424d2d7622cf7c1fcf156247bcd8b0d43cc5f5db99925c8,ADJUSTED|RAW,true,2026-04-21,bcc675a1121fdfd95405e586e004a701a04a6be393928fa9f69b9fd327e11a22,UNKNOWN,UNKNOWN,MAHABANK,MOMENTUM CONTINUATION,ENTRY_READY,3,REJECT
2,1b046c48ef9800987e2b250cf850a1e31aaaa131e1cd86d9e80eefa914f169e0,351869caf3fd82276cd55f84606b5b8a82957194ccbdf3999fb7c7241baafc28,b39931454c1aa863ca004618f2cfa78e491a04a07d1b8ad4f5cfa8d7b3886262,ADJUSTED|RAW,true,2026-07-14,5dd88a791f286fac7428052eec9d8a0f572b8b02ca84e26419c85cb85d2ecae0,UNKNOWN,UNKNOWN,PCJEWELLER,UNKNOWN,READY_FOR_CONFIRMATION,2,REJECT
2,1b222da49825f1b0128e02fe07eaf8ec6e67e65df959509a3e5f4bf767fc73d2,351869caf3fd82276cd55f84606b5b8a82957194ccbdf3999fb7c7241baafc28,41c5047c704599a9a667a3e3cedee4b6e87dc6e3966c6cdbe44340a30dfc9c3e,ADJUSTED|RAW,true,2026-01-07,1ca829254891bcb0d2c00be0ee261a7e22af5f182a9ecd6c56a8cd36872941ca,UNKNOWN,UNKNOWN,GOLDBEES,UNKNOWN,BUILDING,2,REJECT
2,1bb450092258d94c1d6a2efbcf26d1a20bb8a29d3fafa6bb5d91d7627567da4d,351869caf3fd82276cd55f84606b5b8a82957194ccbdf3999fb7c7241baafc28,27fe06ebb05df7e6ec87c32e9f73fa56e1a8b52040eb59f23e95ca8b654171fb,ADJUSTED|RAW,true,2026-02-03,c76e56f64215efc98094e684e228ab91885dd68d509d6e0afd0357ad6b90adf8,UNKNOWN,UNKNOWN,SILVERIETF,UNKNOWN,BUILDING,2,REJECT
2,1bee81f51443923b68e0caf5d014032b9773b211111935f68c2b46fce89b94f2,351869caf3fd82276cd55f84606b5b8a82957194ccbdf3999fb7c7241baafc28,50129ec555a010ffa50975334d4995cab9d1e504b3c092bee115776b7dac262e,ADJUSTED|RAW,true,2026-06-05,fa56c84a43e3e5630809d3828564a548035a02393d20b5f3c09816ba1bd5e82e,UNKNOWN,UNKNOWN,ZEEL,MOMENTUM CONTINUATION,ENTRY_READY,3,REJECT
2,1c2099f2387807206fe4ad299fda07f36a5e5c115653a7ed00d02227c41b0c84,351869caf3fd82276cd55f84606b5b8a82957194ccbdf3999fb7c7241baafc28,1e36730a5daae42deab15be4719d9418f0b54a65542d6841cac5da9566163a3a,ADJUSTED|RAW,true,2026-01-16,73e842d997be38b4b223d14af67ed56e4b64bf8045c9b8a0264dc12dd2b9dc13,UNKNOWN,UNKNOWN,YESBANK,MOMENTUM CONTINUATION,ENTRY_READY,3,REJECT
2,1c37aa91f618a76d29898550881d568bf2c818bced0a5890bdd5383920cd9716,351869caf3fd82276cd55f84606b5b8a82957194ccbdf3999fb7c7241baafc28,821c195b0d7a1be3c66e4e6dbe0b6d8d4a507a669b5676f92d785602dd303192,ADJUSTED|RAW,true,2026-06-08,886d41ec93e5dcb9e71c3a1424dfef1177bed35cad36c6a5befe166a4951e708,UNKNOWN,UNKNOWN,ASHOKLEY,UNKNOWN,INVALID,2,REJECT
2,1c44f5f037fb547cd2e0678ae95a16f81ad2e068876c74bdadfc08bf1bd70bda,351869caf3fd82276cd55f84606b5b8a82957194ccbdf3999fb7c7241baafc28,75c2479da528b74e49588eba2814e5f45a8eeac56d47890891df2ee988f01a3b,ADJUSTED|RAW,true,2026-01-20,6052060b66a4284bda01c985232bb05d322fe37888161d30ee91fa29146bdb40,UNKNOWN,UNKNOWN,HDFCSILVER,UNKNOWN,BUILDING,2,REJECT
2,1c46184b9cd1504d0204add1f395f900a85fb8b18ad0a17a3d63aed933be763a,351869caf3fd82276cd55f84606b5b8a82957194ccbdf3999fb7c7241baafc28,4469f3d0016e4b8011d05fb3b364b79dd3fb5dfd13d00f959fa917e1df36f194,ADJUSTED|RAW,true,2026-04-22,d4fb6b81f2450a83132e775d09ef6390891c7b7d001ab5c3fddffe7ab3ae51b6,UNKNOWN,UNKNOWN,TATAGOLD,UNKNOWN,READY_FOR_CONFIRMATION,2,REJECT
2,1d0af61f442aceac83e495973ff0f0f0421852e7f2eeeb5c5fe05239b2aae936,351869caf3fd82276cd55f84606b5b8a82957194ccbdf3999fb7c7241baafc28,7922681865fb2eb1d834006f880ce1da64abf56104ad8810f98a34d63e95f2a9,ADJUSTED|RAW,true,2026-05-20,c7c1a4adc2712a0b3939cac277c49870f8a2b671d5c5cdb744cfb749da3582ae,UNKNOWN,UNKNOWN,JPPOWER,UNKNOWN,READY_FOR_CONFIRMATION,2,REJECT
2,1d20d30e32c8b1d3f3f591a5a4c05966e90a17d12fe840032bebbc0423280d68,351869caf3fd82276cd55f84606b5b8a82957194ccbdf3999fb7c7241baafc28,f33dee7e21a966e08bed8c00ccb4f214828b5f10c9c1ecf927afb8decb127945,ADJUSTED|RAW,true,2026-03-23,fa433de3657e5557f461705a5de4d08666e0fd81c025653aab3093866c9744d1,UNKNOWN,UNKNOWN,NOCIL,UNKNOWN,READY_FOR_CONFIRMATION,2,REJECT
2,1d25a14829565e28e75859dc86cb6a6c693af8eb9aa5e1c450c669bd20bdd371,351869caf3fd82276cd55f84606b5b8a82957194ccbdf3999fb7c7241baafc28,448985dd186d7432fb942399d2205243171687394688f7c6fc6eb93e7e264d01,ADJUSTED|RAW,true,2026-05-27,1d414f8a1c5484dcdfca8134c05d1e99cdbf46e22f6f9b4b8365987cfaf1fb1c,UNKNOWN,UNKNOWN,OLAELEC,UNKNOWN,BUILDING,2,REJECT
2,1d467f2efd31b23d8d7d7e6e3decbb2a778ba1e234908fc6822d96e9f85c6937,351869caf3fd82276cd55f84606b5b8a82957194ccbdf3999fb7c7241baafc28,bc627ad97cd3713411af990b7faca8e6b1f9775cf0a2c3a2622b2bd847418635,ADJUSTED|RAW,true,2026-01-28,513ce986cad145b61ba3a0e380cd5f5bf81102fee9fccc4ce67365c631bc0705,UNKNOWN,UNKNOWN,ETERNAL,UNKNOWN,INVALID,2,REJECT
2,1d5acb3a7089520484943f473cc32cbe879ec5bd3e314fa631c0c8ae0dcacbe5,351869caf3fd82276cd55f84606b5b8a82957194ccbdf3999fb7c7241baafc28,31eac6612ce83f4b53c54db53b0445829b963d814bd84b1dffe4756e65eee5bc,ADJUSTED|RAW,true,2026-05-27,1283c31bc8533fdf1936b4a7afb16699ee69cb7dde847a2e756451e5ca8eede2,UNKNOWN,UNKNOWN,HFCL,UNKNOWN,BUILDING,2,REJECT
2,1da0cf32b0240215b4782d0e35af9729aab740724763f0a809cb15ad58cbc88d,351869caf3fd82276cd55f84606b5b8a82957194ccbdf3999fb7c7241baafc28,a7ed417bfad527148d8f29561c70e56559c60cdac6ad663f45db059ed99827ac,ADJUSTED|RAW,true,2026-04-02,42b6fd3f73649cc4c5ad19a32f206efd46caddcf004a4690b8a2816d0e881828,UNKNOWN,UNKNOWN,TATAGOLD,UNKNOWN,INVALID,2,REJECT
2,1db912c2f77c4a7cb5523e926a817329a8e35d6e5184a3e51b8500fec7aa0f23,351869caf3fd82276cd55f84606b5b8a82957194ccbdf3999fb7c7241baafc28,a293717a8e54359e0791cd96134b542f4b0b86768f4de7876a8796c1d0bd7052,ADJUSTED|RAW,true,2026-06-08,06e28cc4edfc20a870df089bd8ef43f576d65959fc94445ffa81365a7f0a4702,UNKNOWN,UNKNOWN,TATSILV,UNKNOWN,INVALID,2,REJECT
2,1dc959407685f5e0d5e703c5a6864754788b11155489ec27e0178cd653505fa7,351869caf3fd82276cd55f84606b5b8a82957194ccbdf3999fb7c7241baafc28,3646c58462895fe6f816aa9d61fab008f1e5532df84638ff5b2541ca2a184bf8,ADJUSTED|RAW,true,2026-03-23,f502ffb69ac58d6c0e6a6460312b5fb47c856e57db4a089c8b175e96d4ffd204,UNKNOWN,UNKNOWN,SILVERBEES,UNKNOWN,INVALID,2,REJECT
2,1dee70b7cb003da7c802fa886c545d3b871d0913a8a408c32ed041b9762ffb53,351869caf3fd82276cd55f84606b5b8a82957194ccbdf3999fb7c7241baafc28,f23cab117ceb353ddbe5a04cbb9caad0a5305c649cdc6e5f4210c2025d73bdac,ADJUSTED|RAW,true,2026-02-03,2893a7248e10ee3608c7edb9a6a4c110baa159060b0f38ca08c165307bca9e34,UNKNOWN,UNKNOWN,MASKINVEST,UNKNOWN,INVALID,2,REJECT
2,1df2d05aa620e9e718fbc55d073752a4bf570266350a9eb3a46517c5e78200f8,351869caf3fd82276cd55f84606b5b8a82957194ccbdf3999fb7c7241baafc28,ca796c72ac46b9c90656be535853f73fb15ed87b67d34cce8f6d2ceb7e063f12,ADJUSTED|RAW,true,2026-02-25,7de7c2bba5b0418a449ace30c466577ebd8152b9ff9f850ebee4d0b78a623b3a,UNKNOWN,UNKNOWN,ETERNAL,UNKNOWN,INVALID,2,REJECT
2,1e1fb6acbc5c72f1bf95550a48116f27a507cdbf6a69a83d1def3a6804e6ccf5,351869caf3fd82276cd55f84606b5b8a82957194ccbdf3999fb7c7241baafc28,70ca9cdc539bed380782913af1c9b2334f483f71dbf0738dd0c76de4fc85c571,ADJUSTED|RAW,true,2026-04-21,a18e23ac0ef754b7213433edae7fd71657e4b5e5f7a21e6af927ce1df0b6a87c,UNKNOWN,UNKNOWN,GOLDBEES,UNKNOWN,BUILDING,2,REJECT
2,1e430ea73264e75a4a181475fea17b0cab44e6c08615fdddf028cb22901f7950,351869caf3fd82276cd55f84606b5b8a82957194ccbdf3999fb7c7241baafc28,6809a112a28f3fafa23c5f8be699f6d9bae4b47590b7f538f840ee20ad232c79,ADJUSTED|RAW,true,2026-03-17,4fa3e8f084ae33aa607db1536501cf95c74665b44acf1f9746edd89980f3eef4,UNKNOWN,UNKNOWN,TATASTEEL,UNKNOWN,READY_FOR_CONFIRMATION,2,REJECT
2,1e80afb04c138df119d9d75add90172bffe8e49f6506acc0dc31a1981869d541,351869caf3fd82276cd55f84606b5b8a82957194ccbdf3999fb7c7241baafc28,2028a92962a8e58ee1522d006800063038502cde67484b4205e611a3d426615a,ADJUSTED|RAW,true,2026-06-17,2c06c211fa1947f8e0b9e109507c887e8a21c3f932edae7856388884c63dee50,UNKNOWN,UNKNOWN,YESBANK,MOMENTUM CONTINUATION,ENTRY_READY,3,REJECT
2,1efe023c89467aad5a85f10beebe530dc35c784ec24e55b85477b5e5f80d949c,351869caf3fd82276cd55f84606b5b8a82957194ccbdf3999fb7c7241baafc28,124096d547013062c89e90c70b43fab419c46c9ec7b8b27bcb970e8f48481c6c,ADJUSTED|RAW,true,2026-04-15,1a947da2372937217cc39962f82cdc4fbd4dc4d7e6bd4d50ae63c7b37f4dcc6d,UNKNOWN,UNKNOWN,HDFCBANK,UNKNOWN,BUILDING,2,REJECT
2,1f5ec8188e0d59bb2b747dad7cd6c3cce745ad0ae1eb7876230fe796249fc44f,351869caf3fd82276cd55f84606b5b8a82957194ccbdf3999fb7c7241baafc28,cfc35f83c647f62885be15c03ce8c2a0e3226b598eaea90d69799f010905baa8,ADJUSTED|RAW,true,2026-06-24,09f9b30fc8f7309b8f4705a6028d3e2319fe87ef09d2053ec8f29fd04d176d82,UNKNOWN,UNKNOWN,WIPRO,UNKNOWN,INVALID,2,REJECT
2,1fbf711cb733b7a1ef300b2ac066d54cddc50bfbc55960af0dcf0b8ef911758d,351869caf3fd82276cd55f84606b5b8a82957194ccbdf3999fb7c7241baafc28,679a01394378066ecd183c0cb91840ee91b29eb6cf888b9ad37b894da3b2ce2d,ADJUSTED|RAW,true,2026-02-25,8a33c8677ed268b8e3785a9149efd5919a7c524c9ea3e4f9e002fe29e5456db0,UNKNOWN,UNKNOWN,IDFCFIRSTB,UNKNOWN,INVALID,2,REJECT
2,202be27090e7e1040aa2026a5d27454c277d65a47f888bb2c4644d848e0ab005,351869caf3fd82276cd55f84606b5b8a82957194ccbdf3999fb7c7241baafc28,ff775bfc3167cdc8796166def5daa58e7955dbd7d15240e71a15a62e0bbc944a,ADJUSTED|RAW,true,2026-03-19,3c209695a55f339bda85f73b11c744baaffeebc5ee2b4a5f679a70b0ce252c20,UNKNOWN,UNKNOWN,YESBANK,UNKNOWN,INVALID,2,REJECT
2,202f7bd3a9b17572eb30c392e919f595a057af4e9f15acf06fb0db5a8324ed83,351869caf3fd82276cd55f84606b5b8a82957194ccbdf3999fb7c7241baafc28,be576dec9c3dc64b552b7faf4083b5a6e377818462b4fe2a3d5b923374285ec3,ADJUSTED|RAW,true,2026-01-08,6e26ae9fa9a1dcc6582c9b0dc1d16a6d32038f97c93ea9604792d41b51225c80,UNKNOWN,UNKNOWN,HDFCBANK,UNKNOWN,INVALID,2,REJECT
2,2049c175f8eb2e2d4e331b8ece957c122670c596c4d5828ea431a8df98a23ee0,351869caf3fd82276cd55f84606b5b8a82957194ccbdf3999fb7c7241baafc28,ade379b7bf790c77c6300ae84b8655c85a4fcceb9c466976b79b34632b276e79,ADJUSTED|RAW,true,2026-04-07,3a247d1f45cd17b26c8454918ce85f1eb235752754582f335e3ef03a9615e6cd,UNKNOWN,UNKNOWN,TATAGOLD,UNKNOWN,READY_FOR_CONFIRMATION,2,REJECT
2,207fcfaa006811fa9274290cdd28483889433d1386b351ed9a1594a428ecbe91,351869caf3fd82276cd55f84606b5b8a82957194ccbdf3999fb7c7241baafc28,da704a75dbde8da5d3a27f17f1966a4851b27bd5d707eb2018f7fa4b1b101951,ADJUSTED|RAW,true,2026-06-05,02d22f4b84684bf361e732da3f1618a1108e6df34eac582aa1b1ffe9d9649856,UNKNOWN,UNKNOWN,ETERNAL,UNKNOWN,BUILDING,2,REJECT
2,2089e3910dd18bb8dabe345fa22552d3da60c91622612809cc486298b29881f1,351869caf3fd82276cd55f84606b5b8a82957194ccbdf3999fb7c7241baafc28,cef843dddef4134f2fc6832ebb28a12d0a29163558e6786de7af54a16015631a,ADJUSTED|RAW,true,2026-01-05,418e1b896a8f388a0dead8dabc807be89451b79380bcf1ca213d995480c30c65,UNKNOWN,UNKNOWN,YESBANK,MOMENTUM CONTINUATION,ENTRY_READY,3,REJECT
2,20c6864b7b301c87af0cc096e398ecc3064be5d24f3012c047ac6b1864a82214,351869caf3fd82276cd55f84606b5b8a82957194ccbdf3999fb7c7241baafc28,e58620bfe5cecc46165f55cf2482ff73e0349e167ffe7078cc07f3247cb28e2b,ADJUSTED|RAW,true,2026-07-09,d43e26afd618c87b344a4f5849e014cf50ed71cc49a3f0b6d4a325a5693ac042,UNKNOWN,UNKNOWN,SWIGGY,UNKNOWN,BUILDING,2,REJECT
2,20f8a436b2a35648bb297b090f31e8001fa281c0b8a700536c7ff6c641bf8161,351869caf3fd82276cd55f84606b5b8a82957194ccbdf3999fb7c7241baafc28,e6e5de53f93b15d713834afbf6a00b67bce55d77a22f2e610b5def77644efe32,ADJUSTED|RAW,true,2026-01-07,10e78685a99dff67fc2d8df474d3ca31382233d5dc4f062bc4a32430f89dba84,UNKNOWN,UNKNOWN,YESBANK,MOMENTUM CONTINUATION,ENTRY_READY,3,REJECT
2,21479061241be9ba3f9cef6594df1ac303c2c36c0f35cb13d785ae0dd2aabfcc,351869caf3fd82276cd55f84606b5b8a82957194ccbdf3999fb7c7241baafc28,dc025a1f0524318789c779bccf7dc7c8544be915d1866e4ea6a53360ff750b6e,ADJUSTED|RAW,true,2026-03-09,fe68c993747091ed3c154debcfcafeb6df0700d817ac64e11bc4976e46ce09bc,UNKNOWN,UNKNOWN,IOC,UNKNOWN,INVALID,2,REJECT
2,21d5511e4dfdaa761a8d3baf65fdd898502af341f4b97d09cce329ede19d8803,351869caf3fd82276cd55f84606b5b8a82957194ccbdf3999fb7c7241baafc28,d89a27c3000d7582804218cb5bb39201f228743610ef1f3c787cdf835058e5e0,ADJUSTED|RAW,true,2026-03-12,03857b440bbb86f54f8a48b85edad38da54d58157ff88d8ea9f836b2c336c502,UNKNOWN,UNKNOWN,TATSILV,UNKNOWN,READY_FOR_CONFIRMATION,2,REJECT
2,21ecf4b7bc9697aa64f1dbee813bdac00ed13e8cbd611d1d09fd77912c49bc4c,351869caf3fd82276cd55f84606b5b8a82957194ccbdf3999fb7c7241baafc28,189b18edb9ab447b6db7d481b1c9c2db11a889bf6c377c91636713fbc73e2773,ADJUSTED|RAW,true,2026-02-17,c1b15ee69179e15e1edbf4595d3030a387d63859b9b0600f3191f5b435096871,UNKNOWN,UNKNOWN,ITC,UNKNOWN,INVALID,2,REJECT
2,2208dfa9224d53f6452a628a667b455960add97ddbf18674b0297068e686477d,351869caf3fd82276cd55f84606b5b8a82957194ccbdf3999fb7c7241baafc28,df6988c47642360b5da1755655cc1caadb530b02f9d48ca0712525235a06ac60,ADJUSTED|RAW,true,2026-05-12,77658d0b3434f629fe9e9811596142e93e7f6d26af62f795332ef66f1d06e139,UNKNOWN,UNKNOWN,ONGC,UNKNOWN,BUILDING,2,REJECT
2,222d9f3aeaa484cc1d491007cd71a9c860d6ef9a31b4f7d1f78f3f31447bcd0c,351869caf3fd82276cd55f84606b5b8a82957194ccbdf3999fb7c7241baafc28,88fa39bb69460c321d5faaeb1ddd0c90634f960a84c85a395ec9bbef5ec71211,ADJUSTED|RAW,true,2026-06-19,40b7f04953a5906b0b831f6f454973bf5034972ef204c77f45b814d8c4e25b2a,UNKNOWN,UNKNOWN,NIACL,MOMENTUM CONTINUATION,ENTRY_READY,3,REJECT
2,223325532f31219472a06503840abea198aabcb9c7c876d896e67454db3c0fd8,351869caf3fd82276cd55f84606b5b8a82957194ccbdf3999fb7c7241baafc28,c81eb778663922155f03267456914b89c4aad23d3ef40b9ebaf7f8aca5dc24f0,ADJUSTED|RAW,true,2026-04-22,6bea64b60f24dcfe95de8cccaec07beab9446575db8a089fc3e81f3c40fd8833,UNKNOWN,UNKNOWN,GTLINFRA,UNKNOWN,READY_FOR_CONFIRMATION,2,REJECT
2,224c887ac345b8f38ee7ec981137b05c76e1c11e956c30bd62bf5aafc0bf362e,351869caf3fd82276cd55f84606b5b8a82957194ccbdf3999fb7c7241baafc28,86083254c1edf7705a8f89e538b0fbb5f43efd4ba56f65f487db721884c44dba,ADJUSTED|RAW,true,2026-02-09,8136a25e270c33b572d5fedfb2a8346d0351d151782e93fb494761f6155d20db,UNKNOWN,UNKNOWN,TATSILV,UNKNOWN,READY_FOR_CONFIRMATION,2,REJECT
2,22d06daec9b730acb9783db53dedeca5171b6a284c53d156260a7279807209cb,351869caf3fd82276cd55f84606b5b8a82957194ccbdf3999fb7c7241baafc28,50b1b21b0aaaef07c5021206258af69ad029f03ad3946234c6744849c4654bba,ADJUSTED|RAW,true,2026-01-13,99ff4f4fbb86df8305bd90793b2d008aca212675841593fa96d3078d8b58fc47,UNKNOWN,UNKNOWN,YESBANK,UNKNOWN,READY_FOR_CONFIRMATION,2,REJECT
2,22e8db17869d081520197f6e024db419cec420eaebadd768afc300401677ea90,351869caf3fd82276cd55f84606b5b8a82957194ccbdf3999fb7c7241baafc28,4040d80d00a07bcd15293695307bfaa9111b454d33d24fedd9c60361b7128939,ADJUSTED|RAW,true,2026-04-06,c35a82132b70b10e95d89a5daad4827fb53d4c1050e7023c45b5254dfa46f875,UNKNOWN,UNKNOWN,YESBANK,UNKNOWN,READY_FOR_CONFIRMATION,2,REJECT
2,22fc644fa712058c3a90b086bdcdc0334bc7ff06dbd50f245e5fc3e0ecf50378,351869caf3fd82276cd55f84606b5b8a82957194ccbdf3999fb7c7241baafc28,6b0ae07f90dacb0aa8f20872887912f2e1f7dae9cc30361a3879ebf903dccbee,ADJUSTED|RAW,true,2026-02-24,256c278dbd83aad1da6372bc1911a2aa795e4e2f5f1d1b684bf861e7edc87e31,UNKNOWN,UNKNOWN,SILVERBEES,UNKNOWN,READY_FOR_CONFIRMATION,2,REJECT
2,2306ab51c4ac03b2bca97f839021afdc532088db4f5224381c2c610a98800d27,351869caf3fd82276cd55f84606b5b8a82957194ccbdf3999fb7c7241baafc28,4f8ae69276e2cabb1b14cb13145a7dba9d5c83aff96fff307f236526e41d41d6,ADJUSTED|RAW,true,2026-02-26,2257e275d47989392e556ddceaeacfb876204d62f41156298b51d1e28eb27f43,UNKNOWN,UNKNOWN,TATAGOLD,UNKNOWN,READY_FOR_CONFIRMATION,2,REJECT
2,2335cc26f7513e803fec16dc9a57f0424de2bdb5802755013bafa53fcb62fdbc,351869caf3fd82276cd55f84606b5b8a82957194ccbdf3999fb7c7241baafc28,b77f17d67fc3d2d7889c163b80cb292da5617b10b867239b6cade6266daa7c5a,ADJUSTED|RAW,true,2026-01-09,72ad81c5be18c098617464f69d5fa4adc0439a888255ce60cc93c8ecaa95a582,UNKNOWN,UNKNOWN,SILVERBEES,UNKNOWN,READY_FOR_CONFIRMATION,2,REJECT
2,233d0a96b1667c46b3f0b355636eae229601e9dd6d6fb147055b8e067b130b7e,351869caf3fd82276cd55f84606b5b8a82957194ccbdf3999fb7c7241baafc28,6fc5d3d6dc79f3ed7b6104de9dbb875a7cdee672333642e32c160ce45d9a906c,ADJUSTED|RAW,true,2026-04-30,39f01eae1b2139750a01469b8db73a8dc1ce3ad2cd0e8ee4bf8d9562809f2b3a,UNKNOWN,UNKNOWN,TATSILV,UNKNOWN,BUILDING,2,REJECT
2,23a96762eb8bf7b70d2a4a681560a806646009ecad0cdce36e99810ff9d3fb69,351869caf3fd82276cd55f84606b5b8a82957194ccbdf3999fb7c7241baafc28,6dd2424cda4824d518694886833883ebc0dec5782dd1683227211563426ee9e7,ADJUSTED|RAW,true,2026-04-09,04384cb2bb7b7430b23d8da9c921075d6405659041d0dd524b332f107a95ab06,UNKNOWN,UNKNOWN,YESBANK,UNKNOWN,INVALID,2,REJECT
2,23df4e291a945cc725737b269fdb4c65aa2a492849660df1b9654b798851acf6,351869caf3fd82276cd55f84606b5b8a82957194ccbdf3999fb7c7241baafc28,754819f4ee254878fc3e1d16b4f7ed52596d8a92591b53992b47d27e26f0f5c1,ADJUSTED|RAW,true,2026-03-16,4ae3ea925704390a552fabcecca66fa7d01c5da67b406df6a27a97d5ca2c40be,UNKNOWN,UNKNOWN,MRPL,MOMENTUM CONTINUATION,ENTRY_READY,3,REJECT
2,2419769cb65cc272277b23a7937ee7975e90430be9ef7763ad1eb27b5cce92b6,351869caf3fd82276cd55f84606b5b8a82957194ccbdf3999fb7c7241baafc28,45b3b9fe57ab2dcdff7fc631e1cff29116c465277ac45d419dba50ba1e02ade2,ADJUSTED|RAW,true,2026-04-30,6bd53d2aa3842efb3299a37511d02e86b1e8c853716d36ebf9b193b06ff08d7f,UNKNOWN,UNKNOWN,HFCL,MOMENTUM CONTINUATION,ENTRY_READY,3,REJECT
2,242eb667e1ed7132945de8de3ddc25bd9c33947d1ce5a888fa2d2f2e2c179aad,351869caf3fd82276cd55f84606b5b8a82957194ccbdf3999fb7c7241baafc28,36dcac1c9508a88a111bf5f1360d5edec74f08b1e9d6c114b66a94b40be668b1,ADJUSTED|RAW,true,2026-02-23,5480d736ce33009afb65005d8799516eeba719d76df09410aab494adb23afc79,UNKNOWN,UNKNOWN,SONAMLTD,UNKNOWN,BUILDING,2,REJECT
2,24fe774e475b4bb96ac162a1df2caadde20d0aa9160e0215fc799ba97eb31106,351869caf3fd82276cd55f84606b5b8a82957194ccbdf3999fb7c7241baafc28,e5e78058115dcbcd15aeaf7d9438cb920ab8bcc9e3ee39fb47d57efb975cbbc6,ADJUSTED|RAW,true,2026-07-08,5b74fb8029049251f018ecf1b630b9ad63e154320510a8e24260cd5cb35f85ed,UNKNOWN,UNKNOWN,DPABHUSHAN,UNKNOWN,BUILDING,2,REJECT
2,253fddebaecb063e63456c087045bf66541a80c2957cdc03fa8bc67840354f58,351869caf3fd82276cd55f84606b5b8a82957194ccbdf3999fb7c7241baafc28,4d313ce1d1fb356dcc03352168719e1bc394131b544e1b1d5f536917c9aaa29d,ADJUSTED|RAW,true,2026-04-29,8d208f27e7b2bb315b4f7d0d20b3742a4fc72661b9f20e701b41b2b0756d3bef,UNKNOWN,UNKNOWN,BANDHANBNK,MOMENTUM CONTINUATION,ENTRY_READY,3,REJECT
2,256bb5db4bb18ae2874492912875d197db83d82a9713d810d0fc77409043d3e4,351869caf3fd82276cd55f84606b5b8a82957194ccbdf3999fb7c7241baafc28,bc80dac58b5d550dbbd052ab2faa416c8fcea920f62e3ec2c3fb9f321015a476,ADJUSTED|RAW,true,2026-03-23,a967f5ded13ea4850190fce106004ba97aad82bbfbb582a43c60eebc5b4fb11a,UNKNOWN,UNKNOWN,ETERNAL,UNKNOWN,INVALID,2,REJECT
2,25befc18e67da42c7d09806f9912a84d188746421c2804d4c41ccfc59ba5d84e,351869caf3fd82276cd55f84606b5b8a82957194ccbdf3999fb7c7241baafc28,6ccd56fb8bce17109965f6ef2c49fd3e9050446718d3566a13ccd79cc3466dbf,ADJUSTED|RAW,true,2026-06-08,5fe1e63a92dda743139182309b070f18a9f71c71ac52f5b8117bf79bfa497267,UNKNOWN,UNKNOWN,YESBANK,UNKNOWN,READY_FOR_CONFIRMATION,2,REJECT
2,2629db98ab1dfd41c1b813438f7c4adcdd6b3228e142f3966c99e194ce4db849,351869caf3fd82276cd55f84606b5b8a82957194ccbdf3999fb7c7241baafc28,e1b7d73a95abd745d52f4308c405c438490545d5814d73401cd5bf5346840dea,ADJUSTED|RAW,true,2026-05-22,573fe22a3f0c574d5cc82959fd9b09c684b5db30fad45e8426abbda0077c3419,UNKNOWN,UNKNOWN,WIPRO,UNKNOWN,READY_FOR_CONFIRMATION,2,REJECT
2,26400e4ed99701cd84bd07bb56046bd2b112c39144bb57b6692907b15ab631b6,351869caf3fd82276cd55f84606b5b8a82957194ccbdf3999fb7c7241baafc28,a85bfac4b588c92761a173c4780fa56b17df32211e2ceb41b967ebc84ea39843,ADJUSTED|RAW,true,2026-02-13,662f1cb8bc1378856d6e0ca5b0a823e02338c25de1b33388c7afa6fcca0227aa,UNKNOWN,UNKNOWN,SILVERBEES,UNKNOWN,READY_FOR_CONFIRMATION,2,REJECT
2,2683824cf281227a3dcae6c3f42bd19f5edaf4ea6a6267daafe5e60e16363a18,351869caf3fd82276cd55f84606b5b8a82957194ccbdf3999fb7c7241baafc28,a6267f0975e3316be0404ddd016a043102e859bc1241b1424ae3f69da2473c72,ADJUSTED|RAW,true,2026-05-13,0a2203cfe2ad35ce0b0aa207ddf285e92086e87680a2473a96e2a5104871014d,UNKNOWN,UNKNOWN,TATAGOLD,UNKNOWN,READY_FOR_CONFIRMATION,2,REJECT
2,268dd4afcfe18666cdd6f5cfbd2c223adff3b03ea13e232762d471ef859fe714,351869caf3fd82276cd55f84606b5b8a82957194ccbdf3999fb7c7241baafc28,171dcf00bad035661157ecec4e1a54818cbd295e5b48ceb82729fd63afbf7515,ADJUSTED|RAW,true,2026-03-23,50eb9960ad34803369404d45f202b0543172afbcff9eb5852f85b69dac14e387,UNKNOWN,UNKNOWN,GOLDBEES,UNKNOWN,INVALID,2,REJECT
2,26d01a9ce80a53bf9fb3de032675d934fbc73e57394d97e1df9a75c9e1a8cc0d,351869caf3fd82276cd55f84606b5b8a82957194ccbdf3999fb7c7241baafc28,11778c68fa1b5d4720aa37db6feae252af0c57650ef8a3aa1a3ccd90849fa095,ADJUSTED|RAW,true,2026-06-25,d04d221e80ecd29fcbaaeb693489e4ddcc8688194c8490c42937535d73ef8dbd,UNKNOWN,UNKNOWN,TATAGOLD,UNKNOWN,INVALID,2,REJECT
2,26df0de42b60b8347c6bdbd35a4f1bd19ef31d5f28e9ad482cd69ec5e370c449,351869caf3fd82276cd55f84606b5b8a82957194ccbdf3999fb7c7241baafc28,165586768606a15916054ecb5f0e1491a3962bd76093b7fa2255be464cd6bab4,ADJUSTED|RAW,true,2026-03-02,333a0887ce8ab947104e8679b8920624317566c02e9434281c79d15150af3aee,UNKNOWN,UNKNOWN,GOLDBEES,UNKNOWN,READY_FOR_CONFIRMATION,2,REJECT
2,26f1e600088c9cafd2513a27f094c0577b2869a24594015b52864674bf52ef7d,351869caf3fd82276cd55f84606b5b8a82957194ccbdf3999fb7c7241baafc28,c1512519709b3be47ee8bcb3c9db1f0e43425d48893647aaa5481b335a68bcda,ADJUSTED|RAW,true,2026-01-20,5dc8a1477deb0ca29dd4fe685dcdb8a7b7215d5fd7db1a789f99e3fe1a95cb5f,UNKNOWN,UNKNOWN,TATAGOLD,MOMENTUM CONTINUATION,ENTRY_READY,3,REJECT
2,279c250f90aa6b40d42906b79385a1fce4960409a85e70f416172013e81b6f27,351869caf3fd82276cd55f84606b5b8a82957194ccbdf3999fb7c7241baafc28,4824a6f7caa135b243963ee66b2044a11eaeea1c23ae62ddfe9122cd85eb5ae8,ADJUSTED|RAW,true,2026-04-24,6835d8843caf4b9109ed56967b4a07687fc02d477824d195a2b66d0336971b1d,UNKNOWN,UNKNOWN,TATAGOLD,UNKNOWN,READY_FOR_CONFIRMATION,2,REJECT
2,27b7a1c9bbd517f61820ab2ee20245ec2a8f8e11663a406c5bb8e47bf8ed59b0,351869caf3fd82276cd55f84606b5b8a82957194ccbdf3999fb7c7241baafc28,1571fe66593b08c2008fd437b4a85ab5897cc86095701f51d40dc26e3e63f899,ADJUSTED|RAW,true,2026-05-14,f9056a62ca9baabebb0aa7d2784e7fcfc313505c9560c05f0ffd6250a171b9d7,UNKNOWN,UNKNOWN,YESBANK,UNKNOWN,READY_FOR_CONFIRMATION,2,REJECT
2,2814e64fcb158765ee5f5be96761a63819d9b1aee18c3455f90a1b9f84725be7,351869caf3fd82276cd55f84606b5b8a82957194ccbdf3999fb7c7241baafc28,d149a633d89ebe0de5cb7d94b352ee4420d3f3e2e6c968b51989f984ea8fb215,ADJUSTED|RAW,true,2026-07-20,4671e53cde2fc51dada55537e683bb4cabb3645b866f2020716526719e06fe38,UNKNOWN,UNKNOWN,PNB,MOMENTUM CONTINUATION,ENTRY_READY,3,REJECT
2,28b94892e1d74e78c8c498ed819b299f46b9ba4fa4dea8abf262ae44a544d188,351869caf3fd82276cd55f84606b5b8a82957194ccbdf3999fb7c7241baafc28,6801d7cfb96b304882ead144504b0c87b5dd8d731935cae9fec5c2d87c415968,ADJUSTED|RAW,true,2026-02-12,3c59645292d7b3a805ce1c275012634e93c08b192a600f2a377a052fc31f814a,UNKNOWN,UNKNOWN,GOLDBEES,UNKNOWN,READY_FOR_CONFIRMATION,2,REJECT
2,29185eb6642f232562879b106b3b35b1f2a94738b0b94575cc833699175511f2,351869caf3fd82276cd55f84606b5b8a82957194ccbdf3999fb7c7241baafc28,ccc387b1cfa7343e8a63aeb9d7a60c7b333729af367db725768cd1b5b2204d97,ADJUSTED|RAW,true,2026-01-08,0b721faa6d22edd525bb7ce61efef16e58205fe6843da68006fbc20716752460,UNKNOWN,UNKNOWN,SILVERBEES,UNKNOWN,READY_FOR_CONFIRMATION,2,REJECT
2,2946048d20bc20e74fa6a094056ec94d3ddbc8ec77cb126452c204a84cfd2ef7,351869caf3fd82276cd55f84606b5b8a82957194ccbdf3999fb7c7241baafc28,4d779d015ef5345049a4f53686cc72cc8fc8ed33bf744d3159e1f418bb30391e,ADJUSTED|RAW,true,2026-03-24,1883c8fc0d622d56259e607f652450c9df2668938b4b731efdb9a379101261e7,UNKNOWN,UNKNOWN,PCJEWELLER,UNKNOWN,INVALID,2,REJECT
2,29687b4452019afbd714770938089edd47e7de48cac1d292ab81722681a90ae6,351869caf3fd82276cd55f84606b5b8a82957194ccbdf3999fb7c7241baafc28,e8e90bf9b40ce7511d417797b6bc147c8c1b24aa33cb25eaa5cd836abb6347a7,ADJUSTED|RAW,true,2026-04-01,906f9fb8f24ce84667864865ffb6a620bebea97eccc8e91f542df722c2fa07fb,UNKNOWN,UNKNOWN,TATSILV,UNKNOWN,READY_FOR_CONFIRMATION,2,REJECT
2,2a26c52b271f6c9e5a19db47eaaea0c1a058caffd3f944648c2a172750741204,351869caf3fd82276cd55f84606b5b8a82957194ccbdf3999fb7c7241baafc28,0c5aa3c0d259f47870c1ce85f6afdf2f1cf6ebbd91f359c3fe778319d4997442,ADJUSTED|RAW,true,2026-04-07,fc9cd059abf03b7168bd60c8dc43abbbc9339ebccc3515428840b1b5bb7f3254,UNKNOWN,UNKNOWN,OLAELEC,UNKNOWN,READY_FOR_CONFIRMATION,2,REJECT
2,2a4b0d155d3974ab318aec0be2a293bbf5451df9534ac5191d753a589b0dd59f,351869caf3fd82276cd55f84606b5b8a82957194ccbdf3999fb7c7241baafc28,0e79275aec7a898b86a9ad04ae98d6b5efd940574977c4f737db78a13b238de1,ADJUSTED|RAW,true,2026-01-06,6d1d80f2e8fb1bb00c7241b14e22d6049e32394423524d61855703a3aa1b047e,UNKNOWN,UNKNOWN,TATASTEEL,UNKNOWN,BUILDING,2,REJECT
2,2a82080e845849920aed6b8b905002548c65f9c1fa524abfcb0d73f2744ba1d8,351869caf3fd82276cd55f84606b5b8a82957194ccbdf3999fb7c7241baafc28,5b8b1e550411db6936f8525a539c933d00797143396a71ad991dce733eb8aa1c,ADJUSTED|RAW,true,2026-01-07,c3240ee187580fd9e139c1aff1b3c61e5342d1ba5c956d5c5d5d89f340d097fd,UNKNOWN,UNKNOWN,GROWW,UNKNOWN,ENTRY_READY,2,REJECT
2,2ab9efa8e20be3f7f5c158a96d60c61144fb53febddba286b47a1a065350e571,351869caf3fd82276cd55f84606b5b8a82957194ccbdf3999fb7c7241baafc28,7a413e640dab374202a133762a8f7e2ed031d698ddec8c3ae16773c73b8b11e2,ADJUSTED|RAW,true,2026-04-07,fcc2c4878763431f80d4d0fe3aecc573eaf5d2f20f366696dd80cae81418ff73,UNKNOWN,UNKNOWN,SILVERBEES,UNKNOWN,READY_FOR_CONFIRMATION,2,REJECT
2,2abeef74089f07b90c86790350ec42ceba11b05d1af5c80bc1d37b7831ab89fb,351869caf3fd82276cd55f84606b5b8a82957194ccbdf3999fb7c7241baafc28,cbd40522319bc82c9b311c963ff80807cb29d5e36f912a40b11928e48388f432,ADJUSTED|RAW,true,2026-05-25,6d59c3709f156173559e0ad71ce196253c48e5abecadc0f6abd29fd51db4d8d3,UNKNOWN,UNKNOWN,TATSILV,UNKNOWN,READY_FOR_CONFIRMATION,2,REJECT
2,2b27244c3bd1fd5fc061814f471e1fe836c0aea00f8f3a755ce680cac12ad1f1,351869caf3fd82276cd55f84606b5b8a82957194ccbdf3999fb7c7241baafc28,9bd832ee0fc9e2eccdbd4272e158a41a6907ec7e2155bb6fcde80e0e89926d1e,ADJUSTED|RAW,true,2026-06-02,2f356f04b92d895460526a053b720f0ba499f040e692ba5ee25364b941896999,UNKNOWN,UNKNOWN,NMDC,UNKNOWN,ENTRY_READY,2,REJECT
2,2b4033f0a0f5f4f0cad4bab67a098b59209328d500812ae10e333002a58ed44e,351869caf3fd82276cd55f84606b5b8a82957194ccbdf3999fb7c7241baafc28,642e4293b063e938903eeb6cb0a8c640ff102591cc5aaa6439113c301468fdcb,ADJUSTED|RAW,true,2026-05-21,c96146c0f1e1086918ccaeec819761587eb2b4ee635df2773e35c7a2f73bf6ae,UNKNOWN,UNKNOWN,TATAGOLD,UNKNOWN,BUILDING,2,REJECT
2,2b40bdaa2a4779eefea8b031fe25732670cb63a932687df93948293200ea8a44,351869caf3fd82276cd55f84606b5b8a82957194ccbdf3999fb7c7241baafc28,6d6f9eeb5537edd1199ece9c2404d0ce653cfaadfa1eccf510e7b677b64dd34a,ADJUSTED|RAW,true,2026-04-09,2fc0638681c9922ac469e66516f52dd04cbc4ea01d00a2e091369af125f46f22,UNKNOWN,UNKNOWN,PRECWIRE,UNKNOWN,BUILDING,2,REJECT
2,2b559724539bde5373adf8ac30de1e9e5b3c7eb15dc04f364ae16fa96c133b75,351869caf3fd82276cd55f84606b5b8a82957194ccbdf3999fb7c7241baafc28,58a7373ea9fac26d090d9eaa1564291b52db506a8e8b7014cb173c19445b4fc4,ADJUSTED|RAW,true,2026-03-18,84bdc7080b95051ae0ecbd5db8f1cf45e91b1b0c9703fb5f2bc0a48d9c898cff,UNKNOWN,UNKNOWN,URBANCO,UNKNOWN,ENTRY_READY,2,REJECT
2,2b5c096df60238332ed2d1e3a68a2869204d22f563804f6e2167331589cd2488,351869caf3fd82276cd55f84606b5b8a82957194ccbdf3999fb7c7241baafc28,228a3bdb96a10d34c126be06660f62314f1c888545349573ddb439d513913963,ADJUSTED|RAW,true,2026-03-05,3cf06564a7ba8636bd6a6983ac7cbc6bec0deb9a329eb45736049c41fefb22f7,UNKNOWN,UNKNOWN,LIQUIDCASE,UNKNOWN,BUILDING,2,REJECT
2,2b7f4bca9236c6a03038362fb26e11c2adddd4f518b0459940413c7c44c85dd9,351869caf3fd82276cd55f84606b5b8a82957194ccbdf3999fb7c7241baafc28,fba6d479b359cdce7825413803bda0ac6e8f76eb9a38403fe35b37d177519cbd,ADJUSTED|RAW,true,2026-04-29,46fccfe46ac2187216e8a8e713002d29a8c899a636d8712d455d97c6ef50770a,UNKNOWN,UNKNOWN,VEDL,UNKNOWN,ENTRY_READY,2,REJECT
2,2b84441e4873d4d75cdd69eb8f09bca6fba4fbb37ca4fa7f6366f51f0e837cbf,351869caf3fd82276cd55f84606b5b8a82957194ccbdf3999fb7c7241baafc28,db8b5e977bedddf63e9c77511c44a1add3d25118f8d786287e26f2b801da16b3,ADJUSTED|RAW,true,2026-06-09,009f184c17c689b82bf746bdbd0a9958e7950c953f15b84d476c0ed0277974c3,UNKNOWN,UNKNOWN,THOMASCOOK,UNKNOWN,BUILDING,2,REJECT
2,2ba328f2b84f4bb33a75e77d3e8d850042b19fbeae21b3c3fd4490805845e8c0,351869caf3fd82276cd55f84606b5b8a82957194ccbdf3999fb7c7241baafc28,8dd86bcba61bf173e986c61ca0bbc253091a3016279beca0f323a73d4f485f9a,ADJUSTED|RAW,true,2026-01-01,9db340eb19646ee5350c3eae35e7547cf18880c651914d8ab8e421c25093ab3c,UNKNOWN,UNKNOWN,OLAELEC,UNKNOWN,READY_FOR_CONFIRMATION,2,REJECT
2,2ba48356fb5a3e7fc177b13a0bdd30e907f28f77798fd09362a0dbd5c4420e37,351869caf3fd82276cd55f84606b5b8a82957194ccbdf3999fb7c7241baafc28,ec444ebea0407d3076aa88d3b272fcd737c8dcc86a15552fc2397a83116c7793,ADJUSTED|RAW,true,2026-06-17,8b021903fbbbba0facd977d858f748adeff5e09a313e6b3f7dc18f271ad181d3,UNKNOWN,UNKNOWN,IFCI,UNKNOWN,READY_FOR_CONFIRMATION,2,REJECT
2,2bd3ce235ec71ea74e2dca976d27a55ad68b465e7f48c03efc41b792a50a195d,351869caf3fd82276cd55f84606b5b8a82957194ccbdf3999fb7c7241baafc28,2c1b6cebe0a7ec712eb34866d59a7f193dbc4a3ff49a2ae5dc3ddfe128d28701,ADJUSTED|RAW,true,2026-05-25,89120df75753535260662daf4f3a7fc86b091e43cbc4135dad4f31ecdc6430d2,UNKNOWN,UNKNOWN,DAVANGERE,UNKNOWN,READY_FOR_CONFIRMATION,2,REJECT
2,2bdb25b81ec88d9e818d051981a11b05864d1499aa03fb06934bf03c407f53df,351869caf3fd82276cd55f84606b5b8a82957194ccbdf3999fb7c7241baafc28,86aa615533e9c9b9982287291b0313079a53be41f394a7e14c047ee956211b64,ADJUSTED|RAW,true,2026-02-18,13d9cab8ff310c303127d6fcb885cc59436a11e03c594cdc21f394708c9479a7,UNKNOWN,UNKNOWN,TATAGOLD,UNKNOWN,BUILDING,2,REJECT
2,2c281031b33b7b99d2d8ad3a961af7b5a2369aae569817c587e7a1625fe47baf,351869caf3fd82276cd55f84606b5b8a82957194ccbdf3999fb7c7241baafc28,92699163df8bebe8e47cee3f84529f750af309cc5de4b18ee9f147ea1552227e,ADJUSTED|RAW,true,2026-06-10,3376543799b6a519dda855251082204d3829364d76c38c7acd66bd8af3f95eaa,UNKNOWN,UNKNOWN,AKUMS,UNKNOWN,BUILDING,2,REJECT
2,2c78a2714702c065e70f4f653e21468bbcd46c1eb1013e75bf6893ac40f4f7c5,351869caf3fd82276cd55f84606b5b8a82957194ccbdf3999fb7c7241baafc28,739b5eb287012b9d33de884d218a8eaf8227e8ac20e47e09aace5ab1fe18c094,ADJUSTED|RAW,true,2026-05-21,99e07cc6453de135d567420f8ccc88a78c926867b1910da83a565192fe76a8af,UNKNOWN,UNKNOWN,OLAELEC,UNKNOWN,INVALID,2,REJECT
2,2d001f5e621144c90fb45cb80982a1a3e61521fce01511c9525d48ed7f27c4d2,351869caf3fd82276cd55f84606b5b8a82957194ccbdf3999fb7c7241baafc28,ec03b13e374e7f742dc784a6ed5a71d00a46e3ee478b6fda711dd5a27334bf11,ADJUSTED|RAW,true,2026-04-06,c5fdef0bd7984dbcdf0c2a8992827e86dcb8a6c2e22b77526fe38778c5375b74,UNKNOWN,UNKNOWN,TATAGOLD,UNKNOWN,READY_FOR_CONFIRMATION,2,REJECT
2,2d04bc168333d43f84368c3b07fd86811b716fee1b80008959ab93e638047dae,351869caf3fd82276cd55f84606b5b8a82957194ccbdf3999fb7c7241baafc28,b56374c20cfaa39acb45690b2db09f44577e3290d77ce1c8439cc866b0fa0a12,ADJUSTED|RAW,true,2026-01-05,7a631b4c49e9804d91c05af64eaab450b94a2cbbf7e1353ea78bd004e7b040ad,UNKNOWN,UNKNOWN,UJJIVANSFB,UNKNOWN,BUILDING,2,REJECT
2,2d1c68233e318f3dce6b9104b25c571e9b109a3b36ba600ad86afc11ce9f02e0,351869caf3fd82276cd55f84606b5b8a82957194ccbdf3999fb7c7241baafc28,74f0443ae0a2737698053189aa9da9075f20699fd7366059603f2f49bfe9a95f,ADJUSTED|RAW,true,2026-02-17,feb072420c2e8a65fa94aa589b046620996c61a39a65dcbff8c03b2f2df693ae,UNKNOWN,UNKNOWN,PNB,UNKNOWN,BUILDING,2,REJECT
2,2d21fab025e20437ce79b13a65c01b6c1497ab99bb8d4693288daf851c3cc78e,351869caf3fd82276cd55f84606b5b8a82957194ccbdf3999fb7c7241baafc28,31b71ee808cdeba47437fc5c54b600cf76159f1cc6e5f77a4351836368824df3,ADJUSTED|RAW,true,2026-03-27,0e6b0e223cfccf72a457bc22236af50add1c2238fd0ffbd401bf7b8ea4b42ecc,UNKNOWN,UNKNOWN,YESBANK,UNKNOWN,INVALID,2,REJECT
2,2d44be985a5ee1dbde60908b322c006f439cad3f6b527d6e7cac565f816a39fb,351869caf3fd82276cd55f84606b5b8a82957194ccbdf3999fb7c7241baafc28,7511ecd8df446a136b1d54fc6a70ff3cfdb6be12a519f9bb766b74b463a620ae,ADJUSTED|RAW,true,2026-04-02,27c9655044cf14d22e3152dca3fb32bafd1e710d76b9a0c00b058f4bdb968cb5,UNKNOWN,UNKNOWN,OLAELEC,UNKNOWN,ENTRY_READY,2,REJECT
2,2d82a39f65b5cf0bef10e0d87eedd171c0c7a4eab61665ca5d1b1afdfa46c4c5,351869caf3fd82276cd55f84606b5b8a82957194ccbdf3999fb7c7241baafc28,802c35e92a0a0fca59811bfbd95f6b1479d301ea228faf5ee6606991bc66bdc6,ADJUSTED|RAW,true,2026-06-15,3b8904f73a66537a42dd808fa7ccc01da30f2175d696ccb8a0eb98c7f69680ae,UNKNOWN,UNKNOWN,YESBANK,MOMENTUM CONTINUATION,ENTRY_READY,3,REJECT
2,2da7d40dc0191dc185e1585e9e64a2ad766fe59f56917785e561258f74f815f1,351869caf3fd82276cd55f84606b5b8a82957194ccbdf3999fb7c7241baafc28,73d5adf34c6fa172c901ccb94234b649b6b55250869a67cfad1d4160f7e40703,ADJUSTED|RAW,true,2026-06-30,bca79acf9becf3cebe777a8c7d6a60da4e07d014a3a2019bd4314a085ea703d9,UNKNOWN,UNKNOWN,OLAELEC,MOMENTUM CONTINUATION,ENTRY_READY,3,REJECT
2,2e25ab68749d5c724f2b7707a47169caee6ebd3b210e4bb7cda1c5a2cd05df74,351869caf3fd82276cd55f84606b5b8a82957194ccbdf3999fb7c7241baafc28,b12a33e805d25951a7df38a772ecdbe05ee3417e2510f9d93268587f554275b6,ADJUSTED|RAW,true,2026-02-17,9bb0c23f695ecc465f13549c0ae43468bd812bae9a942f9359ce276952a191bc,UNKNOWN,UNKNOWN,UNIONBANK,UNKNOWN,BUILDING,2,REJECT
2,2e365c2f794efd6fe3a23e1b7250efe104ce10dbca5252e41dd3ea08d2e1348a,351869caf3fd82276cd55f84606b5b8a82957194ccbdf3999fb7c7241baafc28,d5b34b6757aa38249761a9ff779f9851d6b2abbf62d4cb5dbb5e2f06c07bac6c,ADJUSTED|RAW,true,2026-04-07,34bf11a7c67f42855940e00cb6e242b14d34fe4d1cc12b0b6ac2d2c62170125d,UNKNOWN,UNKNOWN,GOLDBEES,UNKNOWN,READY_FOR_CONFIRMATION,2,REJECT
2,2e3981dfcb7fda7cea94a07056cac3b58b124c176ac2bf5adb587eac9a93d476,351869caf3fd82276cd55f84606b5b8a82957194ccbdf3999fb7c7241baafc28,a905b8289a9ef10bcafa5fce64fb2854e371e9018251f60e1e50e705800b3e28,ADJUSTED|RAW,true,2026-01-23,d68f3acbe4b891f37373e8443ea1a01dd8fd49fa6d56e275064521e112f4da1f,UNKNOWN,UNKNOWN,SILVERBEES,UNKNOWN,READY_FOR_CONFIRMATION,2,REJECT
2,2e6e25f7d9f212d64bb66d58b51cb404251c46e9933e200fedca785d551973ee,351869caf3fd82276cd55f84606b5b8a82957194ccbdf3999fb7c7241baafc28,d1abc385cd742afbf18f6324bc684fca5659384dcf0e8ceb562bff254866abec,ADJUSTED|RAW,true,2026-07-08,a74ab5d99a5294192c70f464745788b4f30d6f6e8bb85e419fd6f5c7603f78ed,UNKNOWN,UNKNOWN,UNICHEMLAB,UNKNOWN,READY_FOR_CONFIRMATION,2,REJECT
2,2ec459bae81459e005f184495023099e7f87d0ab215e5dbb7827f241407b20d5,351869caf3fd82276cd55f84606b5b8a82957194ccbdf3999fb7c7241baafc28,9767e7eb8bae71e273f86ce15c4404385a177775b98701e610e38e0152cade76,ADJUSTED|RAW,true,2026-03-09,81fd9252dc5ebf9ede94dc5c8145f561a12f489ba2d66ea65734f6a0bf7f8a8a,UNKNOWN,UNKNOWN,YESBANK,UNKNOWN,INVALID,2,REJECT
2,2f1965a4cec2e3384b8390ae2545bb3504108385f07315efc1f8ae0c4f2c8e1d,351869caf3fd82276cd55f84606b5b8a82957194ccbdf3999fb7c7241baafc28,8d66bc50fb5e59592b133784a1b58cfa4a2a002b0ae463d49910146ceb447439,ADJUSTED|RAW,true,2026-04-17,1aadf81a36bbde416e0b6307170bbdfef273e8a8fdf1a7618f88653179562496,UNKNOWN,UNKNOWN,WIPRO,UNKNOWN,INVALID,2,REJECT
2,2f30f40cf3c585957ddd1a5e630174717833ea39a78263b6a0e5d2a88ff3b81a,351869caf3fd82276cd55f84606b5b8a82957194ccbdf3999fb7c7241baafc28,7c63dbba5c06673a1298009a62d9de008a88629ac7b0886ed7928dab83d1b529,ADJUSTED|RAW,true,2026-07-03,298451c0cbd1204b60bb5bfad7da20d9826be4e41c8bf68e41114ef409b7c47e,UNKNOWN,UNKNOWN,PCJEWELLER,UNKNOWN,READY_FOR_CONFIRMATION,2,REJECT
2,2f644c26cc11c4fb4a25c0187b467ed67b915df56c605e140dbed467bfd305d7,351869caf3fd82276cd55f84606b5b8a82957194ccbdf3999fb7c7241baafc28,fc6d252c78d41138e90c6f07c0138b87ccf3d30b15501a58830b2959ddcd2af4,ADJUSTED|RAW,true,2026-06-03,e62461132f35b4a0203c9fc6a462b6d56064290e7b260da5a675caad09b59701,UNKNOWN,UNKNOWN,TEJASNET,UNKNOWN,BUILDING,2,REJECT
2,2f685b8d5e07288bb3ae3253e45ee0a5e048f7672316eb51e2f4c7a0f2083694,351869caf3fd82276cd55f84606b5b8a82957194ccbdf3999fb7c7241baafc28,29d58c4128d3af4efcb75979f2198e63253305726865dda9fb95a2d7f7dca627,ADJUSTED|RAW,true,2026-05-21,08d3516de32a830c191dfed185bd00e9d36d88734b0a6f3afb2bd61cb5949cf2,UNKNOWN,UNKNOWN,TATSILV,UNKNOWN,BUILDING,2,REJECT
2,2f87fb4d84e81dd14bf02eca894426da2a550676c5f34293913118c7823eb472,351869caf3fd82276cd55f84606b5b8a82957194ccbdf3999fb7c7241baafc28,49c966c328cd6e996236acfdab4c6e31e2e468cabd009ce254e1f3a826e36f16,ADJUSTED|RAW,true,2026-02-06,fb2e0ed2bd9ac31e2d26eeaca2c51d2964ca8e77884501d17ab92780e9f2246c,UNKNOWN,UNKNOWN,RPOWER,UNKNOWN,INVALID,2,REJECT
2,2ff10a62e78e704376ed9a0464e346dfaa31ef215c67131aabf8f21e67777796,351869caf3fd82276cd55f84606b5b8a82957194ccbdf3999fb7c7241baafc28,979160fc4b745f916cfa93dab7b3ddda3043f65853419ad650f5074067e64245,ADJUSTED|RAW,true,2026-01-19,c7d4764107755a8f85f5663209664df6cd880184c5f7905d8ffb7748a832323d,UNKNOWN,UNKNOWN,FEDERALBNK,UNKNOWN,BUILDING,2,REJECT
2,304b7425732fdebd594e8bede67381849f45bf337a3f3dd1ebc51095d350978e,351869caf3fd82276cd55f84606b5b8a82957194ccbdf3999fb7c7241baafc28,eb87e77c84a41b93660e93e60fa23a5e28f15f2f21e773d1e14c5b7786002206,ADJUSTED|RAW,true,2026-01-13,037e1fab758303b1a178c2604a9ed2af905c365de5cfbb0ca3f4c76b4606aa41,UNKNOWN,UNKNOWN,DAVANGERE,MOMENTUM CONTINUATION,ENTRY_READY,3,REJECT
2,3064a316f38c3962fc28a8d1837f0f53f96c30aef7fd75faddb936f0a095e336,351869caf3fd82276cd55f84606b5b8a82957194ccbdf3999fb7c7241baafc28,a2649472edeba1538996405f75dac2381cde1bf76a603ea84c64c1ea4ca365e6,ADJUSTED|RAW,true,2026-07-15,6bd47e57d135cbe7849a099722125abf668f8cc650e9a3d38a0b26ad9e9acc88,UNKNOWN,UNKNOWN,GROWW,UNKNOWN,BUILDING,2,REJECT
2,3077cda9188dfee278c639bd461866280791cc1585fa450e945ed0a3a93d07ee,351869caf3fd82276cd55f84606b5b8a82957194ccbdf3999fb7c7241baafc28,4ed66cc3d50644529f461cbabb966af7d8f50f1276c0afc91b2dcc7c801561e7,ADJUSTED|RAW,true,2026-03-20,064ff9a056a6e26736bd29f43e381b7e99936f282ca66d447b213253ad6b25f8,UNKNOWN,UNKNOWN,FIRSTCRY,UNKNOWN,READY_FOR_CONFIRMATION,2,REJECT
2,311977b92569e1215ae55f2a6ebc236300667b823b5ea9001358349889a53c14,351869caf3fd82276cd55f84606b5b8a82957194ccbdf3999fb7c7241baafc28,b5016f340333cbb527e405dba806de74d3a6edb879437a68b362fb4b20d0cf4a,ADJUSTED|RAW,true,2026-03-20,718ffee9867bc4edeb85532d5e5580c1bd1caa96b4d80e9e5e66c227d45ce9fe,UNKNOWN,UNKNOWN,JPPOWER,UNKNOWN,READY_FOR_CONFIRMATION,2,REJECT
2,312fc05775af915dce76acd7410f9460f1d46089cd1f045f74612923e407e57b,351869caf3fd82276cd55f84606b5b8a82957194ccbdf3999fb7c7241baafc28,66a748471f8335e602aa1a8c5b8c1135c5b956c8c1e52e34e3ee3e05ec528a4d,ADJUSTED|RAW,true,2026-03-23,e713eddf0c0938b07be955b44232c92c20f38630156655405870bf33d7eb5ea9,UNKNOWN,UNKNOWN,JPPOWER,UNKNOWN,INVALID,2,REJECT
2,3151e7308a6b47a00f9c0177f82b0c22f131e1a5f9916a735f504297080d8351,351869caf3fd82276cd55f84606b5b8a82957194ccbdf3999fb7c7241baafc28,1beb73120f40f237ac9cbd17deeedf920b191f9b2636fbf0c972b3c95af9f3ce,ADJUSTED|RAW,true,2026-03-05,03b0a1a4afa034e40a7b8c8a44a5152530ef5ba9b9c021adadbad4453db84504,UNKNOWN,UNKNOWN,VMM,UNKNOWN,INVALID,2,REJECT
2,317e9516b10f1dc4f1a1d040515de00ecc6bf8d14cce26703a30848e3f9b4450,351869caf3fd82276cd55f84606b5b8a82957194ccbdf3999fb7c7241baafc28,5768d6ed4a20b1c778940a6f16ca63fcbfac17fb07f0c2278f4c7c55719e9c3d,ADJUSTED|RAW,true,2026-02-16,e6042f6d9d1fe2e4fd3c6876559bea55693a9cc2099d882afe69641a6e7fc591,UNKNOWN,UNKNOWN,TATSILV,UNKNOWN,READY_FOR_CONFIRMATION,2,REJECT
2,3186657d366f73448fa53d3a39fa91be34a30767d1614b3fcff317896196b84a,351869caf3fd82276cd55f84606b5b8a82957194ccbdf3999fb7c7241baafc28,65ca7717d51d6f22ed75806af33d19cfc712b8087c0a0cad809b3867c01d17be,ADJUSTED|RAW,true,2026-06-19,b708d124dcae80a4e18bfaca79e1db575f683631d97d14aeaa71ed3097ff23c5,UNKNOWN,UNKNOWN,GROWW,UNKNOWN,READY_FOR_CONFIRMATION,2,REJECT
2,319e747f59d897b87efae1c639a2dee94b24db4f265f70b8dc14ee6d1cdabe08,351869caf3fd82276cd55f84606b5b8a82957194ccbdf3999fb7c7241baafc28,e4d4d40075c010e1558fb2156601ecd591aa04e15a46453871bc717cefc5018c,ADJUSTED|RAW,true,2026-01-12,3148548ada2c6154ca0aeb8009ff35b48584fc4356b5a0e1ba1479629e5fea70,UNKNOWN,UNKNOWN,YESBANK,MOMENTUM CONTINUATION,ENTRY_READY,3,REJECT
2,31b25c2e3ea8e41b760024ae33d872655da05f9f6c7d9ad327630afeffd128ac,351869caf3fd82276cd55f84606b5b8a82957194ccbdf3999fb7c7241baafc28,9d3d977a89bceb399336ce1156bdc13ba37f0b74d5d84066bea2ea3361390afd,ADJUSTED|RAW,true,2026-05-20,de81b21ec50f9f396c59f23654296a0dfcef89184d7204eabffd84d8b6252226,UNKNOWN,UNKNOWN,YESBANK,UNKNOWN,READY_FOR_CONFIRMATION,2,REJECT
2,31c5263c3fedbb81b1a8da864f9cee744bef8ce795bef717b5df362bf3537048,351869caf3fd82276cd55f84606b5b8a82957194ccbdf3999fb7c7241baafc28,d2043c6f1877252bcef66599c904a252f9c6a8a9fc9c9050bb47bf5fae156f48,ADJUSTED|RAW,true,2026-01-23,04d0f8fef7e0fce30a91849e7d6f435b43d4441507134ca22dee9b9f499bf4a6,UNKNOWN,UNKNOWN,TATSILV,UNKNOWN,READY_FOR_CONFIRMATION,2,REJECT
2,31ffba643471b29d1f7893cacaeb333cd5b647e3b6306affb651a4aa26da48b3,351869caf3fd82276cd55f84606b5b8a82957194ccbdf3999fb7c7241baafc28,11175ecd27d49add54502ffc8421584a5c30451d0ec30fedfffac86010a7b78f,ADJUSTED|RAW,true,2026-04-17,9139bf7c339200492c8343a1b58bea6085c905bed8fdc136725fdc07af47381c,UNKNOWN,UNKNOWN,CUPID,UNKNOWN,INVALID,2,REJECT
2,321c3c319a67ed4a3ef8d7d74eefde8b112fbcca3ca23fd86c49e9f93868d455,351869caf3fd82276cd55f84606b5b8a82957194ccbdf3999fb7c7241baafc28,b9e9eeac06f3986cffe9673826719a3bbbd916583926a5cdc03458d78a79a0fc,ADJUSTED|RAW,true,2026-06-17,7affbe752d0b60dcadd3ef56b677e5f3b2afde1fd5fe758e64a0bd53c99cd238,UNKNOWN,UNKNOWN,CENTRALBK,UNKNOWN,READY_FOR_CONFIRMATION,2,REJECT
2,325160d5bcbc8291aed8dd85ee43593c54b1563aa5160e3ea265ed7d33a3a433,351869caf3fd82276cd55f84606b5b8a82957194ccbdf3999fb7c7241baafc28,ce0c1f2fd1b6e1c8cc4d76c27838ac55e9636747387bad44a7bba21f03728714,ADJUSTED|RAW,true,2026-04-08,0c0b6a0b8952e2630ab8c2c4a15ad3e3f2e7cca0f7b803bb24ad8762d5d412c0,UNKNOWN,UNKNOWN,GTLINFRA,MOMENTUM CONTINUATION,ENTRY_READY,3,REJECT
2,3264f4bfdebb59aefc1f0fefa59f3fb635a8a626f6164d1ebbc95fb2fb0f1412,351869caf3fd82276cd55f84606b5b8a82957194ccbdf3999fb7c7241baafc28,12f16a7751dd3f1dc34d75257c97ccd17fc5b61cc37e7db3001c8dfd8e47ac9c,ADJUSTED|RAW,true,2026-07-06,2235dad48770a5c76c2f64a54a180873ecc5b640a1faa813605298a49d521c24,UNKNOWN,UNKNOWN,CUPID,UNKNOWN,READY_FOR_CONFIRMATION,2,REJECT
2,329c12b9dc8aacf5f7228215dc3c37a3b7cd2e8a02b2fe180f7c5896a9512f99,351869caf3fd82276cd55f84606b5b8a82957194ccbdf3999fb7c7241baafc28,74fd235d49a80626947d2b2e2d3322ebb1638d96888d8ffadc781c58074ac3bc,ADJUSTED|RAW,true,2026-03-27,8f34df9d9634f3effb6c45bf95276de620e653c6b561b53476f95e263b4b5a46,UNKNOWN,UNKNOWN,ONGC,UNKNOWN,ENTRY_READY,2,REJECT
2,32a8ecc38c292e1bdaba28e670851b3afa00be4202f5e88588c0b7a39fe5c3a7,351869caf3fd82276cd55f84606b5b8a82957194ccbdf3999fb7c7241baafc28,34ecc0ec76a07e2118a32e977e4fb2bd30065da40206c6f04f1162c83fcc1e3d,ADJUSTED|RAW,true,2026-01-12,e66cb0b614aed19a1a9003cfa8f1ca662bac2d67961a4ec35a51c3cc537b76c1,UNKNOWN,UNKNOWN,TATSILV,MOMENTUM CONTINUATION,ENTRY_READY,3,REJECT
2,32ba8d3e70e8f93181ddb83b07e9d950896896545a99b4e4072990f7f85edff3,351869caf3fd82276cd55f84606b5b8a82957194ccbdf3999fb7c7241baafc28,dc23932519834052f8f75186341bd10491e53d955596c5e980731d3594b9eab9,ADJUSTED|RAW,true,2026-06-05,1d4729707a128fc4b196a5128b5c8817c594926f962dde29fef4d0857a163ed5,UNKNOWN,UNKNOWN,OLAELEC,MOMENTUM CONTINUATION,ENTRY_READY,3,REJECT
2,32f1ea0b8066dbe0b2e682f8eec6ed9fba137d7ba9b59dfc62606c4fb87273a7,351869caf3fd82276cd55f84606b5b8a82957194ccbdf3999fb7c7241baafc28,63a40fabb0880a739c5cfa8db8550266f5aa803a2c2d0fdf3626c27a13783053,ADJUSTED|RAW,true,2026-02-11,6ecdde4a64fd0a6c01fbf84648bd8a7ccf9dbf4b9b8e5d272995cef807bfffab,UNKNOWN,UNKNOWN,GROWW,UNKNOWN,READY_FOR_CONFIRMATION,2,REJECT
2,330d00227b282aa8299161614d56553c58cd9358807709fc5178565188bb624e,351869caf3fd82276cd55f84606b5b8a82957194ccbdf3999fb7c7241baafc28,2034d24c25d9c2ff87973a46f04ef59abcfe4ee7bb8c3ef74e8cd409f4214284,ADJUSTED|RAW,true,2026-01-05,42076a443883d20326f0ea29d1d82f139b1ec786a38cdc439f34109e5588c7ae,UNKNOWN,UNKNOWN,LIQUIDCASE,UNKNOWN,BUILDING,2,REJECT
2,331e05a1e1ced549995633d5f4c499e3b8aeb18ec97eb70819f8b32870870689,351869caf3fd82276cd55f84606b5b8a82957194ccbdf3999fb7c7241baafc28,f5d97c27e72ac883c8b69d15cfa601cf4a3d119b7d76344dfa2fc991cceb055f,ADJUSTED|RAW,true,2026-05-22,0f077835f24cddf3d17878c52e47110aeaa8e472720a54e789dbbbc382b1e9ab,UNKNOWN,UNKNOWN,HFCL,UNKNOWN,READY_FOR_CONFIRMATION,2,REJECT
2,333c902801112b1d65c4907b49401035b344fdd73094003aa311aa483fb3ef51,351869caf3fd82276cd55f84606b5b8a82957194ccbdf3999fb7c7241baafc28,defc516786235530628bf3cf39f08251a1afff9ce73c90cbfff8270bda7ec041,ADJUSTED|RAW,true,2026-07-08,06762e4148b7741674f078c04045f75b93d63c973e4f8d7436855a74d1089f91,UNKNOWN,UNKNOWN,JINDRILL,UNKNOWN,BUILDING,2,REJECT
2,33f4cd78ba88c6383cb309f01044f27d20b52a64b2f8f084cda4720fe77fa3a6,351869caf3fd82276cd55f84606b5b8a82957194ccbdf3999fb7c7241baafc28,c8d74e4258d258384db25ec666908e0c1ee98b6f45e9aa89cd05e6be1ba964e4,ADJUSTED|RAW,true,2026-04-30,0865045b02ab7b26033c00f493839af5480711a19f3ac7f5b5b938cb171ad846,UNKNOWN,UNKNOWN,ICICIBANK,UNKNOWN,INVALID,2,REJECT
2,3411cbad0ead5fc6f02c6acb971844ffeb91908a2c696aae81ff349639618bf2,351869caf3fd82276cd55f84606b5b8a82957194ccbdf3999fb7c7241baafc28,131a6ec01a8951f2ab21a098afa8eebb52ee11a624a59aca779621ee84e69a98,ADJUSTED|RAW,true,2026-01-16,e4507488468c8937b13aab0bfa9eef8cb0beef88f5d4b81b78a48b7ae77e9da3,UNKNOWN,UNKNOWN,HDFCBANK,UNKNOWN,INVALID,2,REJECT
2,34156a185a8ab3f53a5dd83087bd511f9edfc262399a5bb8199fe675816a5dc1,351869caf3fd82276cd55f84606b5b8a82957194ccbdf3999fb7c7241baafc28,8493b89f3fe4304fb608d62de8201c7664587121ef43d6ffad86c92cf8407bee,ADJUSTED|RAW,true,2026-04-20,562f8b1424386934c142e97622cb74fcfc49b187fec298e43260fc8fda7c9d63,UNKNOWN,UNKNOWN,SBIN,UNKNOWN,INVALID,2,REJECT
2,341ac1e218ebe39b9c3c828525f7003c8203a6c2c1e9783c10c99e123ecd5c9d,351869caf3fd82276cd55f84606b5b8a82957194ccbdf3999fb7c7241baafc28,a3d32ad96c3aa99e8a2d1fda35664526d54fe27312f701dc58a81498ee3abfae,ADJUSTED|RAW,true,2026-04-02,77791e2f25f3d4354625683438a9bb9c8bb7b8074af2dd330f990567de5a6042,UNKNOWN,UNKNOWN,LIQUIDCASE,UNKNOWN,BUILDING,2,REJECT
2,344852c1f615cd7e619149246eef3250b4176dbc27521e2dbfe3057169c761cd,351869caf3fd82276cd55f84606b5b8a82957194ccbdf3999fb7c7241baafc28,99c3b3ba76bd1ade8f98dd3eceb9567793b9cc4fb90eedf5713faefabb6cfce5,ADJUSTED|RAW,true,2026-02-19,3ee15f4df9ab1f42b1881921279f4942611312b3f8161be37332721a4098e27f,UNKNOWN,UNKNOWN,SILVERBEES,UNKNOWN,READY_FOR_CONFIRMATION,2,REJECT
2,346436bda880ed41a500f13441ad3802808a4109715371ec0752bc1d66f3ce3c,351869caf3fd82276cd55f84606b5b8a82957194ccbdf3999fb7c7241baafc28,1e1a65538f814656016d9649282753ed2204c63030ad6368eeae82bf283ad5fc,ADJUSTED|RAW,true,2026-01-12,b159f17e9b72cd0a00eb5ec7e65bd1e4ad914afaef7fbe82d09d2f6d37aeb908,UNKNOWN,UNKNOWN,IREDA,UNKNOWN,INVALID,2,REJECT
2,3478e92010d9fa974a92f11d42c9513bc51ff1f8113ca5abc3d9afe9f6f8a76e,351869caf3fd82276cd55f84606b5b8a82957194ccbdf3999fb7c7241baafc28,def8bead6032ea50bbd09e2e0cf622fee78d9b5991bd7e8bea2b0626d5b965e3,ADJUSTED|RAW,true,2026-07-17,39ee00081034017c0dfa2b9a0303a29cc5ace5f9ee34393763bc831b997ced89,UNKNOWN,UNKNOWN,FEDERALBNK,UNKNOWN,BUILDING,2,REJECT
2,34df3a32d2513f65ebf3c8b3fecabfa58fa411a1e047ca034b7193d678141c63,351869caf3fd82276cd55f84606b5b8a82957194ccbdf3999fb7c7241baafc28,8de9c5dcde04f61ab4dd8eccdc409ec9973b9309c4a4cbbb79c5427eb3fde261,ADJUSTED|RAW,true,2026-06-12,283be40616b0855ce66aabb993115913eb77361dc44db92a014ef616f51f5125,UNKNOWN,UNKNOWN,HDFCBANK,UNKNOWN,BUILDING,2,REJECT
2,35125f4a257c62e1681964b4508311f5c385fa5dfdabd55be999cba1f22d6626,351869caf3fd82276cd55f84606b5b8a82957194ccbdf3999fb7c7241baafc28,f8cf4f192bc6cca57e2bdb210a11f644bd8bef4304904029fcbb9163169f8bef,ADJUSTED|RAW,true,2026-04-06,08a6d5909fa71036d41069cf132a9d2cf2e63491017cff36626270eaaa49497e,UNKNOWN,UNKNOWN,SILVERBEES,UNKNOWN,BUILDING,2,REJECT
2,353d9a42631b793827de8922d9bcce1e5a1880ee1bfb9aa6a6a8c320439e2f7d,351869caf3fd82276cd55f84606b5b8a82957194ccbdf3999fb7c7241baafc28,3c1596b95405d3227721b312f77748f38a57bde589c798770ba863d49f04aaef,ADJUSTED|RAW,true,2026-06-23,4a428ef3e359f246d6ec83c07f03607307b127cc77ee234c2a2c45dfe45b0a65,UNKNOWN,UNKNOWN,ROTO,UNKNOWN,READY_FOR_CONFIRMATION,2,REJECT
2,360c963214ffee0719265c15e47280da2064b3dcb689298d898f6b3cf7cb1135,351869caf3fd82276cd55f84606b5b8a82957194ccbdf3999fb7c7241baafc28,6a0dbe822c558929c978b240307d7cd0645caa6f46ad7d586772dbb53dc6503a,ADJUSTED|RAW,true,2026-04-16,e425bc00882e3a0eb0c051c9a1d67953e352c07e6036a955d0fe626eb19d5006,UNKNOWN,UNKNOWN,GOLDBEES,UNKNOWN,BUILDING,2,REJECT
2,361977d99e5cbf76c6ced2e6f072cc47e5d3039cb50ded150aef475289885cd3,351869caf3fd82276cd55f84606b5b8a82957194ccbdf3999fb7c7241baafc28,64be83c1acc5aaa06e944d8ac0e72dacd778f846ec43c27023e57e8a432b88c6,ADJUSTED|RAW,true,2026-02-09,f16ea33174e5fc163b0dbe1bf0f49db283bd0710246760bd0926c1cc364d1cab,UNKNOWN,UNKNOWN,LIQUIDCASE,UNKNOWN,BUILDING,2,REJECT
2,365bbe84cd722023e0817f2ed290110f61d10d576537168d7fb4212e13110e8e,351869caf3fd82276cd55f84606b5b8a82957194ccbdf3999fb7c7241baafc28,200a4b32718db5381855bee8723809a5d730d9ff461d7050d2c324ace073f51e,ADJUSTED|RAW,true,2026-06-18,dac42380e9771c49f3c867a2f8f69de7072e32a27769f68f26dc98035ed15e6c,UNKNOWN,UNKNOWN,BEL,UNKNOWN,BUILDING,2,REJECT
2,36661bbadb68acbfe4305651b218cf77d7a1cdcd3a50fcb02300eb1700b601fb,351869caf3fd82276cd55f84606b5b8a82957194ccbdf3999fb7c7241baafc28,c021c317f93c4ce5acbadd696a5e0ab939ad6beda54a9967873ae6e8708ca14c,ADJUSTED|RAW,true,2026-02-23,e047aedfb1332047d568c22ff2d56b390fa8b54b4475519add7805f8e816e6b3,UNKNOWN,UNKNOWN,SHIVAUM,UNKNOWN,INVALID,2,REJECT
2,36677984220ff99e2775b20e3ab1bec417ef45a2cd12a1a19845d939961aec77,351869caf3fd82276cd55f84606b5b8a82957194ccbdf3999fb7c7241baafc28,27f36f2fbec5a77252a5068087b2a7a454e65759d03ce3f916f8a82e3fab723a,ADJUSTED|RAW,true,2026-07-07,6ad0257d4cda2c4705e15a803a6ea0ccbad8766a4825e4722cc98da593b66f1f,UNKNOWN,UNKNOWN,SHAREINDIA,MOMENTUM CONTINUATION,ENTRY_READY,3,REJECT
2,3678a565391252904d92bade366a6f98b78ef51ce894ba469dbe6eab239044dd,351869caf3fd82276cd55f84606b5b8a82957194ccbdf3999fb7c7241baafc28,e5a0fef1bf7dd2c2b31e32db5468416bf08f57ab5b00167353e93833f04610e1,ADJUSTED|RAW,true,2026-03-05,73cd8a780980fff23b9f8d7371061ef50458645dce1ae20ca89e93196d629275,UNKNOWN,UNKNOWN,POWERGRID,UNKNOWN,BUILDING,2,REJECT
2,367a38564b4080f1c9c13556b91244d1ac14171915deeb73a2ea97e7ed97a7f8,351869caf3fd82276cd55f84606b5b8a82957194ccbdf3999fb7c7241baafc28,041d2727d5dcf7b5826703c4164b96c5f22ca5d150bc15ab90a12fd664349718,ADJUSTED|RAW,true,2026-03-23,357c44cec7fa99b29780d3b24f85fef4e618ac566ba0d740bb7be0890852d160,UNKNOWN,UNKNOWN,TATSILV,UNKNOWN,INVALID,2,REJECT
2,3693624cdeb37f969eed914d36f9c9c4c8f56c1aeac8d8f6ae9621fdbfb35e23,351869caf3fd82276cd55f84606b5b8a82957194ccbdf3999fb7c7241baafc28,765f5c3ea419ab6bdb2ff8221330bf40b47c4da70ce6776bc14a1d1b915ffa5c,ADJUSTED|RAW,true,2026-07-01,894cabdcabe77738a33184cd53f61217fafbd132ec2ec906be44305b596ddf62,UNKNOWN,UNKNOWN,JPPOWER,UNKNOWN,READY_FOR_CONFIRMATION,2,REJECT
2,36add93de40e522e27859c362bbd992b0ee2087568ff6f1b9b24093828832f76,351869caf3fd82276cd55f84606b5b8a82957194ccbdf3999fb7c7241baafc28,ae9659b4e77d65a5eafd3cae3cc0535a1c3d70663e3a5eca34f436a9c4204e63,ADJUSTED|RAW,true,2026-03-13,14602ddee25c807d4e38220933724b6874f7a86e33022c01315f89ef077d1228,UNKNOWN,UNKNOWN,LIQUIDCASE,UNKNOWN,BUILDING,2,REJECT
2,36cc353b41722e9c9c16ea33741c8f778a5d79e9983d96daafdfbc312009e4a2,351869caf3fd82276cd55f84606b5b8a82957194ccbdf3999fb7c7241baafc28,c63f8cb9c624c3f72357733ed27f0546c5dd9ed823f43f3c12b434a7eebaa00f,ADJUSTED|RAW,true,2026-04-17,174fde8a6d83bd4031bc8ed0d445cb4e18f5a8299c38e880c06ec009c5ab29f7,UNKNOWN,UNKNOWN,OLAELEC,MOMENTUM CONTINUATION,ENTRY_READY,3,REJECT
2,374f9cc89bc4a19f4d8664a6e9d7b811bd31c39abc036f1c8d9b97f53ae366e3,351869caf3fd82276cd55f84606b5b8a82957194ccbdf3999fb7c7241baafc28,9454e40d6e0a3c73da7631bda391af7b6861acacb4d523e303f28e0f777acedc,ADJUSTED|RAW,true,2026-05-04,6295497810e0fb04e4a9943a17b5ac2bc7a9de5add2bd8c70908eb35dd1ad972,UNKNOWN,UNKNOWN,BHEL,UNKNOWN,ENTRY_READY,2,REJECT
2,376f692ac6ee97d98e54e6855d9d4e4e88fec16810d19de9c73a62266eabe7cf,351869caf3fd82276cd55f84606b5b8a82957194ccbdf3999fb7c7241baafc28,3f7d4147b346c41e4c0cf988b573a9de791e995051625896ba0218a219ca0f73,ADJUSTED|RAW,true,2026-06-04,1e803a754b10d0e812360137da8a618db2f855870bb9cb62192dc4caa3036065,UNKNOWN,UNKNOWN,GTLINFRA,MOMENTUM CONTINUATION,ENTRY_READY,3,REJECT
2,37a8034b845a70ad2f008dc470e9a4adeb8c424a599cb635386832f76125ddcc,351869caf3fd82276cd55f84606b5b8a82957194ccbdf3999fb7c7241baafc28,c07fe769cdc4bdad53441a719d0b796c2fb025422718b6822c6853ada3e42555,ADJUSTED|RAW,true,2026-02-27,cb5fcb7c745b5241d300d80df3f6c49e00d80514cacb5afd0c14179e35024ff3,UNKNOWN,UNKNOWN,YESBANK,UNKNOWN,INVALID,2,REJECT
2,3859d41d9d0f94b50eb06501d6374f5bc5c09b4524197288cfc2ef0832790b15,351869caf3fd82276cd55f84606b5b8a82957194ccbdf3999fb7c7241baafc28,cda1086ff98c53ed3b931ba3066d19de149c94a69997adaf48aa18761744099a,ADJUSTED|RAW,true,2026-06-23,5041a4574162e3ccfbf4c8840dce4a66bd5babbecec8df400d3f1f0cda736d78,UNKNOWN,UNKNOWN,SILVERBEES,UNKNOWN,INVALID,2,REJECT
2,3884e7652593f850fb3c23b222c76a68578ae0c85f4d2370f08093ab3c204ad7,351869caf3fd82276cd55f84606b5b8a82957194ccbdf3999fb7c7241baafc28,331098b5822b61eca54dca82a54bb4ca50ae859c806ddd9d9df4e849f8dd4d20,ADJUSTED|RAW,true,2026-06-16,628d50e4ca5162207303567ef0b6f647e44b965bf23813e6dd87557b92d18dd9,UNKNOWN,UNKNOWN,CANBK,UNKNOWN,BUILDING,2,REJECT
2,388f6ed4c7a68481f7dfdc8a856920d89ae351a9e3a3436c246c5d3faf8c21eb,351869caf3fd82276cd55f84606b5b8a82957194ccbdf3999fb7c7241baafc28,4f0611c765086099b8e53086ca0fb153289e3a1f5b232f3f15bc2820907cea05,ADJUSTED|RAW,true,2026-05-13,83ed7eb7010e98e219e79fd43a660a8700f9e7ecfad034c2af516af25dc37dc0,UNKNOWN,UNKNOWN,SILVERBEES,UNKNOWN,ENTRY_READY,2,REJECT
2,38cd7ea5e9a8b370b2e9f9381d39a2c3e98dc99783c327afbf1ad5058b735b7a,351869caf3fd82276cd55f84606b5b8a82957194ccbdf3999fb7c7241baafc28,9d6ba4a7ff15ba330e9ab98655076be02974801f396a82e252f7fce74c532b7f,ADJUSTED|RAW,true,2026-06-02,5ff7bc281e82c2222af49f16ad81c75db034c712c4e6d3db59ee393c3589a757,UNKNOWN,UNKNOWN,YESBANK,UNKNOWN,READY_FOR_CONFIRMATION,2,REJECT
2,38fe73c27612be20b6f95d5df5a905ed720a25af6bae592ee46230e0fc55fb6a,351869caf3fd82276cd55f84606b5b8a82957194ccbdf3999fb7c7241baafc28,96a817864fdb7cd6401c44fd5fcc8ae7521716b544ea1a579ae8e7c5060a2dea,ADJUSTED|RAW,true,2026-03-05,51d2db123f4a77f9c0cf1f16a525948ed160f4a4fbc3c2fe16540a9730d2ebd6,UNKNOWN,UNKNOWN,TATSILV,UNKNOWN,READY_FOR_CONFIRMATION,2,REJECT
2,3908451d9d7483d1728942936880adcfc6edd17af30d418fc87c21466790b240,351869caf3fd82276cd55f84606b5b8a82957194ccbdf3999fb7c7241baafc28,d8ceb7e9d2e750665b41f76b823958fb37946f4cdf95256831466c4aa643fd60,ADJUSTED|RAW,true,2026-02-18,5304f9f7164a6900cca0b230a32a916f12140f5401d10f65afddf301f83ffb33,UNKNOWN,UNKNOWN,PNB,UNKNOWN,BUILDING,2,REJECT
2,3911c1c4e4c06b04b2425bb5a579fa3c4754d4a902ebe8b4087beaf4f095bd84,351869caf3fd82276cd55f84606b5b8a82957194ccbdf3999fb7c7241baafc28,a3453d8048b19f1ae3f497b88ab945446ce4184ae478ee8be55353df1484da82,ADJUSTED|RAW,true,2026-06-09,fc4aaa4814dd1129721fe0ea0d45fdbf827d98984407f8d1642922e950246bfa,UNKNOWN,UNKNOWN,CANBK,UNKNOWN,BUILDING,2,REJECT
2,3915d48d6c3c53b7bc6d8c1de8ff75d297052ea67fd6574bfe3c2bb9654c2a7f,351869caf3fd82276cd55f84606b5b8a82957194ccbdf3999fb7c7241baafc28,38e503d2a7793a62586e71aa38c7d457b7791aeb6277970f4cccdf4345d6c74a,ADJUSTED|RAW,true,2026-05-05,5c85ed759189b4c9c21632f75a1f4ca9afade855d163fc274aed7fa53319d0d7,UNKNOWN,UNKNOWN,YESBANK,UNKNOWN,READY_FOR_CONFIRMATION,2,REJECT
2,391ff4dee737b66669ae31b0c70fc04515a88f647356f6978b4c9a9aad212af8,351869caf3fd82276cd55f84606b5b8a82957194ccbdf3999fb7c7241baafc28,6be88b6a77653e99d6fd8b60fa496b0675d034c4d31f4ea6a5a6823562861271,ADJUSTED|RAW,true,2026-06-01,331eacaad997ee44b0d5e3c7dfe3011e71f4d38affd6c09b1eef39d45f20fb32,UNKNOWN,UNKNOWN,TATAGOLD,UNKNOWN,INVALID,2,REJECT
2,398b35cabc57f78d3daa8bc88252f52840bdbf5a06a459e76cf94983fd356605,351869caf3fd82276cd55f84606b5b8a82957194ccbdf3999fb7c7241baafc28,24252b60bf40be262b4baebbe6fafa823c983816c36f18951731ccb9b9d5a859,ADJUSTED|RAW,true,2026-03-24,0394bb5c57cc41cf1ebe6d5f55e0f3fee43a05b84886e120dfd4e440b7f214c9,UNKNOWN,UNKNOWN,TATSILV,UNKNOWN,READY_FOR_CONFIRMATION,2,REJECT
2,39963cd0d9dd31e8c60478dab350b0c316d8a5fdb75b35dec006fe7e2fac69b1,351869caf3fd82276cd55f84606b5b8a82957194ccbdf3999fb7c7241baafc28,6190f302bb1bc363ce71825e6260d64c32ca3ff387f4efb28f39e0e24067b323,ADJUSTED|RAW,true,2026-06-22,f4a7624f38e5b4517fc15dc372900ac2befc1b2606cf8735f40fb42e56e13f81,UNKNOWN,UNKNOWN,NIACL,UNKNOWN,ENTRY_READY,2,REJECT
2,399d04c1c3af57d968d778012b47057cdb8efd5b165d602a73c1b7a3ab9704b2,351869caf3fd82276cd55f84606b5b8a82957194ccbdf3999fb7c7241baafc28,cd33576118038ef2c9f26c8daebadbcfe8dd9588b7cda1c8f03d350402ade7e3,ADJUSTED|RAW,true,2026-05-19,9ee0e2463d22e8bc3653f51d45d5b83282d8b8b1a9759ecdb5892c80afb8aa76,UNKNOWN,UNKNOWN,YESBANK,UNKNOWN,READY_FOR_CONFIRMATION,2,REJECT
2,39abc2e54a987843a3597c6f34ec82aa43745ebbefd44b77e3514e36c5db18ef,351869caf3fd82276cd55f84606b5b8a82957194ccbdf3999fb7c7241baafc28,1a1a909be94ce6914d273f9da5c962fe7e34afee380fc15eb875375125ffaf41,ADJUSTED|RAW,true,2026-03-05,0f1b878fed48d064aabb7b70790f226bed8cef8d994d3490fd704a579b051f98,UNKNOWN,UNKNOWN,YESBANK,UNKNOWN,READY_FOR_CONFIRMATION,2,REJECT
2,39f76edeedafe43253391d0f90035e166f677f58748d63e87bf731c15697f1d8,351869caf3fd82276cd55f84606b5b8a82957194ccbdf3999fb7c7241baafc28,2f6c36f5f6bd098d49e349dc5896f0b318810ca3407b9992655dabb3dab9e931,ADJUSTED|RAW,true,2026-04-27,c17e03f6878b8dbf8333b767ae6e15788f73f4aa17ee1b93674bb56feb7ab2a5,UNKNOWN,UNKNOWN,OLAELEC,UNKNOWN,READY_FOR_CONFIRMATION,2,REJECT
2,3a0957b52123d1a07f8197fa7fb5381edf32f10288e122ff1ac0d8e23693613c,351869caf3fd82276cd55f84606b5b8a82957194ccbdf3999fb7c7241baafc28,fe836288fbd8a1e3d521ee41a0f44ae21468e2fa6bb00b1435af29e15c602a74,ADJUSTED|RAW,true,2026-01-13,81ae72d918c933285a1b33819142116ccae57554b25651abdf8ffdd004d21bf2,UNKNOWN,UNKNOWN,IFCI,UNKNOWN,READY_FOR_CONFIRMATION,2,REJECT
2,3a0ee7ccf82ab8e78e0e27627c41090aaba243ae9a5cc4dd3433bbe825f38b24,351869caf3fd82276cd55f84606b5b8a82957194ccbdf3999fb7c7241baafc28,5545b9cb5badccf658edfeee9ac032fd51da081774fe76fe8cae0f92adbedc12,ADJUSTED|RAW,true,2026-01-14,8c2cbeec0161d2ddd3afbd4a109c268c348d2a6614b62aa9fd1de02932b8d882,UNKNOWN,UNKNOWN,TATASTEEL,UNKNOWN,BUILDING,2,REJECT
2,3a19f8e9b897b175cae9c972f20f1d15f761c46439ab04b37267e168748517f8,351869caf3fd82276cd55f84606b5b8a82957194ccbdf3999fb7c7241baafc28,9469ff6771aff23e598a4bec8a3bca0f4f15447eabb2d1ff0d861c64e292b00c,ADJUSTED|RAW,true,2026-03-06,0ce02dd192f77a9968a4e140b243ea94006723630236de15c03f5d9aa8acd534,UNKNOWN,UNKNOWN,IRCON,UNKNOWN,INVALID,2,REJECT
2,3a36edab7e3ae609b80e5f7bae419cb51ab955b170a11c7a7af8f498529be588,351869caf3fd82276cd55f84606b5b8a82957194ccbdf3999fb7c7241baafc28,0af66e0fdc0a44800a06e7bc435606bf21a007fc247477ebaae1923960701245,ADJUSTED|RAW,true,2026-02-12,a795f437dfeab3ab0dcaf0058f648e45b0f70511ee97984d08e46109c39cef7d,UNKNOWN,UNKNOWN,HDFCBANK,UNKNOWN,INVALID,2,REJECT
2,3a5a1c5db8239aeaa51e43039e189cf2606883015e2f2310856a67b9de8a77a8,351869caf3fd82276cd55f84606b5b8a82957194ccbdf3999fb7c7241baafc28,0542845fbbd78be88b7b09b3dc0c04def3e872798c2518cb86e48651ac2d5864,ADJUSTED|RAW,true,2026-06-02,aabaf0380270b0a11ebd1d5eb77043736a2765d6af9c3168910a7cfc8209d3cf,UNKNOWN,UNKNOWN,TATAGOLD,UNKNOWN,BUILDING,2,REJECT
2,3a72b2f8daf97eb553f7533b137995404de6686afab4041d2b24a0c10b4d5cdd,351869caf3fd82276cd55f84606b5b8a82957194ccbdf3999fb7c7241baafc28,ef976765aecd8ab45af47f77cc90e84c4469bf1361e9469c7f8cdbfc3a4d35c0,ADJUSTED|RAW,true,2026-07-08,5beb4de929027ec10ec07be2e08886db10d0d92bbfc0807f70290eccb452ed91,UNKNOWN,UNKNOWN,PWL,UNKNOWN,BUILDING,2,REJECT
2,3a8d58a771649ed2e7f05c3b0e93f4f0e03178cd2f2a5590c88cb5f5bcf3c5e0,351869caf3fd82276cd55f84606b5b8a82957194ccbdf3999fb7c7241baafc28,5e109be8451ac2bc77fd3466dd3061a1c53fa344ecc7791efe465340a87fe68b,ADJUSTED|RAW,true,2026-01-02,b7e68ae9691009b7c00a99b16e5e702419b59c82f06a7a6d8c67fc43fc8f4ede,UNKNOWN,UNKNOWN,NMDC,UNKNOWN,BUILDING,2,REJECT
2,3abac967ffebb7743b749543528db0be48cb543ab156ba7ca078370251bfc35a,351869caf3fd82276cd55f84606b5b8a82957194ccbdf3999fb7c7241baafc28,4a9b99574c0b1a57f6a6d28551f4e62231ddc1f1320a1a555f00fa49f439ffaf,ADJUSTED|RAW,true,2026-05-08,1ff4bf1bf8ce010f38b5576a3862c55cebe6d886d869312c2003a0daa7d300fe,UNKNOWN,UNKNOWN,OLAELEC,UNKNOWN,READY_FOR_CONFIRMATION,2,REJECT
2,3ad1b688a5c80690a8397e1a51df44b339d174ec8b800b8d414ad78a53bd1aed,351869caf3fd82276cd55f84606b5b8a82957194ccbdf3999fb7c7241baafc28,3c8f805844d354c692f979c5df206b194fc0046b5f21883322be07f4b0017828,ADJUSTED|RAW,true,2026-05-11,7b8bef918a8ffabc6a9b0ca8616095e287960dc17b5fda5e18336b64c79016db,UNKNOWN,UNKNOWN,HFCL,MOMENTUM CONTINUATION,ENTRY_READY,3,REJECT
2,3b26bb1a39680b235996c1e39a6cd9d5a73153fc8d0936e21831cbc053f4f782,351869caf3fd82276cd55f84606b5b8a82957194ccbdf3999fb7c7241baafc28,6f660b91872f584a0992c2d6ce70c512f15df6b43ef9e6d074abf88419853dfc,ADJUSTED|RAW,true,2026-07-16,71ce2d89556231a8df98436bc9fc5676b0f95ee2287b6680ebe023ca9ea21504,UNKNOWN,UNKNOWN,JPPOWER,UNKNOWN,INVALID,2,REJECT
2,3b81df3407c753ea8e71c9fc9c59712e1a9ceffec48be512c4735026e86ba06a,351869caf3fd82276cd55f84606b5b8a82957194ccbdf3999fb7c7241baafc28,cfc6d1c99e78ff9b7f4a37328bbfda8650cd030e95301540d752d03bccbd1a44,ADJUSTED|RAW,true,2026-04-09,a1fcc8466e5e533264bb8dfe2cf2dfad705c19fd7c5c35549c87458f331ddac4,UNKNOWN,UNKNOWN,TATAGOLD,UNKNOWN,INVALID,2,REJECT
2,3b96cb917dbefda2517bdf2e7d2ddabeb2b5052630bed1ec1ebbd8421119560b,351869caf3fd82276cd55f84606b5b8a82957194ccbdf3999fb7c7241baafc28,44624426445ddf0919f26cd7a6b249f34ccb40366cab484890d6ed52fe0413f2,ADJUSTED|RAW,true,2026-05-13,47bb554d5ff85fac248afd8a48d4a8290227dd48aa18b6ab0c5e067f10c12a58,UNKNOWN,UNKNOWN,GOLDBEES,UNKNOWN,ENTRY_READY,2,REJECT
2,3b9868a16fe9588114f8ba6b8893b6458d21e3aa44d718f7a10f5bff5884fe52,351869caf3fd82276cd55f84606b5b8a82957194ccbdf3999fb7c7241baafc28,4a795c1fff33ecda34ec73ee4a988646b91a5f09dc9a9d1c0204260640dd9b63,ADJUSTED|RAW,true,2026-04-24,a7aefe8fbbe29013c74c0c3977387292aab85da0376ddac15f4addc4c5b7863f,UNKNOWN,UNKNOWN,RPOWER,UNKNOWN,INVALID,2,REJECT
2,3bcc60af3d63e1c7207e4d68f1be566d005d268c31af7f10ec67515184eb86fb,351869caf3fd82276cd55f84606b5b8a82957194ccbdf3999fb7c7241baafc28,499a676ae87aedc5f8f726f60631ea105d404361c8a30bbfa5944d96f0a76715,ADJUSTED|RAW,true,2026-04-28,c5336b6631dc1195e64f1bc2fe2702222751f2d1d920732a5f991ee6467a8a6f,UNKNOWN,UNKNOWN,YESBANK,UNKNOWN,READY_FOR_CONFIRMATION,2,REJECT
2,3c0fd95713492a1244e8264effac711aaaa232c5eb15844cad17bcc2436c5021,351869caf3fd82276cd55f84606b5b8a82957194ccbdf3999fb7c7241baafc28,9308545b579f5e0e56cb8646a18d8b4646f60f346a692d6ec9a43b7ec0864800,ADJUSTED|RAW,true,2026-06-18,6286c4daa3883f90bfde27db4534e1a5bf1c84789b65bd12ead7ae3a85a2ffc4,UNKNOWN,UNKNOWN,MCLOUD,MOMENTUM CONTINUATION,ENTRY_READY,3,REJECT
2,3c3ecef13caa9cfd303e1432fddcb495594e807d8b213cb9e2401ae6009a32f8,351869caf3fd82276cd55f84606b5b8a82957194ccbdf3999fb7c7241baafc28,ba94fbe5516e8902c204f76d829ee4bd3ef1ef63b263f10ea1eda25fb973cfc3,ADJUSTED|RAW,true,2026-06-05,90ebc39f86525f747bff06c66570aa88b8ef8c3532dad9fc8f6681cac2e10bab,UNKNOWN,UNKNOWN,RPOWER,UNKNOWN,READY_FOR_CONFIRMATION,2,REJECT
2,3c5308435faea822b675ca16893d65ac43ae85733b559b3f860cb266a2a95ed8,351869caf3fd82276cd55f84606b5b8a82957194ccbdf3999fb7c7241baafc28,dae0b7670e5a2d0b4ec973f3293b8b33947c9935f9f452b85d3a5f59cbe3a461,ADJUSTED|RAW,true,2026-01-08,aa23d31c316ee0db9223b3e11ff0f7d95103d6659d2d21c36cebe74d716f5230,UNKNOWN,UNKNOWN,GOLDBEES,UNKNOWN,BUILDING,2,REJECT
2,3c6239c0d9dfa099edf5078ff3480efc666156b1f627e397b515fb1089918117,351869caf3fd82276cd55f84606b5b8a82957194ccbdf3999fb7c7241baafc28,e251d07d65b13f5a14cb60bea6396e90f222427cdb723a2ca4aff30122b01b96,ADJUSTED|RAW,true,2026-04-29,b585d48e8c1f14ec770bd147469c2c1b7ae23487aecc295d5da83c34f4dbb68e,UNKNOWN,UNKNOWN,GREENPLY,UNKNOWN,READY_FOR_CONFIRMATION,2,REJECT
2,3c6e9249bb0646877e6bd2d5b456ff8e31c49016fc7388f7396a8bce14c1ad2b,351869caf3fd82276cd55f84606b5b8a82957194ccbdf3999fb7c7241baafc28,43e8ff395d4f9802dd15ec849aae5bd9f237b43dd701994fe1dbf1bbf5cd0b1c,ADJUSTED|RAW,true,2026-04-16,d7e581e708754ec7ebaff51134a501edd6b705ff91749c3c315c8fb66e193dad,UNKNOWN,UNKNOWN,JPPOWER,MOMENTUM CONTINUATION,ENTRY_READY,3,REJECT
2,3c94b81cbf2bd599156a0a258bde6dcf7510396e375ea2fded49aa46d58ee791,351869caf3fd82276cd55f84606b5b8a82957194ccbdf3999fb7c7241baafc28,bccc9f1220a3806b002feea6ed558ad04141c466162fae7205ce245f609a59a1,ADJUSTED|RAW,true,2026-01-02,6e3854fcc0e2b313b198b2d26147e698876afe9abdbfaf7ef2b190a06af9292a,UNKNOWN,UNKNOWN,TATSILV,UNKNOWN,ENTRY_READY,2,REJECT
2,3c9e3b3ac73ae17a4f80ba4fc895ec5b1e79d3a66564c63ddba57a854b09e667,351869caf3fd82276cd55f84606b5b8a82957194ccbdf3999fb7c7241baafc28,68973f766b94953875b0136a20159a3149a6cc3abee75ec079892c69e559751a,ADJUSTED|RAW,true,2026-03-09,e425d0be6ea94f01a162ec53c858b09b73ebb73d32c0be22504a59e872212061,UNKNOWN,UNKNOWN,CUPID,UNKNOWN,INVALID,2,REJECT
2,3d259534ac2b9c23b1d8373da02ba98e421c07b2aeb78d441a5adc534561b101,351869caf3fd82276cd55f84606b5b8a82957194ccbdf3999fb7c7241baafc28,03eaa1843baa87089fb49ea6d204d41ac495723140e4cb1e197d912395f53e4c,ADJUSTED|RAW,true,2026-06-25,2aef1bed55eb75f10acd0f31a752a4ab867591a31c4ba707562b64e708e19d93,UNKNOWN,UNKNOWN,ASHOKLEY,UNKNOWN,READY_FOR_CONFIRMATION,2,REJECT
2,3d2737f54ef985049e318a39749b91a226c93c3a7ba324aacc5f85dd2d1c971d,351869caf3fd82276cd55f84606b5b8a82957194ccbdf3999fb7c7241baafc28,d3d07e99c009a69e986320d77497285686d492aeba381a957f557aadef486460,ADJUSTED|RAW,true,2026-07-02,635e59136d8412fb623e6cc93f90fb9a7c05109e02261a8ce3fa27ba63b64c6b,UNKNOWN,UNKNOWN,TATSILV,UNKNOWN,BUILDING,2,REJECT
2,3d723b9cd6457f4f1a2be04a7ab43a9158dc3e7a43cbfdf95a6738ee3a860284,351869caf3fd82276cd55f84606b5b8a82957194ccbdf3999fb7c7241baafc28,fccd1da5eb7a9de1441d908aecd0d46922f3faa6eea1a1e804e13d0a9ac6282a,ADJUSTED|RAW,true,2026-01-02,a7cd4e488b191392f67820bcd389e0dab4a70d7e02c65b358d0e65ee11e07e3d,UNKNOWN,UNKNOWN,SILVERBEES,UNKNOWN,BUILDING,2,REJECT
2,3d9330be3a4703f952ac486cf297093069e5590b50b0daaac532f8387dee8d6e,351869caf3fd82276cd55f84606b5b8a82957194ccbdf3999fb7c7241baafc28,17d5d8774d9abde34932f5b3ae22abf9a856644b6354e543f236c258731c7929,ADJUSTED|RAW,true,2026-06-30,02f78e315c077e6292b5536090799f5c97e80f0dcf9deeb1b4aefa56ee62fb8f,UNKNOWN,UNKNOWN,RPOWER,UNKNOWN,INVALID,2,REJECT
2,3da20ad5a79b28a542c3fac996eec9689d65df34d6d84dcad0a87fd3b05c9d15,351869caf3fd82276cd55f84606b5b8a82957194ccbdf3999fb7c7241baafc28,3b1d09eb6cf7867847656aa1ccaac45ac94681928af291169dbbdfc0950007a9,ADJUSTED|RAW,true,2026-03-30,90f2f268b430af1393312be06c52ca2e95d3ea9040831f5f7d4b580e30f100e5,UNKNOWN,UNKNOWN,KNRCON,UNKNOWN,INVALID,2,REJECT
2,3dbb8ccaad0729b1cac2fba819a052f0b58bfd7d77a4e1d71b081b296a2a40c0,351869caf3fd82276cd55f84606b5b8a82957194ccbdf3999fb7c7241baafc28,29051b55b50a06c5bedfc26520257c5d259e32574f3461e8581be14f93a4ae94,ADJUSTED|RAW,true,2026-02-17,4cbe9fe7157bd7ed93367583975d6da090bd051e0869c4d632ffadda46fcc5b3,UNKNOWN,UNKNOWN,RPOWER,UNKNOWN,INVALID,2,REJECT
2,3dd3681e891a2c8b95f8cc333d44932b75b8a18dbcb8bb98646299ee258be93f,351869caf3fd82276cd55f84606b5b8a82957194ccbdf3999fb7c7241baafc28,2121e190b6fb2b57395665db44f4c3a5ba5e7168fad53c9c5803248e5f3f4a24,ADJUSTED|RAW,true,2026-04-27,d310e725fb9301ad824f949db09a7d13957908680863a9ed1f098904779ad7e8,UNKNOWN,UNKNOWN,IDFCFIRSTB,UNKNOWN,ENTRY_READY,2,REJECT
2,3de6912d9a82661c2ba670fc2021cd4b7f4ef3dad910b9dc72a872fab0f8201a,351869caf3fd82276cd55f84606b5b8a82957194ccbdf3999fb7c7241baafc28,dd7740cdf1b7d3b86da687761763c03777228659c0551867b1dad7dfbe92ca59,ADJUSTED|RAW,true,2026-03-20,72d59b499a9dec68b4d2ff5c9c511b398423c5b6a06ae70fb039f563fe34dad6,UNKNOWN,UNKNOWN,YESBANK,UNKNOWN,INVALID,2,REJECT
2,3df244f76058761ea5d8f5507141706075c2d9309f08f5dae16362918de1b9b8,351869caf3fd82276cd55f84606b5b8a82957194ccbdf3999fb7c7241baafc28,f8732f46ca4881c8a07c58f20b0981a7387d09ea58d40bb7aa59f539fdced4b7,ADJUSTED|RAW,true,2026-06-09,b345e7a18051a88f3e584e0e37cce1d9303189f5e0cd5c8d6cbc0b0ac1ca57b7,UNKNOWN,UNKNOWN,OLAELEC,MOMENTUM CONTINUATION,ENTRY_READY,3,REJECT
2,3e482f8805d7820ff623424a0c547a3ae4f53eda8fc0b51113ecfeea0ee10b55,351869caf3fd82276cd55f84606b5b8a82957194ccbdf3999fb7c7241baafc28,f852307d072cb2fee8a4e7ecc3e90888d7dcb29d5762c95c3ecdb6f49df8a8ad,ADJUSTED|RAW,true,2026-07-15,38232e66cdcb90e5deda0f0300900e310755abbe80ebc54beae197c8284a2799,UNKNOWN,UNKNOWN,HFCL,UNKNOWN,BUILDING,2,REJECT
2,3e5c7bf103e49ffc5161afc8b9d8fa4af2e9dd51c8b33adff047dc527536598e,351869caf3fd82276cd55f84606b5b8a82957194ccbdf3999fb7c7241baafc28,3552ecfd85424e1c83afbf75f10f261852413259aa92831e5af94a67bf881c46,ADJUSTED|RAW,true,2026-05-29,067d844adcb87f8139819f4a7dbbe6d96f050d18855fb7bd9243b3ac34f24a80,UNKNOWN,UNKNOWN,IDFCFIRSTB,UNKNOWN,BUILDING,2,REJECT
2,3e708ca3f7865499f54817f341dc36e30a10abb7daba78143212d618115e2a54,351869caf3fd82276cd55f84606b5b8a82957194ccbdf3999fb7c7241baafc28,5f51ca2947dea3b50e5086ae999ac36c219e6d0849bcde650ba9c5de59674b4b,ADJUSTED|RAW,true,2026-03-02,9d6d1c91e3a70fe29d6388206f11c75a26307face114e0051a56957763550e20,UNKNOWN,UNKNOWN,TATSILV,MOMENTUM CONTINUATION,ENTRY_READY,3,REJECT
2,3e7097f5dbef1fe7ef32b3110762b252957deafd7fce12f7dc8160cbab9fd733,351869caf3fd82276cd55f84606b5b8a82957194ccbdf3999fb7c7241baafc28,c3416ba3f46edf37c77b16069939523f2482de22e35a0ed4d48e49e824efe130,ADJUSTED|RAW,true,2026-01-01,6c937f77477f522ceb49b6ba446daeb6a8300eb02e9f767ffbe583138c7d3bab,UNKNOWN,UNKNOWN,TATASTEEL,UNKNOWN,BUILDING,2,REJECT
2,3ec5e8389a52500cc6e01d2c62d0d80b9094e575e7907f13067d18d1bf63aa0d,351869caf3fd82276cd55f84606b5b8a82957194ccbdf3999fb7c7241baafc28,f1f60dcea13d9a2392882603ec598999b3bfa76c4e158291417a257a40fa197d,ADJUSTED|RAW,true,2026-04-08,c4905da974d862850f544b7b94175b2ecf87b09db1455fe6f18e4b07aef29415,UNKNOWN,UNKNOWN,YESBANK,UNKNOWN,READY_FOR_CONFIRMATION,2,REJECT
2,3efdb71c806e0c8018adef8f8bd320f2f6ed8402e3830c409abe7a3f7a644090,351869caf3fd82276cd55f84606b5b8a82957194ccbdf3999fb7c7241baafc28,63bed52d02185ee00fa30414ed84b354d5673b29591fd28a4b600d147e1972f2,ADJUSTED|RAW,true,2026-01-30,0fdd2dc323b2a984a8c0ce1d8993a7aa2fe4589a9c9658561d22fac3cacd5e91,UNKNOWN,UNKNOWN,YUKEN,UNKNOWN,BUILDING,2,REJECT
2,3f060f0cc7a4a7df5b3b7f653ae9ef18dfa8f4ea22dc4dc18195a2e7d971a186,351869caf3fd82276cd55f84606b5b8a82957194ccbdf3999fb7c7241baafc28,0ea135004739dad2cf12ac1ce5a9a6a0b8ce8575552c258a1708a9fa848bc224,ADJUSTED|RAW,true,2026-06-22,152f730eefcac2f638684b72757d5c77dacfc2e6d1a409868d3224ab7dd1bb00,UNKNOWN,UNKNOWN,IDFCFIRSTB,UNKNOWN,ENTRY_READY,2,REJECT
2,3f0d37320654d9ff61b2be7fe38864417d42731ce33792fe31c4d472859d0669,351869caf3fd82276cd55f84606b5b8a82957194ccbdf3999fb7c7241baafc28,a55cc55bfa1219db83b25624c514459fa9329b156d63544057a9e98b3d6d1d15,ADJUSTED|RAW,true,2026-02-13,bc8cc154c2efe0c11a4f2d431f56e6b5b601bbb7126c4d5cfd24c0d98235b7eb,UNKNOWN,UNKNOWN,LIQUIDCASE,UNKNOWN,BUILDING,2,REJECT
2,3f1011319d384351172c02ba8241facf47b7efe6138447ad5d07701afd9967c5,351869caf3fd82276cd55f84606b5b8a82957194ccbdf3999fb7c7241baafc28,ca2dbabb50e35c41ccb9d6d2faac9a1fd51c8bfc0eccba2e9a7a7412bfc9ed19,ADJUSTED|RAW,true,2026-02-18,4f059aa8dbd2ab8c375863116e01de7fe6fc1a47b9213e6e6bd3641171b61410,UNKNOWN,UNKNOWN,OLAELEC,UNKNOWN,INVALID,2,REJECT
2,3f1c4b75f7aeba837a2e802147e594b413849579305fa368c3d942e85d3c957b,351869caf3fd82276cd55f84606b5b8a82957194ccbdf3999fb7c7241baafc28,1e89bebbadb36c11bd99876accb9b9e6a5fccd433fe82fe75d562b0dfc400eb9,ADJUSTED|RAW,true,2026-05-13,da30b97f4071422cedeaef30bc5c4a0f951b58aadec0785a680bbc5e0804b9a1,UNKNOWN,UNKNOWN,LIQUIDCASE,UNKNOWN,BUILDING,2,REJECT
2,3f3c3de541795c12fcc5ffd5c2620c0a52ed743d453ab08cb980567df567fcf2,351869caf3fd82276cd55f84606b5b8a82957194ccbdf3999fb7c7241baafc28,13b1c6d14117c80bc6688c312778fdaa783f5b83c288e6447f7b074f2d801f1e,ADJUSTED|RAW,true,2026-06-29,b8f4b85ef1ec97bf05e7277494d8e8ee0d04533485f3ae793cd5a3ed150b9d92,UNKNOWN,UNKNOWN,YESBANK,MOMENTUM CONTINUATION,ENTRY_READY,3,REJECT
2,3fb56c29f18d29f227713430283b6bdae843d8b4dbef22e7e14dbc706be6580a,351869caf3fd82276cd55f84606b5b8a82957194ccbdf3999fb7c7241baafc28,f423e34ff71153b5120798c40f91e8f36c855eb767770c1a464f8c33b4e7971d,ADJUSTED|RAW,true,2026-06-12,2d58d5232c469974c0996340a1d75e3dca0d2244718b42f12ae200b295810f5f,UNKNOWN,UNKNOWN,MOTISONS,MOMENTUM CONTINUATION,ENTRY_READY,3,REJECT
2,3fe6528c252360a41e094b24513c827fd208a41b3a05be9cb5bbf9ec61819104,351869caf3fd82276cd55f84606b5b8a82957194ccbdf3999fb7c7241baafc28,6b3bfd87efa3e1e2f1ea2d00b1a6027e921c0329fe79fdcac7cea1f7558ac26b,ADJUSTED|RAW,true,2026-04-30,774f4aa02133161bd8bf7d8931dfc232c5d814b179344cf86959286783676330,UNKNOWN,UNKNOWN,YESBANK,UNKNOWN,INVALID,2,REJECT
2,4047c81ba631cd25061ef73b4f319737993eedf6314f400ddf14d2b3a5a67751,351869caf3fd82276cd55f84606b5b8a82957194ccbdf3999fb7c7241baafc28,d42997c6c4a6b202d0230b3b478f26d7c289c6b1cc3c13fd0b80ae2c298c1d58,ADJUSTED|RAW,true,2026-02-06,c73ea5f23216f630f051f5a945fcfb660d3bec614fdca4474622b51b279ddb93,UNKNOWN,UNKNOWN,GOLDBEES,UNKNOWN,READY_FOR_CONFIRMATION,2,REJECT
2,40942955cdfe0b32fdcbcaade7452a70d71d8e494b8c2c577beb18221c3fdbb2,351869caf3fd82276cd55f84606b5b8a82957194ccbdf3999fb7c7241baafc28,ef3baefc32c1eb63dbb4e67d7d4b71bf2ba80f525f4fd78dcffea68b42c3801c,ADJUSTED|RAW,true,2026-04-15,fc7a700f90578ce7fa000bd9d8dc859578e2324b9fdf8ecbddaa4445348d9bfe,UNKNOWN,UNKNOWN,TATAGOLD,UNKNOWN,READY_FOR_CONFIRMATION,2,REJECT
2,40acbad7cd69bea30825101beb8bfdae0948592c492b4f212f333cccf0bf9f2a,351869caf3fd82276cd55f84606b5b8a82957194ccbdf3999fb7c7241baafc28,4ed3ccd2978ef4f921cb44a881948a9f87a9517e1253d31b3baaeff7b485dd0d,ADJUSTED|RAW,true,2026-01-23,af1d2b2b701bec9598573abe19f0d829cfb7205e14c5dd69aa0a8ea609f7e522,UNKNOWN,UNKNOWN,PCJEWELLER,UNKNOWN,INVALID,2,REJECT
2,40b04e22124b2b030a01aea6db8fa6beda8fef8cabf4e269335df1a13f3a6270,351869caf3fd82276cd55f84606b5b8a82957194ccbdf3999fb7c7241baafc28,dbe84674e95e4af04064ff2815e377c450ef65db514be6524ac226defea1c9ec,ADJUSTED|RAW,true,2026-05-14,2bf8e5a64083cdbff4d59d38389fdfbb6ec82be658fdd2c7965e26b0b4cdb650,UNKNOWN,UNKNOWN,TATAGOLD,UNKNOWN,READY_FOR_CONFIRMATION,2,REJECT
2,40e8b50fa296dcb614794f2fd22ccd582a2a4f95a5d50ce9eae5bccd571a79f2,351869caf3fd82276cd55f84606b5b8a82957194ccbdf3999fb7c7241baafc28,02ebf66c76d081ef868579d8657e872f2d86db0b29ce53fa79da17f428372850,ADJUSTED|RAW,true,2026-06-01,3be38a9da6696b6cc9309945633593a499eec58a1dbc596a790793d36491e12d,UNKNOWN,UNKNOWN,NSLNISP,UNKNOWN,READY_FOR_CONFIRMATION,2,REJECT
2,41276cc54190b673b0cb3e31702412bdc85415e682e0854753048c66502c5eea,351869caf3fd82276cd55f84606b5b8a82957194ccbdf3999fb7c7241baafc28,74366d66b3e443472ae59f53a68b19faa736cf756047b26468c9f35e46a53213,ADJUSTED|RAW,true,2026-04-08,f8dfe506e4349260edd7e6b007689bd48db4da813bdfe5cb808f2263e1c9ae63,UNKNOWN,UNKNOWN,OLAELEC,UNKNOWN,READY_FOR_CONFIRMATION,2,REJECT
2,415a38a41cd4d16f9c215c242e59b066599d986b6dac949eb7c9362cc24c14d7,351869caf3fd82276cd55f84606b5b8a82957194ccbdf3999fb7c7241baafc28,8913e131e9cf89d13c66934d6cc037f6bbf8a401a21d4afaf861f9244b41235f,ADJUSTED|RAW,true,2026-06-04,a6ba9f9f5c75523e44f9aa50c03364c2700856a390327c9bd930a263a3ae5b92,UNKNOWN,UNKNOWN,HDFCBANK,UNKNOWN,INVALID,2,REJECT
2,415bf5c29707ad175048a473b5fbc94f986bf33293169fa44be54c20dde8e5c4,351869caf3fd82276cd55f84606b5b8a82957194ccbdf3999fb7c7241baafc28,d6e7df6fa6373e13d5635821f21e0f6e6303430e470a39902025c8d79ed53c27,ADJUSTED|RAW,true,2026-02-05,6bbd2eb393075f3a432ae8e75952f991234f2cef0926159941b644f7dcb33aa9,UNKNOWN,UNKNOWN,SILVERBEES,UNKNOWN,READY_FOR_CONFIRMATION,2,REJECT
2,4194b8000a5cf5fa7af35f0eaf7546bf4725d0dc41d0e50ae54aa78d2e7e00e4,351869caf3fd82276cd55f84606b5b8a82957194ccbdf3999fb7c7241baafc28,5ce77a5609d01c79a71c74b9a856857b206feece5aa31939afd15c807fcc72b2,ADJUSTED|RAW,true,2026-06-04,062efff2466adea9448bdc0ac985e6ce2b47e6fd664b9d7175cb142980c25001,UNKNOWN,UNKNOWN,YESBANK,UNKNOWN,READY_FOR_CONFIRMATION,2,REJECT
2,41a5c65f101714eea2a1b80df83c21bc40ff46ef0c8473115f813d788bc9c35b,351869caf3fd82276cd55f84606b5b8a82957194ccbdf3999fb7c7241baafc28,733b2e8693d919d2858d52df734e19a8c390cf613b1405e15fc301bc61a65277,ADJUSTED|RAW,true,2026-07-17,8bbc4e03885355b25465d991f9cbd292c4b6bd1c54aa9c8a5bc48fe9c8d7301d,UNKNOWN,UNKNOWN,GTLINFRA,UNKNOWN,INVALID,2,REJECT
2,41c7276ca22b4c22f5e7e5b911c9148e200fbfc711c71e63ba00b7d35b154137,351869caf3fd82276cd55f84606b5b8a82957194ccbdf3999fb7c7241baafc28,fee2317e4d1fcf3333512af51f02ca86c117e701ac5f28898e37c95786b1571a,ADJUSTED|RAW,true,2026-01-29,31330cd9e9c110febf689521ff73bf4bd8159aa803d0dbbca866ae9de6bc4ed5,UNKNOWN,UNKNOWN,SILVERBEES,UNKNOWN,READY_FOR_CONFIRMATION,2,REJECT
2,41f15b0c2df9a5bfe0c5c2838e37c848633b1e5d27a8cccfe60e07c9276bbf71,351869caf3fd82276cd55f84606b5b8a82957194ccbdf3999fb7c7241baafc28,5373c6a4f0d3f0b718e283cb5b21b28894a83fde4f56c162476a8c157b6c6744,ADJUSTED|RAW,true,2026-03-12,9c90dc746090563b5388fa4588fa91f62574fe16fa8abffa35817d0b9e2f2d34,UNKNOWN,UNKNOWN,TATAGOLD,UNKNOWN,READY_FOR_CONFIRMATION,2,REJECT
2,41ffd88f9cb403d218bbabde3467982c3733f747d23c5309dcb82d402fd63979,351869caf3fd82276cd55f84606b5b8a82957194ccbdf3999fb7c7241baafc28,b4e046410e0bbe51a704fd6556f092da66c0195359642fc0e88f43af3b4a0070,ADJUSTED|RAW,true,2026-05-04,eafe40f3fd3b9e90d0f471529e5127d4242551344e47e192bde93a0274d01392,UNKNOWN,UNKNOWN,YESBANK,UNKNOWN,READY_FOR_CONFIRMATION,2,REJECT
2,42037f14b39ff5820996018cef94bcf38b5e09ea98d78fd15addca85744aea8f,351869caf3fd82276cd55f84606b5b8a82957194ccbdf3999fb7c7241baafc28,e3c7a38ce109e7a5993b08de293bc95e6f8c6b5ea83caed9a3a9c3c2f18efe13,ADJUSTED|RAW,true,2026-05-18,ec2cd6300508bb2e76a3edad7e757f7f0a77f04b81aa6df9abc40e89f5929eb1,UNKNOWN,UNKNOWN,SILVERBEES,UNKNOWN,READY_FOR_CONFIRMATION,2,REJECT
2,421b6b0c74e3c86671624829a6aed89b66d0da98ff40a1eee45e036d1a3751dc,351869caf3fd82276cd55f84606b5b8a82957194ccbdf3999fb7c7241baafc28,a99211d1877e8c1062f653af6f1c73c1540523c0b65874a6ff6b38bb1af48803,ADJUSTED|RAW,true,2026-06-19,2995e04e735b1557460549f3de4d8587e9f596cb4907de9e6778ef6317ff0e86,UNKNOWN,UNKNOWN,IFCI,MOMENTUM CONTINUATION,ENTRY_READY,3,REJECT
2,42203982b2b80a5e3564cf1f4f50e08cbe2c94a42e16391c387de305ec7f3503,351869caf3fd82276cd55f84606b5b8a82957194ccbdf3999fb7c7241baafc28,9b21f3793bd5e20c040054e30877def53813c27167133f28785176320339621b,ADJUSTED|RAW,true,2026-02-25,fe93e3b6ecccb8ff2fe98da5dae3e002d9cc34540291c243b86174f907c99c12,UNKNOWN,UNKNOWN,SAIL,UNKNOWN,ENTRY_READY,2,REJECT
2,422bcb6b7d996572d17369976ff73a60b0561e02f03d11da9fc47ca115d3baf6,351869caf3fd82276cd55f84606b5b8a82957194ccbdf3999fb7c7241baafc28,800cb9c7755f63d592bd6f755efdd9449199f2a7c0034ef74d77d8db1e24ba72,ADJUSTED|RAW,true,2026-03-19,ffe5dad5c70f7eba0692d8c8938b9d8537e314a1b7bc5303ec10f4be8660bc41,UNKNOWN,UNKNOWN,FINKURVE,UNKNOWN,INVALID,2,REJECT
2,424e62eade4983264a836f4d319889e4be5af1adb58fd8103ac743f2e9d4bcc0,351869caf3fd82276cd55f84606b5b8a82957194ccbdf3999fb7c7241baafc28,b14a44e5edb9288cc071834e4affa5c319434296b641ae259b81394395665c50,ADJUSTED|RAW,true,2026-05-12,8409b43b2b748b5bd8462817244754d31522d9f8d5d21fe4a8cf8273801c6614,UNKNOWN,UNKNOWN,OIL,UNKNOWN,BUILDING,2,REJECT
2,4277c3f4ef706e5b60a304bab6c2e705569df6de2e354acced6b641176a417e1,351869caf3fd82276cd55f84606b5b8a82957194ccbdf3999fb7c7241baafc28,f115d10c72845e9f17e146a29f343a2b5faacf8fc361cd1d9aed75477b2aa5a3,ADJUSTED|RAW,true,2026-02-05,b5e311505e85be932f27313f72abaf6a28b54627d6c4eb1101be8cf3ffe5b07f,UNKNOWN,UNKNOWN,IFCI,UNKNOWN,BUILDING,2,REJECT
2,4310e29497442042e35ab2033ca1344c09a1b8c07403668daf2795928a59163b,351869caf3fd82276cd55f84606b5b8a82957194ccbdf3999fb7c7241baafc28,957551677039237191e002e332505279b0cc0764b87038c1fa6c79d1675108e8,ADJUSTED|RAW,true,2026-03-19,fb2db09145f323cae5a8f04e2d3ff97c293be3fa1440043186750e391fc15a26,UNKNOWN,UNKNOWN,BUTTERFLY,UNKNOWN,BUILDING,2,REJECT
2,431ac978d985eca5f586cd6388b05063bb926e24803c55ad21cf1aa7d8ed8851,351869caf3fd82276cd55f84606b5b8a82957194ccbdf3999fb7c7241baafc28,ee3cdd43829c5e5605c7b4f99db823a642f56444744fa0f596c0109854d45a79,ADJUSTED|RAW,true,2026-05-26,5ee0d8068c76e0649cc8106016ce569173887c0495d22b63e1e2aeb8723dc5d4,UNKNOWN,UNKNOWN,TATASTEEL,UNKNOWN,BUILDING,2,REJECT
2,432762c44bd73d74d80a94c87c6639b11589a4d3886ce06122552ac7d05cb2bd,351869caf3fd82276cd55f84606b5b8a82957194ccbdf3999fb7c7241baafc28,c08aaec16476670c5903f5f8d5ef284a69120c102f6de5ac9218e3cbaaf4416c,ADJUSTED|RAW,true,2026-02-19,2064b35273248b764d1f6c793f7ad9eb259b4428fa8d640d19b6672194861cc8,UNKNOWN,UNKNOWN,GOLDBEES,UNKNOWN,READY_FOR_CONFIRMATION,2,REJECT
2,43586ab791dd5c75b0c669d1e1cd71a1347cb2f59d7e6db3859ecdff1d5afcee,351869caf3fd82276cd55f84606b5b8a82957194ccbdf3999fb7c7241baafc28,193521463ce996c1a5d2a86d583bf3cabe52f84aed202ce0407b6f12da9bd21b,ADJUSTED|RAW,true,2026-07-15,ba10083a58658d1f10756fdad360dc030e63e9e2072d5716fab1d97a562fd87d,UNKNOWN,UNKNOWN,AEGISLOG,UNKNOWN,BUILDING,2,REJECT
2,43ec8c4fa55b9ddefff2a28972251a9f97d2039dde7617f9a819f45190176881,351869caf3fd82276cd55f84606b5b8a82957194ccbdf3999fb7c7241baafc28,db8921b9f0b5f769c11ba57f9a8df4ec6404662f689589e7b5bd2826964e50cb,ADJUSTED|RAW,true,2026-04-13,4c1cb691746c35224f6eeadd1113df80592ff4546c8d48a97359ccfa6dc6e5f6,UNKNOWN,UNKNOWN,LIQUIDCASE,UNKNOWN,BUILDING,2,REJECT
2,440a2f2ff9bc6f090120cdf5a570f2e2fabd4ffd9c13fcdfbeae0ee3c2b5c542,351869caf3fd82276cd55f84606b5b8a82957194ccbdf3999fb7c7241baafc28,83f19c4244fd4b11b0fc9b2c104cf1ff5312d639ce069081a59258a40d18f5bd,ADJUSTED|RAW,true,2026-01-07,2830e45efd2ddae4f49da2c9c81395add35be57398b0db71f0956cd104ae0de7,UNKNOWN,UNKNOWN,TATSILV,MOMENTUM CONTINUATION,ENTRY_READY,3,REJECT
2,441613f3c6d79e610ae8bffb7a7db0900db9ab8f80c7432a272c1d067544f63a,351869caf3fd82276cd55f84606b5b8a82957194ccbdf3999fb7c7241baafc28,6df4612468fd500c843836fc001b49d637d60d39bf969d16523528dd1e92062f,ADJUSTED|RAW,true,2026-07-20,156ba2bcfb3675f98c5cd767cb7c73088b115410c587fdb2b2c63b452bb0b3b1,UNKNOWN,UNKNOWN,TATAGOLD,UNKNOWN,INVALID,2,REJECT
2,444ad34a74eda5e7e3ae238f45d844b042af54946d0cfffffc5a6ab2e87b40fd,351869caf3fd82276cd55f84606b5b8a82957194ccbdf3999fb7c7241baafc28,6868854f3dc6b3a1ce68c92c6291545ae1f270ec8007ccdf4c5a34221b73e8d2,ADJUSTED|RAW,true,2026-04-08,f11a82e774d48081c8717618271378cc87f8229ef52f78082c1d1a3e41443c27,UNKNOWN,UNKNOWN,JPPOWER,UNKNOWN,READY_FOR_CONFIRMATION,2,REJECT
2,44a3b6834dc0ab2f645fabca038e414e2eb1ec09335b74d9c6eb10b2c7125fa8,351869caf3fd82276cd55f84606b5b8a82957194ccbdf3999fb7c7241baafc28,f6ac7b541ad84db49907e1ba50bc200b4852b0c6daa46befc8a267ac2818e00f,ADJUSTED|RAW,true,2026-03-23,ccb1f0a56e5b41a545ce177fd0ac8a1889ee04200d254fba7b31f1588cbca556,UNKNOWN,UNKNOWN,DCXINDIA,UNKNOWN,READY_FOR_CONFIRMATION,2,REJECT
2,44d92d41961402680a42a8272e8c8d0bd8f9977205ab2c020b5a456cfe8af0b2,351869caf3fd82276cd55f84606b5b8a82957194ccbdf3999fb7c7241baafc28,8d3421be3d6e60c13daf4454fa5682b810362d426fb33134cc708272c5969daa,ADJUSTED|RAW,true,2026-01-20,29871aeee20052b84d6091f240e955690290e87ed146b0befcad461c2581ce8c,UNKNOWN,UNKNOWN,GOLDBEES,UNKNOWN,BUILDING,2,REJECT
2,4529b9de32b207e422ff61bf447628ac3f56ae6c49d4b10491a0950e2d07af1a,351869caf3fd82276cd55f84606b5b8a82957194ccbdf3999fb7c7241baafc28,0647569f2cbc3c346c02eeb2a33e4e8d23d8aba797def858b4e8f37263447a53,ADJUSTED|RAW,true,2026-04-02,933c45544c3aa0e9c9f3336a52e5f6acd46154f40f3f5d1f47288b470a133877,UNKNOWN,UNKNOWN,HDFCBANK,UNKNOWN,INVALID,2,REJECT
2,4545ae807217ab1839e6cd07f4847f87afb073e3b945488af18236e9d5e24f24,351869caf3fd82276cd55f84606b5b8a82957194ccbdf3999fb7c7241baafc28,c9066df0bccd1a9bcc44f8f0d24bf7a0ca6b5be097b370ddbbff694bde9ef61f,ADJUSTED|RAW,true,2026-06-15,b614e4a1780839ecc08bf80ba3eec16606392d7caefdc7983c6e77bfc7da6682,UNKNOWN,UNKNOWN,GOLDBEES,UNKNOWN,BUILDING,2,REJECT
2,456526b840255d748461d1e6b2594bde86c1c4fa4b40d1edf446195bcb4ca057,351869caf3fd82276cd55f84606b5b8a82957194ccbdf3999fb7c7241baafc28,959c4fdcfed5d8fc13f1a81da1c271d058accd97a363a4a22b025836bee88607,ADJUSTED|RAW,true,2026-01-28,3645b4303be7a8f6d9f6b8890a0d648db5bc54750ee82c65b95b3aff79831824,UNKNOWN,UNKNOWN,ONGC,UNKNOWN,BUILDING,2,REJECT
2,4577f788bf6ae7f6b3a49aa73ff4c308a33f7704cfa88b82a27f23fcd2d68ffb,351869caf3fd82276cd55f84606b5b8a82957194ccbdf3999fb7c7241baafc28,4394a5e5cf9518a2db07860a4ff2028829f3da18f4cab6b42749b155705ffa4f,ADJUSTED|RAW,true,2026-04-20,f87121e144cc6329b766517911379fb6638a4b2bf017553c584283ae98b81ea1,UNKNOWN,UNKNOWN,YESBANK,UNKNOWN,READY_FOR_CONFIRMATION,2,REJECT
2,45b7683d10acfa892cba97d5f7a5fbdb0e6410890fbad1ecd7db122e429ba9df,351869caf3fd82276cd55f84606b5b8a82957194ccbdf3999fb7c7241baafc28,d2c542dc76c680be13b252cee15bfeaa1732498c945903cf0724055fa86937df,ADJUSTED|RAW,true,2026-04-24,293c6d8bfe5e94860236f54e709c78cf2147c17561fb77796f4599017260f89a,UNKNOWN,UNKNOWN,HDFCBANK,UNKNOWN,READY_FOR_CONFIRMATION,2,REJECT
2,45b7fdd6c95bafcf077d1209b3eed82f52fb40e948a83f09035a0803f2aa40f6,351869caf3fd82276cd55f84606b5b8a82957194ccbdf3999fb7c7241baafc28,139e55dfc50b902367ba9505bce214eaa064a93eea2732e928460ac01323db53,ADJUSTED|RAW,true,2026-02-23,1bf9b3f65d7bb71af691e0f4191c39636660b3541a4842a87c0b463ab13e9d85,UNKNOWN,UNKNOWN,IDFCFIRSTB,UNKNOWN,INVALID,2,REJECT
2,4612a7283ca31610d2a6460a87b6e9f669961e800292de879ae3526237c869ac,351869caf3fd82276cd55f84606b5b8a82957194ccbdf3999fb7c7241baafc28,c2200c9e21202d4c4db09513397cedca0036a7c186207376c1f1ad8a5bc3609f,ADJUSTED|RAW,true,2026-05-15,c02a14c451aadf5dece9f0b95b0e5146d393c71260c2b2743877a5556fc6b73c,UNKNOWN,UNKNOWN,NEPHROPLUS,UNKNOWN,BUILDING,2,REJECT
2,461d0a2482951da67a8f4360150f557710cb186483d179f58672d49030558440,351869caf3fd82276cd55f84606b5b8a82957194ccbdf3999fb7c7241baafc28,f1e296e18a66f459707f62a16018039e0f973515506fd429ab5619f0a723001a,ADJUSTED|RAW,true,2026-02-04,72cc6f55a82ae493df9d115eeb581c8ef657ad9a97dc0cd40a6933db7b01a371,UNKNOWN,UNKNOWN,GTLINFRA,MOMENTUM CONTINUATION,ENTRY_READY,3,REJECT
2,4634f4e6c1a9c1338d4f918ca3c0584c836f1528c3cead6b77c6fc283b3ef343,351869caf3fd82276cd55f84606b5b8a82957194ccbdf3999fb7c7241baafc28,2671b89fbdc2625d0b8ef70aec6429e769f7c0f0d9951a93f444d131f74d1055,ADJUSTED|RAW,true,2026-03-19,b87703559b265c24b8c6984c6c612add022571453157876889b817f50f26b276,UNKNOWN,UNKNOWN,HDFCBANK,UNKNOWN,INVALID,2,REJECT
2,463c60b5615f20f06243628205672405b88a637cbf017b83de5ed9d16f43c046,351869caf3fd82276cd55f84606b5b8a82957194ccbdf3999fb7c7241baafc28,317639184f4ffd63a53236da1dc8029b6f74252024a5755c6ec2473b629f9704,ADJUSTED|RAW,true,2026-02-26,16526684ddb95ffb99ef1dc2ec1c46e9ed277953dc91a78e6591826485f43eef,UNKNOWN,UNKNOWN,TATSILV,UNKNOWN,READY_FOR_CONFIRMATION,2,REJECT
2,463cf0f9368cabb07036fd666b5888cd8c7022d04eb9c50ea6bb478cbf8e20d9,351869caf3fd82276cd55f84606b5b8a82957194ccbdf3999fb7c7241baafc28,b0d8ad884a50834ff58da4e11503347b786444debdb7d78c11425530bc317940,ADJUSTED|RAW,true,2026-06-25,e0b82e96625f8436e72327536ae66831b077ea6be209bdbe078ca7521b072d1a,UNKNOWN,UNKNOWN,MSUMI,MOMENTUM CONTINUATION,ENTRY_READY,3,REJECT
2,464f0b82ca1fc95618d0d5198d61fd82be69ca070eee055355b6df29d652f239,351869caf3fd82276cd55f84606b5b8a82957194ccbdf3999fb7c7241baafc28,d38aa559f29519fe63d3bb50b3f33048859d52a4f37e3c9b50400e9a44a7659a,ADJUSTED|RAW,true,2026-01-22,1853bc68c2b8d9add7b64ce9e46abf5b32ff81483aaf5217b43d51229b0aa713,UNKNOWN,UNKNOWN,NITCO,UNKNOWN,INVALID,2,REJECT
2,466b4d253f5ce0346ea17d377581128bd9c53f9b0c9e9e7ed564b36827923eac,351869caf3fd82276cd55f84606b5b8a82957194ccbdf3999fb7c7241baafc28,31af70c2c656556c2b23deb5aed9ea96a1887228f0bc8723bb1bb732e44f0509,ADJUSTED|RAW,true,2026-05-08,d55feb98dcaee053f572e87c79aebd08bbf57ab24cfd22501624eaab31304ee6,UNKNOWN,UNKNOWN,YESBANK,MOMENTUM CONTINUATION,ENTRY_READY,3,REJECT
2,46f39dc000719f06d06eebc51a79504fc0ce8de4de79dedc04aec557120d3a78,351869caf3fd82276cd55f84606b5b8a82957194ccbdf3999fb7c7241baafc28,06b139ed51b349379715a5879ced1f19c391fc06331fd57ece7698cf800ad16b,ADJUSTED|RAW,true,2026-06-23,37b48fefab21412e4477e91e9405e41b7b7faae133c979d491025aa881f01c83,UNKNOWN,UNKNOWN,VEDL,UNKNOWN,INVALID,2,REJECT
2,47184482e2db350c271355d25d86420dcff03bb763b26fac2fa0f95f29de302d,351869caf3fd82276cd55f84606b5b8a82957194ccbdf3999fb7c7241baafc28,bc229160d93b9654445b17bfc73d475dca834cfec8dbed62a86a05719d75b4a3,ADJUSTED|RAW,true,2026-05-29,0bf7957b97871d76e0efb7334a2adb4fdb40b800732ef2f311ef2de1dfbd4ec7,UNKNOWN,UNKNOWN,GTLINFRA,UNKNOWN,READY_FOR_CONFIRMATION,2,REJECT
2,472052f50c487eea914c3129c8e2fc0027b77a62cfa5b2d4d50a9d0521028405,351869caf3fd82276cd55f84606b5b8a82957194ccbdf3999fb7c7241baafc28,6942bfbb4db8315e4ab56ed12c502e1b59085202a3205f943544cf7857a63997,ADJUSTED|RAW,true,2026-03-10,69efaa5fdee2ea7fce0032504dcbc653fa6ca612beffe17f07a6bd9597044f5f,UNKNOWN,UNKNOWN,GOLDBEES,UNKNOWN,READY_FOR_CONFIRMATION,2,REJECT
2,47319d64d8895f3a2b23e553a50190282b38fbd9502621455746386755e38361,351869caf3fd82276cd55f84606b5b8a82957194ccbdf3999fb7c7241baafc28,3282184962a18b1d855d30be5fdf9848fdbd51b31225a6b43d38a99e3cf88e8b,ADJUSTED|RAW,true,2026-06-24,a321d241331f669b486e5c8e1b843c162e218937da7ac06c9886d9f3b0198d6b,UNKNOWN,UNKNOWN,TATASTEEL,UNKNOWN,INVALID,2,REJECT
2,47473fc3933d493e97f7f4c88c46044ce3fbeb66686986d438c80d64c822b437,351869caf3fd82276cd55f84606b5b8a82957194ccbdf3999fb7c7241baafc28,31b01cb608fe11cd039bd6a5922f68faef9bde3898ad50eefda995c41dfa4a13,ADJUSTED|RAW,true,2026-01-21,126b6ecb0603474049f34c36c2b94b524865eb7ad14e34075a145a16e1090bd0,UNKNOWN,UNKNOWN,JINDALSAW,UNKNOWN,BUILDING,2,REJECT
2,4758babb7455475f1e17a5f8743511862740e7ecbddb2e32701d940f37c56fa8,351869caf3fd82276cd55f84606b5b8a82957194ccbdf3999fb7c7241baafc28,27f6e0b6e1c35804704e5b5c8e0e920fe533cae0bd865836b114e933b6678fcf,ADJUSTED|RAW,true,2026-03-17,edbec0cb813a39c66411584e5e0fed52fd298baf6586dc7fbfe4f6dab5df916b,UNKNOWN,UNKNOWN,YESBANK,UNKNOWN,READY_FOR_CONFIRMATION,2,REJECT
2,47dff3193d93c5a28f582e105a2a90374e7d709ae02b4cdcc68498b32ed31ef0,351869caf3fd82276cd55f84606b5b8a82957194ccbdf3999fb7c7241baafc28,863021b7c4c1431e83bc7abd5b8d177229f4d9b4ff05299ea1f2a4fbf73b098a,ADJUSTED|RAW,true,2026-03-18,c69be868c9d327fded09b4c61725596033acd6f6e41f850b04605df32496a642,UNKNOWN,UNKNOWN,OLAELEC,UNKNOWN,READY_FOR_CONFIRMATION,2,REJECT
2,481d96cd55ee6b2f27b86553120b206ece1387a1e0c2f38476f1ec106e5f7192,351869caf3fd82276cd55f84606b5b8a82957194ccbdf3999fb7c7241baafc28,7096d1a4dc4b60cb23957dbc907902b9ae173a57d781250d8c5c98e3940a0d65,ADJUSTED|RAW,true,2026-06-04,72efe4284a927f8f127f2c559e7a23883924b2de0b2e5698e67b7e8affd8bc6f,UNKNOWN,UNKNOWN,JPPOWER,UNKNOWN,READY_FOR_CONFIRMATION,2,REJECT
2,485aeab665c4d792b2a1d1f19411773a8c7be10947e4fae279ac6cb924b7155a,351869caf3fd82276cd55f84606b5b8a82957194ccbdf3999fb7c7241baafc28,a06ada2859315e0129fcdd72bfd7b0f1e3da8ff6594665aaf0a306359383b260,ADJUSTED|RAW,true,2026-03-05,044a4404f5aec5701047648fedc5a94228fdff9070514d4b41b089a8143432d6,UNKNOWN,UNKNOWN,SILVERBEES,UNKNOWN,READY_FOR_CONFIRMATION,2,REJECT
2,4868274f1c0c60c48956c77e658f39b98aaf9d77ec437a365f904ca8808f255f,351869caf3fd82276cd55f84606b5b8a82957194ccbdf3999fb7c7241baafc28,045083d983b2ed1bc46c204c7e00789aa56a6b9f059f04f4780807b205788e57,ADJUSTED|RAW,true,2026-02-25,a0e9e7151f19301c5070036fcbd138626762481a0a87dc46d1e1b85d89f99f9a,UNKNOWN,UNKNOWN,YESBANK,UNKNOWN,INVALID,2,REJECT
2,48827e778a88d0bc92839a19fb0a9ec7885465d8bb8bc594b31dd425e83c1a96,351869caf3fd82276cd55f84606b5b8a82957194ccbdf3999fb7c7241baafc28,73fba9ca305ff640a0c5c984613ef02b9c3763933562cb7a30641a8c0bf74676,ADJUSTED|RAW,true,2026-01-09,3722e29d562608138f3a103d1799b26a3c60167f71ec743e9c6a2b0222a8e77c,UNKNOWN,UNKNOWN,OLAELEC,UNKNOWN,INVALID,2,REJECT
2,4889c91722f006eacf69a964cf2fa5c8c3da257c99a8831f2d26e0dd57b5cbeb,351869caf3fd82276cd55f84606b5b8a82957194ccbdf3999fb7c7241baafc28,24bd3cebee43508f2b501c0bfd356f4f7739f8fd63329e8de4f807a113ae2099,ADJUSTED|RAW,true,2026-06-19,7d3a22610b2b14c3ffa636064646b74cf4a6298e9bf1e65dcc1e35e309b61fea,UNKNOWN,UNKNOWN,ITBEES,UNKNOWN,INVALID,2,REJECT
2,488c4e87fab884c91508a99efad0355362b4667bc9735cb26a8fa1cebc681de6,351869caf3fd82276cd55f84606b5b8a82957194ccbdf3999fb7c7241baafc28,8fbc563bb5caab4d1e72228ccf11766aee93c719e9f373379f965ebf5cd26665,ADJUSTED|RAW,true,2026-07-20,8455a24a5073f18dc368bff9869197c9640324c3833eb79e417ba2978fcf421d,UNKNOWN,UNKNOWN,YESBANK,UNKNOWN,INVALID,2,REJECT
2,48c21244ae5841a28bb67d814beb6acdb69fd10981da5685c873fccc33947e72,351869caf3fd82276cd55f84606b5b8a82957194ccbdf3999fb7c7241baafc28,b4ab526917429eaedd288d73446a6afa589be47f4ffb750faee6b644d7db1354,ADJUSTED|RAW,true,2026-06-29,9a57e1ceb9cc6d951498541b9539466a2eea34e482f5f243a1de50e9aef4acbe,UNKNOWN,UNKNOWN,TATASTEEL,UNKNOWN,INVALID,2,REJECT
2,492b13ae937d5221a323fe7c71ac9d0538983fe1b5139df66e2d5452267bd0f1,351869caf3fd82276cd55f84606b5b8a82957194ccbdf3999fb7c7241baafc28,df631df1e5204e30c518259a4d5c523cc9953ab5c4c4f2a912d49ca630a203c2,ADJUSTED|RAW,true,2026-02-03,8035f6b4d7915bdff5f6cda509b8a72cbb6c9d4ed947d8057fb1ca8f5449279f,UNKNOWN,UNKNOWN,TATSILV,MOMENTUM CONTINUATION,ENTRY_READY,3,REJECT
2,49574180a5e6f0862a690401f6e8d3321509596d5555985a463ea3c1c8a1b1d8,351869caf3fd82276cd55f84606b5b8a82957194ccbdf3999fb7c7241baafc28,492ac630313e1f67f9bf29dcfc24294268f9255018324b1f630d87267fbcecb1,ADJUSTED|RAW,true,2026-02-24,63fda6dd0b5ffa8efbf3cc485aff0581209bc238228848e8ea5d50d10e7c390b,UNKNOWN,UNKNOWN,GOLDBEES,UNKNOWN,BUILDING,2,REJECT
2,49672fd02523617fbc20cacb936f9907cef13b1ba7d24413d6febe7993f3c1f3,351869caf3fd82276cd55f84606b5b8a82957194ccbdf3999fb7c7241baafc28,6ebfafd355b55976b4da8f9c1aeb47aee88c55a94410b688c1494ebfc6a2ac3b,ADJUSTED|RAW,true,2026-01-21,3a03dc92b7e6067340cbfc0ddab498a26a164b5d3acecd5470e79503e63cb74c,UNKNOWN,UNKNOWN,GROWW,UNKNOWN,BUILDING,2,REJECT
2,497f91f2807e2988dfd5d103d902d0b2492de7ed723d724ce10c72c6e0f1071b,351869caf3fd82276cd55f84606b5b8a82957194ccbdf3999fb7c7241baafc28,640884cbd744559dffa08605a1827b1c0e8a861c8951821de230a5f70e42ef11,ADJUSTED|RAW,true,2026-01-23,48ade125d838ffbe5f4679833455f54e176de4dcf1e9243f3fb156f76ff218e4,UNKNOWN,UNKNOWN,EKC,UNKNOWN,INVALID,2,REJECT
2,49a28e078f7da82e8f5308c16003b3b830c31776bd2308be74a8257ab16c7163,351869caf3fd82276cd55f84606b5b8a82957194ccbdf3999fb7c7241baafc28,e07ce9a8bf312fdf5caa3195972b33c67589df7c5ce34a6bb16a94d72d3125bd,ADJUSTED|RAW,true,2026-03-11,0848e6705757ef050f94634c950ccb22b6901aab5a936eb77614f1580ece162d,UNKNOWN,UNKNOWN,HFCL,UNKNOWN,READY_FOR_CONFIRMATION,2,REJECT
2,49e0a55fbdb0cc16a6bd1af9aedb63b7653a299605dc2778bfad2192d744e71d,351869caf3fd82276cd55f84606b5b8a82957194ccbdf3999fb7c7241baafc28,922e616324fe87177b52dffc5ef735ba1143d64205aa5465e89820c5c8f37f55,ADJUSTED|RAW,true,2026-03-30,835f0c3ae30eea5f070c96979a7ff17bbdb9046b4b7249b0e74fcd68c4a05575,UNKNOWN,UNKNOWN,TATSILV,UNKNOWN,INVALID,2,REJECT
2,49fdbe80f34c65267972f5a336ad5b1745e331bd2f7d17f7673eead40fe5dfcc,351869caf3fd82276cd55f84606b5b8a82957194ccbdf3999fb7c7241baafc28,02fbcba04d9bc3e60b626b12550d0419883121ead1345867444c4dbe1dbaa199,ADJUSTED|RAW,true,2026-02-02,12469915100fe76e0c3d8bc52ad8bd124405a881d0a58d598cc90266330355d3,UNKNOWN,UNKNOWN,MRPL,UNKNOWN,READY_FOR_CONFIRMATION,2,REJECT
2,4a63ade0d83f1eb62fd4dd8dd6ec919cbdf21bdbf134ee60493280dfff35dec1,351869caf3fd82276cd55f84606b5b8a82957194ccbdf3999fb7c7241baafc28,7b0248d15f5c75be20cfef54c074dbcaf22eed83661e04c571c61bb9e67f7ba7,ADJUSTED|RAW,true,2026-06-15,44e79ab6bc785f08b2eefdbe9655ae4b4bc90011df29fd4ac746b1d5f5c0f461,UNKNOWN,UNKNOWN,PVTBANIETF,UNKNOWN,READY_FOR_CONFIRMATION,2,REJECT
2,4a674aa164de475addae5878ae0a772ab3db069090b22d761e7975bdfcad7856,351869caf3fd82276cd55f84606b5b8a82957194ccbdf3999fb7c7241baafc28,c0858d0069043034fd6113f85761c56db3c3a791de8ac130b7691b714f64fe5a,ADJUSTED|RAW,true,2026-04-22,c8eab1b8a005522f2bea6709e4b140e982b2b03ad9da813b14e30074c917b8c3,UNKNOWN,UNKNOWN,JPPOWER,MOMENTUM CONTINUATION,ENTRY_READY,3,REJECT
2,4aca20bc2d2c3027f02f9515dd7340c0562c93d7870c6e1a385d116c30199c88,351869caf3fd82276cd55f84606b5b8a82957194ccbdf3999fb7c7241baafc28,2fec2282518671049280638ac8952a417ee08805a30e3daef9fcb9971ae5871b,ADJUSTED|RAW,true,2026-02-17,9f5f24363d3d0dc9c0c4d6437e943418e66890dfb2a410f9227f07e9cde03fed,UNKNOWN,UNKNOWN,TATAGOLD,UNKNOWN,BUILDING,2,REJECT
2,4b2eb085dc1e80b820de6047b397d532360c09b4cb2dd3d31e4147698d8baca9,351869caf3fd82276cd55f84606b5b8a82957194ccbdf3999fb7c7241baafc28,be4dcc88d6f67dc60d7d92772ce6e5774975b79dd343c403d3e543638e69680b,ADJUSTED|RAW,true,2026-06-02,926aa0893c4ab03170c9c1d02549326b084a0b09fb54dcfafbff0e3d0eb187d6,UNKNOWN,UNKNOWN,ITBEES,UNKNOWN,READY_FOR_CONFIRMATION,2,REJECT
2,4b811b8b0bbc71362c65bbfa82cfc943b7c9f6914bbac7704d19af72c221494e,351869caf3fd82276cd55f84606b5b8a82957194ccbdf3999fb7c7241baafc28,4963bb399409aa64b63af5120fafc9f5e288f60f24279c95e96620526ee21c1a,ADJUSTED|RAW,true,2026-04-16,a33123fabd4ee3a14305dfa28c6c1d145f27b9419b2081cbd17ad56f7ea07f57,UNKNOWN,UNKNOWN,YESBANK,UNKNOWN,READY_FOR_CONFIRMATION,2,REJECT
2,4b8e38048f217eb2773b925843419bde33f985245bdde9df1247c098a46f9f6f,351869caf3fd82276cd55f84606b5b8a82957194ccbdf3999fb7c7241baafc28,c0a02b6b7dc67fa500ed4bba188f2308a154dc70ebf7a74867faaed8b05909c3,ADJUSTED|RAW,true,2026-04-08,b09f556e6516ef527f69c910fff587b39f522b4bb94b6965c652b31694594be9,UNKNOWN,UNKNOWN,HDFCBANK,UNKNOWN,READY_FOR_CONFIRMATION,2,REJECT
2,4be48122f7014d71662e482063fc341bfd035c2c31a221a2c1ffc60b7f464e26,351869caf3fd82276cd55f84606b5b8a82957194ccbdf3999fb7c7241baafc28,cffc01391bab940a1545ae5b94fd7487f9a1cdc5d1c898a01f25cbea9cb0a6db,ADJUSTED|RAW,true,2026-07-13,e2ab690195655823e1477ca8dc399bffa9c9eb601c287135071e63d8c7dd13cb,UNKNOWN,UNKNOWN,KALYANKJIL,MOMENTUM CONTINUATION,ENTRY_READY,3,REJECT
2,4bf6f28348c544aa0164e0729549b1cccc7376526fe4e7901b919ddfbfc62614,351869caf3fd82276cd55f84606b5b8a82957194ccbdf3999fb7c7241baafc28,d02c8a4f85e967745bfb046970cbcc8868a3be31314f51d4197bae3697df9dfe,ADJUSTED|RAW,true,2026-01-06,a29136b7fd2b0f5eb3843593e14e95545eed6091eaf0af2900ed10aa410e7834,UNKNOWN,UNKNOWN,SOUTHBANK,UNKNOWN,ENTRY_READY,2,REJECT
2,4c9597de7eca949a1de764d9feff0413b8e2bb04cda425bde3cab32f13e61f7f,351869caf3fd82276cd55f84606b5b8a82957194ccbdf3999fb7c7241baafc28,6f3104c3e389d5a591ab891ff3f5f4c5db0b4bfcf844f15efe881bac642acdfe,ADJUSTED|RAW,true,2026-07-09,c36fd828a95e4e71cfe4501774534926be5ac2710d53e5c3c474104884a1a7d8,UNKNOWN,UNKNOWN,PCJEWELLER,UNKNOWN,READY_FOR_CONFIRMATION,2,REJECT
2,4d15b3ff2a510653aca2a24e146d47add17e8af995379d07e56327ec94dac0ea,351869caf3fd82276cd55f84606b5b8a82957194ccbdf3999fb7c7241baafc28,e46d3adc965f593170e94c3ce759c93e4d376080f7a91e092060892b1a47770a,ADJUSTED|RAW,true,2026-02-02,d3c3ef662715d8b42f8c1a664913d95d83d40ce5978e87c676a8bf26fcdeaae4,UNKNOWN,UNKNOWN,SILVERBEES,UNKNOWN,READY_FOR_CONFIRMATION,2,REJECT
2,4d1bd4fcec4dba41d172f4d5e8d0c71e6c101dc4b13940fa414f902145a72b52,351869caf3fd82276cd55f84606b5b8a82957194ccbdf3999fb7c7241baafc28,f0d91587045d7c5b1e0e7d93aed1748f72309202678467211d8f673f9e86bd43,ADJUSTED|RAW,true,2026-02-20,45e534c5ba35beea23dfb8f844066a69d431e1dfb04fb4fb05ff3a8c8bd9c069,UNKNOWN,UNKNOWN,EASEMYTRIP,MOMENTUM CONTINUATION,ENTRY_READY,3,REJECT
2,4d5de3b65c289007b069a6a03116d566253b08f290add9ee3eaae106a80985cd,351869caf3fd82276cd55f84606b5b8a82957194ccbdf3999fb7c7241baafc28,28dc9e3db26fad7678eb88c7c44a38154fc0e2831fb16e462a9a458753f2b52a,ADJUSTED|RAW,true,2026-04-10,8a0bd95b87e524be5142165f301ab59c23afa6bfe85854d42344173195806a85,UNKNOWN,UNKNOWN,ABDL,UNKNOWN,BUILDING,2,REJECT
2,4da5588be837334ed2401ace7c682c7d8ca9b9c55be550a8c329fca267115073,351869caf3fd82276cd55f84606b5b8a82957194ccbdf3999fb7c7241baafc28,3b09c89dd3575cb0c6d155950380d762082ff3ad03152f7ba9629e2e32b41fc9,ADJUSTED|RAW,true,2026-02-09,d7883e5d15b329b217df4fc599d43ebc0cf9d4628919f1f638e9e06edf9bb091,UNKNOWN,UNKNOWN,SCI,UNKNOWN,ENTRY_READY,2,REJECT
2,4dd75c9b38f00fa7c5ed7a992839863fd8d10bde106a9da74b63427f21448809,351869caf3fd82276cd55f84606b5b8a82957194ccbdf3999fb7c7241baafc28,24c46d0c937eb990c146392110867dce21a1ba5b736a926ba1aa06ad2fc349ce,ADJUSTED|RAW,true,2026-02-10,e92497cd68c6c9eec4901801eac21dbd8a1dea8c5777f8f5c4f1c4d97b0b0a57,UNKNOWN,UNKNOWN,TATSILV,UNKNOWN,READY_FOR_CONFIRMATION,2,REJECT
2,4e0fbe8e985521457fa3fd2d4bf35268a1f9deaf7b3c8034dad5cf74f2f2de4a,351869caf3fd82276cd55f84606b5b8a82957194ccbdf3999fb7c7241baafc28,8e0c16804558d16689b7c5acc3642a2f80cb62c607067f7fcbfc347094bc7dc2,ADJUSTED|RAW,true,2026-04-15,7f947ae05649a7a9d0fc0fd62af8d3de6826cadf7632976103a647204e301773,UNKNOWN,UNKNOWN,RPOWER,MOMENTUM CONTINUATION,ENTRY_READY,3,REJECT
2,4e0fce56664695d1f21fb0b7dcb944c0de9fa44bb5d58b8decaf715ebbbc8ff0,351869caf3fd82276cd55f84606b5b8a82957194ccbdf3999fb7c7241baafc28,440c7178986575829b3de56d72a1d28c52116855d58c61a2927f30952edbb648,ADJUSTED|RAW,true,2026-03-09,01d89e31824210ff24fa33482dbd66a33d97e6747ed90d363ee452959bd5301a,UNKNOWN,UNKNOWN,TATSILV,UNKNOWN,READY_FOR_CONFIRMATION,2,REJECT
2,4e2c8167d5284bc07640b1234527c72154a3e4425b775ad42a7063d0365b3d30,351869caf3fd82276cd55f84606b5b8a82957194ccbdf3999fb7c7241baafc28,3574547672c202f5c54692bd833678709a276eaad0a7509b8754ad25fcab9d3c,ADJUSTED|RAW,true,2026-04-16,a714f3ec496ca53df1a5ef314f940017aa0df813ec2650081541a9524302f463,UNKNOWN,UNKNOWN,FILATFASH,UNKNOWN,BUILDING,2,REJECT
2,4e3e8b5d78c57fe5051c11833e0e68e55aebc5f23b8b41830f79396ac75af971,351869caf3fd82276cd55f84606b5b8a82957194ccbdf3999fb7c7241baafc28,607abebaa2a2ff8aef878fc12e0a5ec4f537dae86a6f4f02a6cac7f35ad280a2,ADJUSTED|RAW,true,2026-03-11,d923a73bd560d750cd5e11f1f029e7616f6d4a76b98078efdbe3ccfae6638dce,UNKNOWN,UNKNOWN,LIQUIDCASE,UNKNOWN,BUILDING,2,REJECT
2,4f2d6a7fe53dce8f2e976c61ecd81545383c84e4a743979c3bf829d853ea243e,351869caf3fd82276cd55f84606b5b8a82957194ccbdf3999fb7c7241baafc28,9aca27d4ada86581c65ac2fb3d378c8f11af752862ee5a3da00b4532c6a775b7,ADJUSTED|RAW,true,2026-06-30,0418578533d89132018acd593dabbbda7b5ef77a07fbbd32b23b252fd14b6042,UNKNOWN,UNKNOWN,MOREPENLAB,UNKNOWN,BUILDING,2,REJECT
2,4f329599f1ef9717a195338b262adcf08e3088a8747a683addf7d4aae0ed02fa,351869caf3fd82276cd55f84606b5b8a82957194ccbdf3999fb7c7241baafc28,775b60ae66874b1affaa07c62aa41e0481de1a7333f60f589d8a798914593ca0,ADJUSTED|RAW,true,2026-04-28,faca3bea6ac1a1948b59abb2475665d58648104eb1a27bfaca05686ba2958b42,UNKNOWN,UNKNOWN,ADANIPOWER,UNKNOWN,READY_FOR_CONFIRMATION,2,REJECT
2,4f3f083abc50df2f42df178e3161c37e36d1bd27e4f675d112b355e9b27daf1a,351869caf3fd82276cd55f84606b5b8a82957194ccbdf3999fb7c7241baafc28,a93a7acf168696d4e4ae7b6de501f10bf532d499a350dbee7a56b792f08507a5,ADJUSTED|RAW,true,2026-03-06,24aa1aca937dfbf96539e73a23c7a8b57f45953a357271aebda8a9ac7ee63861,UNKNOWN,UNKNOWN,TATSILV,UNKNOWN,READY_FOR_CONFIRMATION,2,REJECT
2,4f477f256aef81e0481ed4a59ab2e6c423d4efe33b9f6cb99de8624552df6e56,351869caf3fd82276cd55f84606b5b8a82957194ccbdf3999fb7c7241baafc28,cb4661dbc3d7211556ae36c6d679aa03907e9c681a77312ae148defbddae552d,ADJUSTED|RAW,true,2026-07-08,9f35e0527ce5ad3697afe30b5cd1bd604283deb2847c3b6750e24f78d7a04f0b,UNKNOWN,UNKNOWN,YESBANK,UNKNOWN,INVALID,2,REJECT
2,4f6766929b57ee3443004803bc4dce1c6c527843e2a4f417d791f15c161e2640,351869caf3fd82276cd55f84606b5b8a82957194ccbdf3999fb7c7241baafc28,eba76bfaf68dcd4d01fee8709210113d3fddfd23902f80490e926981231e15e7,ADJUSTED|RAW,true,2026-01-30,7ad1d7ef5502013ce4b94b0c880aa82e5892ae847936434b310cac8bf2cbcce2,UNKNOWN,UNKNOWN,YESBANK,UNKNOWN,BUILDING,2,REJECT
2,4f8950cfce578e45355e01e6d9e389246443df94dc209a4dd0b04f3fe2568f66,351869caf3fd82276cd55f84606b5b8a82957194ccbdf3999fb7c7241baafc28,9aff2c4dd16b007775b10ef734e2daffdf2fea836014784c56633dd6f45a32c5,ADJUSTED|RAW,true,2026-07-06,ffdf0766511804007a7c12968e83b72ac3a1e05d8f2e76cea58186f02bf55766,UNKNOWN,UNKNOWN,PLATIND,UNKNOWN,BUILDING,2,REJECT
2,4f8c071ac1a01534e84253ac280c68af8bed2bdf85d2fcdc9504f5a16395364a,351869caf3fd82276cd55f84606b5b8a82957194ccbdf3999fb7c7241baafc28,f2f678514198b9be78cf568319a698c30d8b57a451d30caa7e7a7d3ae3e3d037,ADJUSTED|RAW,true,2026-03-16,46d0ab6cbda0ec848a334c75effa55ca4434a6e807dfd406e614573acbdf045b,UNKNOWN,UNKNOWN,TATSILV,UNKNOWN,INVALID,2,REJECT
2,4f8e8293fffffb9d7c659e92d7c08a1b663a6a57b51273611a174ece76644fa6,351869caf3fd82276cd55f84606b5b8a82957194ccbdf3999fb7c7241baafc28,37ea06628d7864be3057797764d1fa584b468a1b075a5ae653a97955595c2360,ADJUSTED|RAW,true,2026-03-11,a38f120522460477fef4d03412f91f5f03df6cdec66b9ca17d5bae0404c02b7f,UNKNOWN,UNKNOWN,YESBANK,UNKNOWN,INVALID,2,REJECT
2,4f92848f19219d0ffd5adc589802f22f56292a98005a87306c01dc4edf81ad3f,351869caf3fd82276cd55f84606b5b8a82957194ccbdf3999fb7c7241baafc28,995643c81dba15b258dea27ec9b1d16e9fd6e868bb32a566f40e762b0fc43a9d,ADJUSTED|RAW,true,2026-03-13,4be6dab4a1f33ea0497573a8ff77d34d2dfe1daf075faed7622de9590d473f41,UNKNOWN,UNKNOWN,GOLDBEES,UNKNOWN,BUILDING,2,REJECT
2,4f979563ff3f5840b03c9f02c17cc25ca690bbe2e161d7c887510eedeaea7696,351869caf3fd82276cd55f84606b5b8a82957194ccbdf3999fb7c7241baafc28,881a5a58d7014844c4f314fc6613222ed057169dc5f03c2b34bd1ad0f2c92b3a,ADJUSTED|RAW,true,2026-02-11,02f2ce1d7944f83c12c68440fc1b66a8bc925aac5786556efd20a806c772f514,UNKNOWN,UNKNOWN,YESBANK,UNKNOWN,INVALID,2,REJECT
2,5016276193c651df088c4fc514b56d62378e91fd9c52e0eb731581067acaf20e,351869caf3fd82276cd55f84606b5b8a82957194ccbdf3999fb7c7241baafc28,00e0210d66d56cee2ac85b224a69251a7b19ef6d035c1d46ec4573e2f5a654f8,ADJUSTED|RAW,true,2026-01-06,0c8a66999160f18900b6878843f4d72109765485af73de772263c100b6dbe34b,UNKNOWN,UNKNOWN,HDFCBANK,UNKNOWN,INVALID,2,REJECT
2,50509f54d660d05af1d370a5eb504e8f9512a27f13838e20dedf21e5e0147e26,351869caf3fd82276cd55f84606b5b8a82957194ccbdf3999fb7c7241baafc28,34f3b87c503d82b671b934fce379ec39d8551cce347892b6362fc49aa885aac6,ADJUSTED|RAW,true,2026-07-10,420381b79448dca8d0e201ebc9c377ee746b172dcfc8ff344ace57a27bee5d11,UNKNOWN,UNKNOWN,UJJIVANSFB,UNKNOWN,BUILDING,2,REJECT
2,507cdc28aa8b4c172a3e6670ffc08f4a6dc3905ddc5193d1ee8743c467ccc48d,351869caf3fd82276cd55f84606b5b8a82957194ccbdf3999fb7c7241baafc28,ab6bd3d26dca5d10abda88b25e1a517c3ccb1cdec1280c888c03b96fa1657b44,ADJUSTED|RAW,true,2026-05-29,50fed538d942629afdb4615af324514809000d540ffc29f559344c02389bd263,UNKNOWN,UNKNOWN,PCJEWELLER,UNKNOWN,READY_FOR_CONFIRMATION,2,REJECT
2,50ce2d26a35289ed00fdb7419f39c27ab05be0cba4b148f900b318a34e7e145d,351869caf3fd82276cd55f84606b5b8a82957194ccbdf3999fb7c7241baafc28,82f4f5aba90ce6b61c052d5e0b0ecb9c0db1efcd33496aff33b201b50ca40478,ADJUSTED|RAW,true,2026-03-30,e7c5144fea96a26f2d63aa6859d69bcbb215d6e251af3e070069ea786f1fe95e,UNKNOWN,UNKNOWN,YESBANK,UNKNOWN,INVALID,2,REJECT
2,50e0b57a0111a49f3cd82c61fc9a4d0aeb5e13968b3e1696ca17cb7ce54eeeb5,351869caf3fd82276cd55f84606b5b8a82957194ccbdf3999fb7c7241baafc28,e2def77d5de04e22b1a4f1f830c9a5c3c7516399282c95d45ac1abe1cd1e0063,ADJUSTED|RAW,true,2026-02-16,bc3f0a41491d95b3c5ebdc9768c6dc39cebffe1bae47f45f9b776d9a912db6e6,UNKNOWN,UNKNOWN,OLAELEC,UNKNOWN,INVALID,2,REJECT
2,50e74338cc6949d7583641bf286d7fb7949d47d95d81f8ccc9b4b99bcf77c3a5,351869caf3fd82276cd55f84606b5b8a82957194ccbdf3999fb7c7241baafc28,a5e924847d26a27e87272e65d3ccbb19ab26597b40bd62f126f7ea08ff8bff22,ADJUSTED|RAW,true,2026-03-30,5a88c0c266fa46209b25f4637975b82dda213823c8f575bcd8fbf69f2fc4911d,UNKNOWN,UNKNOWN,LIQUIDCASE,UNKNOWN,READY_FOR_CONFIRMATION,2,REJECT
2,50f06191a6ababfa2a402e94fc7d10d8f9588ec056193dc95e8017116ed0e3f0,351869caf3fd82276cd55f84606b5b8a82957194ccbdf3999fb7c7241baafc28,f51bee755a3fb721d09e67821a7c2564b2f6aa8f381a7ff1ed745ed25dc5efad,ADJUSTED|RAW,true,2026-06-04,da4c9856a6305860d014dfd1cffe9c51b28d9ce2b7e844d7e421b94f127b957d,UNKNOWN,UNKNOWN,OLAELEC,UNKNOWN,READY_FOR_CONFIRMATION,2,REJECT
2,515b8a645b19215141c6b31077e93f881a6fe8ce609b59ec915824dcfce5429f,351869caf3fd82276cd55f84606b5b8a82957194ccbdf3999fb7c7241baafc28,da5368ed5a757b21994d12001a7f85431eec9fa58518f2ced1e5e6b45cc175f6,ADJUSTED|RAW,true,2026-06-16,63876124c0445ef3ed03a9353a5bb1ed31393d8570e594b475d490da211d1d37,UNKNOWN,UNKNOWN,YESBANK,MOMENTUM CONTINUATION,ENTRY_READY,3,REJECT
2,523ad690df373475e9cf000018d8097e83b12dd159f79df392b9c5bd212bdb69,351869caf3fd82276cd55f84606b5b8a82957194ccbdf3999fb7c7241baafc28,bd6f553cdd047e949b14b26d4dc9e225033b36e607f6022eb745e9036593fe2c,ADJUSTED|RAW,true,2026-03-06,c76c53d035c01640c94f1e1cf1e20f382a16ca4b6c538dfcdc6921c3db2bff8a,UNKNOWN,UNKNOWN,RPOWER,UNKNOWN,INVALID,2,REJECT
2,5247011bcb5d6ec2d2fe0633312d300dc83795e28602f29483dfdebf78403b9e,351869caf3fd82276cd55f84606b5b8a82957194ccbdf3999fb7c7241baafc28,3801d5c831f1ab8c3a228434a880c111bd08825e8a6b8f5a2d7746e91926fd90,ADJUSTED|RAW,true,2026-07-01,1d92a67515e84636a3fbceda9757783577af49d8be5ebd0e746579f3f9aaef59,UNKNOWN,UNKNOWN,PAISALO,MOMENTUM CONTINUATION,ENTRY_READY,3,REJECT
2,524bdafbef39cffbaeb3f983f4c908c363f0afe91194235a6baeb7d316976679,351869caf3fd82276cd55f84606b5b8a82957194ccbdf3999fb7c7241baafc28,85edc8275bc67714d8f4cf87252617ae8393a18db0c0351222cd347bc3ac0ba1,ADJUSTED|RAW,true,2026-05-12,4facf23847249556a2eb5df8e8f136d0d0dbc0fefe182810308cb24767f88ca8,UNKNOWN,UNKNOWN,TATSILV,UNKNOWN,READY_FOR_CONFIRMATION,2,REJECT
2,5254f3f9472048285f5000c4a5609527d917f2bdc60e9d11ce9e0b298f3360a8,351869caf3fd82276cd55f84606b5b8a82957194ccbdf3999fb7c7241baafc28,8859b6785114051270781494e71d199024521afc78d1d05f607d9ad322772119,ADJUSTED|RAW,true,2026-06-16,11388f97ae9a26b22a512ad4341d3cc225e68e40c8e32c862dc1e582b615557a,UNKNOWN,UNKNOWN,HDFCBANK,UNKNOWN,BUILDING,2,REJECT
2,525ea8b30191af247032f9ea63b4ad2a1c71efc1e1704466c9833149cbcb6e95,351869caf3fd82276cd55f84606b5b8a82957194ccbdf3999fb7c7241baafc28,ee625f18c2122552ce785456a688ba1f146bdcab4f3263da2f6e73bb0b8643b7,ADJUSTED|RAW,true,2026-04-21,f1fc15b2b93147b376257bb7b977ec93ec619ee869b7285d972ad11d9761d1c3,UNKNOWN,UNKNOWN,YESBANK,UNKNOWN,READY_FOR_CONFIRMATION,2,REJECT
2,52672881920390ec2481173d97539e4940df8b9e6f5bc4769f0717f414b95c79,351869caf3fd82276cd55f84606b5b8a82957194ccbdf3999fb7c7241baafc28,5ea9c4753ead85e89c391ddf633fe3142898dc477648c7019b3b2e6fcc1517ce,ADJUSTED|RAW,true,2026-04-22,f867a8377a63df43d25d414cce1b0ccf93875dc9ada3c2ddd7fcda5edd573e6c,UNKNOWN,UNKNOWN,YESBANK,UNKNOWN,READY_FOR_CONFIRMATION,2,REJECT
2,52b03370c6dd084169a207b142501e3b6aa61fda3e7992c508abdc6f825def88,351869caf3fd82276cd55f84606b5b8a82957194ccbdf3999fb7c7241baafc28,18f0ccfca55af66f4d0ee8b2f31e8f3a95d2ff639583bdd83fc1f8ee05cb82d0,ADJUSTED|RAW,true,2026-07-02,436ee5b43f7cdfde6a78a2339a71f941a512e1d5957075fe1d930c3e0b6df36b,UNKNOWN,UNKNOWN,DELTACORP,UNKNOWN,INVALID,2,REJECT
2,52d86d9fb22d5acea4dcf6439cb77097c328605dec29182432a7a73f2f2f5da2,351869caf3fd82276cd55f84606b5b8a82957194ccbdf3999fb7c7241baafc28,7526f2af1de384462d07f2d30775cdef04b7ad820f8912b19f664078239fc065,ADJUSTED|RAW,true,2026-06-04,7a1a5c78e5b92dfa2dab6798d6063c4165880604fcb60009cd8317035d2ec6da,UNKNOWN,UNKNOWN,PWL,UNKNOWN,READY_FOR_CONFIRMATION,2,REJECT
2,52f5b4b3e6a84e28811d2e690724a64c34c24c703da5138bc4ea56ec33dc75db,351869caf3fd82276cd55f84606b5b8a82957194ccbdf3999fb7c7241baafc28,b0b2e0294ab1a40cc62b8fd7e5579b7832d07b0fbbfbf1cbca64353b770bb7ad,ADJUSTED|RAW,true,2026-05-04,66f19843de1584c9a8ebfcc1031a2e27a81f80a2cdee12d46523430311a51f8e,UNKNOWN,UNKNOWN,HFCL,MOMENTUM CONTINUATION,ENTRY_READY,3,REJECT
2,52fe66bbd951a333030b2e4c5818517f11f37f59e6ebe773ed5c8fb007653c49,351869caf3fd82276cd55f84606b5b8a82957194ccbdf3999fb7c7241baafc28,5e402c056b714c43b5634c86d01eec00402f40160774e55f516bd7068332c0e5,ADJUSTED|RAW,true,2026-03-02,a6f7fb1f57616b8c6db19ea2eb87cc473a9a8a1c428c632df0b1655efe23facc,UNKNOWN,UNKNOWN,YESBANK,UNKNOWN,INVALID,2,REJECT
2,52ffa281a64bd9fd1970ffdb398fffce94f4869792b896b4a984e706f774130a,351869caf3fd82276cd55f84606b5b8a82957194ccbdf3999fb7c7241baafc28,ea1bee91087e6d523ebf468d13486461ff4a94d1d6c3fafc3be4cf529b56c9af,ADJUSTED|RAW,true,2026-04-02,7813906ddc25c9dc1fad32af954dd8d3711676a494336b9f15a7d7f170ece36d,UNKNOWN,UNKNOWN,IFBAGRO,UNKNOWN,BUILDING,2,REJECT
2,5338b01f9c390fb02a19078c1a131d0e7584a9f0d5fa126c099407336f2a1dbd,351869caf3fd82276cd55f84606b5b8a82957194ccbdf3999fb7c7241baafc28,a6f70ba9aa221ac7257d8524b82d7d92410ad3ac130b226c90a23567ac160ddc,ADJUSTED|RAW,true,2026-06-23,8b7b63aca5e23929cc5da38fbd7a12b149c7a5e59c7f7454f1150e040883636d,UNKNOWN,UNKNOWN,CUPID,UNKNOWN,BUILDING,2,REJECT
2,53507c6343b9740eec12fa0f0c5c430fb5dab75458054d4b58567f9b604b4af7,351869caf3fd82276cd55f84606b5b8a82957194ccbdf3999fb7c7241baafc28,7dee05d8790178424d4189429cc8121ea322cf236e0bafa0ae610b5a2da75317,ADJUSTED|RAW,true,2026-03-10,57f008872dd290378708bc1f05fd10504da2ef82082128b8f48b08d46872c3e7,UNKNOWN,UNKNOWN,IDFCFIRSTB,UNKNOWN,READY_FOR_CONFIRMATION,2,REJECT
2,539d264a819aba20578a20097ecd7d63ffaee5f6c797eeadfbe1459c9445799e,351869caf3fd82276cd55f84606b5b8a82957194ccbdf3999fb7c7241baafc28,88801cf9e7a95bd144fcf21a1175b1d07d733a417e809e7c0b037c2751b0ba3b,ADJUSTED|RAW,true,2026-04-21,bec8aa07205f5b1522f99676f59f94ee0bfc84be9f1bc99c8fdbec1cae4db218,UNKNOWN,UNKNOWN,ETERNAL,UNKNOWN,BUILDING,2,REJECT
2,53a5d372f82b14ca96f623273c28ce9e0679e7f7416eee11b15ef9b3fcffcb8c,351869caf3fd82276cd55f84606b5b8a82957194ccbdf3999fb7c7241baafc28,04a51be5736e7103eb31d3672314dcd092286604926e71a5f2261ec7816b22b6,ADJUSTED|RAW,true,2026-07-06,0e9ad5c1e4f652ab16599354378eae061ad0c2df093628873aae1af6e96a0265,UNKNOWN,UNKNOWN,GVPIL,UNKNOWN,BUILDING,2,REJECT
2,53ba168c6dbd3c7ab063d32815e84569d1f2d04d193553e35e2fc0702693f96d,351869caf3fd82276cd55f84606b5b8a82957194ccbdf3999fb7c7241baafc28,dc6327c370b459da80d5e6770516ca9d7640e572946c9ef51c9c6d2c41d5cc14,ADJUSTED|RAW,true,2026-01-01,a504000271d389dcd58ef0e61bf8af277a137c09bbd1b3bba3c87bd2bfcbb911,UNKNOWN,UNKNOWN,FILATFASH,UNKNOWN,INVALID,2,REJECT
2,5450bf1cce81ebe44948d485de0357aa9b950abaf7a259073f5cc4a35c363b7a,351869caf3fd82276cd55f84606b5b8a82957194ccbdf3999fb7c7241baafc28,ba439ed432dcc647ec7d7423bbd69f82868f09c819b5dc43b9835cc5cbdbb030,ADJUSTED|RAW,true,2026-07-16,7969b56b99b4a045ea3a4f4e13fb43b076edf347f00f489a001852149681e2d9,UNKNOWN,UNKNOWN,PCJEWELLER,UNKNOWN,READY_FOR_CONFIRMATION,2,REJECT
2,5472eefb205c79d37d21d00a0795bd9f80decafe856508be6223ee8e356db84c,351869caf3fd82276cd55f84606b5b8a82957194ccbdf3999fb7c7241baafc28,83e91cbaf8b08fc5a6a7a62c9414f54638bc267d6a3c46d147409fce9ddd51a6,ADJUSTED|RAW,true,2026-04-10,9804d3693856051701e52ee5e08de52fee2116e27a7dd7596fd7bcd908936917,UNKNOWN,UNKNOWN,LUXIND,UNKNOWN,BUILDING,2,REJECT
2,54f60589ef3adbc1ec2b9e6fe9a67bf2fef4c62cb4ddbb3e4404012db2e532a2,351869caf3fd82276cd55f84606b5b8a82957194ccbdf3999fb7c7241baafc28,975763517c37989751f45092f2b8b0bfe1b8189216a2930ae705fd4c04ceb918,ADJUSTED|RAW,true,2026-06-23,b6d079c103734d0cac78c47da3eb18cbccd3c24c3b53ce69b18d4aee44069ece,UNKNOWN,UNKNOWN,JPPOWER,UNKNOWN,INVALID,2,REJECT
2,5504b03f3f0f49f19146ff9631cf08e8e38c1c3b0f97c62828d1c5bc104481b8,351869caf3fd82276cd55f84606b5b8a82957194ccbdf3999fb7c7241baafc28,05cd053ec85490ecc4f836050999d9d228b8ebe9166f6ce3236f048e33a7b235,ADJUSTED|RAW,true,2026-07-16,ee2871da21575912c6aa50abcf390d65eac0a69ee233b5a5ef8d0386d4aea4af,UNKNOWN,UNKNOWN,TATAGOLD,UNKNOWN,INVALID,2,REJECT
2,5586dbe22c33d8e030eef709fbec869ff06b86853c08de00ee3d9fcf23acc4e8,351869caf3fd82276cd55f84606b5b8a82957194ccbdf3999fb7c7241baafc28,d15bac68a643008e4e5c27973675672aa59124f535bbfa34427ebdf0a077d03f,ADJUSTED|RAW,true,2026-02-18,364608bc08b85acb9c120a19bf1b37f0746faf952916369a3417875263f45bed,UNKNOWN,UNKNOWN,TATASTEEL,UNKNOWN,BUILDING,2,REJECT
2,55cddb623a0396acbe577a754c9c28e16929d21ba25d7c05b8bb6a1c54cfab7a,351869caf3fd82276cd55f84606b5b8a82957194ccbdf3999fb7c7241baafc28,4495b6034bd4c1dfb32213d83fc745d51b7cf997c3e5a11d2c1d6ed3744ebd3d,ADJUSTED|RAW,true,2026-03-24,6e9629b4b98045e1cc9b562d21799645d2786e9d82fbdbb0c9b3ab4e0f2510b1,UNKNOWN,UNKNOWN,HDFCBANK,UNKNOWN,READY_FOR_CONFIRMATION,2,REJECT
2,5628898259cc5e39e70d2e325891f480e97829b75f5d567efa798a07b4d811cb,351869caf3fd82276cd55f84606b5b8a82957194ccbdf3999fb7c7241baafc28,621a6c033091f654cba9581ab668bc34629e0aa627ccd2f2cc27b85d19fabc47,ADJUSTED|RAW,true,2026-07-14,9b8103ada28895a3ce9ac29bb092ca6cabf57d9bf7ce04b5ac958c27ddf211e5,UNKNOWN,UNKNOWN,TATSILV,UNKNOWN,INVALID,2,REJECT
2,564a4d001067e543de9991af919fbda756b49510212c777f666fb0301f97371c,351869caf3fd82276cd55f84606b5b8a82957194ccbdf3999fb7c7241baafc28,6b2112c597a654d20983c2bc28417a05a5106ed56f02c649b304051e48f15971,ADJUSTED|RAW,true,2026-07-16,cb5942fe90a110298ede5d78ffe74ef2a31093515d5528cf1c4a47889c678424,UNKNOWN,UNKNOWN,PAISALO,UNKNOWN,BUILDING,2,REJECT
2,569486f2113e1f8f824b8718aca474492ea2746f195972afe47edcc1849934d0,351869caf3fd82276cd55f84606b5b8a82957194ccbdf3999fb7c7241baafc28,92d2413796b66c10e7c5a4d018340f8c128d2b7f1d1c9604c7c2f29a32e9048a,ADJUSTED|RAW,true,2026-01-07,a8dd3dcb2f6e352a8331aa81874007ba7f48d800085a4e1eaab821db3e4abb13,UNKNOWN,UNKNOWN,HDFCBANK,UNKNOWN,INVALID,2,REJECT
2,56a2357be667e3600ca433be3254c1c2cf60eab4cc92b931038a4227ccf23f68,351869caf3fd82276cd55f84606b5b8a82957194ccbdf3999fb7c7241baafc28,0bbea81f3d7a5a7fb1a6062de8d5975bb57bc127ceb35dd45b62d8f3167da421,ADJUSTED|RAW,true,2026-05-12,53c29c7e4afca23414b55d09d357eafaf47481adeca31f32c7e5d6e457e9ffdc,UNKNOWN,UNKNOWN,MODTHREAD,UNKNOWN,BUILDING,2,REJECT
2,56bede58d9ca0da91e650233da8f4fbaf15ad3263b7ba2a60985d5ca4e0cf99a,351869caf3fd82276cd55f84606b5b8a82957194ccbdf3999fb7c7241baafc28,8ea19391e525e1053a94ac26b4a85b048341c3d8a5b88bdcff738581bd211643,ADJUSTED|RAW,true,2026-05-12,d78bdc9879c9773dff5c21b6b53ca4c065f8a7c9b0ec61f3421073153338ce3a,UNKNOWN,UNKNOWN,SEMAC,UNKNOWN,BUILDING,2,REJECT
2,56f332bfe47f5fe91383010c9f34986461f9461d361a859c8aa20f46e59c5294,351869caf3fd82276cd55f84606b5b8a82957194ccbdf3999fb7c7241baafc28,88a410806e78adfb5527eb5c0e0f99dcb86f77d74757c64486f62ca7638047d8,ADJUSTED|RAW,true,2026-07-16,667ba64286189eb02032a585cb3c365505d095aa801ec5389bbb6490c6093fa2,UNKNOWN,UNKNOWN,MRPL,MOMENTUM CONTINUATION,ENTRY_READY,3,REJECT
2,571da66eae3f2e788f38164ef5c5a10e81662991ab929de12af8a3ab2bedf80d,351869caf3fd82276cd55f84606b5b8a82957194ccbdf3999fb7c7241baafc28,fcc6cb9d7200467af3bbb9606be1485d1d1f1496e59b8b5e07cb393ef8130eb1,ADJUSTED|RAW,true,2026-06-29,46a6ffbb27e5a2598f847d728d2144909931523019131b98371ad6214f316083,UNKNOWN,UNKNOWN,CANBK,UNKNOWN,INVALID,2,REJECT
2,574fbb11bd3cb3a46550c97a0d98d641848dcf84658105446ef9375f516c3769,351869caf3fd82276cd55f84606b5b8a82957194ccbdf3999fb7c7241baafc28,09bffc9a500dc167b5cc3d3e85f586d56f1f8729f7f75d2763218329185277f7,ADJUSTED|RAW,true,2026-07-16,0ae34b8a8c3e15abe5fa812c9c3d38b66b8a35966bebbf0b29ce91b85ed1ff0c,UNKNOWN,UNKNOWN,BHEL,UNKNOWN,BUILDING,2,REJECT
2,577387b8339384753a59059bfd98b0837ec476ca78214cc2eadb9867601a2d9e,351869caf3fd82276cd55f84606b5b8a82957194ccbdf3999fb7c7241baafc28,822e1cc1afc12ac2e5f9b54a36c679a1780b67a65933b30052ffcaabc553c435,ADJUSTED|RAW,true,2026-01-14,2b378c13cef64f4232f4a2660dae98869fdd260e76d97d324ac4c362943e9a04,UNKNOWN,UNKNOWN,PNB,UNKNOWN,BUILDING,2,REJECT
2,579685d6d9250fa96db61a34225b1c6e69fc021a04049e4c8fedfe3730126545,351869caf3fd82276cd55f84606b5b8a82957194ccbdf3999fb7c7241baafc28,5db77ad10d127f4c599ddba828eea41660612a1de488e2f5d70f9e86e4e28151,ADJUSTED|RAW,true,2026-02-09,5c4ebf0a4742496deff5d8448a07d1585f02ba0bff90ea9641ec4348f4c64103,UNKNOWN,UNKNOWN,PCJEWELLER,UNKNOWN,READY_FOR_CONFIRMATION,2,REJECT
2,57db4b14f51a4e49a91c679025da244474b44c217d7445c9c5310dae227842aa,351869caf3fd82276cd55f84606b5b8a82957194ccbdf3999fb7c7241baafc28,ab23d765e5c471f7e88f936d4268271978c2f303194f97540c8dbce85c8bddbd,ADJUSTED|RAW,true,2026-04-07,3c3fb88e68ae354f995223c674d61b3d9b00aa0fd78e5b7dd49767d567af1ecc,UNKNOWN,UNKNOWN,PCJEWELLER,UNKNOWN,INVALID,2,REJECT
2,58859e387049741dbb4cf06e45d7ee3b8f01a246b1553c163cdc5f6956086975,351869caf3fd82276cd55f84606b5b8a82957194ccbdf3999fb7c7241baafc28,46403db2300a3afbcaf5bef1c47d9430aef93d2fdb5b1951a304a6ca8641162b,ADJUSTED|RAW,true,2026-05-14,eb219d9eb234d164130f1509c5eaa2c75a9dfbc24f49ec71cfc5561ed80b7224,UNKNOWN,UNKNOWN,GOLDBEES,UNKNOWN,READY_FOR_CONFIRMATION,2,REJECT
2,58bdc3af63ed1888fd5653597f4740c518e00dc407d301a2b976a80300bfeea1,351869caf3fd82276cd55f84606b5b8a82957194ccbdf3999fb7c7241baafc28,d8e67642507ea69d0d12fedbfb506ba39f4b45419fcfef9e7897f1bc6f6a4454,ADJUSTED|RAW,true,2026-05-12,a5a6d1a38aa4d7ffd279b90fd75f42f27cd9ba71383ee129ee554472e0446d02,UNKNOWN,UNKNOWN,PARADEEP,UNKNOWN,BUILDING,2,REJECT
2,58c016b1e93a6eeb7965b931cdcdc8817a96ef74f8ed7cbdfd66a5c5ec5de0c1,351869caf3fd82276cd55f84606b5b8a82957194ccbdf3999fb7c7241baafc28,1f07184aa8eee0154ded948e16d23c0710446e2eeb5c34e2ddb3bd62f39c4a95,ADJUSTED|RAW,true,2026-04-06,a9742e3c3ab59d77d198358898ba65fbc568173f5b00757238b2665a66009819,UNKNOWN,UNKNOWN,LIQUIDCASE,UNKNOWN,BUILDING,2,REJECT
2,58d05f363978a145a5909417443c344f83a91067b4fb50884d21a2e162e7dae8,351869caf3fd82276cd55f84606b5b8a82957194ccbdf3999fb7c7241baafc28,f0191d2807a9a5127be9b17784d3a85ad0c1460c548b292934a748cd30b1f9e9,ADJUSTED|RAW,true,2026-06-09,8526dc16deb24e3621a91599f7597969560fd1462fe59ce8947bfa8174d7755b,UNKNOWN,UNKNOWN,CUPID,UNKNOWN,BUILDING,2,REJECT
2,58dd31a35d5636691c91132b698383e1bf12735c25f14f45942bc2aad839caa2,351869caf3fd82276cd55f84606b5b8a82957194ccbdf3999fb7c7241baafc28,54d6a386f4ee3d67e2033c7d0b9cf3a53636013cb85bc9058a06d9e232e460fb,ADJUSTED|RAW,true,2026-01-19,0f4c5cbd23c24a90027c43f7a6dd520c7209bc1530431e53c8ab675b245d04e4,UNKNOWN,UNKNOWN,YESBANK,UNKNOWN,READY_FOR_CONFIRMATION,2,REJECT
2,593f18f54e929fc00bcdedc329a8521a5c1f865142e7ac6e60064920f49d903c,351869caf3fd82276cd55f84606b5b8a82957194ccbdf3999fb7c7241baafc28,608fcab37c94e8d9f2ac28831bd0b0285dfafe6c7b7cc4fffbe785e1c31d4f27,ADJUSTED|RAW,true,2026-02-25,fdd33d9b3fb28450f973f14034a59e5c092b7ec7114fa1705b16fcabe0af61c2,UNKNOWN,UNKNOWN,MAHABANK,UNKNOWN,ENTRY_READY,2,REJECT
2,59ca41bfb0c03fcb9bb4fa3de9577fc194d59ae56384f30da00ba2824ee4f11a,351869caf3fd82276cd55f84606b5b8a82957194ccbdf3999fb7c7241baafc28,15f2bd7c1e97a4587363d5c3d8a855d189d38594cf8ed101b45919831bae2c7a,ADJUSTED|RAW,true,2026-04-24,7bf5fbde660a9382b46d6094687149e7769195b4c506f09ef75d3cf2a2e67817,UNKNOWN,UNKNOWN,JPPOWER,UNKNOWN,READY_FOR_CONFIRMATION,2,REJECT
2,59d90c3ef240c02abb1159e6c56d7ddc6452b5e271073cdf407b2f3ed36e5540,351869caf3fd82276cd55f84606b5b8a82957194ccbdf3999fb7c7241baafc28,5dd74dc4abec1f8fb0ebf59f57df12553445274e308066c6019fbb73dfdad652,ADJUSTED|RAW,true,2026-02-03,897dac9c7c4eab08a0862483502d9837b150bac544292412a9837f9dad9680d6,UNKNOWN,UNKNOWN,POWERGRID,UNKNOWN,BUILDING,2,REJECT
2,59ee9046e6a9097804ba48b51f38b46c08ea2dcdbc101ba2189fb67978de1bac,351869caf3fd82276cd55f84606b5b8a82957194ccbdf3999fb7c7241baafc28,f85501a73904a0327ac1c7e179ba66717fb79d9fbf5bb58d96cec75334fba99e,ADJUSTED|RAW,true,2026-06-12,355eee4690201aecf7e697cc3ff048657426921720fbcc97184c6b586778d0e4,UNKNOWN,UNKNOWN,GOLDBEES,UNKNOWN,BUILDING,2,REJECT
2,5a1b2a6d7d9967275971eda0b97dd81d20042c7e026365a3f83e46539a793b49,351869caf3fd82276cd55f84606b5b8a82957194ccbdf3999fb7c7241baafc28,d5561ab6eca828fb3b32c28fa5a48112a46e66be136d0567ac7bb82a8c9d55d5,ADJUSTED|RAW,true,2026-02-26,5ee0eab6c64b33f4f9e4df1a9143c1e994d3a948ef77f5fe054168794ecd2b62,UNKNOWN,UNKNOWN,RPOWER,UNKNOWN,INVALID,2,REJECT
2,5a270d2eb2ca67de124db6581c38ecec387c0ceaf9ff994f78fcea4a2482c011,351869caf3fd82276cd55f84606b5b8a82957194ccbdf3999fb7c7241baafc28,5bfae3f851be478b35c96ce4d26b3e4e2a537e3342f8406d866393784868111c,ADJUSTED|RAW,true,2026-03-16,a3e86cf2ed8cfff940b12ed97076af9c5f0d6c67adee0b591c7d44f5370bc63b,UNKNOWN,UNKNOWN,ADANIPOWER,UNKNOWN,ENTRY_READY,2,REJECT
2,5a5100263689adf4229c1ae61077e1e66ef0fabd2f6fdb98c52b2538fb554ceb,351869caf3fd82276cd55f84606b5b8a82957194ccbdf3999fb7c7241baafc28,795a25073a89f80a63d6f3623a3f1d3f2038f92c7f31242415ad0d5e9dca15a7,ADJUSTED|RAW,true,2026-05-11,b8e7225354f91d75aaf9a09891341be44b29c72ce52590f04d73cc11e6021a89,UNKNOWN,UNKNOWN,TATAGOLD,UNKNOWN,INVALID,2,REJECT
2,5a75f3d86303a8fb05ec5ca3a6e6b200c56ca69682d4c0f188d68cd9017df04a,351869caf3fd82276cd55f84606b5b8a82957194ccbdf3999fb7c7241baafc28,4b013e3a9138bd86ea75fbf0240e3bf4c7223717f9830b788858ecdc96c628dd,ADJUSTED|RAW,true,2026-07-01,2636fa25f7b796a6e51ff18e2bca76fb11f09af379e2f9e9f86795f2b8dee1cf,UNKNOWN,UNKNOWN,YESBANK,UNKNOWN,READY_FOR_CONFIRMATION,2,REJECT
2,5a837d9de5fb9a35d51c64aae5ba0095ed5b6eea9d30e46abd9ac39a3473b96f,351869caf3fd82276cd55f84606b5b8a82957194ccbdf3999fb7c7241baafc28,0324d988c90f7827ba1d7b6c9cc1d9e1d61aa7330e6e41e66390272dd4e147e8,ADJUSTED|RAW,true,2026-07-02,5a9139bc88bf0589ab93a7e7e5b948b39369912a2e487ed2b84bd76eca733844,UNKNOWN,UNKNOWN,WIPRO,UNKNOWN,INVALID,2,REJECT
2,5a8a140faccb3ad015bc112c7532d6314d9ddeb0a6834f07bd4f5c795df7e119,351869caf3fd82276cd55f84606b5b8a82957194ccbdf3999fb7c7241baafc28,3499ec69cd279f68e1a663ae3c4b4c5bc7d6246276fa2bf41d196a9de4db10aa,ADJUSTED|RAW,true,2026-02-03,35cbbb61a7bfed4932c7db8722c977de9e4f81e2d90774a2e4ecfc9c2bc43552,UNKNOWN,UNKNOWN,TATAGOLD,UNKNOWN,READY_FOR_CONFIRMATION,2,REJECT
2,5a93c42afaca8b30abec5e5665e5e57beeda921f3c4e148e7370a32ede57a0ca,351869caf3fd82276cd55f84606b5b8a82957194ccbdf3999fb7c7241baafc28,8bfe524299af1e2c3ae7655de3d58a94e20e34fa39e2f22b0337c33a27902c86,ADJUSTED|RAW,true,2026-07-03,fe8b422479a66d4b5b8ecf2181ec67920e0158cd4b1202ce82dba8f2350532ec,UNKNOWN,UNKNOWN,ELECTHERM,UNKNOWN,BUILDING,2,REJECT
2,5b469a88c88c6a09b57a6ce20bfafc180ef08bbd8e190213f53c67b9b8c687be,351869caf3fd82276cd55f84606b5b8a82957194ccbdf3999fb7c7241baafc28,4d7a1efc145d58e1626a022f1f4ecbbe4b1c560edef2d32665e6db55a6ba07e0,ADJUSTED|RAW,true,2026-02-03,45f8a1f50829abfa0475bc9449b17b5f498fc33bcb14968282228a15dc79a867,UNKNOWN,UNKNOWN,SETFGOLD,UNKNOWN,BUILDING,2,REJECT
2,5b77bd522786de3a2c8a61c8750813680af3758b0f961fd99f38695da8f11510,351869caf3fd82276cd55f84606b5b8a82957194ccbdf3999fb7c7241baafc28,67c2bef2fca8cb190fa2579b90c09ddffc34990d07c1831169d3b5429e9071d2,ADJUSTED|RAW,true,2026-03-17,2301f807b550cd6d3eacd1b3887f82d1b4d082f007599daf1ab1b6fe7c9c68e1,UNKNOWN,UNKNOWN,HDFCBANK,UNKNOWN,INVALID,2,REJECT
2,5b78dcd1f42638b7efd666ba842eea7f5b22723f63ab696ae2efea74f9bdd5c9,351869caf3fd82276cd55f84606b5b8a82957194ccbdf3999fb7c7241baafc28,fe4495788c2f15ffe546cb6a2377d16cb8035e11deebb7c8e4ab9d907d52f81a,ADJUSTED|RAW,true,2026-05-07,e0aa63a632fade429ca15ed1071d9bb91c08fa977d6057d5e0bbcb0a0640143b,UNKNOWN,UNKNOWN,TATSILV,UNKNOWN,BUILDING,2,REJECT
2,5bf13b2799e1b7ea582f9b1513a89892bbd354650266ea6c687ff156f1a957d0,351869caf3fd82276cd55f84606b5b8a82957194ccbdf3999fb7c7241baafc28,2f5cc2ab6c88641ac370546d1e9faec36b0aa68ab16df7b5af4c675ed35950d3,ADJUSTED|RAW,true,2026-01-16,f0d8a42d562d8f9762f370663784305c9e2c239ed49fa2560da2f61cf2762c58,UNKNOWN,UNKNOWN,IFCI,MOMENTUM CONTINUATION,ENTRY_READY,3,REJECT
2,5bff62d503901f4f8fe25b91b16b7824252b7a74a352816aa44c3ddc3d87f3f7,351869caf3fd82276cd55f84606b5b8a82957194ccbdf3999fb7c7241baafc28,0c6c34c824decf3300121f59bc09da4f0a2a2bd7a522aa3b5525611ce8918ea0,ADJUSTED|RAW,true,2026-04-30,5bf1ef4479fb1be5ddc5f2eb9ae97535b493bee93add60c6e600bfeaeb4dd4b3,UNKNOWN,UNKNOWN,OLAELEC,UNKNOWN,READY_FOR_CONFIRMATION,2,REJECT
2,5c0cb40a4034dfcf8cf3e2bc4c030b879f06e6851ce299675617f7b30a318438,351869caf3fd82276cd55f84606b5b8a82957194ccbdf3999fb7c7241baafc28,609ea5c2097f2b3613ee003fdf199a89b9d027a31e8f5b3ed71e3eb60aa58520,ADJUSTED|RAW,true,2026-05-20,1c3414b2184448b3e5b4c46e5af573fe314ef65183c6893887470c98153176b3,UNKNOWN,UNKNOWN,IRB,UNKNOWN,INVALID,2,REJECT
2,5c153b5223b5935a88279a572d6764da208d52a9f0cc77ff30d3a3aa630d0052,351869caf3fd82276cd55f84606b5b8a82957194ccbdf3999fb7c7241baafc28,7e7da7e963782189ec19ab50bc474af28f34a342de73af443cd9b70ca923ce3c,ADJUSTED|RAW,true,2026-04-20,72b3a139adf9d264d9b947d3a6e864d9838efa42d4bae86fba4ade0573c12011,UNKNOWN,UNKNOWN,JPPOWER,UNKNOWN,READY_FOR_CONFIRMATION,2,REJECT
2,5c2145a1766fbeeb18542476e224ca7ba93846003a2e1c9f95f94471c48cacb8,351869caf3fd82276cd55f84606b5b8a82957194ccbdf3999fb7c7241baafc28,743866f76211eabffb112fd94a2757f07012d53ca938edaf1a871a4cf68294c8,ADJUSTED|RAW,true,2026-04-21,843325fc0c23e8538acfbc3d2e4c77949ab13d8734853a7ee1b6148f334dce01,UNKNOWN,UNKNOWN,TATSILV,UNKNOWN,BUILDING,2,REJECT
2,5c3199a985265f5d7b88a98a846a49488c14f4287d356dc23ddfa4412a198c3d,351869caf3fd82276cd55f84606b5b8a82957194ccbdf3999fb7c7241baafc28,2238e3b92743be4167df1fdd90a5ff6fde8443983acaddd8ddb34ef588628e1e,ADJUSTED|RAW,true,2026-07-03,73dc577a775b80f78413e43d1fbace28b3276b6e62adf28c806f6106f983dd1e,UNKNOWN,UNKNOWN,NGLFINE,UNKNOWN,BUILDING,2,REJECT
2,5c6b3c08ac62ee191511f78d86c2afac17c0e47bc3344bd650030eead31cf767,351869caf3fd82276cd55f84606b5b8a82957194ccbdf3999fb7c7241baafc28,59abee85f696e9be707975b9b2cf7c25b09e35b5fadf309b13f2672fce59b9d6,ADJUSTED|RAW,true,2026-03-11,3942d7a0b7243e5f735a98f0af22b010541ed4bba5c65fe58cd15b7b9acb31f1,UNKNOWN,UNKNOWN,FILATFASH,UNKNOWN,INVALID,2,REJECT
2,5c6e5b66a751f40bbd92b4a5d7bb24c539550f52750f2b6d0eb83a26cbde0515,351869caf3fd82276cd55f84606b5b8a82957194ccbdf3999fb7c7241baafc28,80a68b845a5c6a7da33c29244ab666bff86b85270e6ee15e137991fdd6ed6654,ADJUSTED|RAW,true,2026-04-10,7864ee7f3a6eaad311301a1fed44bfad735a9edc6ce1d714979d37be238c3865,UNKNOWN,UNKNOWN,BLUEJET,UNKNOWN,BUILDING,2,REJECT
2,5c70ee10decaf5adb74b393f19d5883714d37d15f077b435e4f6c11495d1eac7,351869caf3fd82276cd55f84606b5b8a82957194ccbdf3999fb7c7241baafc28,4d7bccc08ae925fd7701457daded56a58f979bab25e8e32da07cfe541be2f6a9,ADJUSTED|RAW,true,2026-01-14,33876073ebb64a3c05818c0b871b13e730d63e353c5d041b9cb9c162d3406a91,UNKNOWN,UNKNOWN,TATAGOLD,UNKNOWN,READY_FOR_CONFIRMATION,2,REJECT
2,5ca39cf08ef516b54977fcf68e910a66898731ef3eee3bafd3a2614a49be5022,351869caf3fd82276cd55f84606b5b8a82957194ccbdf3999fb7c7241baafc28,d0448118e989ea51e396ccf9b69dd033a73bc82f127f5d3f32accc1bdc06fd5e,ADJUSTED|RAW,true,2026-04-28,2664fb26f0df856fba435f9ada9dbb665b56259e25b5679cf4aa6c8f8bab57e1,UNKNOWN,UNKNOWN,JPPOWER,UNKNOWN,READY_FOR_CONFIRMATION,2,REJECT
2,5ca93792fe9c8c5496424933465b685ebd2c4e40484e22b71012dc20cb113f3e,351869caf3fd82276cd55f84606b5b8a82957194ccbdf3999fb7c7241baafc28,6fa7d592888b31835a250e19701c9356b64f9884d175d87ca94e7c5a0c823106,ADJUSTED|RAW,true,2026-07-09,34112187842605eee9236510305268c97e8e062035632edaff169a08b1926238,UNKNOWN,UNKNOWN,MAPMYINDIA,UNKNOWN,BUILDING,2,REJECT
2,5cc60285c5e20501c8a7d5d59891b5207c22d9c1a5840ff6f956993997b7e070,351869caf3fd82276cd55f84606b5b8a82957194ccbdf3999fb7c7241baafc28,414534e6feef6292855b12005b7b878cef059593b4443875790200cf2cbaba72,ADJUSTED|RAW,true,2026-04-01,8f04fc5f10737ff36b0666c70e2f3c1a012b08c551467d1246c055aaaa0de819,UNKNOWN,UNKNOWN,TATAGOLD,UNKNOWN,READY_FOR_CONFIRMATION,2,REJECT
2,5cd1842215d339dd0a8a9e24618622211fa17076b75153895e8578f0cf839c65,351869caf3fd82276cd55f84606b5b8a82957194ccbdf3999fb7c7241baafc28,b53ca0a554de1dfc65f9352f699e0e182ddd8ecab733473d1dda461b75e0f8d0,ADJUSTED|RAW,true,2026-07-02,344d564843608e7e137888298111de944daf37b9093ba9854d524249e4289a28,UNKNOWN,UNKNOWN,SKYGOLD,UNKNOWN,BUILDING,2,REJECT
2,5cd33b953418b605f2687c4743f9e2f2f667e5098084f0fd6802745c37340227,351869caf3fd82276cd55f84606b5b8a82957194ccbdf3999fb7c7241baafc28,9d0594e4c3e750e6e240cbf3c65348e69be4ae57421df9c227c03a98c8922dfc,ADJUSTED|RAW,true,2026-04-28,9af40899e9655681c8221a86b4d0bb62da7a5ff67cdd03990d9c6ceeb9ff0550,UNKNOWN,UNKNOWN,NMDC,UNKNOWN,READY_FOR_CONFIRMATION,2,REJECT
2,5d10e30b92aa43196e2ab63e9b19a9644e9d56d0b2c1ce038edf27327b2ec547,351869caf3fd82276cd55f84606b5b8a82957194ccbdf3999fb7c7241baafc28,5b75cd897be24eb9b43dbc78c78b58b8fa192f70668029e54d33848c7dfcf05c,ADJUSTED|RAW,true,2026-05-06,0ecae176ea8518b0abe5f7a108bf91c7872f7dd90031abef53d841fd488a2e74,UNKNOWN,UNKNOWN,YESBANK,MOMENTUM CONTINUATION,ENTRY_READY,3,REJECT
2,5d5db81f97e60dd7e630d4fbe755ddfd1dccb4e719bba955922a9feb5615480a,351869caf3fd82276cd55f84606b5b8a82957194ccbdf3999fb7c7241baafc28,1628d38405aa772d79fd6efef0d68ac879acce59a2379cf75446377769346e9b,ADJUSTED|RAW,true,2026-06-18,fc8c10f6a892d8119b359cf6de0ff53931d0a0e07951c755220e49f4ee63f334,UNKNOWN,UNKNOWN,REDINGTON,UNKNOWN,ENTRY_READY,2,REJECT
2,5d86cf852358907dda45d721e0cc8175d0684da99f1a53a863dd1ac402db106e,351869caf3fd82276cd55f84606b5b8a82957194ccbdf3999fb7c7241baafc28,14db495efde4c157bc5dd09ab38dfc002e2300b3924a30e8a9b8c78e96309618,ADJUSTED|RAW,true,2026-03-11,ce0d2df145c0d09eee3e7f2268dd8fce557bb1d8499c194984a4c2345611dec3,UNKNOWN,UNKNOWN,TATSILV,UNKNOWN,READY_FOR_CONFIRMATION,2,REJECT
2,5d9a02d543f0c6ddf4f693cdc78319f3e5e8a7a5e0b7a5d19abb3d609c7ea127,351869caf3fd82276cd55f84606b5b8a82957194ccbdf3999fb7c7241baafc28,2f87f4957d2e3c20c62efb1ecac9ebd878076dc14b58e2e961986264b41f2bf5,ADJUSTED|RAW,true,2026-01-06,a2cba25923091c08b481955f7e875754f1185823c73952b062e5a74736b0a0ae,UNKNOWN,UNKNOWN,OLAELEC,UNKNOWN,READY_FOR_CONFIRMATION,2,REJECT
2,5daa87dccf1ff82f4553010e91e8cae67535e6f03d259be1abbcc8e1f59ce9b7,351869caf3fd82276cd55f84606b5b8a82957194ccbdf3999fb7c7241baafc28,e37c69ebc1e1939b83799e36f71c48b25170d9f126b2f5bdf67911cb956d20af,ADJUSTED|RAW,true,2026-05-29,8c7b01218d6a8e841a70a0bd32592d9cc594d64e1067b8e473859b9676571428,UNKNOWN,UNKNOWN,MOTHERSON,UNKNOWN,BUILDING,2,REJECT
2,5de0350d17ac3df0b9e1a3c76b93f633cc07c71a966723a12df2a2d953a76d05,351869caf3fd82276cd55f84606b5b8a82957194ccbdf3999fb7c7241baafc28,75b6aa9b547e4a1a63a03ea0abbd2896b93bcf025b2382ee55d6c7a4a33728c5,ADJUSTED|RAW,true,2026-05-15,fe098ba6dd9628a3e125848645233f12f7b5e21358cb810356a708d8e9a7c088,UNKNOWN,UNKNOWN,JPPOWER,MOMENTUM CONTINUATION,ENTRY_READY,3,REJECT
2,5e15e33fb5708c6dd60948d685451323149806891310b0ae578984a9460174ff,351869caf3fd82276cd55f84606b5b8a82957194ccbdf3999fb7c7241baafc28,23b0638f6bbf08c369d5fd01f54d55667c5fed892f912427007f629000e98251,ADJUSTED|RAW,true,2026-07-03,aa99a0859a832b02289befc376cad227a15a83258ff4248c8e9fee94ee6b0c17,UNKNOWN,UNKNOWN,BUTTERFLY,UNKNOWN,BUILDING,2,REJECT
2,5e53e287c1cf81cf09cd1a9799a4ec87dd50f6c9d91825f3d53e87c74fa670b6,351869caf3fd82276cd55f84606b5b8a82957194ccbdf3999fb7c7241baafc28,ad8af38807d656996c33afdc41bf97ad54957f01b88239ea022cc80d2401d698,ADJUSTED|RAW,true,2026-02-05,a5542f96844f641ea28cf3c8bd124277a1930f004f9ef51578f9f99aec496aae,UNKNOWN,UNKNOWN,DEVYANI,UNKNOWN,INVALID,2,REJECT
2,5e6a801200732e09557b9f0ca9f6fe989354d194b504aac2c3badab99e1099db,351869caf3fd82276cd55f84606b5b8a82957194ccbdf3999fb7c7241baafc28,a615ccde7769eec88a0a54214a413c8affc71a7abcdafea7ce553d62d7816a3f,ADJUSTED|RAW,true,2026-06-03,fd8def2284cdb1265ccbb058aa2a8edb56e49f84c0904644d96e50bc4d968186,UNKNOWN,UNKNOWN,OLAELEC,MOMENTUM CONTINUATION,ENTRY_READY,3,REJECT
2,5ea84bbd2f3f8f0d3bf265ccb8b198abf4c0cdf001175bb6c231a92765e6d968,351869caf3fd82276cd55f84606b5b8a82957194ccbdf3999fb7c7241baafc28,1dcb276b782c354167e13a14bf3faf2604ba996d677893a0520e53a78a2ddc24,ADJUSTED|RAW,true,2026-04-01,1a1fdacfdab4a4ecb4e6ac84e47bb6fb601d250c3c7eb25500d7a36934f616e3,UNKNOWN,UNKNOWN,HDFCBANK,UNKNOWN,INVALID,2,REJECT
2,5ec373a2494e5c990a16fa036a159377b1313ba032c31ecc938cc3ee00fbf6c3,351869caf3fd82276cd55f84606b5b8a82957194ccbdf3999fb7c7241baafc28,814fb6e8a9fbb9b4af8e719a9436b60861aa97d6cdf723de10ce7fbe65cabe95,ADJUSTED|RAW,true,2026-01-29,593c1d8beee7c05ad49d97d3b40020ccaaf3cf9e452f720ad6c68072381e5368,UNKNOWN,UNKNOWN,GOLDBEES,MOMENTUM CONTINUATION,ENTRY_READY,3,REJECT
2,5f8bed670e952e0fd49365d560e2a1a2a753b43ec27cd185b488b4506d2c579a,351869caf3fd82276cd55f84606b5b8a82957194ccbdf3999fb7c7241baafc28,0989879e812ab19c17c7ea1b27b305c381e1c129ad3ea855081df752afef197f,ADJUSTED|RAW,true,2026-06-17,712c82dda08928d2f02c9cd2c81510e69637da040014541bc0c2e9526970be87,UNKNOWN,UNKNOWN,JPPOWER,UNKNOWN,READY_FOR_CONFIRMATION,2,REJECT
2,5f911e468a4eb0ea3d955fac05ab31daea2b1717d65620de6946c25b012e596b,351869caf3fd82276cd55f84606b5b8a82957194ccbdf3999fb7c7241baafc28,cd46bd5c0b880796da7e1b1d31899c3baf6a28df8f1ab25e28aafbb777a12b89,ADJUSTED|RAW,true,2026-02-09,a9bb2e47ed8bd7d14c11780fbc1bff2cea170d691adc67f6c5fca2c3997fa885,UNKNOWN,UNKNOWN,TATAGOLD,UNKNOWN,READY_FOR_CONFIRMATION,2,REJECT
2,5fedde0445474b799d788f3a23ef90ad213c11fee1d39b9947f6363fa089a8a4,351869caf3fd82276cd55f84606b5b8a82957194ccbdf3999fb7c7241baafc28,221808cf9faf526f96ca1c42c80bd52b7c8957b3e4c1f80274db3586700113ea,ADJUSTED|RAW,true,2026-03-19,23bf0bd186f524cb707262c0916ee7368ac3ab1ab7cf0a600a75b649c59556d8,UNKNOWN,UNKNOWN,GUJALKALI,UNKNOWN,BUILDING,2,REJECT
2,6035cfcf1b8455c3a164a02cbd36c226cb206412c817f7514aab827db3d547b4,351869caf3fd82276cd55f84606b5b8a82957194ccbdf3999fb7c7241baafc28,2531f6a11cb30994c897808c60c9702e21e31bad40fbfd62062699936b332cef,ADJUSTED|RAW,true,2026-03-12,6c6f134820b0da3083a82db08296e7033d42ee017e81e2bbade14196f76d7f03,UNKNOWN,UNKNOWN,YESBANK,UNKNOWN,INVALID,2,REJECT
2,604f0ecbd8627cabdeafea3e9097b50ac0a0d2f5a3ab7b82b86e24f1580b1e49,351869caf3fd82276cd55f84606b5b8a82957194ccbdf3999fb7c7241baafc28,2d0db311d2233755eb9a713760b7021904b48ce22aca0c9686e36970814e8144,ADJUSTED|RAW,true,2026-03-12,59624d710895c21646b3afc188ed16257b10a256699befd61a0d2d748210d03d,UNKNOWN,UNKNOWN,ADANIPOWER,MOMENTUM CONTINUATION,ENTRY_READY,3,REJECT
2,6129666e56985b7554cc4cb1c13aa206c9e26c11a9aed527dbb848431e8c2ae7,351869caf3fd82276cd55f84606b5b8a82957194ccbdf3999fb7c7241baafc28,3a44a1c0256d18eb7e39330f1138df1017c703bb907abed8dce4e4c6c28abc9a,ADJUSTED|RAW,true,2026-06-11,4bc85ad67e73ebd88ae544f1dd681990f863951d2035cb96a7f699638af7c649,UNKNOWN,UNKNOWN,TATSILV,UNKNOWN,INVALID,2,REJECT
2,617053331987a7ce22541232d1ca5c32bccbb08d71cdda1d1289c252dc4cc5c4,351869caf3fd82276cd55f84606b5b8a82957194ccbdf3999fb7c7241baafc28,9dc92f4cc21d008e28552d9869ba94fee37d4267ddd1380f388d4b86e305522c,ADJUSTED|RAW,true,2026-05-25,feb41ae7bb5d46adf7089bfc4a65a51deef96c65cd7dfaf800e54eb618ddec93,UNKNOWN,UNKNOWN,OLAELEC,MOMENTUM CONTINUATION,ENTRY_READY,3,REJECT
2,619291b79498e349146ff98539a5c610c8d7f7f17369a98aa93dded8094bc77b,351869caf3fd82276cd55f84606b5b8a82957194ccbdf3999fb7c7241baafc28,bb4abbbc0b1a10f701dd89bfa36c13314abb6ebb07c99fce47c2ff5c668856ae,ADJUSTED|RAW,true,2026-04-20,06e5f248883fceccb54067f8ff3399bca98a3d90f2b4ab8bd369a6c5b4eb3a64,UNKNOWN,UNKNOWN,ADANIPOWER,UNKNOWN,READY_FOR_CONFIRMATION,2,REJECT
2,619801878d68467345886903c5fd097f21fd0cfacee42a1859adaa68e454820e,351869caf3fd82276cd55f84606b5b8a82957194ccbdf3999fb7c7241baafc28,c9ac3b781637e6c9d7e6d0703430ac0ec1cc07ead8434320b01b92ff561f6817,ADJUSTED|RAW,true,2026-01-23,c2ea8b8523a33e3fe14d4f72d580042422b3580e328f46be07d9bf9c24bc4d1a,UNKNOWN,UNKNOWN,YESBANK,UNKNOWN,INVALID,2,REJECT
2,61dfd893f8aa587ae1a1f306706d16c5db27a13a5a8187c2a2fa5f1867798083,351869caf3fd82276cd55f84606b5b8a82957194ccbdf3999fb7c7241baafc28,22fd2cd51a69b9c8d93a29318979d30219abf0a2c66442b4885dc8a1a97ee4d3,ADJUSTED|RAW,true,2026-02-19,ca39b4baeb301f68a7aa16432f411248e29804ec822a09ac7dcd25beaa0ef301,UNKNOWN,UNKNOWN,RNBDENIMS,UNKNOWN,BUILDING,2,REJECT
2,61e196596cf7d6bb611f02a6f89a97af7b73757b502e4b263664c980b065c01b,351869caf3fd82276cd55f84606b5b8a82957194ccbdf3999fb7c7241baafc28,c14f40df1df3cf9119b2dfb1d10e3edd8bd5d139aa6fbc4d32e55c36fc202093,ADJUSTED|RAW,true,2026-02-05,b23a9acd551bb56cd6673c0ff0e4d236c554d1d08eaea9e23f7e29bb90fef794,UNKNOWN,UNKNOWN,GOLDBEES,UNKNOWN,BUILDING,2,REJECT
2,61ec89e13190d97ec0f6ae59f044c23f324faef8a69fb9f6484d3fbbe8c6413b,351869caf3fd82276cd55f84606b5b8a82957194ccbdf3999fb7c7241baafc28,fe32c6fe540d2dbee317eb72b8432d41fc73e6c9eae010f1093f99979aaaeafd,ADJUSTED|RAW,true,2026-02-05,f9d32bec3f3ba6beda2b923c1c3e3bd9fc0199b34414f7c01956cac52baa3b51,UNKNOWN,UNKNOWN,ASMS,UNKNOWN,ENTRY_READY,2,REJECT
2,62601fb8623867c352db8a623612102e6d17080991a90879c3eec88b07f696a1,351869caf3fd82276cd55f84606b5b8a82957194ccbdf3999fb7c7241baafc28,0190ebb730e2634867b72299f09691b037788eb945e121809be22b55a856be05,ADJUSTED|RAW,true,2026-04-13,1c970f513cb3f4c93db2866299d655dc6f6f2351a832483b68f0b7667c7f5dfc,UNKNOWN,UNKNOWN,GOLDBEES,UNKNOWN,BUILDING,2,REJECT
2,6277f004e5203462cb389df097163b5d145b822eaed945ed2efecded78e38fe5,351869caf3fd82276cd55f84606b5b8a82957194ccbdf3999fb7c7241baafc28,2042a10f0bd545662fa9a714942d32c494cf51095fbd4b2582df1bb1a9a741f2,ADJUSTED|RAW,true,2026-02-18,e0e2711814e88d6957cbb5b708e5921ceddc2a64c323fbb08a0cb3daf44fd172,UNKNOWN,UNKNOWN,TATSILV,UNKNOWN,INVALID,2,REJECT
2,632a09f688d106b8da19f276639bce24dcb03fa1b89e0050403e7ec4e94472c3,351869caf3fd82276cd55f84606b5b8a82957194ccbdf3999fb7c7241baafc28,f7882dcbb12f1f9dc2dd387896f79adb78bfc85a5628a0b275aca24406a7c96a,ADJUSTED|RAW,true,2026-01-02,e7c74bd1f73de0b2ba2cd2675e491a8ac6ba447012c649933309bcf935e1af3a,UNKNOWN,UNKNOWN,ITC,UNKNOWN,INVALID,2,REJECT
2,636358f0e7527803b58ded6f0cdde6f6108787aca63bc5f4d720322883b93165,351869caf3fd82276cd55f84606b5b8a82957194ccbdf3999fb7c7241baafc28,ed3b0be605f00826d61068f1dd42ccf84cb5bdb26712d982bf3b9cdbea23f646,ADJUSTED|RAW,true,2026-05-08,f020b6a0e1dd5c41aa1c9760e09714f4bc0314d06a82efe24d182d050597db27,UNKNOWN,UNKNOWN,TATAGOLD,UNKNOWN,READY_FOR_CONFIRMATION,2,REJECT
2,63ea0af4d3cc20c82d7a112f92b600cfd6a866706f2e555af1c65438387f56b0,351869caf3fd82276cd55f84606b5b8a82957194ccbdf3999fb7c7241baafc28,441ba96c014a300f748d90ec6edbe2d6484ceb6f93d3081bb4a734ad2afd9fae,ADJUSTED|RAW,true,2026-02-11,fc6c831e709630b0d6dd365dcf5146dddf91899a0190b156637f331f43af1717,UNKNOWN,UNKNOWN,TATSILV,UNKNOWN,READY_FOR_CONFIRMATION,2,REJECT
2,63f34f4d863caa49b6dd65959a3976b9aa91f7ca686807c7b68ef62faa4b3fbc,351869caf3fd82276cd55f84606b5b8a82957194ccbdf3999fb7c7241baafc28,ad6b0214045d8231b9ccbbac0ef0ce73c58420f2ed84373d322ee11b5f84ca90,ADJUSTED|RAW,true,2026-07-14,f309c630bb988e4b1dcdddd558fdfe49943b6635b4123ed5434159ea8678bcac,UNKNOWN,UNKNOWN,ADANIPOWER,UNKNOWN,BUILDING,2,REJECT
2,64757b2b4af9b12ee717a7bb70834579c61f763729b5f61ffe169ec61018799b,351869caf3fd82276cd55f84606b5b8a82957194ccbdf3999fb7c7241baafc28,d6ab224a1fd9292d7c4ddd3511c279c38d320b0fc2d9f62e110c6b362acee3dd,ADJUSTED|RAW,true,2026-01-19,823a5327280b2480879f0ff3f642bb9556222b911b5cc001a9ac48037b044ca1,UNKNOWN,UNKNOWN,TATSILV,MOMENTUM CONTINUATION,ENTRY_READY,3,REJECT
2,647627bed27bc006c38e98315ea433ec6cf50897a985e3b592f1ded083f3abd4,351869caf3fd82276cd55f84606b5b8a82957194ccbdf3999fb7c7241baafc28,6de1c6144824a9cf1cb180b7d76e3f4ff665aae67a8362804dac0ef3647d2dfa,ADJUSTED|RAW,true,2026-06-03,b6915b28917c84506727a572d3143239c9beab915bd2b59d09940478e1767797,UNKNOWN,UNKNOWN,YESBANK,UNKNOWN,READY_FOR_CONFIRMATION,2,REJECT
2,6495031c7fde3848bb3d46f3ec57db1d7998a8bc3a97d58ceeb85103afd9b616,351869caf3fd82276cd55f84606b5b8a82957194ccbdf3999fb7c7241baafc28,883bf3738212eee86d9871e4b9f597f71bc750f9e276f542a5f99292f7f2d1fd,ADJUSTED|RAW,true,2026-03-24,57f490f71f8a1b3425b4682d027ed3f6f5b614965e32febc0885e405f723bf63,UNKNOWN,UNKNOWN,JPPOWER,UNKNOWN,INVALID,2,REJECT
2,64a0d6cc77e6a48b744b0267314b4e1d93d8406b186994507707fb789937d5bd,351869caf3fd82276cd55f84606b5b8a82957194ccbdf3999fb7c7241baafc28,c77b370446a267e7929dcae50362eded1ed2ad7a08f2c440d8a991c54ade6d2d,ADJUSTED|RAW,true,2026-04-15,9809a6f4a171fe62f260c84b9c4315dc3ab3d80cc4f6421d36e9e1ce4af74e6e,UNKNOWN,UNKNOWN,PCJEWELLER,UNKNOWN,BUILDING,2,REJECT
2,653b4c314e799fbf746cb6971e4af4c696bbfcac2f649801c2d45cb5a9216c12,351869caf3fd82276cd55f84606b5b8a82957194ccbdf3999fb7c7241baafc28,922cb8cd37e6099a6c96babf7b768e142d2cc4483372cd37cfdd9d397346e355,ADJUSTED|RAW,true,2026-05-04,7ae113357d1d21bd3bbb3ad1abfdd6eb96dcffab8b5174e25f5b7cc4243e7aa2,UNKNOWN,UNKNOWN,MEESHO,MOMENTUM CONTINUATION,ENTRY_READY,3,REJECT
2,653ba2fd06f8de527fd0955d1a5111ad3b650848802cbd59f439c92b403bf9fe,351869caf3fd82276cd55f84606b5b8a82957194ccbdf3999fb7c7241baafc28,de7c132c5eeff7225ff37204e8647ed75b43b5edec8bfa08f8bc5e73e5ce2644,ADJUSTED|RAW,true,2026-02-11,e12adb62be1d43c3dce03e065b1bf7268ca685dbdb42e7b035666810f173e97d,UNKNOWN,UNKNOWN,TATAGOLD,UNKNOWN,READY_FOR_CONFIRMATION,2,REJECT
2,65600b8013118380e72f56555326f785f7fbb54e68187feeee73d063b43b711d,351869caf3fd82276cd55f84606b5b8a82957194ccbdf3999fb7c7241baafc28,b1075cbb253fa917471b748de23aea4713caa699f4be6fd171f40569842e9ce0,ADJUSTED|RAW,true,2026-02-06,6fb9589291cd13ff52a6e2748cc2abbc14a0df20d4fde7f0e57035807c7684d4,UNKNOWN,UNKNOWN,TATAGOLD,UNKNOWN,READY_FOR_CONFIRMATION,2,REJECT
2,6573c7b6aadd08e8e63b3923184ce1fee72e1e426e9357d95542d23ea7f3e341,351869caf3fd82276cd55f84606b5b8a82957194ccbdf3999fb7c7241baafc28,7a8eeabb5941df7819a72feb4eb7fee17a4d804ee4b77066adaf53d0e87565dc,ADJUSTED|RAW,true,2026-03-20,3de200a1cb13096433a426b24b56c31da0efda6aee3f09055aa805db76d7d60b,UNKNOWN,UNKNOWN,HDFCBANK,UNKNOWN,INVALID,2,REJECT
2,65a92afa36311c56ac850dcd12b0be5cfa6d1a6fcd7536089b3a14374555dccd,351869caf3fd82276cd55f84606b5b8a82957194ccbdf3999fb7c7241baafc28,b2336f7230bf6936f13f28cdfa36588eebf93c318a6e933648f5a19054fce243,ADJUSTED|RAW,true,2026-02-16,352e4960c90b3119c74961d10edf10ab88b6baa5eb75faf6fd961c1db796d00c,UNKNOWN,UNKNOWN,LIQUIDCASE,UNKNOWN,BUILDING,2,REJECT
2,65c736035eb21ba04be190d82e1aa802594f82c3ab3ea369386990b1d94a38ff,351869caf3fd82276cd55f84606b5b8a82957194ccbdf3999fb7c7241baafc28,a605a8291fc4539d24b5fcda513f7014ba64287853eeafc6f0de4fe6e6fac6a4,ADJUSTED|RAW,true,2026-06-12,d41ac37ccac4f0afed37127a21a2152402393d11c7b15f89e3f14eb6f315bcb9,UNKNOWN,UNKNOWN,YESBANK,UNKNOWN,READY_FOR_CONFIRMATION,2,REJECT
2,660cc86853d3ca6dcd4ada5c822cfeb4f282aedb8929b850c5bea04d0b7f8fd0,351869caf3fd82276cd55f84606b5b8a82957194ccbdf3999fb7c7241baafc28,6b5a54d4e40a5471225e62e2dad472fa190a667d171b58cc04a09feccf8dbad2,ADJUSTED|RAW,true,2026-05-21,11224b74a1898cfde9676064bff2316f61572579c8f61c44c03ffdaf03b5eed8,UNKNOWN,UNKNOWN,PCJEWELLER,UNKNOWN,INVALID,2,REJECT
2,66a9b72979681f3472833ecb76f173e1fd6a96a76bcaf969d777e3a60b3a82a4,351869caf3fd82276cd55f84606b5b8a82957194ccbdf3999fb7c7241baafc28,dee8c43447044db5a6a55fd04042ebb605dc213a46d57b981b0a12db0fc87aa9,ADJUSTED|RAW,true,2026-06-24,357710318ec88916bdf729ba13d468ae5a8bc2fea8ddcc41e95ed706c5af7741,UNKNOWN,UNKNOWN,ROTO,MOMENTUM CONTINUATION,ENTRY_READY,3,REJECT
2,66ac8eda4c8f77ddcf390dc7624b522abe95758462935fd241f4e50276355d63,351869caf3fd82276cd55f84606b5b8a82957194ccbdf3999fb7c7241baafc28,8bc85fe5c937063defd1d0a2037b2d3be034bdabbfbf7e341747a25c08274bf1,ADJUSTED|RAW,true,2026-01-23,5b879f428ca1d0efce56b50ac6184689807103fb7022da1159fb3f4473addf9f,UNKNOWN,UNKNOWN,MONEYBOXX,UNKNOWN,INVALID,2,REJECT
2,66e130bd2f858ddfc50f124a90b69f3f2339a9c2e0700b73dc2a4fb00218625c,351869caf3fd82276cd55f84606b5b8a82957194ccbdf3999fb7c7241baafc28,b17599b085bfd0431ccb7398871b0550ade4c49f2c945cc063bf48dc416d4d2a,ADJUSTED|RAW,true,2026-02-24,4e6be69f82a53a190d92a05aba96bbd804b8fdd3acb4bb5b9cdbeab7c2a847f3,UNKNOWN,UNKNOWN,TATSILV,UNKNOWN,READY_FOR_CONFIRMATION,2,REJECT
2,66e382c7182c5ab3041936a389592dcdbef145cfdce0dfff67e7ada54c7f2a42,351869caf3fd82276cd55f84606b5b8a82957194ccbdf3999fb7c7241baafc28,a6bce03dc20880229364538ee74e67be0691f02611cb37f9db0180abbf10ba4c,ADJUSTED|RAW,true,2026-06-30,9139ea511834ddbae2a36d836b301d0f86ac5d3034fc4eccfc549c3e41391eea,UNKNOWN,UNKNOWN,SAKSOFT,MOMENTUM CONTINUATION,ENTRY_READY,3,REJECT
2,66faeeef4f8cbe913bf0d1103a11e5d717c611b42ba113eae7ad700783963b04,351869caf3fd82276cd55f84606b5b8a82957194ccbdf3999fb7c7241baafc28,c838a0a2b5258fa21dfd92db6974b95852b0f58ec0747759c708b5394ac4e3a7,ADJUSTED|RAW,true,2026-07-02,71158273dd516707c02fc0145efadf79b861b81688265a57595b2df79579ef9b,UNKNOWN,UNKNOWN,OLAELEC,UNKNOWN,BUILDING,2,REJECT
2,677d276ebb0552c33a7666da8847561037f32b4a28c4006cea7455aa8adb2bea,351869caf3fd82276cd55f84606b5b8a82957194ccbdf3999fb7c7241baafc28,18a2e6edb288137890e27109222519837aef182eb103fda67a4c5b9923453e70,ADJUSTED|RAW,true,2026-04-23,74de4f88f5136d6e2a8479ebba21e6fbfc63ec4aa7fff1c44d2a0cb20048afe4,UNKNOWN,UNKNOWN,RPOWER,UNKNOWN,READY_FOR_CONFIRMATION,2,REJECT
2,67a4a8ebea22fabb7bb54e4c5b7f6f00b7d1280eb04404f98b3cd96844720cf7,351869caf3fd82276cd55f84606b5b8a82957194ccbdf3999fb7c7241baafc28,642ad5b1c6a6a1f65ca52dd566cb883e3a06e06be722703e3152886411f599e3,ADJUSTED|RAW,true,2026-03-05,a3b5f4e35e002f19f83344729348604eae1013084a385121dc86c4863aa070f1,UNKNOWN,UNKNOWN,TATASTEEL,UNKNOWN,BUILDING,2,REJECT
2,67cb86baea927fff961054f990580f33bf3b1270b969f180a186421fbec93fb1,351869caf3fd82276cd55f84606b5b8a82957194ccbdf3999fb7c7241baafc28,512dceab6d063e472916deb67add0b8bc455e52433c87fca12b5688e01b842f4,ADJUSTED|RAW,true,2026-06-29,73c9160c3ce6be98afe85030f77632d4a354bc8b9017cc123fc07dd984d412c6,UNKNOWN,UNKNOWN,ADANIPOWER,UNKNOWN,READY_FOR_CONFIRMATION,2,REJECT
2,6811f03c78a9ed15271d729726d710037b1234d1e27adb0d1108446ac2191a34,351869caf3fd82276cd55f84606b5b8a82957194ccbdf3999fb7c7241baafc28,b10feed0aa2242c7b182f1dfdcc7119043c7426685443995d8c54f6a97e88a0e,ADJUSTED|RAW,true,2026-05-07,231692262421235ac2c837e033347737cd24c130220dd7af4406b21790f6f625,UNKNOWN,UNKNOWN,ADANIPOWER,UNKNOWN,BUILDING,2,REJECT
2,68273c3a84ed6ed8397be0cc22db3ffc9a5760aa4b08dd3fbe7b59c051988d9f,351869caf3fd82276cd55f84606b5b8a82957194ccbdf3999fb7c7241baafc28,e8d2eb1e7c33e119c8ae7bfb91b22861fb165a45f346eda10576026af878919f,ADJUSTED|RAW,true,2026-07-13,4d712bff611c909ba674f76b824f5fc43e4808ab182c7e5974dfbae033c22708,UNKNOWN,UNKNOWN,ITBEES,UNKNOWN,BUILDING,2,REJECT
2,6846bfae0ecf9e76a2cf0a852bd21eeb292436e3c508328075f311c318287572,351869caf3fd82276cd55f84606b5b8a82957194ccbdf3999fb7c7241baafc28,08828241ef117ac7028709b24401fbea385bf2eebffc44f847bdfd66eb82446c,ADJUSTED|RAW,true,2026-04-29,2ea8f50b7f7b811ee45213489280524b59b1e0689d88103d7c5760fdc2820450,UNKNOWN,UNKNOWN,YESBANK,UNKNOWN,READY_FOR_CONFIRMATION,2,REJECT
2,68ab45427a55c8052eb4e19f9302464b1c14288d0552c8021517166a717be459,351869caf3fd82276cd55f84606b5b8a82957194ccbdf3999fb7c7241baafc28,bd43621c8ea7fc2ca0d8115a4f1ae49c4824c31550a9a7384cd787571e32d99f,ADJUSTED|RAW,true,2026-07-07,80554feeca01fe00f0620a17b9890cd04b80129f916a97bd1fddaddd58d27222,UNKNOWN,UNKNOWN,RITES,UNKNOWN,READY_FOR_CONFIRMATION,2,REJECT
2,68b7837e0278c1377e849e2bff362f74bab1679bb40b663f419eda5ee8e0f360,351869caf3fd82276cd55f84606b5b8a82957194ccbdf3999fb7c7241baafc28,2247424ecad17beb1e6ec6b316633b0359092ddab06cbb00ccde9d8b6a26b3cc,ADJUSTED|RAW,true,2026-06-25,023b4e949ff6fa8784d1f0fc740b83898ab5befc6a6aabe5d9da395b1dbc6e40,UNKNOWN,UNKNOWN,YESBANK,UNKNOWN,READY_FOR_CONFIRMATION,2,REJECT
2,690cbcdfd38e3880418f7c5aea6323e6eadccf2bd3cc1f9746880d584e1309fe,351869caf3fd82276cd55f84606b5b8a82957194ccbdf3999fb7c7241baafc28,f9ea617754d9c0c5242e4308bf5ee5e3f5137800e70624c63e0be37a6deed7f4,ADJUSTED|RAW,true,2026-01-01,a7dbc497d6886bbe314677abb3400347741217a6439a18c2667339172308e0f7,UNKNOWN,UNKNOWN,YESBANK,UNKNOWN,INVALID,2,REJECT
2,69208cd949cda04d0833ab0c38e73900ce8743cf1d480b4788ba70274e1c985e,351869caf3fd82276cd55f84606b5b8a82957194ccbdf3999fb7c7241baafc28,eb4ae06811b6927903320ccd6be14f54dac37503eaa046086f76048a6e4f922b,ADJUSTED|RAW,true,2026-01-05,bb5a88a51da89522a473cedf990ae69589c45fcdc50e410acbfa92c959edbaf1,UNKNOWN,UNKNOWN,GOLDBEES,UNKNOWN,BUILDING,2,REJECT
2,69456514c498106e19e9a11bfaefca5464514a01287628f5fe5401d4c50f5903,351869caf3fd82276cd55f84606b5b8a82957194ccbdf3999fb7c7241baafc28,daecec2ef50bea7a586fde4184edcacf5de26b6fc0be924a1f28073565571af5,ADJUSTED|RAW,true,2026-05-13,a100dfe54de8782e637fa91367316ff1fb746ed6eca68b5575324c8260df1408,UNKNOWN,UNKNOWN,TATSILV,MOMENTUM CONTINUATION,ENTRY_READY,3,REJECT
2,694ab456f34e8313d8a183e8c6978eab46a6eaed5cbcd04104a4adb7fc5bad56,351869caf3fd82276cd55f84606b5b8a82957194ccbdf3999fb7c7241baafc28,b2da762f175019eb5c6fdf6ffceb572f02d6118a0e2ac91aa09f38e608624523,ADJUSTED|RAW,true,2026-07-16,ce650f3941bc08497d3ed660225804b6908b7af74c0ffe7b52dd747a2bfdbc5f,UNKNOWN,UNKNOWN,CYIENTDLM,UNKNOWN,BUILDING,2,REJECT
2,694d32147816d75f9b058eb2a6cb6a97b9b0f3383af16485781ecd1a7f800c1b,351869caf3fd82276cd55f84606b5b8a82957194ccbdf3999fb7c7241baafc28,abfec5167a5f3b2a59b01b0df6523847d54cf561f0d217466554b17906587ca9,ADJUSTED|RAW,true,2026-01-29,16610c949518dc1cdb96e45188c96964420de4a8394ac430ac024a5ca7b5e946,UNKNOWN,UNKNOWN,HINDCOPPER,UNKNOWN,ENTRY_READY,2,REJECT
2,694d78a012d137816757366d9c975872379e15f3722235787257d6a89f9981f0,351869caf3fd82276cd55f84606b5b8a82957194ccbdf3999fb7c7241baafc28,efca9cd13353b69409c1aaedb4d23169b54189dce3a9f906c3129f205292af03,ADJUSTED|RAW,true,2026-03-06,65120e48f8744a7b32df8b695a1b4ae911b25e8e0d5d793c8ad2c1d56f6b9b8e,UNKNOWN,UNKNOWN,GOLDBEES,UNKNOWN,READY_FOR_CONFIRMATION,2,REJECT
2,699627b06409c950cf8b9c98ac368eb720bfad4c84c68b1585e9236bdd673697,351869caf3fd82276cd55f84606b5b8a82957194ccbdf3999fb7c7241baafc28,d6d6e2041c89a53bc6fe45282cdcbac8a42f3a53f9a3e99853c730fd9c9514d1,ADJUSTED|RAW,true,2026-02-19,cb271df29921bd5d0a8c243fa5a026cf6f56061605cb3a130f01f4e5d8458e0b,UNKNOWN,UNKNOWN,EASEMYTRIP,UNKNOWN,READY_FOR_CONFIRMATION,2,REJECT
2,69990288aca608023704313d3a478c4f8041f52442481ec8a4551e02174d0c90,351869caf3fd82276cd55f84606b5b8a82957194ccbdf3999fb7c7241baafc28,885d94f5ae2cf59e81df285087818970d4a0bce2f2ff51e95498f78313732d58,ADJUSTED|RAW,true,2026-01-09,969ed5fa2ab80b38ff942963c9756e3c4c7cee5b2e46e9627ac83b429ae00c39,UNKNOWN,UNKNOWN,DAVANGERE,UNKNOWN,ENTRY_READY,2,REJECT
2,69af9a99da5c6778283a51ac5c51d1c355100a709db50b0b6941928eaaf31b11,351869caf3fd82276cd55f84606b5b8a82957194ccbdf3999fb7c7241baafc28,61844de8bd9b75dbd0fae608f6d88fd8015841c81e8e548204a168ccddd72b84,ADJUSTED|RAW,true,2026-01-01,dd05202d9b0280a72b72a29edb0194dd4c46251c4a1ebdc904bc5c0017304931,UNKNOWN,UNKNOWN,TATAGOLD,UNKNOWN,BUILDING,2,REJECT
2,6a005a19ae96afdcdf38826a322ed1a1005b1e8a38d3d6c49215d0efa52051ca,351869caf3fd82276cd55f84606b5b8a82957194ccbdf3999fb7c7241baafc28,f99b1e2f834e6f06dfc75bc6bf66f878e3d07feeaef625a5c4e8baea5bb039d3,ADJUSTED|RAW,true,2026-03-30,e7db985362051368bd3859502e0e8e6ba8348a937102648a2452906706d0ade4,UNKNOWN,UNKNOWN,HDFCBANK,UNKNOWN,INVALID,2,REJECT
2,6a18032336b536433ee5781a20abce0ba41710b16e815b7df1560ceda800b1a3,351869caf3fd82276cd55f84606b5b8a82957194ccbdf3999fb7c7241baafc28,54887fa8dec83ea0dafaa6aae7dda32a4c30cf63550e67fb489a1ead31ef5e1a,ADJUSTED|RAW,true,2026-04-20,331e4ceb03a2c2407bdff8465393667137fdd376c99f2e08f5976c47c629a5e4,UNKNOWN,UNKNOWN,TATAGOLD,UNKNOWN,BUILDING,2,REJECT
2,6a1975c0f998bb578c8052ed3c8e48410b23fdc7bd4b2936e4fd38d0dfc7ad8e,351869caf3fd82276cd55f84606b5b8a82957194ccbdf3999fb7c7241baafc28,5df8e7cf85f6202cd54d78766bf9374f6821a4934dd0b27102cf216a6625d267,ADJUSTED|RAW,true,2026-02-23,eea1810a84b5d69f0924dc9af8dcdfdac198574576841cf51debf54cf0a6109d,UNKNOWN,UNKNOWN,GOLDBEES,UNKNOWN,BUILDING,2,REJECT
2,6a1aa1299219ab6da3ab02c0a3bd2bfe00a1d4bb783fdc802eef38bfa1cd5773,351869caf3fd82276cd55f84606b5b8a82957194ccbdf3999fb7c7241baafc28,b1a04a237d7abae29c9289d6ac38c1e01f9b8fa4487bf17b64f5bdc9b4cef07c,ADJUSTED|RAW,true,2026-02-26,8b1234e647d791ee43049d416dee691f4df30e408f3d9baa40c0386547ac3a4b,UNKNOWN,UNKNOWN,TEJASNET,UNKNOWN,INVALID,2,REJECT
2,6a35aa30a7a3694795ea7404ae2acec0f1d349fe80f4ff4def437ddbb76bec47,351869caf3fd82276cd55f84606b5b8a82957194ccbdf3999fb7c7241baafc28,98ade49c2985cd38d62f901c55a58ad9e056cafc57e30424bbfb7513f5ec8776,ADJUSTED|RAW,true,2026-02-04,437a1e60b24160ba85a442d13ea76ba8b215e03f4f5b9d798b6016ca11c4b951,UNKNOWN,UNKNOWN,NMDC,UNKNOWN,BUILDING,2,REJECT
2,6a6c02438bf91f0085fa11e6929034c5982c3a0ee1ebd020505f900a6ccd8764,351869caf3fd82276cd55f84606b5b8a82957194ccbdf3999fb7c7241baafc28,9dc9786a00ae40b00669d94a4838afe797b179d9298fa79cfb95883aa1e896a3,ADJUSTED|RAW,true,2026-06-12,0141eb21e7d084fdd339acbeac4cebaa2284eae4a6b96286a7cedcd5ae48651c,UNKNOWN,UNKNOWN,MMTC,UNKNOWN,ENTRY_READY,2,REJECT
2,6a723727fc33a7bb395997f4a8ad46c915e3b6023aa5dbe765643aa128fd6222,351869caf3fd82276cd55f84606b5b8a82957194ccbdf3999fb7c7241baafc28,204c35a8e205c215bba481ddbe6cf45354e2a41ee0fb94d94117fc821da1c8b2,ADJUSTED|RAW,true,2026-05-15,9a8afaff548f75e48d2466c6f20550e4d67b722dd21b81cbbb4b319dd5823320,UNKNOWN,UNKNOWN,WAKEFIT,UNKNOWN,INVALID,2,REJECT
2,6a8e7cc6da683f0f4bffa96cc25bb68314dd759bedaa5c6e9c4aa270152c551c,351869caf3fd82276cd55f84606b5b8a82957194ccbdf3999fb7c7241baafc28,ad152a003cb9b50d0ecac64f421c9d7cfdebd09a77a56a3d1cf835bca555cf30,ADJUSTED|RAW,true,2026-05-06,93f58274bd58cf85532fe754d35755c2848ed31b355362878b69b7cbc267a90f,UNKNOWN,UNKNOWN,RPOWER,UNKNOWN,BUILDING,2,REJECT
2,6acb3ebef25ee7a513cb887dd36b7e867b14cabfa01659d526eb4b8e1dead5b2,351869caf3fd82276cd55f84606b5b8a82957194ccbdf3999fb7c7241baafc28,3f68e61ea093696f9ef04754c6d8e03fa478a186c4b06cb0a771c46d3f0e80d1,ADJUSTED|RAW,true,2026-05-20,c599aa29c71047165bef5fa3f94e4075d498a8cfbc7a82afedf381cd7da6d26e,UNKNOWN,UNKNOWN,TATASTEEL,UNKNOWN,READY_FOR_CONFIRMATION,2,REJECT
2,6aed4fd4394442228c586fb0aeff849fdb9c0965564acd6e8960a318698ab404,351869caf3fd82276cd55f84606b5b8a82957194ccbdf3999fb7c7241baafc28,92f547030950b4f71299e0788e9d365b3b05fed10c515802abe344d04aad0632,ADJUSTED|RAW,true,2026-06-10,ff4a07ec6b362cde9944a99597e53c14fe25b282c1b4641e78f1a09a026e5794,UNKNOWN,UNKNOWN,ATALREAL,UNKNOWN,BUILDING,2,REJECT
2,6b1036e47b6fc1aca3d21b58432530fd094ad220153a4d604efef5ac7f4013a1,351869caf3fd82276cd55f84606b5b8a82957194ccbdf3999fb7c7241baafc28,3eca1375b8240afed589a30abd3c87dbc1950733239a2c91fa1a85752cebcd9c,ADJUSTED|RAW,true,2026-02-20,013d13e282d5b9c2466655805eecce62d3a0d91a8baf103c3b12c95239aebc93,UNKNOWN,UNKNOWN,NMDC,UNKNOWN,READY_FOR_CONFIRMATION,2,REJECT
2,6b39f6090daaadfdabdff434dd4899181c5d1a5797e6d194337190b50223afdc,351869caf3fd82276cd55f84606b5b8a82957194ccbdf3999fb7c7241baafc28,a98cabc270beed4babf63fc24f3d006104d8c560476ef8db4bc6841187efccab,ADJUSTED|RAW,true,2026-01-21,e198db79b86177066c959021c1b251a58c421bba151449e4f61f3c1e2d434a32,UNKNOWN,UNKNOWN,TATAGOLD,MOMENTUM CONTINUATION,ENTRY_READY,3,REJECT
2,6b6746aee385f0585e22476f8a629328658f10ac3547e5aea3beb9601518b23c,351869caf3fd82276cd55f84606b5b8a82957194ccbdf3999fb7c7241baafc28,9af62085dc5c316f90fed6feee0866bafd73c46b1ce27496b8b295358ef4ff09,ADJUSTED|RAW,true,2026-01-06,bb6e1fdd5e50ed8e10fbf577c35868c6f814ce11f3977091ef1e08dd705a410d,UNKNOWN,UNKNOWN,IEX,UNKNOWN,READY_FOR_CONFIRMATION,2,REJECT
2,6bd4f7ba7132db2748e000c8853ee411e5768748d2bbc13bd4fdd15d884f3efa,351869caf3fd82276cd55f84606b5b8a82957194ccbdf3999fb7c7241baafc28,84a7649a7315809272ab7c8d103c219db28320a7434df5af7d486cd2d614c800,ADJUSTED|RAW,true,2026-05-08,29aa990700e6a122ba0cd6fd81ff385d8344194aa284d13850c6c9ee78022930,UNKNOWN,UNKNOWN,MRPL,UNKNOWN,INVALID,2,REJECT
2,6bdb43ecefc25f27ef2cc8c2ec97e6153249aef74aae95e28d4c7f28c67801d7,351869caf3fd82276cd55f84606b5b8a82957194ccbdf3999fb7c7241baafc28,3a04ed5951f966ec0e0e21c7b0145a0a8a77b23ea3d0ba10db8c0ba54672efad,ADJUSTED|RAW,true,2026-06-08,8871293395ef53a47959c606c7612d805fb1161a05ec76576dd278d0d7f0563b,UNKNOWN,UNKNOWN,ZEEL,UNKNOWN,READY_FOR_CONFIRMATION,2,REJECT
2,6c10a937d252f4c36a1260ef775b4c94c07b5c23e17544ad3929493d5284af46,351869caf3fd82276cd55f84606b5b8a82957194ccbdf3999fb7c7241baafc28,11c73a611d3ac0a9a00c308e82259649547ccb593b913398993f2d6c02870890,ADJUSTED|RAW,true,2026-06-25,2631b2c778a7cea15edd54acea9cbd7c23864019e2dd99bb108d8b64c8db4812,UNKNOWN,UNKNOWN,GOLDBEES,UNKNOWN,INVALID,2,REJECT
2,6c317e20697c8d9eab0f2d554cce847f26677928aafb674a29f2d5710de21a7a,351869caf3fd82276cd55f84606b5b8a82957194ccbdf3999fb7c7241baafc28,1cf0b04dc301fdd62aaeca50939db3966f08bf96e091cac032f873d750946a76,ADJUSTED|RAW,true,2026-03-25,5ee5b3962ccd43f1921efbdbcaa2e010095ce364fc848e3d1039b9b254b1fe34,UNKNOWN,UNKNOWN,RPOWER,UNKNOWN,INVALID,2,REJECT
2,6ca9fbe78697ab0204d6d5916d113697d59c4d0d1e5d735d302e39ac750f2236,351869caf3fd82276cd55f84606b5b8a82957194ccbdf3999fb7c7241baafc28,ad087397c47544bae6fc2f446c135562313cf7e349052567967db5ed23374329,ADJUSTED|RAW,true,2026-07-06,46bb5b350b2df4f91c03387219de0b4e83ebc5c5490b7f1627a5029ad1cfcbc7,UNKNOWN,UNKNOWN,PCJEWELLER,UNKNOWN,READY_FOR_CONFIRMATION,2,REJECT
2,6d0c48bb69fd44ca4592b8ece34aa7100971c5baa30a80067bbb4c1706c2ffe3,351869caf3fd82276cd55f84606b5b8a82957194ccbdf3999fb7c7241baafc28,1cceda7336f16b48b8576ce0ee16ca9b29d5a389de68f763f7e0cb4c54952b65,ADJUSTED|RAW,true,2026-02-06,562c3d3a0708f9e99bc88fbd1ecdfd23e3422227a5a834a13cd015301bb60e26,UNKNOWN,UNKNOWN,SAIL,UNKNOWN,BUILDING,2,REJECT
2,6d0f8a37515622e1bb1ffffacc11259a05f43be973b833992cfb207cb1010cf1,351869caf3fd82276cd55f84606b5b8a82957194ccbdf3999fb7c7241baafc28,c25eae30901d82dd9bb9db40db1a9bfe528af93e1fcc48406f59a551c89a1acf,ADJUSTED|RAW,true,2026-02-11,30741de8be953babffea60888228ef4260a37cb1aad0b0caf226948f1b7cd988,UNKNOWN,UNKNOWN,LIQUIDCASE,UNKNOWN,BUILDING,2,REJECT
2,6d74c00422d3f80179a4f4a2896cdff6efbfccdce1ddfb4e19e2f63e0c160b29,351869caf3fd82276cd55f84606b5b8a82957194ccbdf3999fb7c7241baafc28,9287b63d35acbe999deb6e6ed8d590f7cf6e765cd566aad021bbe3ca7098d80f,ADJUSTED|RAW,true,2026-07-07,e650a16b4e091728b89c9036679a407fc34282d7e99b60d8ff98324b8af295f5,UNKNOWN,UNKNOWN,JIOFIN,UNKNOWN,BUILDING,2,REJECT
2,6d7b2960cd3fffabef130997136afdff3e3326310d24356b78d0f4f3b4f8a993,351869caf3fd82276cd55f84606b5b8a82957194ccbdf3999fb7c7241baafc28,ba63c91bae3c25a7b522bc11b6f0de3da3f50a816ef740cdf9aef82ea483d921,ADJUSTED|RAW,true,2026-06-10,abccd7d1ef6712bf454b1bccfaebc2122ebd187ed8b97effd6931970df13335d,UNKNOWN,UNKNOWN,HDFCBANK,UNKNOWN,INVALID,2,REJECT
2,6dadad3ef76ba392a1f5af44b3f89560c9f24444dbe27210b65f58c6ee816ae4,351869caf3fd82276cd55f84606b5b8a82957194ccbdf3999fb7c7241baafc28,fbf8127032c09997767173e19c8696e4b7bea75d70b4afbd8c63193b8a0dd6ee,ADJUSTED|RAW,true,2026-05-21,1ce5d10ceee4d228e3fd40939fd11a9e468d305007a3f3ad41e76cafd5b812d6,UNKNOWN,UNKNOWN,TRITURBINE,UNKNOWN,BUILDING,2,REJECT
2,6dbbad3ef1a28d58d5fd6f377e5692ee166e90615dfd2bd0901acc990d5ac111,351869caf3fd82276cd55f84606b5b8a82957194ccbdf3999fb7c7241baafc28,3ae62d43dac77d05b3bd6e0522b81ebe9ab5c82a178baa17ace16581802fa2df,ADJUSTED|RAW,true,2026-04-21,90154deca031e71dfeddda40acc68588ec586d9cb309768ecbfdfdfdd1528b28,UNKNOWN,UNKNOWN,LEMONTREE,UNKNOWN,READY_FOR_CONFIRMATION,2,REJECT
2,6dbfc039be7d8485ec0c10a29e28bb2d84a5cded2bcdc352c4c5c68aafdb528d,351869caf3fd82276cd55f84606b5b8a82957194ccbdf3999fb7c7241baafc28,fb7286970d453cda4f3c713f0a077915392f0c4eb94f8592bb6142a29ebee8f3,ADJUSTED|RAW,true,2026-05-05,492ccafb61d7c94b68ef3f76c48be8df1db9be908bbc46cdf1dc30de2cce13e3,UNKNOWN,UNKNOWN,SILVERBEES,UNKNOWN,BUILDING,2,REJECT
2,6e487bdc70d7008e8180bfdc2de69eaa1ac4a79f9bf577003ac339866799cded,351869caf3fd82276cd55f84606b5b8a82957194ccbdf3999fb7c7241baafc28,47ca6fee376c26846f27fef11e4df86fdbe5570c6f720bbc038cb1a34597568b,ADJUSTED|RAW,true,2026-06-15,bcbf5ecaba9a199142c9ad7afb3b802cedfd7744e7aea7e6b0f7dd24d96229aa,UNKNOWN,UNKNOWN,OLAELEC,UNKNOWN,READY_FOR_CONFIRMATION,2,REJECT
2,6e6b86e2984113cb7bdc074104cb68bfae20d1361b10fc2d47b17e532985fbd4,351869caf3fd82276cd55f84606b5b8a82957194ccbdf3999fb7c7241baafc28,71cc529ad345250f302299a94eda12928562501d3e819e7db658d2a8ca7be4e7,ADJUSTED|RAW,true,2026-03-10,9bd644cc7bba0ec8323baf1cc576e91dfdbdd5270faf2aaa368cf5db5d0cf2fb,UNKNOWN,UNKNOWN,TATAGOLD,UNKNOWN,READY_FOR_CONFIRMATION,2,REJECT
2,6e73d53a9073e5d7522a3b4fcd2a97569bede42dea2cec841b392e5ec9be85a8,351869caf3fd82276cd55f84606b5b8a82957194ccbdf3999fb7c7241baafc28,7a3b877da2dcb29a5b82c241abe5932f9328ba189bed698873ae738c0986ec39,ADJUSTED|RAW,true,2026-02-23,bfc157c4c9523919a7a67cf605b7d6c7d3fcf825bdbe0ee6d9dcaf16876d9b47,UNKNOWN,UNKNOWN,TATSILV,UNKNOWN,READY_FOR_CONFIRMATION,2,REJECT
2,6eecd36932cb71e13d76af471b2ded9dfec2ee35c7542bb3350c4f2de8d1513b,351869caf3fd82276cd55f84606b5b8a82957194ccbdf3999fb7c7241baafc28,3e507de0a46d976a7b197da3b266ef17e75b848c66d5386a4d6e9b2d545efe28,ADJUSTED|RAW,true,2026-02-12,aacbe61c9350fec76de191638012cc0d97e44f5c614b7c60e3b11450a2132387,UNKNOWN,UNKNOWN,GROWW,MOMENTUM CONTINUATION,ENTRY_READY,3,REJECT
2,6f4270219b6c903a775353dbcc0fef8e220c01f329f1ea5129d3445cb82ad675,351869caf3fd82276cd55f84606b5b8a82957194ccbdf3999fb7c7241baafc28,b8e107fee6529a40efd5c5afd3e55312b4aadc242299f7265cd399dff2d1e929,ADJUSTED|RAW,true,2026-01-19,b8537809a57874ce182c19944a9d0af6d178c362b6291cf8f276653572acd43b,UNKNOWN,UNKNOWN,GOLDBEES,UNKNOWN,READY_FOR_CONFIRMATION,2,REJECT
2,6f6b03fce8bbe2e6fe7a3fae9165105eb3fe57d0e61ed4e9c6441c019a3313c1,351869caf3fd82276cd55f84606b5b8a82957194ccbdf3999fb7c7241baafc28,29837fe98e18cae63e6b71e6aed7bf158495dac6e2ff03ff665770c7e8de3250,ADJUSTED|RAW,true,2026-03-06,fca49da771ffe4d3a872b75f6f26307a4215448479be356e28a18642ef517fb0,UNKNOWN,UNKNOWN,TATAGOLD,UNKNOWN,READY_FOR_CONFIRMATION,2,REJECT
2,6f6f6f0745b09759a4d9a5aff3cb6b6c663e4367bcad772c4e812f1def3dc5d6,351869caf3fd82276cd55f84606b5b8a82957194ccbdf3999fb7c7241baafc28,30dc2606f384e69a448dcf50d9c7ff9b3517790243c6b27afe96819805e59121,ADJUSTED|RAW,true,2026-06-03,0a9668f57ff5fa897b5b45936881ca2ac409e16190fa6ac5d3884ceccd130c36,UNKNOWN,UNKNOWN,IFCI,MOMENTUM CONTINUATION,ENTRY_READY,3,REJECT
2,6fc81bc707c56c841f3f6234dbe13a257c289e0bed7269516734f0bd71cc5c4e,351869caf3fd82276cd55f84606b5b8a82957194ccbdf3999fb7c7241baafc28,c507713b4303300e418d118a3f17b911de4f98508e986ae8b0fb689186cd676d,ADJUSTED|RAW,true,2026-01-21,8fded313751831a0baff98712d4729a62c194e944b505c71619d44376dae7d34,UNKNOWN,UNKNOWN,GOLDBEES,MOMENTUM CONTINUATION,ENTRY_READY,3,REJECT
2,6fe2eb2bb27b1e5567388d08473695a653bbe91d8e0122c9f73a9c8edfa0ce1c,351869caf3fd82276cd55f84606b5b8a82957194ccbdf3999fb7c7241baafc28,5e61ee1bc909518c34fe812af63937399faccaa651c06aeeca83eea7a8f7f9b1,ADJUSTED|RAW,true,2026-05-06,014690430e1a40c31ecad446fabeb96e60b66dffe9249919a7ac3752b7be2722,UNKNOWN,UNKNOWN,TATAGOLD,UNKNOWN,BUILDING,2,REJECT
2,6ffde0ccf75e8c74e866c07f3c8c93d25627c57a4bdc18cac352f2cc21c8e9fa,351869caf3fd82276cd55f84606b5b8a82957194ccbdf3999fb7c7241baafc28,1111b6dd1707c353b9cc14b1b880fc248df59d5ec33e1ce9b1fa12a959d3cc65,ADJUSTED|RAW,true,2026-01-07,dc4272bb9d18ea21c9109b0cae44e5ee965e834747d5d8349f41b9347963ad4f,UNKNOWN,UNKNOWN,PCJEWELLER,MOMENTUM CONTINUATION,ENTRY_READY,3,REJECT
2,7015b357485c69c15995a5b409cff600bdb360c9a6bed684d180b3875e4e9bbf,351869caf3fd82276cd55f84606b5b8a82957194ccbdf3999fb7c7241baafc28,4b86ce0a1d8fe132530adb5c88fa48bc0332774d1dce7a27313a53cb44ff81d8,ADJUSTED|RAW,true,2026-04-22,2e3223a516e1a7d8b45082e8469bd38cf52decef65f5ee6485c05b4751399bb7,UNKNOWN,UNKNOWN,OLAELEC,UNKNOWN,READY_FOR_CONFIRMATION,2,REJECT
2,70520f497158257161d7377249119e8c19288042630498d83dc215540aab3fb2,351869caf3fd82276cd55f84606b5b8a82957194ccbdf3999fb7c7241baafc28,11ccf0fca231412f1bbc5fea722c7def754137edd5f5af8935864cc2d05e5f8e,ADJUSTED|RAW,true,2026-01-08,6dfbc804f396295ddcd3afb5894ba6523f78f4aa97aad4130bc0a3749c56fef5,UNKNOWN,UNKNOWN,TATSILV,UNKNOWN,READY_FOR_CONFIRMATION,2,REJECT
2,70be7bb476cbfe627f73719eed4a3a95f06204d1eefb6818bdc7d5371ff042ec,351869caf3fd82276cd55f84606b5b8a82957194ccbdf3999fb7c7241baafc28,77d16cd6edeaa7858f829afeb53616a658fdc3267612e350df82608509badcd3,ADJUSTED|RAW,true,2026-05-11,3204806946e662d57329ebeb7b79f566e8fe8a36a8e2a0bc1a0cfda8da9348e9,UNKNOWN,UNKNOWN,YESBANK,UNKNOWN,READY_FOR_CONFIRMATION,2,REJECT
2,70e607aee3f3fd3946cc5926eb80fece302ea57b06a923ca07dc8a5d6dc7f39d,351869caf3fd82276cd55f84606b5b8a82957194ccbdf3999fb7c7241baafc28,186c140487ef24e6d08bfc4f80b6b6920aec6acee7f4196690e814ba597f43ee,ADJUSTED|RAW,true,2026-04-06,86cd362d034f12c61ece18a750bfccfcd2272f0168946b5add44727d1f4e7e9d,UNKNOWN,UNKNOWN,HDFCBANK,UNKNOWN,INVALID,2,REJECT
2,7127d93cb94c23e18775c872a1f513c8427f59206d5320ee9646fdea2bf41d80,351869caf3fd82276cd55f84606b5b8a82957194ccbdf3999fb7c7241baafc28,48394d5ad3fb4a45d06a3563fe2c74afd66f761a6f65d6dbd9a437fe9a453b84,ADJUSTED|RAW,true,2026-07-03,985cee113d94e04175ca3c579d6f327dc9f9e6b73fc328c16c84e53c3df74103,UNKNOWN,UNKNOWN,ZENSARTECH,UNKNOWN,BUILDING,2,REJECT
2,71b69733084e0ec0c1ebc841bd7f86984fe89a4e1dd3892a337ce5b901183c92,351869caf3fd82276cd55f84606b5b8a82957194ccbdf3999fb7c7241baafc28,95c2b903186cc2897ce3529f7c509f10b56740802404dac06e4e08d205315f05,ADJUSTED|RAW,true,2026-03-30,4e970b653b475d5532ca6db3593605c175dd8188876381fa2b16b2fa57b66d66,UNKNOWN,UNKNOWN,ETERNAL,UNKNOWN,INVALID,2,REJECT
2,71d666a4524bad5e5e1e6eeb1a8804225de6cc254ff7d56a80bef19801159226,351869caf3fd82276cd55f84606b5b8a82957194ccbdf3999fb7c7241baafc28,10b10228b026110291c956d69434bbf34618fd8c7cfc82c51034bbf0370bde3d,ADJUSTED|RAW,true,2026-01-21,ab26faee6d8be51ab7668e8ddd15816b510c08a5f3ae51a0f54bddc6a11397ae,UNKNOWN,UNKNOWN,ETERNAL,UNKNOWN,INVALID,2,REJECT
2,7226c2deee867c9b432069917ddf5e415dab408ee2fd5874cd83467f94358cbb,351869caf3fd82276cd55f84606b5b8a82957194ccbdf3999fb7c7241baafc28,4cf4c409503cb1b167bb7219e9a28a56c73a7232bdd5f606862e9470969e357d,ADJUSTED|RAW,true,2026-02-09,cfe070ed79f47924236ca42c10ed83ff601f4b24e6a174ee93ce214072841250,UNKNOWN,UNKNOWN,IFCI,MOMENTUM CONTINUATION,ENTRY_READY,3,REJECT
2,727f5f249452a65b5ae8c8938f9480580305d009da6118bd79ecf681256983af,351869caf3fd82276cd55f84606b5b8a82957194ccbdf3999fb7c7241baafc28,32817fc0c9a7f921cff500202d1879b23224ffa7fde6b8027181c7f848a2e400,ADJUSTED|RAW,true,2026-05-29,be54d95dbb4ab530e5e0426ac6f773baf2905f190c9f5956aa82238a8612459a,UNKNOWN,UNKNOWN,OLAELEC,MOMENTUM CONTINUATION,ENTRY_READY,3,REJECT
2,7295f829ab6476ef256d39dc917c90369538fe1d3bf43f7f6658d002b88c123b,351869caf3fd82276cd55f84606b5b8a82957194ccbdf3999fb7c7241baafc28,9dd779746292b1957aa570faa106d845058d792fb4d2dd806f9d95d34b23c557,ADJUSTED|RAW,true,2026-06-08,7ba8905587d9349d32d7b70056966ba4ab75fc7877ff4324fef261e36680ae81,UNKNOWN,UNKNOWN,OLAELEC,UNKNOWN,READY_FOR_CONFIRMATION,2,REJECT
2,72dee561026d113d95357ec97ac65fd0f47e544df59bd30fcd09dbf4d0b4e176,351869caf3fd82276cd55f84606b5b8a82957194ccbdf3999fb7c7241baafc28,fc5efb267b0e7cf4189609473e059439a30cc4ee5b230af3a40d96ebaddccbb8,ADJUSTED|RAW,true,2026-01-16,bbf00b3cbaca08fe46a371ca3ad76d3188b98e8af5663c3d0c264c7f6aaffaeb,UNKNOWN,UNKNOWN,CANBK,UNKNOWN,BUILDING,2,REJECT
2,736aa13e4fcac404d9721e97819763b93e7b2bbaad61ae37570ffd1ed1392bc8,351869caf3fd82276cd55f84606b5b8a82957194ccbdf3999fb7c7241baafc28,cc0ccd57fb84a964a217cc6d9e10a5e300098709b73fd22f97fa063221c3155f,ADJUSTED|RAW,true,2026-03-20,7b54794278c8bfdbb15d9367a6f1aef414a8f5545b7eea62991a025c5f3c82df,UNKNOWN,UNKNOWN,GOLDBEES,UNKNOWN,INVALID,2,REJECT
2,73edd9c6dbb6b4d5a73d8eb90f3c4fa44ec57d7e87724544da2744e7df3a9add,351869caf3fd82276cd55f84606b5b8a82957194ccbdf3999fb7c7241baafc28,821f45b1064de157632a57ffe1e5f31532dc8e2153eecc96a2ec5acd174568c7,ADJUSTED|RAW,true,2026-02-13,109e9c4001a16c44a71ad39245f6f360f56ee599b803645741e290fb8207ff92,UNKNOWN,UNKNOWN,SBIN,UNKNOWN,BUILDING,2,REJECT
2,744022229b31d01af94ce9ec2914158d14afd800ce068723352a09fc942d9f11,351869caf3fd82276cd55f84606b5b8a82957194ccbdf3999fb7c7241baafc28,9a3ab462d7f3e42010e74145b825f9370fa71cc97c519ad41713c6c707332d93,ADJUSTED|RAW,true,2026-03-04,c081451acfcbc85ff2fac8c03a47ce8ad09c3fbee38ebc7875b599760456c0fe,UNKNOWN,UNKNOWN,OLAELEC,UNKNOWN,INVALID,2,REJECT
2,744b2693a0ff3077a23822d5af96fa447e29cc408e6ce8327c4aff2377d8bae6,351869caf3fd82276cd55f84606b5b8a82957194ccbdf3999fb7c7241baafc28,f43e721b64306ea1b5e1e8cbd3c4f69fbc7344e6eb3f6bfab5c7551dbe0c6570,ADJUSTED|RAW,true,2026-07-01,24f9b5b72466aacd0244a8473551382fca3e550b0dad80d878d479bef278e543,UNKNOWN,UNKNOWN,OLAELEC,MOMENTUM CONTINUATION,ENTRY_READY,3,REJECT
2,745c6b9ff8a45dcfd16e73d0027322f5a15144bbc580c676f90660dcc1dd6dfe,351869caf3fd82276cd55f84606b5b8a82957194ccbdf3999fb7c7241baafc28,85c1c01d3eb6ed7938335e66cce30da556938c567f4281cad39f6f5e69a3bd81,ADJUSTED|RAW,true,2026-03-17,67617b1318bd24133d612d4dd655aee6da072c870cbbb02d88273f8f35b9683c,UNKNOWN,UNKNOWN,GOLDBEES,UNKNOWN,READY_FOR_CONFIRMATION,2,REJECT
2,74b737d61526ed2ddd8bc013a28f2a306d6815993a6cbf81b55a0916808080c6,351869caf3fd82276cd55f84606b5b8a82957194ccbdf3999fb7c7241baafc28,772248d9d85176e15b3b65410561c8852cbe394b156e5826cbd266fd8bf0aa63,ADJUSTED|RAW,true,2026-02-17,725e7a0a566df156e3763995fb0e7e0f07e1025ad53894f6affbd3224cbe12b9,UNKNOWN,UNKNOWN,ITBEES,UNKNOWN,INVALID,2,REJECT
2,74e2267d70446b391c81b109efe2148e01be7fa705a8f000ab78108d0088a9e6,351869caf3fd82276cd55f84606b5b8a82957194ccbdf3999fb7c7241baafc28,2101b694ec5fedcebcb7bec1486d4e7782e4ab23426e4fc7ae1f99dc5d456774,ADJUSTED|RAW,true,2026-02-06,f88d637aabcf3b6443e73d25814824495e0e3c95cea6778b14bdf20552c771ca,UNKNOWN,UNKNOWN,NYKAA,UNKNOWN,BUILDING,2,REJECT
2,7515340bc96bde11041b2698dea6298ebf72fd89b8b55c2c10c9e50eaca33238,351869caf3fd82276cd55f84606b5b8a82957194ccbdf3999fb7c7241baafc28,8fc01534eaa2bcf8a5a0e63b5192735b402176ca6cf064d5824f218e35aa6cea,ADJUSTED|RAW,true,2026-06-15,8c5da1deef14c1cdba980a75bd97bfc3d7fcf54ba9c805c377f7e99fea2c7d59,UNKNOWN,UNKNOWN,SILVERBEES,UNKNOWN,BUILDING,2,REJECT
2,753d61351a863d12879c610a84ceece8ec3ee9e174b40eee4baca9a0558006ff,351869caf3fd82276cd55f84606b5b8a82957194ccbdf3999fb7c7241baafc28,89ce770e05f4704b849246117b681d4983086b8e6be3a736fbc3fdd260b312c1,ADJUSTED|RAW,true,2026-05-22,99ffaac3f6c4b1e1efad55dae0798723240eab05606121f16f2d690b1157a4fc,UNKNOWN,UNKNOWN,TATAGOLD,UNKNOWN,READY_FOR_CONFIRMATION,2,REJECT
2,7559fc7ec43a8af43b014bbf136f18e5499580e3a892a83572fe502cbe9cfc9c,351869caf3fd82276cd55f84606b5b8a82957194ccbdf3999fb7c7241baafc28,042b6b1b7a37196fe709c50e8dca178afa4600b1fa38c90fd37bfabb7ba571f6,ADJUSTED|RAW,true,2026-07-01,82c8fb118093e5ef6534869229791705b3db39b6c0ca4738f74a2ebcb5bdf822,UNKNOWN,UNKNOWN,RITES,UNKNOWN,ENTRY_READY,2,REJECT
2,75735f40a6556caf0ba4acaa4b7398c0e77431d8c8d31f4404d5ee84bdd85ae9,351869caf3fd82276cd55f84606b5b8a82957194ccbdf3999fb7c7241baafc28,cf96c1d9d9373fc6698731a344c698907660121d01bc9dbca04a30f7edbe11e6,ADJUSTED|RAW,true,2026-05-14,c328b810234870eced2f57fc03ee24b1321c482e9b0950f746ec90100b725de2,UNKNOWN,UNKNOWN,HFCL,UNKNOWN,READY_FOR_CONFIRMATION,2,REJECT
2,75a392632a89621b68538b449365af309cd4ced75b834007950404865fe7c388,351869caf3fd82276cd55f84606b5b8a82957194ccbdf3999fb7c7241baafc28,4040f185429a35f401408db71584e5dfb6ee4caa1082c0dd2434e5ff883c3ef0,ADJUSTED|RAW,true,2026-02-06,50ef337b83574f85912659670fe267b51f8002f908468d3e955121c203a90725,UNKNOWN,UNKNOWN,SILVERBEES,UNKNOWN,READY_FOR_CONFIRMATION,2,REJECT
2,75bc498c652499a0bf68a6681c34b7f0dd721a9348a8f8ce86768f611ce8319d,351869caf3fd82276cd55f84606b5b8a82957194ccbdf3999fb7c7241baafc28,7e24b943b80294c72911fe34c77cd8bdd7f9a099f2398e7c66260e99befdbb44,ADJUSTED|RAW,true,2026-05-26,2e73063222f83ac269ec930460c994fb0298a7dee6cdc4ee9ababead39fc9d1c,UNKNOWN,UNKNOWN,IDFCFIRSTB,UNKNOWN,BUILDING,2,REJECT
2,75efdcab9dad0bf2c709c4b548f97dd4f9beaf76ffabd88c012e5007c66b4ee8,351869caf3fd82276cd55f84606b5b8a82957194ccbdf3999fb7c7241baafc28,2c532d98e35af9744f95a2300e3dd6fc216a41063000050c1b1bf1b262704a79,ADJUSTED|RAW,true,2026-05-14,f1655f28bb7367c46e6f2c5e8ae5f5113e5f695cf8bc5d84183eeb315e70fc01,UNKNOWN,UNKNOWN,EASEMYTRIP,UNKNOWN,ENTRY_READY,2,REJECT
2,762ad0fc86f2766380e0b8083bdcde76b558a208ece901bddb18968effdf7d21,351869caf3fd82276cd55f84606b5b8a82957194ccbdf3999fb7c7241baafc28,a0c835d6750cf4f1ed13f263ce683beec1db8fd8de9fd52fee78cc1c6f4e3f0b,ADJUSTED|RAW,true,2026-04-28,39899d70fd4c05213446aac2b36dac704a2242adaad72c6daaf80647c64af1f9,UNKNOWN,UNKNOWN,ETERNAL,UNKNOWN,READY_FOR_CONFIRMATION,2,REJECT
2,76482068e91cc20e51b690c6642b3a366520c77e3bda8b9992c038200c6b8b4d,351869caf3fd82276cd55f84606b5b8a82957194ccbdf3999fb7c7241baafc28,b6daba12e7d19e41829af4cd9c4124d8ccf39564b4aef78de1fac263bcf4f348,ADJUSTED|RAW,true,2026-03-27,cc241e2ab82020bce5e915207e6391f26304f6ea9a757108c67e8fce0133de15,UNKNOWN,UNKNOWN,FILATFASH,UNKNOWN,INVALID,2,REJECT
2,769566cbeea5764ad502cf441f2201c2252b88f47860385ef998ad5560d3ab75,351869caf3fd82276cd55f84606b5b8a82957194ccbdf3999fb7c7241baafc28,f950a6c382d3b421a489bbe073a60c91f40449854a70738aa412158223f37090,ADJUSTED|RAW,true,2026-05-14,f75ae50f40136eec71157e595222821ccfa39fc2df0f45802b186ee4d44e4806,UNKNOWN,UNKNOWN,TATSILV,UNKNOWN,READY_FOR_CONFIRMATION,2,REJECT
2,76f5fb9368ffc1591fdca72fb7a9a796632c354152f92afe5bb183ef099d610c,351869caf3fd82276cd55f84606b5b8a82957194ccbdf3999fb7c7241baafc28,d4d983d907e4983c586214e5c1d4e23eae8ce32656b145548055bcc1cba241e2,ADJUSTED|RAW,true,2026-06-15,fd807983b6bad9a9689d5be567515008766d477b268f9fd339cc63d0f10e561b,UNKNOWN,UNKNOWN,GROWW,UNKNOWN,ENTRY_READY,2,REJECT
2,77f9288f1ff9fdc50645037e469e49de31ea2c6ef851e8aea4b448e59b9e7cbf,351869caf3fd82276cd55f84606b5b8a82957194ccbdf3999fb7c7241baafc28,52a10c01f42d17b4a3c20a5c14bcfa03e75567f6f257d03e41565438dae84a0f,ADJUSTED|RAW,true,2026-06-10,ec9abfd1b5d49c387a56a549a01d08997626d4b0adaaa1c772ebe5de27607830,UNKNOWN,UNKNOWN,OLAELEC,UNKNOWN,READY_FOR_CONFIRMATION,2,REJECT
2,7809ad2341cc887775b07bd2ab19bafa72057d775c8d35533a68495663ddd905,351869caf3fd82276cd55f84606b5b8a82957194ccbdf3999fb7c7241baafc28,fa1a40358247130ce19379a6b1e76e6018d4305436430639e289123194da4fc2,ADJUSTED|RAW,true,2026-04-27,dad983847fb21577342938cec5477aaf67d910bc822eb85995c8980df5f47a67,UNKNOWN,UNKNOWN,WIPRO,UNKNOWN,ENTRY_READY,2,REJECT
2,7866267916884ddc46fa821e72f220998c4b6aaa5f2485d4fc094aab697bad32,351869caf3fd82276cd55f84606b5b8a82957194ccbdf3999fb7c7241baafc28,b776d18648c915e9a163da36a96d82341e10a4cd263835b1892094c2c3a5a4ef,ADJUSTED|RAW,true,2026-07-08,efb6e5ca2f69812c1c30041bf1ef5ca005e7d70a3001ac825982e1da3735a6b7,UNKNOWN,UNKNOWN,KALYANKJIL,UNKNOWN,BUILDING,2,REJECT
2,7869ec526517b400667fa509faa023cbe41796e57752aa8143a779e750d70b90,351869caf3fd82276cd55f84606b5b8a82957194ccbdf3999fb7c7241baafc28,567583cf8252e6a84ddb5977565d97e1a329f4e6fbcb931123a01d4b2f30ed83,ADJUSTED|RAW,true,2026-05-04,2a151e3e59d4bc27a92dea25b292c7b44deb7e526fcd6aff1b64027742b3fbfb,UNKNOWN,UNKNOWN,ETERNAL,UNKNOWN,BUILDING,2,REJECT
2,7883423ea54c8917bc2afc1882f3b773faeb6f9613c4efdfe21053bdc30b4235,351869caf3fd82276cd55f84606b5b8a82957194ccbdf3999fb7c7241baafc28,2cff1c1d45cd3c8fbaf1bf5249820172647f917fcce57c093cd2c1b2ef3d2783,ADJUSTED|RAW,true,2026-04-30,0c062f12ad3503eb410d3ed6f23df93ae2de8f4c319ea2fa6133490bc58c8bd2,UNKNOWN,UNKNOWN,MEESHO,MOMENTUM CONTINUATION,ENTRY_READY,3,REJECT
2,78ad722e653bebb971164b29a930dc22c7bd185061e3eab3e1c5e3905904dc2e,351869caf3fd82276cd55f84606b5b8a82957194ccbdf3999fb7c7241baafc28,97d37861234405998522b9fec3339b1c44ebe6c5603db6fd598c00f506259d31,ADJUSTED|RAW,true,2026-01-23,e37d42a4d498f3f628318585343b9058c09cc8f1c2758dd105120a4ff936d0c8,UNKNOWN,UNKNOWN,UJJIVANSFB,UNKNOWN,BUILDING,2,REJECT
2,78e0a93814944a34c15998ff397f302a00b90982be120fa7d8fd5e93b3e89d45,351869caf3fd82276cd55f84606b5b8a82957194ccbdf3999fb7c7241baafc28,3cc1179c2a84c28ac5ad9f32f741269ec1936e7f3a14aa34a071fd867fd9d9ee,ADJUSTED|RAW,true,2026-06-01,12690c9430ac3ff341bc621ce9470357bbf08c66dd64fbefca8acf7e3fd3dc2b,UNKNOWN,UNKNOWN,NMDC,UNKNOWN,READY_FOR_CONFIRMATION,2,REJECT
2,78fc6c05bffc9a2f94c9bf9f9dea37fc4c75351824457e4f6d352030252b66f6,351869caf3fd82276cd55f84606b5b8a82957194ccbdf3999fb7c7241baafc28,f84727d22910a754d2876ab99eeafdbf1756670e75ef43aa2f9a78b848595332,ADJUSTED|RAW,true,2026-01-02,ee844456f32c1879ea7d9343244053b31275566b220434b3f04be480aa7cbd69,UNKNOWN,UNKNOWN,FILATFASH,UNKNOWN,INVALID,2,REJECT
2,7904fde060294e8aeb8d4e1e55412c536c2c12ff35b67f995f256a800d06fce0,351869caf3fd82276cd55f84606b5b8a82957194ccbdf3999fb7c7241baafc28,fc515913da3bceaac2075cac58217e336873b7df0a9e5311678d747b49852d56,ADJUSTED|RAW,true,2026-07-01,4f2eff6951b3b6153e38affd56087afa2ca89f083a756a439bc0fc7f53535701,UNKNOWN,UNKNOWN,GROWW,UNKNOWN,BUILDING,2,REJECT
2,79056124427de587187a24620597a13b009782cf585f9f4a19efc1f5bba3cab5,351869caf3fd82276cd55f84606b5b8a82957194ccbdf3999fb7c7241baafc28,22d0bfa90c6393a3041ea75c0ed6d5a380e0a79dbcab9d9e0b76d95f4c59bba5,ADJUSTED|RAW,true,2026-02-12,091af21621429efbaa69df953b1476f8e5a2ceaecbf6597a6fd9b8fe5e1067c7,UNKNOWN,UNKNOWN,TATAGOLD,UNKNOWN,READY_FOR_CONFIRMATION,2,REJECT
2,79115eeb3fb9cc02e824dfeecd5c5a815b1d4baea9a9b21e01b4ec05ca957527,351869caf3fd82276cd55f84606b5b8a82957194ccbdf3999fb7c7241baafc28,f2bae57f9544041ef02911df03ec782a6056a0b4a3874d9bc477ed1fd4040d41,ADJUSTED|RAW,true,2026-02-23,5ad4fc0db0a8aaad947c5f70db14a74dd56ebb1c073e2a084d61ee824eef90ec,UNKNOWN,UNKNOWN,SILVERBEES,UNKNOWN,INVALID,2,REJECT
2,7946f8c42033198a6f1329807919a7167773900ea392bb40507956ee81e13a13,351869caf3fd82276cd55f84606b5b8a82957194ccbdf3999fb7c7241baafc28,29972faaef2777ef8edee75788a167a48b6582c6bce76df837ad5936add7cacd,ADJUSTED|RAW,true,2026-02-27,b57a42fe2700e9cccb0b008e8e8a01a505281cff9061a024330783ecdae24288,UNKNOWN,UNKNOWN,SILVERBEES,UNKNOWN,BUILDING,2,REJECT
2,79c5bb11bd796932531a86b8891cfbb987ddc6f887b29b37fe01de94b9e08f2e,351869caf3fd82276cd55f84606b5b8a82957194ccbdf3999fb7c7241baafc28,759862c7563c472eadac3fc30018b5321b347bb3054eae6e604aea320852d858,ADJUSTED|RAW,true,2026-03-04,906b42d36a98c3ffb2950b9805eedac78d9e0140c41c253556ac3a030984162a,UNKNOWN,UNKNOWN,FILATFASH,UNKNOWN,INVALID,2,REJECT
2,7a184627077bb83d972ad88d9f573fdb13eaded3c336b7d044503f8a3dc5b2fa,351869caf3fd82276cd55f84606b5b8a82957194ccbdf3999fb7c7241baafc28,d52883b23b6c1fa888985a5568038268fd84544a3ad36803f4e3fbf8ed080bbe,ADJUSTED|RAW,true,2026-01-07,b31ce01a1ec43d9bf718a164ea70135e71ba6cfafccf92e3efd198886e344a27,UNKNOWN,UNKNOWN,NMDC,UNKNOWN,ENTRY_READY,2,REJECT
2,7ade9b3c544c23a5a2a07a82bcc80e20285d19342db759bb181b188428713e85,351869caf3fd82276cd55f84606b5b8a82957194ccbdf3999fb7c7241baafc28,bfde2be89acb82bb69e5da9cfca8201dbab4400abe9abc96d56f24c094f4164c,ADJUSTED|RAW,true,2026-04-06,ac5a20e6e79b0f9a2bb80741632fd4b4ba94d3bcab3b85c5fd092ee9c14f32fd,UNKNOWN,UNKNOWN,OLAELEC,UNKNOWN,READY_FOR_CONFIRMATION,2,REJECT
2,7b1877b7a3ae31b86b89d0873f72adeeca1cc786e17edf15de7acaea91806264,351869caf3fd82276cd55f84606b5b8a82957194ccbdf3999fb7c7241baafc28,682049cdcdaed308cc19dc5b551ff99dab951350cc14c18864ae12ee0a770279,ADJUSTED|RAW,true,2026-04-09,b40092592a1fd7ef04c55901c5a8d3ed78f711ac8fcf5595b5ab1bc6351e0842,UNKNOWN,UNKNOWN,TATSILV,UNKNOWN,INVALID,2,REJECT
2,7b19a3ae2a26d6dfd42d419f111f83977b4d2e27b1d4941cb2f85976c6789f09,351869caf3fd82276cd55f84606b5b8a82957194ccbdf3999fb7c7241baafc28,416acef9c33f52f47849d3588819cb91b4146e68292e5fdc7af18a8ed8561e84,ADJUSTED|RAW,true,2026-05-20,b1e98093e8e2ab3e1653fbfef98d91ba87db8f809cde5e28eeaac808a8e972cf,UNKNOWN,UNKNOWN,TATSILV,UNKNOWN,READY_FOR_CONFIRMATION,2,REJECT
2,7b3bcf1450dfef41633ec0cbf6090acde15288c8e6a277ef3eb827d9df9b1254,351869caf3fd82276cd55f84606b5b8a82957194ccbdf3999fb7c7241baafc28,eca86bfca6ad900b7616609b1ccd84f902b32b8ea6a2c449b070716c8326f80d,ADJUSTED|RAW,true,2026-03-11,fbd0332260fd9595b2bcce812944aaf7e7eac6a081dcceeed188f1ff8e7ae76d,UNKNOWN,UNKNOWN,GOLDBEES,UNKNOWN,READY_FOR_CONFIRMATION,2,REJECT
2,7b4e1d05c6c6d2339a52c57a359b04de9531ec94b9a1191f9d3d4fd0ff854285,351869caf3fd82276cd55f84606b5b8a82957194ccbdf3999fb7c7241baafc28,c2464c597b3ba759c4647f32e7a2bdcf60278380702e945e1e0c3dd0e78acc6c,ADJUSTED|RAW,true,2026-01-29,de689a0ebfd0d46a0bd728b1e4099985ee6e3484195e8daac1b4eb8b53df6e5d,UNKNOWN,UNKNOWN,NMDC,UNKNOWN,BUILDING,2,REJECT
2,7b4fac07bcf2886b3e4bd3667e502e654a5225daeb017484f646538ca3498e3a,351869caf3fd82276cd55f84606b5b8a82957194ccbdf3999fb7c7241baafc28,c5cce5010641861519a275441f68aec4c9151955c781737127ca46098b0f40a6,ADJUSTED|RAW,true,2026-04-15,7425d01e1de287cd732c16049280a5a9ea02ecaccca2f0954223caec6f90f485,UNKNOWN,UNKNOWN,TATSILV,UNKNOWN,READY_FOR_CONFIRMATION,2,REJECT
2,7b7bdd068bf6e8a6eed519a998700c3ea44c1289ad21ed8116b557d029f6614f,351869caf3fd82276cd55f84606b5b8a82957194ccbdf3999fb7c7241baafc28,3db0f77a510c4522216e4b7ae058d44d849a81c714b57518f11f44e9f312cf32,ADJUSTED|RAW,true,2026-06-10,35b9a80abedf7043992170bab234942c32d6b56b240eb5bfff30191641f877aa,UNKNOWN,UNKNOWN,EASEMYTRIP,MOMENTUM CONTINUATION,ENTRY_READY,3,REJECT
2,7b868b619572c8300daf535c85ecb675d9a30fb458226e8758323d230819833c,351869caf3fd82276cd55f84606b5b8a82957194ccbdf3999fb7c7241baafc28,70ef54a8e4417fbf916476f23ec4dfb57cf69de605bc7adc99c1666a2f0930d9,ADJUSTED|RAW,true,2026-05-07,1a24f3199dc1a152db87e7e9d4983259089ce5daec34e88f241a6129a8fc5c52,UNKNOWN,UNKNOWN,YESBANK,MOMENTUM CONTINUATION,ENTRY_READY,3,REJECT
2,7b91797a99d378cbfcca73d86ec0fc39667f4ee861b63a04e1da9d212db3f53d,351869caf3fd82276cd55f84606b5b8a82957194ccbdf3999fb7c7241baafc28,d77f8f6c7c7be5d5d8f57298cfdc75e4f0732e1d6096aad94ef75749989900a3,ADJUSTED|RAW,true,2026-02-23,2bacdb5d17fc9b9c617118441b37f741472d7c2813ef408f38fb92fef7423f7b,UNKNOWN,UNKNOWN,MOREPENLAB,UNKNOWN,READY_FOR_CONFIRMATION,2,REJECT
2,7bc905f17ec5c838466eb80bf75d59d6f51c5086f1aaa636a6cd642182a9eceb,351869caf3fd82276cd55f84606b5b8a82957194ccbdf3999fb7c7241baafc28,9c0ed715d2886fd37463c857a57946e3657c9f5083a54054242e9129c178a93e,ADJUSTED|RAW,true,2026-06-25,d774ff5c06d7921a9f220217ce796462953810136c0bac82702b96424c07feee,UNKNOWN,UNKNOWN,IRFC,UNKNOWN,INVALID,2,REJECT
2,7bf6fdae78fc667217f89b0990273ff6d382be12af623e11bf8b78dd9cde2b75,351869caf3fd82276cd55f84606b5b8a82957194ccbdf3999fb7c7241baafc28,ec0d06a13781df5b770b909690b7476c895342f5aa741636effc6321ecf3008b,ADJUSTED|RAW,true,2026-06-19,08e9c6d04fee743f57e07ee0361723801d02e56c210522673539e28fd6e002f6,UNKNOWN,UNKNOWN,OLAELEC,UNKNOWN,READY_FOR_CONFIRMATION,2,REJECT
2,7c7bdf9be159d13eac1d1f94463e77eb56c10f97054df53a5458b7e93d70d7c8,351869caf3fd82276cd55f84606b5b8a82957194ccbdf3999fb7c7241baafc28,d0a8793dfcc4e0cb6758ed97df63802d043a003db0ef941029147c0eebbb9376,ADJUSTED|RAW,true,2026-03-13,35252d58f0d44d972f7768bcb4a28dba0bf857a971ff959463ec7ee23522d0be,UNKNOWN,UNKNOWN,SILVERBEES,UNKNOWN,INVALID,2,REJECT
2,7c8abf1c96bc60e5c78b24b0cd4d4993a7860d41fc7b02ca5a1cd4e1811dac08,351869caf3fd82276cd55f84606b5b8a82957194ccbdf3999fb7c7241baafc28,4ff8d4b7534d658efce7cc2233b3fbe6707a43582abdc297619f98bda4fbac57,ADJUSTED|RAW,true,2026-07-10,213e136178e56e8cdf41bfec67040aeeaf74af8a3dffc39d0cb2ea29be8c1f03,UNKNOWN,UNKNOWN,YESBANK,UNKNOWN,BUILDING,2,REJECT
2,7c8eeff387c5773d52aa90b518f3a1f3cffe9d7b8b3c97d94c86d892e3391b7f,351869caf3fd82276cd55f84606b5b8a82957194ccbdf3999fb7c7241baafc28,b7ee4021b98a61ffc3979efff4156094c7f933a6da97a223322b318d34f23e06,ADJUSTED|RAW,true,2026-03-10,db2a0b6c698482f3bc58a989fc8892a6ef4d9483c718c6cc0043c3157d785400,UNKNOWN,UNKNOWN,RSYSTEMS,UNKNOWN,INVALID,2,REJECT
2,7cbcffc37c964ea20b5a1554542b0108d434390a870d33befc26bef73ba2fb4c,351869caf3fd82276cd55f84606b5b8a82957194ccbdf3999fb7c7241baafc28,699b0dbc7a5360487e395561577b6a2e12412642309497d70b2b9c24059f1d74,ADJUSTED|RAW,true,2026-06-23,da192e6dd17fe5d79d98721a3a1903d0f096df3c7f589d3be93978b64458d237,UNKNOWN,UNKNOWN,TATAGOLD,UNKNOWN,INVALID,2,REJECT
2,7ce8ec01817ef98a4c5842a52e83bf17554024f73772398fd563609e546ee7f8,351869caf3fd82276cd55f84606b5b8a82957194ccbdf3999fb7c7241baafc28,8abddf4aaf49b9c3fd3374055074b95c120d5dfd3dcfce3ee217addca25dbf1a,ADJUSTED|RAW,true,2026-05-04,97ac6660b982f428c38f9857d4ad37fae01042b7f360e997e3ea7b0f44f4741a,UNKNOWN,UNKNOWN,VEDL,UNKNOWN,INVALID,2,REJECT
2,7cf6ae2d3bbe4c3b2a3de5cdfd02b4d5d7d33c0edb204ed05980483e36a98eb9,351869caf3fd82276cd55f84606b5b8a82957194ccbdf3999fb7c7241baafc28,c8d6a7d535268fab9ad617c576bbdecc6656c01b7f1e2536124875e0bf225286,ADJUSTED|RAW,true,2026-05-12,1ca040ba04d5000c2ca4f16165c853c43a213d2336e432e6de41dcf3b0a8f7f7,UNKNOWN,UNKNOWN,TATAGOLD,UNKNOWN,BUILDING,2,REJECT
2,7d267a28ef205911a17c6a732d90568a8c92c34a0678e06752c21512ba3f4ff9,351869caf3fd82276cd55f84606b5b8a82957194ccbdf3999fb7c7241baafc28,30dbd70da66260ca5431266cd73a5177c829a6597bc8b5e24a9cb8d9ef3b1235,ADJUSTED|RAW,true,2026-01-12,82f824a133b52f40c55925a7585686fe4dabc66c6f1319f843f72df4a9ea5fcf,UNKNOWN,UNKNOWN,SILVERCASE,UNKNOWN,BUILDING,2,REJECT
2,7d5683fdd7479548461e19a5c251427cf7d3039ea98b0631d47c23c9b4d79fe9,351869caf3fd82276cd55f84606b5b8a82957194ccbdf3999fb7c7241baafc28,3f2495ac1ffa9b0cc4e82f4de0c02b256dc4b8607b9b904f80be4adebc3d515e,ADJUSTED|RAW,true,2026-05-22,8993a503386616ecd2e96fa8f8b0b24046ba2ad1edd52ed76068a8f300a95b43,UNKNOWN,UNKNOWN,OLAELEC,UNKNOWN,READY_FOR_CONFIRMATION,2,REJECT
2,7d6e499100490e14ae4989bfc7a8d9d67b1c74f11c7e2556a9f3b384f30e9479,351869caf3fd82276cd55f84606b5b8a82957194ccbdf3999fb7c7241baafc28,fc79aaa96155df9b253a6d512eb1df4fb5930d8c9cdc590e63ea4d38f18063b6,ADJUSTED|RAW,true,2026-04-24,b0248a2eca0bb3b5e53be88998f5dfed0615001ca88b64c283d47b03f75f0160,UNKNOWN,UNKNOWN,HSCL,UNKNOWN,READY_FOR_CONFIRMATION,2,REJECT
2,7da9eebdf515658470b95b91b36a9ec41a95972ca961823d3a0e51d27c85a0e4,351869caf3fd82276cd55f84606b5b8a82957194ccbdf3999fb7c7241baafc28,35cf2dd6844fd0cfea4d00fa0fdee34491b41229c43dfa313d2a64dd6d609357,ADJUSTED|RAW,true,2026-02-26,a2156dbdc652b9cb4b9868e6da0b04210319aecb045834d1d9f15c0fd60b25da,UNKNOWN,UNKNOWN,YESBANK,UNKNOWN,INVALID,2,REJECT
2,7e29a69549f03280a08e8eb6a25e01d0723b1fdf8c70af11d38ac24c0878e7c8,351869caf3fd82276cd55f84606b5b8a82957194ccbdf3999fb7c7241baafc28,53855122952b9568bd0f10a3da25fa185ff5d33f7180d95154ac53a8677cc5d6,ADJUSTED|RAW,true,2026-02-24,ca9003e6e7b90c05ff42869918b3c8c9366b9698b7e8f81a906a24ad8c3e287e,UNKNOWN,UNKNOWN,FILATFASH,UNKNOWN,INVALID,2,REJECT
2,7e310a4db71ebeb57075815c7eb85a7035a26ba468194bfa4054ecc8251e855c,351869caf3fd82276cd55f84606b5b8a82957194ccbdf3999fb7c7241baafc28,79eecf1b751178459ef3e8e0f5a73da9c368dcb1223b01967195785116012b39,ADJUSTED|RAW,true,2026-01-06,f2d3c1bcf60ff292a3844dbe42cb80a40002d8715dcb0af19a29e83e57fa1cd9,UNKNOWN,UNKNOWN,SILVERBEES,UNKNOWN,READY_FOR_CONFIRMATION,2,REJECT
2,7e56bb2b430da2411eb3bbae7cc7adc1868844a16d68c3e65a55d18ae8235c44,351869caf3fd82276cd55f84606b5b8a82957194ccbdf3999fb7c7241baafc28,1ccff95e2f9b89f4868c62d02cd1feca113d3a153c4a2cd8120f76509528f0d3,ADJUSTED|RAW,true,2026-04-13,52ad9fa9d58ceefc8e12c614a31482f4dbdbe569e23d7799fefd78342b51f7d4,UNKNOWN,UNKNOWN,NTPCGREEN,MOMENTUM CONTINUATION,ENTRY_READY,3,REJECT
2,7e6ac32fe56dd68a0b89c1981bc205c8e49172db9e001a491ea1bd3baaede4bc,351869caf3fd82276cd55f84606b5b8a82957194ccbdf3999fb7c7241baafc28,f8c5cd13d4042be7e4c94e8e780f34e2c4367db216270ebcf7bbc9c530fbe43d,ADJUSTED|RAW,true,2026-03-13,a7d5c60b459d98883316ac89da020b8969e3c216512395dfaccf059fe2c0f113,UNKNOWN,UNKNOWN,ETERNAL,UNKNOWN,INVALID,2,REJECT
2,7eba1e24edd095dbf7e0dc688b97c92d5e7b7783fa86eac887ea0c9cfa29d0df,351869caf3fd82276cd55f84606b5b8a82957194ccbdf3999fb7c7241baafc28,ddcbbe05297605efd63d8aed2ffaa16d304af2f62a1a81809be4519d67ca993a,ADJUSTED|RAW,true,2026-01-06,8011898ba1d9760efc50dd3357aaf060c23a2f459287395ba85d97de2c18ea4b,UNKNOWN,UNKNOWN,YESBANK,UNKNOWN,READY_FOR_CONFIRMATION,2,REJECT
2,7f3f5c507a06823d0745d4b8f5d0b60deaf35c9cd302d9bd8e198cc971883ffd,351869caf3fd82276cd55f84606b5b8a82957194ccbdf3999fb7c7241baafc28,320cc61ddf2705e789e5a5a7ff54c26c8e5d15c395f8ac15d56087dbe244c9e0,ADJUSTED|RAW,true,2026-07-20,3deb0bf02c1a5668301b30ab13cce8c316e8243e4d1bda4580e8daf941ef70bb,UNKNOWN,UNKNOWN,JPPOWER,UNKNOWN,INVALID,2,REJECT
2,7f6f6f7ec59cf5e353712f5c3c34dbfcaf9c9ad2f83dc555f64d572c8603b675,351869caf3fd82276cd55f84606b5b8a82957194ccbdf3999fb7c7241baafc28,ed6e9db5a4abb15bf24fc076df399549e2ea3415dfb9276458795b6cdcf72ef2,ADJUSTED|RAW,true,2026-05-27,6d34477ca4997c72f6c8213b78b58804e9ca754f81c573cb72211e445f2191cd,UNKNOWN,UNKNOWN,FINCABLES,UNKNOWN,BUILDING,2,REJECT
2,7f79b5511a161907ee6f441d3cd372e40757fe0b9992d3ff34a3d4b67357332c,351869caf3fd82276cd55f84606b5b8a82957194ccbdf3999fb7c7241baafc28,37edc64376e4df6c552ffca2b6efe3c1f627fe812005829125b2b23f1001162e,ADJUSTED|RAW,true,2026-01-27,fae337c2f124ab1d673df83d0292e317d980f2161198ee9234b70342cccab33d,UNKNOWN,UNKNOWN,SILVERBEES,MOMENTUM CONTINUATION,ENTRY_READY,3,REJECT
2,7ffdc46170fd6940277fff7eb96a650a95a2042154a880d12f7d0f09ff8b6a97,351869caf3fd82276cd55f84606b5b8a82957194ccbdf3999fb7c7241baafc28,4bd981b241494475299a28e26372835dae2ff375c00835e5d607dff84fcef65e,ADJUSTED|RAW,true,2026-06-23,622af14c993a9f336c3335744f0ef9f57f1238268b6a4cfd1508a8532384c8dc,UNKNOWN,UNKNOWN,MEESHO,MOMENTUM CONTINUATION,ENTRY_READY,3,REJECT
2,802335ac96d411cd7455e43796c8bb3656ccaa397a35683aa71aeef57343e128,351869caf3fd82276cd55f84606b5b8a82957194ccbdf3999fb7c7241baafc28,1a4a3f11a27a0e2cf795bdee4cac214f040ded41fd9d3d3e5d48a1faf3b4320e,ADJUSTED|RAW,true,2026-07-15,b8d6dbd2e3d624e9694dcb5f9d86b2b26bb24c0b9cad57221956f4273ca792fc,UNKNOWN,UNKNOWN,TIMETECHNO,UNKNOWN,BUILDING,2,REJECT
2,807cdf98de8b8cecb6786b0da37d0b08d5f8646be7e97ef999504e01a17080d4,351869caf3fd82276cd55f84606b5b8a82957194ccbdf3999fb7c7241baafc28,6d5411e41836fb3278e790035d7def4922f547718fcace921d1f56d22ea5e412,ADJUSTED|RAW,true,2026-03-09,89f9c5b119fe6caf1e77df8ad751145d637fe617ea697559d81829f339962f75,UNKNOWN,UNKNOWN,PCJEWELLER,UNKNOWN,INVALID,2,REJECT
2,8099004ecb7ea9bfcd0ab69670fac03b01de3b78b9bddb0985376e6d38017ddc,351869caf3fd82276cd55f84606b5b8a82957194ccbdf3999fb7c7241baafc28,402f683f89f29997acdec12b8415a83c9394d945ffeb820a5b7b90ab676b042a,ADJUSTED|RAW,true,2026-07-02,16e5e36af1f6704bd0d91135d60d2177903013eb15a8ae7c80e14b6da647122f,UNKNOWN,UNKNOWN,PCJEWELLER,MOMENTUM CONTINUATION,ENTRY_READY,3,REJECT
2,8106bcea94fc7ded38550ba745ece961a5505fefa7ffc3fec06270bf154a51db,351869caf3fd82276cd55f84606b5b8a82957194ccbdf3999fb7c7241baafc28,41b8891535660427010ea0d22445a1aca15ee32474ce1e2fcc96db6665f2a2d8,ADJUSTED|RAW,true,2026-01-27,6ca551ca881b5a95cbd021e8b25d7998e2e7dc8ef5f37a4cf5bab1b56be85156,UNKNOWN,UNKNOWN,GOLDBEES,UNKNOWN,BUILDING,2,REJECT
2,8141ffdb995e80ce0320c248c3551e7284479341ac02d40929b9fb754afb0c3b,351869caf3fd82276cd55f84606b5b8a82957194ccbdf3999fb7c7241baafc28,a78a3770fcc4d7d18f36cb038e5fa53c25ecbdffc7bcb33c66708175b03ed76c,ADJUSTED|RAW,true,2026-02-02,8a6a070505db060f81eb5b64534cbb35bea617a668d6420414237779c8fd8c4b,UNKNOWN,UNKNOWN,TATAGOLD,UNKNOWN,READY_FOR_CONFIRMATION,2,REJECT
2,81809d177202ab7e0982e7193a26d50019bce5c30d8ddb04d65ed792cf59f537,351869caf3fd82276cd55f84606b5b8a82957194ccbdf3999fb7c7241baafc28,5c657eedb460dc6ca0cd93a201799be3e57b43cfec38a8f8955c6cee99f4e90a,ADJUSTED|RAW,true,2026-04-16,4564c38259541dd0cb65b839901bc599aeef45ffa2db72e4ffc58fef325cb3af,UNKNOWN,UNKNOWN,ADANIPOWER,UNKNOWN,ENTRY_READY,2,REJECT
2,823759c8835620df05843d5d9b9300f1068045e2293b9ca73bd990135d8c3f9e,351869caf3fd82276cd55f84606b5b8a82957194ccbdf3999fb7c7241baafc28,bed07b84490f9b283f6000fe72c2e255994f98c3d64eecd46adf25c7a82a7648,ADJUSTED|RAW,true,2026-01-14,e98672dbfa989115b3b9293e84c3caf4653a1235eb4ba4547c7294b4ac813390,UNKNOWN,UNKNOWN,SILVERBEES,MOMENTUM CONTINUATION,ENTRY_READY,3,REJECT
2,8256ae8021cd090862be7953a95a61c04dda3f85c69611792d096e4e02910391,351869caf3fd82276cd55f84606b5b8a82957194ccbdf3999fb7c7241baafc28,9eba0dba762d1390b781782f3e98537f081dc33bb2c76de3b5efd7f18eb51d99,ADJUSTED|RAW,true,2026-07-14,803b923d66605a75d80d591fcfa82e8c6e49eb7cf826fd0b3cb86be5b0b6ebe8,UNKNOWN,UNKNOWN,CUPID,UNKNOWN,READY_FOR_CONFIRMATION,2,REJECT
2,82755c66dd56ba20c185d8eb22e4e5aabc86e929ddb58ab70bb269bdb734de65,351869caf3fd82276cd55f84606b5b8a82957194ccbdf3999fb7c7241baafc28,b6924df6f430845d7cb46ff61264c81c73fab4bbbdc26dd93d209b861a24efbb,ADJUSTED|RAW,true,2026-05-05,d3f0fe80c17f3f2ca2975e567b30de04e67050ef3e57f3a736858e5a86dee98b,UNKNOWN,UNKNOWN,HDFCBANK,UNKNOWN,INVALID,2,REJECT
2,82c2e22161c5f4608cf0cf2498365ff8fb65f92ffc82c6dc1f9879f1c59cf598,351869caf3fd82276cd55f84606b5b8a82957194ccbdf3999fb7c7241baafc28,c953d4bdb5f8b429cfacf91efda03058e94ae6730af1131576e5c7e208f0d247,ADJUSTED|RAW,true,2026-07-14,ce5e1164c3e45b80160192980adb8dfb50822ad30c421a8183b3e92deb376144,UNKNOWN,UNKNOWN,KALYANKJIL,UNKNOWN,READY_FOR_CONFIRMATION,2,REJECT
2,83005bb6e8c4546ddf0bd0a5a58cfddfc0f16e1e1c8ed135c697f508ca57cd9f,351869caf3fd82276cd55f84606b5b8a82957194ccbdf3999fb7c7241baafc28,0d74a83e4adf6d4c335bdaa67436bcbadc18ea73f68f18a96f6602f619b40302,ADJUSTED|RAW,true,2026-07-06,97e09c84749ed869e61107529e7c0d3573c8e8b8b464b05a77cc9b7008f739bb,UNKNOWN,UNKNOWN,ONGC,UNKNOWN,INVALID,2,REJECT
2,83021c759088576811ad81835aa187e6631b3842662cf9eaaccf8700395f3e14,351869caf3fd82276cd55f84606b5b8a82957194ccbdf3999fb7c7241baafc28,0d2e89048146a8e846f62bb22d449c34598a573b3f99a0a9c119e7ba5605ba78,ADJUSTED|RAW,true,2026-05-29,c8f3e4c16272358b7e86d7ad80a56af175839cd02c6a0e0244720ed56d4d822e,UNKNOWN,UNKNOWN,YESBANK,UNKNOWN,READY_FOR_CONFIRMATION,2,REJECT
2,8355dba26f963db6b3e43c4c9af243466985c5341f902fae20fb22b674521ea6,351869caf3fd82276cd55f84606b5b8a82957194ccbdf3999fb7c7241baafc28,12e17f0ac55bd40df35c8ae4510b70f8d2224233a35bb699e66b8981b5cbf0f7,ADJUSTED|RAW,true,2026-03-25,e916f82aae0f2c53972dd9b707f30b9deefd8d12771038f6fc110b329ffb7722,UNKNOWN,UNKNOWN,SAGILITY,UNKNOWN,INVALID,2,REJECT
2,8358e090b45b823abfd4b7964300bfff865ea51b20175d19480ffb6b8a4f26b5,351869caf3fd82276cd55f84606b5b8a82957194ccbdf3999fb7c7241baafc28,ca3355d74ebb69f1a95d02bf8480b2b8f5ece715e5ab79392a08d06c7ccf2942,ADJUSTED|RAW,true,2026-04-06,01dd48bde9f267e6ec2f9f9c0813f78f3f6022154f40c9a58f65f2cb79d5ac32,UNKNOWN,UNKNOWN,ADANIPOWER,MOMENTUM CONTINUATION,ENTRY_READY,3,REJECT
2,8404ba8e036b40bc30423703c31a5d77c759d7362c0912517bf706dd76c60708,351869caf3fd82276cd55f84606b5b8a82957194ccbdf3999fb7c7241baafc28,f9c62c27fa19ba31e5e26a59373aab2b64d5ba71c2df38d62ea35d2abddc2e5a,ADJUSTED|RAW,true,2026-01-22,aa812398c4b6e8297d21f98d1d42a3f6e060b7410213e3b2ee9e3cd9675ae13d,UNKNOWN,UNKNOWN,TATSILV,UNKNOWN,READY_FOR_CONFIRMATION,2,REJECT
2,84517fe95479f5e547c153d06f18bb6a0fa02123138592454b17075bdd322057,351869caf3fd82276cd55f84606b5b8a82957194ccbdf3999fb7c7241baafc28,78a29298ab6074bb5b8b92376fdaa4d58f04c75a029af68969d53eecf2de95f7,ADJUSTED|RAW,true,2026-06-10,aedae422f2e88d0914eb3946e8444143ccf3d6318a5771328b9617905f5f49f9,UNKNOWN,UNKNOWN,TATSILV,UNKNOWN,INVALID,2,REJECT
2,846213b2303848c998e4a398d3d62feaec90a4a14c11ed552604337edbcc6276,351869caf3fd82276cd55f84606b5b8a82957194ccbdf3999fb7c7241baafc28,1891ebd29f77b8ef4ec1d5102563309f787939e796cef817f36072be42a73b00,ADJUSTED|RAW,true,2026-03-18,ac939199819765dd4f714168302dbf638392b4c4b77536e3e7f10402b06355c0,UNKNOWN,UNKNOWN,YESBANK,UNKNOWN,READY_FOR_CONFIRMATION,2,REJECT
2,848ff54091a02c62f7d5e2a4ed97133a7b2162d5191db564f7788b3047b572cb,351869caf3fd82276cd55f84606b5b8a82957194ccbdf3999fb7c7241baafc28,75aa3c3ab7e4db5bdf7e2946d313a7da6ea31126dd031152ef87465ce8bad0ab,ADJUSTED|RAW,true,2026-01-30,3f725d7b25d354a8fae83299ba08049254afd24c7cac43b86ccc998482893ddb,UNKNOWN,UNKNOWN,RADAAN,UNKNOWN,INVALID,2,REJECT
2,84d82613f1a57e42e362d36586506f33635bbf6ad623428a0c1561afb7b9f3fb,351869caf3fd82276cd55f84606b5b8a82957194ccbdf3999fb7c7241baafc28,157fbb21cbd09d9eb0f176e47156c71e9437b09a940a3ae5dfe41e938a0980e1,ADJUSTED|RAW,true,2026-01-13,c588d2d9efee5827d8840b9a4c95ce469137ccffc7835f0dfb5f9e5a77009aa6,UNKNOWN,UNKNOWN,JPPOWER,UNKNOWN,INVALID,2,REJECT
2,850df0a0f9cc5a856d124c5fe13754853ed2a66a13bd2bc2c2ea8b0867f105d2,351869caf3fd82276cd55f84606b5b8a82957194ccbdf3999fb7c7241baafc28,a3f880366bb43bf9b7f8cc65f3652871a481131358e1e8201d61914309b0b294,ADJUSTED|RAW,true,2026-01-28,c8a1a84214c6df4f023d3fb333268f690762cf579db1d7df522b18e9bd61c8f7,UNKNOWN,UNKNOWN,OLAELEC,UNKNOWN,INVALID,2,REJECT
2,8550a732bf9b70d5b49d6f60bac4e7a116974ce9d7d33828f938792d6153eb30,351869caf3fd82276cd55f84606b5b8a82957194ccbdf3999fb7c7241baafc28,a5141c43dcbdaedf3580508f5fed8a0edd84d046319987d7d086f1410970cc28,ADJUSTED|RAW,true,2026-01-21,2da52e1e77f9342b178638985869a99621beb4e3fcadfef35b53ca6cdba5e708,UNKNOWN,UNKNOWN,YESBANK,UNKNOWN,INVALID,2,REJECT
2,85656956e9fad1dd04b0655686098304860cd8feb83711efe45fca05365b06c9,351869caf3fd82276cd55f84606b5b8a82957194ccbdf3999fb7c7241baafc28,1080f3cb0cf56bf03c0e869d03f76a6598f39f0dda52af9304b0eaec61a736e7,ADJUSTED|RAW,true,2026-07-02,6f2d430133049a70320135ac7fb21656098129b542273668937f8dd8471c552b,UNKNOWN,UNKNOWN,DIAMINESQ,UNKNOWN,BUILDING,2,REJECT
2,85adfc5600e0d457604ee69aa0154a75168a7eca5c6a7f96b09f66ae8da49280,351869caf3fd82276cd55f84606b5b8a82957194ccbdf3999fb7c7241baafc28,8c833d066fe747c44da924210e5d5642cfef5d2123ffdb2209bfa3073fbbacd2,ADJUSTED|RAW,true,2026-07-15,31a3ef618ba8c32faf707bedf2b1badc1ccf916f693ed3e5ad014bc143aa1442,UNKNOWN,UNKNOWN,PCJEWELLER,MOMENTUM CONTINUATION,ENTRY_READY,3,REJECT
2,85b692384a86842adaca7c7550251ce81f9f31ac30a430934135a2af4cb0d388,351869caf3fd82276cd55f84606b5b8a82957194ccbdf3999fb7c7241baafc28,463ca1e80601e13a7aa74bb8d8e3f2867411c899145f092e7501d23195689b57,ADJUSTED|RAW,true,2026-07-20,6c5a72c48046dd2423227b087b0d455c556dd093552c594afd3bfb6e37d3b15b,UNKNOWN,UNKNOWN,BECTORFOOD,MOMENTUM CONTINUATION,ENTRY_READY,3,REJECT
2,86130822924687fe35de3926d0c5b622db4ba110fb12cf946cd937066457deb5,351869caf3fd82276cd55f84606b5b8a82957194ccbdf3999fb7c7241baafc28,e86b26b2fb427e71c70500ba08dc0fde4d654e533ce8ad41340d0cccb18e7f5e,ADJUSTED|RAW,true,2026-02-05,64e38e9f48f43c9e8ad2427fbb40a7a24f10f3ed350df4f1a6425f89add781ed,UNKNOWN,UNKNOWN,MAHESHWARI,UNKNOWN,READY_FOR_CONFIRMATION,2,REJECT
2,8615aa2d82eb94b48708a7ecfe24a164b21f006edf66290cb254b375a8fc93c4,351869caf3fd82276cd55f84606b5b8a82957194ccbdf3999fb7c7241baafc28,f581697308e4053a3e4214df8bff49834f7d54106843b673a2a614ee5da02b86,ADJUSTED|RAW,true,2026-06-30,9558e658722c85582b6e0e89fb0707bb4b489f771c084d5be45bbefcc17caa73,UNKNOWN,UNKNOWN,GMRAIRPORT,UNKNOWN,BUILDING,2,REJECT
2,86519fd729a82049f763f04774610b09964cc6a1505dd39044061fb8a2a10c3b,351869caf3fd82276cd55f84606b5b8a82957194ccbdf3999fb7c7241baafc28,a5e0ee7d066ab3dc57692ca8290cf99f6751fcd318017f5caecba6fc3398a8a1,ADJUSTED|RAW,true,2026-06-25,6a0941ff77d0485f8bd364f77fb3aadb96cdda54368feb392ae825ffe1030a65,UNKNOWN,UNKNOWN,SILVERBEES,UNKNOWN,INVALID,2,REJECT
2,8671e68b7c94b9560bce28b0ea7ff5f1ae1264ba355a00293da889d678841bd4,351869caf3fd82276cd55f84606b5b8a82957194ccbdf3999fb7c7241baafc28,1b74f4fb7a5a0745a47c3c041483066b11ff8ac6ef80663f08fc8590d110875e,ADJUSTED|RAW,true,2026-02-19,5a975c4c29d461c01a9af2d46e68dbbc077ca3b4f3a62911a8646c297664cc38,UNKNOWN,UNKNOWN,FILATFASH,UNKNOWN,INVALID,2,REJECT
2,8672421ed4459d14a0a77d98b14338609e57b461488f854a7f29a531595bed63,351869caf3fd82276cd55f84606b5b8a82957194ccbdf3999fb7c7241baafc28,6b3cf4f32a98658f7576e42f23db7f7769da2989bc681579bb659a02951cad93,ADJUSTED|RAW,true,2026-06-22,ac519ed86d9cd5702f6f6ee3413d0d3f32d0de29e4db0abf4d2f4d161e6d9e6c,UNKNOWN,UNKNOWN,JPPOWER,UNKNOWN,READY_FOR_CONFIRMATION,2,REJECT
2,86debc92627c6df29ac16369261fa5155c0ade34a42467a6864d5c8b34c113cb,351869caf3fd82276cd55f84606b5b8a82957194ccbdf3999fb7c7241baafc28,70c5ac26e2ae8c9ffc520209a6dff1a991b1634a32f79d11d1638c5f8f2179f1,ADJUSTED|RAW,true,2026-05-26,72c8c9d8bb0ee533fee642b37dbc229fe37235200391ca9ec846d794f0287b07,UNKNOWN,UNKNOWN,YESBANK,MOMENTUM CONTINUATION,ENTRY_READY,3,REJECT
2,8710461ba632d51ab0c17d1016bdc26afb2621b108dc5a69de69bee6a65232b1,351869caf3fd82276cd55f84606b5b8a82957194ccbdf3999fb7c7241baafc28,da393a217c6b07dc29e06226ab575676cfbb42caefcbc845b28f36018627db33,ADJUSTED|RAW,true,2026-03-10,5f1cb1f24b6b98c2dde8277567a097310eaa77ca422021dbe3b60e377edcb995,UNKNOWN,UNKNOWN,HDFCBANK,UNKNOWN,INVALID,2,REJECT
2,871c134dd0dcd9d4e6345f6af0cb25197c2ccc4aad75116dd225fc378f5cf21c,351869caf3fd82276cd55f84606b5b8a82957194ccbdf3999fb7c7241baafc28,a5d45cac04261d3b4b81bbcf95904f08d855fe071f7b449f01befafcd05b3b95,ADJUSTED|RAW,true,2026-01-22,8fc3fe99ccbad06ca06e9c54a7df8e9877e088bff845989aa5971ecea8c366c8,UNKNOWN,UNKNOWN,VIJIFIN,UNKNOWN,INVALID,2,REJECT
2,87837feaf485069cde2bbe19ee3b6cba2ab0edb0db4c122fc06b99652847d24c,351869caf3fd82276cd55f84606b5b8a82957194ccbdf3999fb7c7241baafc28,a991255163208eb3607bfd9a5f51b397659157d8f2d72745a9eb26302249ef5c,ADJUSTED|RAW,true,2026-04-06,04795fc43896dc979266e5c29e0d9f466efb3e72e1848b33603288336c087799,UNKNOWN,UNKNOWN,TATSILV,UNKNOWN,READY_FOR_CONFIRMATION,2,REJECT
2,87872f74aa6e88e9c7d9e1e9cc1ed03b89474d484ef6313b86217ab4d99f4bd2,351869caf3fd82276cd55f84606b5b8a82957194ccbdf3999fb7c7241baafc28,86b720b1f40666f835a3fa7f7a1e7ec8f228cbe4b644e414463be38cfda89c7c,ADJUSTED|RAW,true,2026-03-23,5ae74ec91306c14b5426f725806b09fc72877709f9883f02753cfcd509288037,UNKNOWN,UNKNOWN,LIQUIDCASE,UNKNOWN,BUILDING,2,REJECT
2,8794bb1f3a55672bb0ebf7498078a8b4da6bb2a3f282052f43faac39e72e8d2c,351869caf3fd82276cd55f84606b5b8a82957194ccbdf3999fb7c7241baafc28,10a7e9871596f5dbbb1f0e6965a8324d138f24068d4643771fff8b4825d2a2df,ADJUSTED|RAW,true,2026-07-17,a46e0f85a3cc6c81bea543a36eeb9aa241299c43f71b3758f2fa37caa09a4761,UNKNOWN,UNKNOWN,JIOFIN,UNKNOWN,INVALID,2,REJECT
2,87c0beaec7bb8236239bc9c478be5333fb38a8f542835c190735102e704b4a99,351869caf3fd82276cd55f84606b5b8a82957194ccbdf3999fb7c7241baafc28,cb14a74ebc3fae72d356f000207bcdcd0d1f288c6107e4ba43351530f95b1f55,ADJUSTED|RAW,true,2026-04-29,cfbaa3423d2b005dc09844ffac3f883c928ee79b5aa0b56efbff0671093c8a88,UNKNOWN,UNKNOWN,DEVYANI,UNKNOWN,READY_FOR_CONFIRMATION,2,REJECT
2,8812c8fb11478d792afabdd188faaf40bdabd01badf27d4107e85bfcb9d34fa5,351869caf3fd82276cd55f84606b5b8a82957194ccbdf3999fb7c7241baafc28,b303c50cdf69392323323edee83bbde4d13dbe8439456d660915eeb363904828,ADJUSTED|RAW,true,2026-06-29,c90fdba8c9f3c34a88cc2ac97f5753dcbf83b9244aab87ef8a3a0e3940a2330a,UNKNOWN,UNKNOWN,NMDC,UNKNOWN,BUILDING,2,REJECT
2,881a48acaf9272c155aabd1736ccf3fd42d4b5c69e3b272bd1deb9e1616ff965,351869caf3fd82276cd55f84606b5b8a82957194ccbdf3999fb7c7241baafc28,652e9fc50b06fbcf0154f2909c2f0c30de7d5400816f7bb6db77e458f853c89c,ADJUSTED|RAW,true,2026-06-02,0b76a942ac73acd2d5e4f05597a7b821f60d5c705c23e5dd9197ff61ce3e48ee,UNKNOWN,UNKNOWN,HFCL,UNKNOWN,READY_FOR_CONFIRMATION,2,REJECT
2,8830a6b998f73edc9dd29ab9fbce7b70153e5a5acec03827ca093c56ae91c2d1,351869caf3fd82276cd55f84606b5b8a82957194ccbdf3999fb7c7241baafc28,0583568e929a3ae5b04d0e6bff812be0be876ac3b6c4ece4bc9d56e13ea9b273,ADJUSTED|RAW,true,2026-04-06,61c3f020a0dd00f702fad691bcbae8abaa4d290fb51c7b6fbee3175284d259d4,UNKNOWN,UNKNOWN,JPPOWER,UNKNOWN,READY_FOR_CONFIRMATION,2,REJECT
2,883ee891b3aac4a30b6b06cafbc36da79b3bf7226187fcba04fed63dc3581da2,351869caf3fd82276cd55f84606b5b8a82957194ccbdf3999fb7c7241baafc28,2a32a8bd0fcbc33041bef8395fba8d7b547facd9b7d196cce139859d7beb6f25,ADJUSTED|RAW,true,2026-03-12,e67aeb3cd236ca08843362050b7d6383c5c7d7b8b6e88716b6d97e525ae03295,UNKNOWN,UNKNOWN,JINDALSAW,UNKNOWN,READY_FOR_CONFIRMATION,2,REJECT
2,8857bc6a2b9af979c1ffd3f2d48663516b6d0961607d5ce1fd649dc2bee2970b,351869caf3fd82276cd55f84606b5b8a82957194ccbdf3999fb7c7241baafc28,ecef39b4e62affa02a1dae5740ab836a0b272a1f4728fb2d38f15eb654a6c20f,ADJUSTED|RAW,true,2026-04-24,0a778d1b926e8852c1a5c6d0a62c7352a160a89f1dbbbf39a4960522a494c9cc,UNKNOWN,UNKNOWN,GROWW,UNKNOWN,READY_FOR_CONFIRMATION,2,REJECT
2,88d9427e47acd6f7d82cd89c6915450e1437f06a9b72703291c998dd987bc547,351869caf3fd82276cd55f84606b5b8a82957194ccbdf3999fb7c7241baafc28,1d4e09f0dcd519ee2d251b4399bbc1310b57ce101e4ae545cda7da28fda3d12f,ADJUSTED|RAW,true,2026-06-24,a781def18bdd7708303ae2a0b5fc75d6a60307061081987b332dd443c457d208,UNKNOWN,UNKNOWN,TATSILV,UNKNOWN,READY_FOR_CONFIRMATION,2,REJECT
2,88f879efb1792f61d1413142bc0212f43e0a541e30b9adc8bddbf007e6fe3884,351869caf3fd82276cd55f84606b5b8a82957194ccbdf3999fb7c7241baafc28,89d7942f5198a52b2a077dba34c2d0838cfaab0cb55b09677b126fe2bef2752a,ADJUSTED|RAW,true,2026-03-30,2c07ad6884615b897d282cdc1448c5a27d0623e2fcca03e2edc8ba8ec866016b,UNKNOWN,UNKNOWN,GOLDBEES,UNKNOWN,READY_FOR_CONFIRMATION,2,REJECT
2,892ef04a63ec734551af08b6d28458126e1dd762563e4b6a480a41b47329fade,351869caf3fd82276cd55f84606b5b8a82957194ccbdf3999fb7c7241baafc28,a732302628bde0d36d8324b563b8f51822b2a1ef949fc0cdf71e4b843112dd5f,ADJUSTED|RAW,true,2026-06-24,cf5ec0f5ea59eefe58c4c4ebea9f3f8592de274bc1f6b583f4bab2b2b5869a8f,UNKNOWN,UNKNOWN,GMRAIRPORT,UNKNOWN,ENTRY_READY,2,REJECT
2,89691e74ee9ba87bda9a4911d605346093c04e05aead78a21fca956a80ca803d,351869caf3fd82276cd55f84606b5b8a82957194ccbdf3999fb7c7241baafc28,c5b617df827ac18d8906f460e5778a01faf66bdbd184bc65e500f134f88bca6e,ADJUSTED|RAW,true,2026-07-10,384a4cdeee77327775f05672d7f1101dd3cbf52af74c9871a70a6b0a95cccf6a,UNKNOWN,UNKNOWN,MRPL,UNKNOWN,BUILDING,2,REJECT
2,8995ed7138ced5fe256b739dd0385f415032f319579f78cbce39e69d4fdac507,351869caf3fd82276cd55f84606b5b8a82957194ccbdf3999fb7c7241baafc28,cace8dfd62c87a7c0f12711c644379862393d4ebc0483f26d306ee8e3f12ba33,ADJUSTED|RAW,true,2026-05-05,c343f62164167e336365141343d45241efb1ba961d3d3bbca0471d8a6ab178b7,UNKNOWN,UNKNOWN,LIQUIDCASE,UNKNOWN,BUILDING,2,REJECT
2,8a0942f046e784ce18322a33c2de369bf62d93f12bd7aba5f476da36b65df3cb,351869caf3fd82276cd55f84606b5b8a82957194ccbdf3999fb7c7241baafc28,87bb68f186a8c718c5e45cfb5b44bae5e3573c41eb3fec35f098b02bea5a68c2,ADJUSTED|RAW,true,2026-02-19,23ff60b68af76fd0fcc68b751d83613af52dde0bc6971b8ed706a722088f1127,UNKNOWN,UNKNOWN,ONGC,UNKNOWN,ENTRY_READY,2,REJECT
2,8a15ed0e53305dcc844d5ca99c7e3aadffce2b433bb42541a71172717d6ba4d6,351869caf3fd82276cd55f84606b5b8a82957194ccbdf3999fb7c7241baafc28,ddc22fc0fb8655f2f7f6000d6120deb4e553280aaf5d123e2a6d97582c96e999,ADJUSTED|RAW,true,2026-07-10,81aa41acaeaf5d71cc796a687b348acdfc84f59cda9d95baa5b6945fd4c5dee6,UNKNOWN,UNKNOWN,KALYANKJIL,MOMENTUM CONTINUATION,ENTRY_READY,3,REJECT
2,8a48788eeb08853d31a2c830b6b708512ac5c94b93e32751775333d41f8f9dc8,351869caf3fd82276cd55f84606b5b8a82957194ccbdf3999fb7c7241baafc28,6c6a5447a244d49c6978ff65f64e78882e28c4c38ebfafa690833f8afc77f918,ADJUSTED|RAW,true,2026-04-01,35e3c5769e30c46e24f20b1f15c1f14d04125277ca9e1bcf95d1039cff7befb6,UNKNOWN,UNKNOWN,ADANIPOWER,UNKNOWN,BUILDING,2,REJECT
2,8a5c8108897d25d03d08f83d516cb582f3f2fad37fada2afca3bfb5bfcee939f,351869caf3fd82276cd55f84606b5b8a82957194ccbdf3999fb7c7241baafc28,83cdc771e05d90242f745ec7838de6c05ed3051236467f4950089a8693ba1287,ADJUSTED|RAW,true,2026-05-27,3b6d96f92cffd49fe708785c17001e57c2df1883e9ac484f4d4349af237c480c,UNKNOWN,UNKNOWN,PINELABS,UNKNOWN,INVALID,2,REJECT
2,8a7a839fd2c567686926bbee2e4e23cf6bb69752a3a5d63806d3a1f21e147094,351869caf3fd82276cd55f84606b5b8a82957194ccbdf3999fb7c7241baafc28,bf405259a5507921423abe5c3e599ee75daf8d826fa1124065d7b663e627a9d6,ADJUSTED|RAW,true,2026-02-11,e839262b1549c6eb16b1deee712560f835826ec00bd7b7c673970f456b164ca1,UNKNOWN,UNKNOWN,GTLINFRA,MOMENTUM CONTINUATION,ENTRY_READY,3,REJECT
2,8a994291f78bdd81571aa24cb2a033b0a0b15ae22776591128efa98e1705740a,351869caf3fd82276cd55f84606b5b8a82957194ccbdf3999fb7c7241baafc28,975bb97ff0367a2c68091e07383f5a1d45b297e8fbb9d329d5f913747c07c648,ADJUSTED|RAW,true,2026-07-14,b9711ac674b13868fea32524b977b7c0902e7cafe3f374ffad90acd025d54b18,UNKNOWN,UNKNOWN,ETERNAL,UNKNOWN,BUILDING,2,REJECT
2,8abb6a5f1cff87785fce07d5ca4a5de5fe8846611c16b18726822a9c86975858,351869caf3fd82276cd55f84606b5b8a82957194ccbdf3999fb7c7241baafc28,a83dd4d4f7c3d8204b45d3f0071473077c55f8e0a00b87c1904ac153c1b9e0de,ADJUSTED|RAW,true,2026-03-06,b364229e1f1b7c961ffb952317349c5f539f8b1dccabbfcae04e3f00095b8b0a,UNKNOWN,UNKNOWN,YESBANK,UNKNOWN,INVALID,2,REJECT
2,8acccccbc0b83c86ea36ed57666faa32b494f40cc70940454c43cf9f7b3c6d31,351869caf3fd82276cd55f84606b5b8a82957194ccbdf3999fb7c7241baafc28,8454c3781bae05b3ec2504e4228364de80e842adb49da6df3ba59571bf59abec,ADJUSTED|RAW,true,2026-04-10,760994a27cb1ebf64108a0203ca51bd4c5cefb3ca87a1a08d4a38a0f97f299a3,UNKNOWN,UNKNOWN,FILATFASH,UNKNOWN,INVALID,2,REJECT
2,8aec507b9a49c1c08ccda6ae83af20aef6a2525335348bd2e2d442e66b62f088,351869caf3fd82276cd55f84606b5b8a82957194ccbdf3999fb7c7241baafc28,e3786b28810e89fbae71c9ba6c5b2f2983a40411f365e0151554e7e99b852c6d,ADJUSTED|RAW,true,2026-01-23,c9ae6ded94232deb9ff3711f1b421b1c8a40de65b3c00df8700daae17d7d7088,UNKNOWN,UNKNOWN,TATAGOLD,UNKNOWN,READY_FOR_CONFIRMATION,2,REJECT
2,8b2f3bd2a0d63d563b489eaddd62680d0eb82d13c3fff34ae78f23ad5e4bda22,351869caf3fd82276cd55f84606b5b8a82957194ccbdf3999fb7c7241baafc28,1efa3188fe763f90fb0a5b4326c3f5bfb54c7c4cccca178cdf8cda4050fa71f0,ADJUSTED|RAW,true,2026-04-15,e699203784eae9ee89b6e4da1e98dcca823cef7f9447c918c36e2eee320618b4,UNKNOWN,UNKNOWN,GROWW,UNKNOWN,ENTRY_READY,2,REJECT
2,8b381f67ab65b134683fe85e4e22d1b95902cb1fde4aeeb73defb627bdea8322,351869caf3fd82276cd55f84606b5b8a82957194ccbdf3999fb7c7241baafc28,8a664d63d2624b0f5c05867ebfcef95c07cb9a283accad92133fc947d622f963,ADJUSTED|RAW,true,2026-03-16,e2be597f5b33603b039d2199e9f19e8d67363980a72e1186cfa54847765b7fa1,UNKNOWN,UNKNOWN,IDBI,UNKNOWN,INVALID,2,REJECT
2,8b6d3446365449bbf5a0f9adb8bc4dac8553eda7b1b50f55b135a54897142661,351869caf3fd82276cd55f84606b5b8a82957194ccbdf3999fb7c7241baafc28,d03d121d5c927d967fdb4bc368e7c00858aa0a5174de78b3275daf4ac7820829,ADJUSTED|RAW,true,2026-05-19,2e5824d70e6f2d23ebd39b5975878e053966306e42474a68ae20800e43606321,UNKNOWN,UNKNOWN,JPPOWER,UNKNOWN,READY_FOR_CONFIRMATION,2,REJECT
2,8bb24e50b8639ef7cf39410534a89bac7fc610464d6751f75ee94d2f0732ac60,351869caf3fd82276cd55f84606b5b8a82957194ccbdf3999fb7c7241baafc28,2c5068a90cc20d3ae421c93e7270f103db38235de595c14894bcd121f2c9547a,ADJUSTED|RAW,true,2026-03-04,3a31cef1cd684ce4394b0a7bad5b35c1519bd5fa1c400d716f8f15e1249aff26,UNKNOWN,UNKNOWN,SILVERBEES,UNKNOWN,READY_FOR_CONFIRMATION,2,REJECT
2,8c08240a79d02e1960b00e428b54cb866a5285124706a20ecb2dd4426a21e82f,351869caf3fd82276cd55f84606b5b8a82957194ccbdf3999fb7c7241baafc28,85b135f601c328b373b000e806691ea431e1e8a6fa0f8f43c6fe7e6119feeb0f,ADJUSTED|RAW,true,2026-04-02,cf7aa7732fc45f2eb861c74bf08a6c8811e3b0e3574775d2fe4e8bcf28df7c12,UNKNOWN,UNKNOWN,UJJIVANSFB,UNKNOWN,INVALID,2,REJECT
2,8c1917e0f5592c64afd9479ca19ad6bc92bf9717bb87a959c84d9d8756758a8f,351869caf3fd82276cd55f84606b5b8a82957194ccbdf3999fb7c7241baafc28,c40c521edd5dcc69b1bf2e2c4e62fb5b959e0a86db6f9549e7e50c4e4fafa154,ADJUSTED|RAW,true,2026-05-08,e559cc7d66b146f4bf5d3f5ed87395bca80f235e38d5aeca96906a83ac47fa56,UNKNOWN,UNKNOWN,TATSILV,UNKNOWN,READY_FOR_CONFIRMATION,2,REJECT
2,8c883e19bd91d5fcec386de127457029a218f03081d36fcafde39bb223ce5b15,351869caf3fd82276cd55f84606b5b8a82957194ccbdf3999fb7c7241baafc28,aabcf527b545f7fb6377406c5d040d6a427de3274e91ac9c545172241bf01c47,ADJUSTED|RAW,true,2026-02-02,70b7db9f79ddfd4d6b7660cd9d2d34b0e64e7dde590e19f907487f2bfa5b1287,UNKNOWN,UNKNOWN,YESBANK,UNKNOWN,BUILDING,2,REJECT
2,8cc9c391a6c1640d2130ac2d80faa224352dab36b514e615ec495b2805a9a8b5,351869caf3fd82276cd55f84606b5b8a82957194ccbdf3999fb7c7241baafc28,24a9a442d116210a27540d882f4d6b7747e32bf7bd2e4f280762e0b2676248ec,ADJUSTED|RAW,true,2026-03-12,75d325e404a16bba4e41c8225598609c0a52f4176f7a84d013397400692ee8c7,UNKNOWN,UNKNOWN,RPOWER,UNKNOWN,INVALID,2,REJECT
2,8d08b243900fc8b981df4809f71ad0421d2e00f4fe76dad3e770611e03238868,351869caf3fd82276cd55f84606b5b8a82957194ccbdf3999fb7c7241baafc28,6753f6105c409393edc2e26f8460fc2cb56f1757e003a76536de7ab3fb074c76,ADJUSTED|RAW,true,2026-01-05,ff1e9fdc65e63f6a84f8cfd88cc98fa3ea2a53b5bc9dbe0c5f1b96a95e077992,UNKNOWN,UNKNOWN,TATSILV,UNKNOWN,READY_FOR_CONFIRMATION,2,REJECT
2,8d0d33b518399b87f3127f38baaa7f9b87b997b084fa0980217cc6fa98f90b72,351869caf3fd82276cd55f84606b5b8a82957194ccbdf3999fb7c7241baafc28,4348e73461fe66e1b99fcfae9785e5f1f9dcb97efba907b90aa39315de17cefc,ADJUSTED|RAW,true,2026-05-13,8b02a601967554a8cb8ac0c85ef994a4fcef168a7bd8179f98760a9528d6c6c3,UNKNOWN,UNKNOWN,GTLINFRA,MOMENTUM CONTINUATION,ENTRY_READY,3,REJECT
2,8d5cf9834890ccbb6da212962946ec02426aa3d9ac6a6bd42594dcbfceaa39f1,351869caf3fd82276cd55f84606b5b8a82957194ccbdf3999fb7c7241baafc28,d71cd3908692fc958aac72face4b507700817878b18b998fafc4623ee662980d,ADJUSTED|RAW,true,2026-02-20,13517a8e6cc94ae69325c1370f9a6fdfa4837a41066d449cd4bdceaf401231c0,UNKNOWN,UNKNOWN,GTLINFRA,UNKNOWN,READY_FOR_CONFIRMATION,2,REJECT
2,8d64830ce2f16acbea7deebcd2ebb30539ad8cde0e409ea1f9b5f9ef9c69603a,351869caf3fd82276cd55f84606b5b8a82957194ccbdf3999fb7c7241baafc28,c165361bd05e7ad7dcc5ae2fe5f0e73014ee86951eaee5bc1d2e129755790ea6,ADJUSTED|RAW,true,2026-03-18,c18d5b0dfea44ba86a440b16b0434afea765df64f84bf49b53b4d3bce5b05144,UNKNOWN,UNKNOWN,TRIDENT,UNKNOWN,INVALID,2,REJECT
2,8d71d139d6c4d4cb7587ef7e368792b6742991e8ad54b3c185762406e22c4ef9,351869caf3fd82276cd55f84606b5b8a82957194ccbdf3999fb7c7241baafc28,b20bf3fd03b2b6c18d18cac6228e4911063a0a43a9fdc6d90ed03f0cddc2d1f0,ADJUSTED|RAW,true,2026-07-20,6d706332843df3848e0eaa8dc204ce9eff6ab0e4b579d397bc11fd1449f19b47,UNKNOWN,UNKNOWN,PCJEWELLER,UNKNOWN,READY_FOR_CONFIRMATION,2,REJECT
2,8d80ab70ac8f74913fb5fdb110f0525494ce042a16c7be23c224752ee74ad8fd,351869caf3fd82276cd55f84606b5b8a82957194ccbdf3999fb7c7241baafc28,5e25add397029697918e0e7247321a6ccf7b48d92a2bffcee681fc90e6e43c9e,ADJUSTED|RAW,true,2026-05-19,865acf0fe42d0d361b7cdc210ac4d6852cb85a10f2d601c590a7ac4d13180082,UNKNOWN,UNKNOWN,OLAELEC,UNKNOWN,READY_FOR_CONFIRMATION,2,REJECT
2,8de55fe1db1020051786e79bfade728c4523a209879a48b44855e74a03ab2fea,351869caf3fd82276cd55f84606b5b8a82957194ccbdf3999fb7c7241baafc28,6b9418104f37eb3822c2e45dd1ae807a9c4c712fc831dbf423538d39bbc49845,ADJUSTED|RAW,true,2026-02-23,bc197305d1fc86ad0f457acb8418dd66b1e15851d77531573026950d65fc0755,UNKNOWN,UNKNOWN,BLUEJET,UNKNOWN,INVALID,2,REJECT
2,8df21b5125b2f27f3c920fdb5bcf662d92658a20837264ede242d9428089b1d5,351869caf3fd82276cd55f84606b5b8a82957194ccbdf3999fb7c7241baafc28,1a7f663c46289b3a093d54e53dad0abf7dd50dccb96b7835252af48359bfbf04,ADJUSTED|RAW,true,2026-05-11,225139b76a508a8af831d7b589654318f1e8b36b0f1af3777371b53aaab48e6d,UNKNOWN,UNKNOWN,RAIN,UNKNOWN,ENTRY_READY,2,REJECT
2,8e03ca891eb6a0d95576b614705c44d5eb52f44201e902646aca1d684cc0b8bb,351869caf3fd82276cd55f84606b5b8a82957194ccbdf3999fb7c7241baafc28,4490b9d5b0c85d0684f24e11cfade0754acf9c1d77fa914e41fa1427a6413f30,ADJUSTED|RAW,true,2026-02-13,df9ce95a8768c0f3a04b3afd39260f2cc5a95447727f16a3bf9b3aad800b27b6,UNKNOWN,UNKNOWN,ENGINERSIN,UNKNOWN,READY_FOR_CONFIRMATION,2,REJECT
2,8e20a79df50989d67531e75e4cbd6e2dc719d88d524ef22a9453774d03f6a0b5,351869caf3fd82276cd55f84606b5b8a82957194ccbdf3999fb7c7241baafc28,e37663e30db744fbf933e6485f5806f33325005c8765aaafbd5ab2e1f6ec0dfa,ADJUSTED|RAW,true,2026-06-24,07d3bac56a89ab662bb652fe1639e9b7acc9320ffdea2771d836d76bd5b19d33,UNKNOWN,UNKNOWN,TATAGOLD,UNKNOWN,READY_FOR_CONFIRMATION,2,REJECT
2,8e3989172ff4c38feaeafef9c400026a631ef81249de3885f1ae99c19bedbb81,351869caf3fd82276cd55f84606b5b8a82957194ccbdf3999fb7c7241baafc28,57a50767c645e8885ec9657cabf01f9c9a3aa945debe9829b4be000231044a53,ADJUSTED|RAW,true,2026-03-11,6a906f6f5ef408f20b86ed9955c8a8ea9424215072a884694f8c83f6be5510d9,UNKNOWN,UNKNOWN,RPOWER,UNKNOWN,INVALID,2,REJECT
2,8e4d2f6882986918124f2d5c4aa8609432f09cc136413adeb3e25d2776b17fed,351869caf3fd82276cd55f84606b5b8a82957194ccbdf3999fb7c7241baafc28,ba3a020e6861994f3df024bce41cad4665fb3008cf904ede4f512f81906fab18,ADJUSTED|RAW,true,2026-06-18,8604cf83cee9cf31232c1990c8d8cbe6f6455f27c8f129bd59dfac9925483a85,UNKNOWN,UNKNOWN,JPPOWER,UNKNOWN,READY_FOR_CONFIRMATION,2,REJECT
2,8edf7234939bd8ef609004714162a66dd6f5f782d57ccc775e63ea31b4b3f08c,351869caf3fd82276cd55f84606b5b8a82957194ccbdf3999fb7c7241baafc28,defb0e95757b7a3197da004517d6aecadba93c690af5a181a810305e7edf6f33,ADJUSTED|RAW,true,2026-03-20,b2432d27cadb617736269bad745129f6ae0e36036f4b091609a5e7e27e52ddfa,UNKNOWN,UNKNOWN,ETERNAL,UNKNOWN,INVALID,2,REJECT
2,8f09b499fc106f112bdcb462bd89eac765aeed48d520b54d5b85409ffe5f0ec4,351869caf3fd82276cd55f84606b5b8a82957194ccbdf3999fb7c7241baafc28,96c7e26643c692cd7cef7f8bb6355a589a17baa293551ae79284c4737346e1f0,ADJUSTED|RAW,true,2026-05-05,3f44de499c90c57bf91a47ffa135842afd6ea685a1672a53b85f323efed85c65,UNKNOWN,UNKNOWN,HFCL,UNKNOWN,READY_FOR_CONFIRMATION,2,REJECT
2,8f7507d7ef57f1ea067ded65e04fd751d495aa6368074b110afe9f72528b40f8,351869caf3fd82276cd55f84606b5b8a82957194ccbdf3999fb7c7241baafc28,55619db7e454328a721771e673010c799040a41f5d32b05e1f6a38c37dd6bd77,ADJUSTED|RAW,true,2026-03-27,16dd47775a516e513c5a79cd9c92470d0d0cbf502285f7aa92dd971fac064bd9,UNKNOWN,UNKNOWN,LIQUIDCASE,UNKNOWN,BUILDING,2,REJECT
2,8fbdb2487f49a2bb585391e8d663e7f388f1d6c83055c3c5a92c8b80a95ce74c,351869caf3fd82276cd55f84606b5b8a82957194ccbdf3999fb7c7241baafc28,d5b74052756c38da62432de45115fb3e0750dfe13178d3cc9624415e2ec7459f,ADJUSTED|RAW,true,2026-06-09,9993229090eccf01ccd0e5f7a976c0c6a2a9a12a8873dca60d67d1d6cdc16695,UNKNOWN,UNKNOWN,GTLINFRA,UNKNOWN,BUILDING,2,REJECT
2,8fcea3c572d3eec666f58b064a2869ce1bdc9997c6ffbe23e00488f83d440f0b,351869caf3fd82276cd55f84606b5b8a82957194ccbdf3999fb7c7241baafc28,fb03a4e7ea7429d28540014e765f68621b98b55df7b99ee400adfdab15cdcac4,ADJUSTED|RAW,true,2026-04-29,3cf00df4a7dd30b08f6417df89e538dafcba357c5c915abd7b4f0dd1cafd6c78,UNKNOWN,UNKNOWN,ETERNAL,UNKNOWN,READY_FOR_CONFIRMATION,2,REJECT
2,90076fe01ac0741a8842b82ce7eac7d34bc89be187c597f34bf4694cbc316c23,351869caf3fd82276cd55f84606b5b8a82957194ccbdf3999fb7c7241baafc28,088ceae1abb802a03c5d1f2c83a340e20fbedbf80e83f90f71e14356f70c32bf,ADJUSTED|RAW,true,2026-01-08,fef446aa37f6a617756c39571d6ad344e202bafebed5e06b030dff78520a45ce,UNKNOWN,UNKNOWN,YESBANK,UNKNOWN,READY_FOR_CONFIRMATION,2,REJECT
2,900eca2a9928240c7cff2ace5df8647032254c57630b27662426357896db06f2,351869caf3fd82276cd55f84606b5b8a82957194ccbdf3999fb7c7241baafc28,d6e7fd1735e05719285a12937cbc42015d46afd6e33efecddc7fe7c069959b01,ADJUSTED|RAW,true,2026-06-10,1a446f70f07b93fe72db8a9084abeff629b34f575ed6394fba3a2378c69cb29f,UNKNOWN,UNKNOWN,GENESYS,UNKNOWN,BUILDING,2,REJECT
2,903c24c9df52fcdb80df914a2d3c8108ad277dd440b46e19d5469dd0a043f42c,351869caf3fd82276cd55f84606b5b8a82957194ccbdf3999fb7c7241baafc28,3bd2ec9239989e72058292a48e85ad7206e82f6e56d77ed9b33f0dab60ef1513,ADJUSTED|RAW,true,2026-04-13,83189ea1dd0af48aad140687859216f7452ad319f9a3f1e28f44869536dc9b59,UNKNOWN,UNKNOWN,YESBANK,UNKNOWN,BUILDING,2,REJECT
2,9052e1c3336787e40142db68e3db365099e6bb12287c4d7d743c2596f0a3269f,351869caf3fd82276cd55f84606b5b8a82957194ccbdf3999fb7c7241baafc28,ec3f8b69a30b335c9f78ccff1663d28d4402eb2939155d90f5df95033ce9901c,ADJUSTED|RAW,true,2026-04-23,81c7a484c5c5881d3a9823390e1837e927a56566e90e752a4298033f62d3b761,UNKNOWN,UNKNOWN,TATSILV,UNKNOWN,READY_FOR_CONFIRMATION,2,REJECT
2,907ee6966610d33e493a3c971bb41140ea3438e04ec016188f9569f106820e60,351869caf3fd82276cd55f84606b5b8a82957194ccbdf3999fb7c7241baafc28,54b4ec6ff428b85b42091679be7948b91af4b25f3cc756f2f47f8a44665b85a9,ADJUSTED|RAW,true,2026-06-01,b93cc9c28893eacb667ec582f1af0917a6473710881a8f88b3550e0d04851223,UNKNOWN,UNKNOWN,REDINGTON,UNKNOWN,BUILDING,2,REJECT
2,908933702ab558106708f970f529e87c510f0ffb31e17127baffef8e99b96a62,351869caf3fd82276cd55f84606b5b8a82957194ccbdf3999fb7c7241baafc28,0ea0660cd9e0c040db1e7c647872d47fce5a03fa0e459c32d1334b453c5c28ba,ADJUSTED|RAW,true,2026-01-19,96ede945611e9df8641b67e2db719346cc16832e2f66cede2299d66ec572477b,UNKNOWN,UNKNOWN,IFCI,UNKNOWN,READY_FOR_CONFIRMATION,2,REJECT
2,90dc841c658be230cca00653a6e39c493f689e83b7960b5c0d17a3f312d440f5,351869caf3fd82276cd55f84606b5b8a82957194ccbdf3999fb7c7241baafc28,2d65e3e9488d753c608c676db716dda8e2c5780b3ac1851c0eb908f3dd55f6ff,ADJUSTED|RAW,true,2026-06-25,6dd04c0fc039d7c6fd948a2a75b5a55718139e03e0dc2ad00721d4797322a216,UNKNOWN,UNKNOWN,LIQUIDCASE,UNKNOWN,BUILDING,2,REJECT
2,910654d0d5eb079808fdfe132a6dfcc53f9778fb882d61b79b7121e8a79831c2,351869caf3fd82276cd55f84606b5b8a82957194ccbdf3999fb7c7241baafc28,6f1d22c1fefdd575c24fdda3a502aca035e3ab45da9cd836d56735ff9337fc5c,ADJUSTED|RAW,true,2026-02-19,c69603cc26b7669399b372238108d73228250adb542ab854adfde366092163de,UNKNOWN,UNKNOWN,YESBANK,UNKNOWN,INVALID,2,REJECT
2,912a6370906499540230ddac994afd1af0f9c9a762e38da206f604c027ecb528,351869caf3fd82276cd55f84606b5b8a82957194ccbdf3999fb7c7241baafc28,8e52c9dc25c8adc6f2656b3f77c0a4c09cb538ed29d6a0a1ac253ccb78b1da97,ADJUSTED|RAW,true,2026-01-29,fd7cba412cfd69dd4eea4d0f263b1bed9b91a2695cd8154fbdd637d2eb2f1e38,UNKNOWN,UNKNOWN,TATASTEEL,UNKNOWN,BUILDING,2,REJECT
2,9166974ccdd92e5b3a34d5c963997f0a35c717410ed4cc776011d292a3d268a7,351869caf3fd82276cd55f84606b5b8a82957194ccbdf3999fb7c7241baafc28,09e6cd16ec96fb33b718d76a7e1a1167a3704a669cf30123dad15bde2d121d7e,ADJUSTED|RAW,true,2026-01-22,1e4c30e955206454f1e2c4a4da0913103a475f9a199bff64a9b780140783710b,UNKNOWN,UNKNOWN,MODTHREAD,UNKNOWN,INVALID,2,REJECT
2,917eeae20dca7b10fb27e9785d94b40a87e70c7a330e3a559aad89e2f90db213,351869caf3fd82276cd55f84606b5b8a82957194ccbdf3999fb7c7241baafc28,96e5e58f2d56bd202617785a9d901816cec09a34ae0d192bd3270d41e221ba30,ADJUSTED|RAW,true,2026-06-11,9fbb4161a804ac16eb320c9166f581a38956fe2235fefb13cfef9deb4a5ac344,UNKNOWN,UNKNOWN,YESBANK,UNKNOWN,INVALID,2,REJECT
2,91827c0e983b47ea0961956c4b76c311c8a2e47c91dccc0cc2c20df9da6faa45,351869caf3fd82276cd55f84606b5b8a82957194ccbdf3999fb7c7241baafc28,7e71e82a5f7b702aa231caf2a0517b7220983cf9f48161034b8b16a8d92f59c6,ADJUSTED|RAW,true,2026-07-02,7303a9eea7f3382fea9d7c4e7524608156e34cce05a4369e834156897caeeb6e,UNKNOWN,UNKNOWN,GHCLTEXTIL,UNKNOWN,BUILDING,2,REJECT
2,91a4c0548c586dec30663f2cae12387d7c6b2dbea799c50f363dcd5058d78c8b,351869caf3fd82276cd55f84606b5b8a82957194ccbdf3999fb7c7241baafc28,3612c5b0f75e69ccdee00c11199f5ded0541034a951df418ea50a8a5ebf8f53e,ADJUSTED|RAW,true,2026-04-28,72ad2a86d4e88ad49692cad9bce68dd76b01ea3b9168affae0661b24c7b74cb2,UNKNOWN,UNKNOWN,EPACK,UNKNOWN,READY_FOR_CONFIRMATION,2,REJECT
2,91bce2eb2f7ec43033c807759424fa590d3c773d45613776f243cce051c1d191,351869caf3fd82276cd55f84606b5b8a82957194ccbdf3999fb7c7241baafc28,f1104160e4bf043c6884ae6c487475ce5d2fbf36be2f4210814385c34fd657cd,ADJUSTED|RAW,true,2026-07-14,b071b798e47cbdefecb3666f550f7e89ed11ae6133d7f965b21f3aa5db80c2f1,UNKNOWN,UNKNOWN,YESBANK,UNKNOWN,INVALID,2,REJECT
2,91f0a40c0879c57fcab3a2d7c6e0972916536e2e02b2bd0a998bbfa22b7d6881,351869caf3fd82276cd55f84606b5b8a82957194ccbdf3999fb7c7241baafc28,8a99d8c226cf767df1d6a1cdbc47d378563e9c3a1bc20760301cab80975417ee,ADJUSTED|RAW,true,2026-03-24,4db595750b920338d962e795f16f80b922711785669d5425ee29396db16d76bd,UNKNOWN,UNKNOWN,GOLDBEES,UNKNOWN,INVALID,2,REJECT
2,920240d09140d9d3b6206cdfff92bb73279baa90717be3aae98f45ce6b632474,351869caf3fd82276cd55f84606b5b8a82957194ccbdf3999fb7c7241baafc28,275111e89b0ebb3fb3b6c18d58c27fb4f2d27182e5d0b0f04dce1eb03b9c714b,ADJUSTED|RAW,true,2026-02-06,4761b6d16378d1da41079faa76ad230c28a2e0aa26378d32f5e46433fc613378,UNKNOWN,UNKNOWN,IDBI,UNKNOWN,BUILDING,2,REJECT
2,920b2af14b8466fd4eff6e3e7c8b3e1fae389b4065d670b77cccb49e8b40ea45,351869caf3fd82276cd55f84606b5b8a82957194ccbdf3999fb7c7241baafc28,334f036938f4d4224c12ceea2db2fefe02a9207d21ae0e87e3be5da2c83252e2,ADJUSTED|RAW,true,2026-03-02,a40ebdfbd83806a101a42152bb82b87711e13c6c8aa9c98cd66dc18fd982f153,UNKNOWN,UNKNOWN,TATAGOLD,MOMENTUM CONTINUATION,ENTRY_READY,3,REJECT
2,922ea1da06a16ba2bc700fb808e4b17497eff3dd20fc7a799b2eb45d748e20a6,351869caf3fd82276cd55f84606b5b8a82957194ccbdf3999fb7c7241baafc28,45806e1bdfb9119ab3eca8d2d195f6125df66526d48e6e4c8e48a563040bedd5,ADJUSTED|RAW,true,2026-03-17,23a193a4a50bddec61a9fc84e72f1050864b6dd94b9862f94e3758e5432668d9,UNKNOWN,UNKNOWN,MRPL,UNKNOWN,READY_FOR_CONFIRMATION,2,REJECT
2,922efcba295b74864b79641e37251eeeda1b930b77b82370bfb18c3d24a189b0,351869caf3fd82276cd55f84606b5b8a82957194ccbdf3999fb7c7241baafc28,6f46156bca081c685bf3de924f10e5fd524ac431c1c98075332c2f7a87451171,ADJUSTED|RAW,true,2026-05-19,aa50620083a37bba668b16a474b4a8e77c15e765e64c0769dc99f55316c073f5,UNKNOWN,UNKNOWN,GOLDBEES,UNKNOWN,BUILDING,2,REJECT
2,929595e46e9245c10f65ef7b959aac5a00cf303ee9637a7c7e27938b89d83bc3,351869caf3fd82276cd55f84606b5b8a82957194ccbdf3999fb7c7241baafc28,549bce53f20bfdaee76cf5d8a24b8a3b808d6b36cf9e249f0a151d62dd41d2a2,ADJUSTED|RAW,true,2026-02-20,6a64432e5d949af2cb93cd5de45a705cc21bead7bea2a202acd1f7d85dff5014,UNKNOWN,UNKNOWN,SILVERBEES,UNKNOWN,READY_FOR_CONFIRMATION,2,REJECT
2,9298db02481dcf10e2790b6f44317b2f9b73f894126367678c851e3ab7b90666,351869caf3fd82276cd55f84606b5b8a82957194ccbdf3999fb7c7241baafc28,ab0ef59aa20ff1bb77b74e37d075f4982174c616892fc38f718a7badf2f955a2,ADJUSTED|RAW,true,2026-04-23,8f7039d7539a06164cd6d0e71663e3c64b4f7851c398792bbc3cbac48add29b6,UNKNOWN,UNKNOWN,ADANIPOWER,UNKNOWN,READY_FOR_CONFIRMATION,2,REJECT
2,92c9d1861e7b88c130ac8445a0b8fe146cb6bd2e2b9b1dfd5c69c79818dde1f3,351869caf3fd82276cd55f84606b5b8a82957194ccbdf3999fb7c7241baafc28,ab651c61b386fca1578a8ce9bb687f3e818deb21b25215cf498d0345b64a5285,ADJUSTED|RAW,true,2026-06-05,52215cd06d319e291a64e0759afe1a71458fd568f4b5c65f86fd15bd568b3033,UNKNOWN,UNKNOWN,GROWW,UNKNOWN,READY_FOR_CONFIRMATION,2,REJECT
2,9330a0ce1d6fe09fc741f6725c7d1642fe04ba66d70359daba77ccc3d023d455,351869caf3fd82276cd55f84606b5b8a82957194ccbdf3999fb7c7241baafc28,f0f5e842cb75b65d4e7645f71b33efdcaa453be438942c80b1466583901cc955,ADJUSTED|RAW,true,2026-07-06,4418354e5263511b07748f308d96c44c7812e608885fd4c4da15f0f024b11137,UNKNOWN,UNKNOWN,LIQUIDCASE,UNKNOWN,BUILDING,2,REJECT
2,9449cccf3b662f6b0e356c9c00b3a17f61fb8f761f578ff99c12b3c7da649214,351869caf3fd82276cd55f84606b5b8a82957194ccbdf3999fb7c7241baafc28,cabade916f626a7805b9ceb24c9ae686242b323ae8c25e45662a54ba6c84ad8a,ADJUSTED|RAW,true,2026-05-18,22e337d77714863d59826c839e92e222fb7068822e6ae01097f3aedcb40da184,UNKNOWN,UNKNOWN,PNB,UNKNOWN,INVALID,2,REJECT
2,94646073587a9988a88eac3ed5095fee08f5b97ce4789fd6bcf485550b5771d1,351869caf3fd82276cd55f84606b5b8a82957194ccbdf3999fb7c7241baafc28,fb9ec845344eedef70c3a5b7126279584c25aa156fbd788bd05525e8716ac6d5,ADJUSTED|RAW,true,2026-04-28,020358540480e1b29f4b20f037f2c1d991c0e8e22dbb0c063d7d54b7d913ebf7,UNKNOWN,UNKNOWN,TATAGOLD,UNKNOWN,INVALID,2,REJECT
2,94841c96205b27bc06a38a5a7b3f04d3979a2668deeb5c1969d010740dbade63,351869caf3fd82276cd55f84606b5b8a82957194ccbdf3999fb7c7241baafc28,ab237a654782cf8342fdf0bc5ec675c73036e78c7044a1ae7ed2f04a8741d9d4,ADJUSTED|RAW,true,2026-06-02,ac978022f54567589516cfe2d887a27cf8d21471394ad0070f6e07859ed5ae27,UNKNOWN,UNKNOWN,JPPOWER,UNKNOWN,READY_FOR_CONFIRMATION,2,REJECT
2,94b53ada96146a9b2c34d853099d8ccd7ad45ac4f2216e368bbc028f56a3a960,351869caf3fd82276cd55f84606b5b8a82957194ccbdf3999fb7c7241baafc28,527321bdf654f5a493a17d3b486a5dc4543bad620f55286a97cb0c3a30f513a3,ADJUSTED|RAW,true,2026-05-25,f047a314cec4a1ec9e1c546cac1d3c3dc9e49cf67200a465ff31dc606a02c3da,UNKNOWN,UNKNOWN,HFCL,MOMENTUM CONTINUATION,ENTRY_READY,3,REJECT
2,94dae445569d0ac9bb8819ef2a01ef6b2cf4bb50f68f4cac5f686707b38ec5a6,351869caf3fd82276cd55f84606b5b8a82957194ccbdf3999fb7c7241baafc28,67b84cba81a4c803103a48910464c969721d6879008a319614246f27d67e3d55,ADJUSTED|RAW,true,2026-01-22,557eebd5f37e04afb0864732dce7442aad6a73da3c3dce9a54a82a4bd08e1c23,UNKNOWN,UNKNOWN,PWL,UNKNOWN,ENTRY_READY,2,REJECT
2,9507845e044efb4dea5fb41f14f7e4df40437e56d3e30c81379e098fd9256816,351869caf3fd82276cd55f84606b5b8a82957194ccbdf3999fb7c7241baafc28,03a2161624865bca2b76045e0e223512d8cb2d02de9cd02b0a1c519a21ad3ce4,ADJUSTED|RAW,true,2026-01-19,e451ea3a5bae28a7bc3d635d42908c7c88fad1ea38586381a78e02e06414ebed,UNKNOWN,UNKNOWN,SILVERCASE,UNKNOWN,BUILDING,2,REJECT
2,95a74d79904459ba811b99ba71bec8e5568a05be3e89a7c1cb2c1cf86731e3c2,351869caf3fd82276cd55f84606b5b8a82957194ccbdf3999fb7c7241baafc28,e68cf37ed956d3830f2e17fc11318e24d3246490301a1315662e93e210c69bc5,ADJUSTED|RAW,true,2026-02-27,005dc4b51df37ebc28c39f6266cfefe0acb51471ed69a34e83f2f94285fe564a,UNKNOWN,UNKNOWN,SELMC,UNKNOWN,INVALID,2,REJECT
2,96002f570d2e16c196602e6c8de6e93ce3ff3524bf9906033899e0565b6d69ab,351869caf3fd82276cd55f84606b5b8a82957194ccbdf3999fb7c7241baafc28,c2c42e40b1c6c9661e1f6892addf820b11b6392e411ca2b12a25db07fde57534,ADJUSTED|RAW,true,2026-04-20,4eecaa17fc422c9799f51d08215ad1763b96a8a267ecf7397b931fc2000a941d,UNKNOWN,UNKNOWN,HDFCBANK,UNKNOWN,INVALID,2,REJECT
2,964b8f9560d3072b160585c941b98f74ecb0943c0f5bbcedd8c984e8dbb9f869,351869caf3fd82276cd55f84606b5b8a82957194ccbdf3999fb7c7241baafc28,e3a38250c18faf030a1bde5c6ea9bd5f91936804515bcea218d6fc6bb97d136b,ADJUSTED|RAW,true,2026-06-01,4bafcf58e086a3b747f5dd92006691dcc402ec2d5dced989e4544eea9b43b7be,UNKNOWN,UNKNOWN,CREATIVEYE,UNKNOWN,BUILDING,2,REJECT
2,965fca6c7c6252324b6bf762fab5bf9f4ceac8eca34c7946924b377b5edfc8d5,351869caf3fd82276cd55f84606b5b8a82957194ccbdf3999fb7c7241baafc28,7a402688f8a4f752effccab310a95bf004c664b18c8430f4f33211bb02760c8e,ADJUSTED|RAW,true,2026-06-17,d19a0b174fcd850eb25a852239e026d6994d3ecc9a90e92203c34fe9212b132e,UNKNOWN,UNKNOWN,IDBI,MOMENTUM CONTINUATION,ENTRY_READY,3,REJECT
2,966e14f7af2d62923709d79edfc83b3e3c25623332b608af08df452e21be70c0,351869caf3fd82276cd55f84606b5b8a82957194ccbdf3999fb7c7241baafc28,505ba100d5e165aa9ad69137b34df9a29ba6f98ac8a9b488f29e6d36a9e1311e,ADJUSTED|RAW,true,2026-01-27,bbb1841a61ed37b7a698c030c7291aed108a014df5bdc66caf4c1a185c8afa9f,UNKNOWN,UNKNOWN,ASMS,UNKNOWN,INVALID,2,REJECT
2,9685130265cfe1260449db0bc102ea5ebfc73beae784047e6f90913c394cb967,351869caf3fd82276cd55f84606b5b8a82957194ccbdf3999fb7c7241baafc28,cd15e681ed138363669c20f4a2d4260e16a1b2a1f0161aaa2e5bc55d150e23d5,ADJUSTED|RAW,true,2026-06-16,bad72d786102b59adacca3ff083af46d20d6ce3088d5b83f8e237bce258c2e3f,UNKNOWN,UNKNOWN,ITBEES,UNKNOWN,INVALID,2,REJECT
2,96b4dde84c6fcef401d830c8a13c283ab53659ed9e0321bf14fd4a869e8974ef,351869caf3fd82276cd55f84606b5b8a82957194ccbdf3999fb7c7241baafc28,13fd2ae0f5df4e50709a1ffc1a9ac0781600007f9d5b69aed29dca1b0091d322,ADJUSTED|RAW,true,2026-03-27,51e9ec7502ed27304c056d5a96753e7704d859b2f313d0de84193775d29ac309,UNKNOWN,UNKNOWN,UNIONBANK,UNKNOWN,INVALID,2,REJECT
2,96bffb05a7827cc2de6be61f095d08e856cbe028b431db84f96f9c3e1e978ac4,351869caf3fd82276cd55f84606b5b8a82957194ccbdf3999fb7c7241baafc28,63d2ed355fa736d926aff73ccdd593345d56f31aff5df3ff0c3ff6f5a4132d5e,ADJUSTED|RAW,true,2026-05-06,10bec4a860966e524d700a32d4775d0be6f31145298965958a22bf9dc001d62e,UNKNOWN,UNKNOWN,VEDL,UNKNOWN,INVALID,2,REJECT
2,96e06b9f78505ddeaf600cce3142494705d75e537f7aae72bdf32e7ba8eb09fe,351869caf3fd82276cd55f84606b5b8a82957194ccbdf3999fb7c7241baafc28,7f766dad959b0793cf098786b850d3272d17bd9a593d47d3cb0d9cfa9e3e810f,ADJUSTED|RAW,true,2026-06-29,eb732c9e44054d718f12c80f2bddfd4a2091151e1f5f676f759b4e6ec017f2f1,UNKNOWN,UNKNOWN,NHPC,MOMENTUM CONTINUATION,ENTRY_READY,3,REJECT
2,9704726107aa9e0f9b98147f7bf59fc04ac88c9768ccc3e6e9539bcb634678bb,351869caf3fd82276cd55f84606b5b8a82957194ccbdf3999fb7c7241baafc28,a4cf9534ae2b80be3b481f901877c356bb1eaae9e130f6fd171942e1a52bfdf7,ADJUSTED|RAW,true,2026-06-10,3383169d3499401397f23d405a1eb930708eddbcbf934815d0d035278a1597b3,UNKNOWN,UNKNOWN,MEESHO,UNKNOWN,INVALID,2,REJECT
2,97283b9f824a83dc22eae0772bc1183f43dd682165b4ed1049619459010b37e6,351869caf3fd82276cd55f84606b5b8a82957194ccbdf3999fb7c7241baafc28,b8da826d5c2e53dcd07a64c7f03c2754b85ef4f10ff8be00acad7bb8775c048f,ADJUSTED|RAW,true,2026-06-04,195753a9b5dc60c2cc00811e173bee2d970c790c51934b9afd83a902d2856227,UNKNOWN,UNKNOWN,ZEEL,UNKNOWN,ENTRY_READY,2,REJECT
2,9799008ee846c634ca9ace825950921b3367a0c3ac29960f0132ad4210c45a18,351869caf3fd82276cd55f84606b5b8a82957194ccbdf3999fb7c7241baafc28,1ebccb8ba8d70e1b1e72aabd7b1943799f15caa73edbf7ea46f50ff397dbcc41,ADJUSTED|RAW,true,2026-01-05,a3053bc3ddb1c1b706a25da33c413aebc753d882e64f7f8810f4fd306dfef605,UNKNOWN,UNKNOWN,SILVERBEES,UNKNOWN,BUILDING,2,REJECT
2,97bdf9f2e6092f45e3b522926c0cd5b4e1bb4e5ef107072d755aeb02d74dccaf,351869caf3fd82276cd55f84606b5b8a82957194ccbdf3999fb7c7241baafc28,9f1462df05d2bb24fb48e4baf6a54f7994d4f8442eb9e81f612e0cc633754a64,ADJUSTED|RAW,true,2026-01-06,43b1471e362864d696f440d2865b8495fb48820465ca650765fa9ac7581c388c,UNKNOWN,UNKNOWN,GOLDBEES,UNKNOWN,BUILDING,2,REJECT
2,97dcfd02261172f95050354192cf20b0fc83d2540dc0441233274f4ed436820f,351869caf3fd82276cd55f84606b5b8a82957194ccbdf3999fb7c7241baafc28,0e8e28a218f453c4b7b999d2ddc92357eb028acdfb2749ee377d26478780207e,ADJUSTED|RAW,true,2026-06-24,b9a6f3065cf780c58e5bd3f6a2b22d8fac734e6777aa28813ddc6cad5570515d,UNKNOWN,UNKNOWN,PINELABS,UNKNOWN,INVALID,2,REJECT
2,983b1769f5dc391f2f51691cea339f35f4d2d40b9896d786fdde08df06960b31,351869caf3fd82276cd55f84606b5b8a82957194ccbdf3999fb7c7241baafc28,db3b89e7a3f9854137c02dcc3ba9837fc6d87f174763ba9f7090e31dc4718a4b,ADJUSTED|RAW,true,2026-05-07,ccd566995d606e04906a9ff80634d526ff5a8861ee20dd8a2914749b716e0fbc,UNKNOWN,UNKNOWN,SILVERBEES,UNKNOWN,BUILDING,2,REJECT
2,98442dc03614db3005db5da030a8344f3505088b9f910956fdfe6bafb49b644a,351869caf3fd82276cd55f84606b5b8a82957194ccbdf3999fb7c7241baafc28,b476e10a19ef6dd5f126a151e4fa18e2f89100d03d4dd96874e1a7fa40e42ec4,ADJUSTED|RAW,true,2026-01-21,659d20d71f7225c3b12f75cddf9a4a1cd675b89073e61a10bf83475f96c08536,UNKNOWN,UNKNOWN,HDFCGOLD,UNKNOWN,BUILDING,2,REJECT
2,986778bcf6dbeafb491fba0a56f01b1402e8986b5dd1d765ee12991f69191a9a,351869caf3fd82276cd55f84606b5b8a82957194ccbdf3999fb7c7241baafc28,dfda2a41accc7f93e9b47fe71492042d4cb700ab76810cc8c3da2050138fd3f0,ADJUSTED|RAW,true,2026-01-30,ae5b78f7ecd32036c4486b2b18772b1a489041de76ba4a998df5bc776eedd674,UNKNOWN,UNKNOWN,TRACXN,UNKNOWN,INVALID,2,REJECT
2,988c445ee745210ac2cf6421fbe67f4d8e9886332f10943cb49ad422988ee8b7,351869caf3fd82276cd55f84606b5b8a82957194ccbdf3999fb7c7241baafc28,e9ed28c3829276c25d937bb3d4da3b775c7784714375027b455dfc0d50035f61,ADJUSTED|RAW,true,2026-03-25,79351bb305364cc6a33fe252de96ccd0a55cfe51477217c5a098ef934fcbc964,UNKNOWN,UNKNOWN,TATAGOLD,UNKNOWN,READY_FOR_CONFIRMATION,2,REJECT
2,98cfff96b02451d23b9808b006dc57acceeead521471037d512187848f7126a1,351869caf3fd82276cd55f84606b5b8a82957194ccbdf3999fb7c7241baafc28,c687754bb72165aee997a99b5f8942a4bb106082c44d76aa5710c7be88777322,ADJUSTED|RAW,true,2026-06-24,ec343af16b2ec14bc1f7a9dfc7cbd077a1052584c145213fdff4e2fae8cf1703,UNKNOWN,UNKNOWN,OLAELEC,UNKNOWN,READY_FOR_CONFIRMATION,2,REJECT
2,98f4d5e1b30cebb440059bc9cb2e9dd5249cfbe6231e08a6f0b24ad2cdbf8553,351869caf3fd82276cd55f84606b5b8a82957194ccbdf3999fb7c7241baafc28,75d7fefa2dbf2dc7958612308814a8de3ca9414be763d34ecce2b8bb4fb9f7d1,ADJUSTED|RAW,true,2026-01-16,bedc71cc86756451ce2338022e1f6b79938d376c8de57d7febf5f9aad41ad518,UNKNOWN,UNKNOWN,GOLDBEES,UNKNOWN,BUILDING,2,REJECT
2,990a06086bef0f69e4f07a5f41b592c128ff48098827d4114a9791068680fb38,351869caf3fd82276cd55f84606b5b8a82957194ccbdf3999fb7c7241baafc28,ed505f2a0daa1291dba8e535aabb849c902bf4e3dcf7185f59b4ad12a39ea3f6,ADJUSTED|RAW,true,2026-05-14,5cdb41996bbe0a7c8c8f214b39e0b3bb804e4338e92373eeb4f742a9585946ff,UNKNOWN,UNKNOWN,NLCINDIA,UNKNOWN,ENTRY_READY,2,REJECT
2,992a81840cf9d76eb53ef6c589e35c56388132e22189a2fc0e4359deadcf0a08,351869caf3fd82276cd55f84606b5b8a82957194ccbdf3999fb7c7241baafc28,a6727d181b2448c022f362fb8057dfff2c95d8322798834db9ada7542d0924e1,ADJUSTED|RAW,true,2026-07-03,c25eafbe5cd541ac5bd8ea16a7dd691037da919a67ae4828ad24daa87cc072c0,UNKNOWN,UNKNOWN,YESBANK,UNKNOWN,BUILDING,2,REJECT
2,9995fc1ccc776fa5f24e69efcd29f758f69cbd0383ce2de2b41ace1eb1d75628,351869caf3fd82276cd55f84606b5b8a82957194ccbdf3999fb7c7241baafc28,d52e08c625526397a10487b46ac9308904802e184f8bd02d00cd6858dbf84c29,ADJUSTED|RAW,true,2026-04-09,92cd8027d603aa249ecde9a54c7c19267c0e17bef295089247f3a3d169fbbfde,UNKNOWN,UNKNOWN,STLTECH,UNKNOWN,BUILDING,2,REJECT
2,99e33c639395840fc2794cefba3333d9eb3d117ef93a690adfa14d8dd80a0763,351869caf3fd82276cd55f84606b5b8a82957194ccbdf3999fb7c7241baafc28,f033c24edd766fdcbe9e8423ea37cb3a701f2cecd126d625d5a8519f62f45e82,ADJUSTED|RAW,true,2026-03-04,eee72ed6016624490104ab822088c50b560b976d7f23511cc26fb2b722248553,UNKNOWN,UNKNOWN,SAGILITY,UNKNOWN,INVALID,2,REJECT
2,9a3dae034b0f2708dea35acfd5ea7b7afddbd22c0798c7c21cde09b92368e716,351869caf3fd82276cd55f84606b5b8a82957194ccbdf3999fb7c7241baafc28,80dbc5f3e0a3929c91270bc9d2f1ddfe6aedfc38f3a2eb8d1a2fad7444bdf03b,ADJUSTED|RAW,true,2026-01-01,6f05597b4dd7c477910fb207063abfd470613ee98c72cd1bad89deb2f6a2ae63,UNKNOWN,UNKNOWN,ASHOKLEY,UNKNOWN,BUILDING,2,REJECT
2,9a9f3da1e8c2f1f532af545394f4ab081770682bc3061ab042e241be13e7e7ef,351869caf3fd82276cd55f84606b5b8a82957194ccbdf3999fb7c7241baafc28,7485d645e079e6d43895794016aa245e1dc482e6d0a6e3bba1b729a850edf4b2,ADJUSTED|RAW,true,2026-02-16,6777826e3f99ff709b2eaa1bd370d30ef59219090ae4ec6c2af144a1f125196b,UNKNOWN,UNKNOWN,YESBANK,UNKNOWN,INVALID,2,REJECT
2,9b032e2a4634f11df17074c55d7e2f4f00f9fce3f0ef72dc9ad09a23ed8d6d88,351869caf3fd82276cd55f84606b5b8a82957194ccbdf3999fb7c7241baafc28,459a7f202ff9b0aa9fd37771fcae6dbc75aeb08bf39d5c3270310f5c3b35906f,ADJUSTED|RAW,true,2026-04-23,5d316098eadd04544bcbb430f4f40c65fda58c1c101c77f54e6288df15667528,UNKNOWN,UNKNOWN,JPPOWER,UNKNOWN,READY_FOR_CONFIRMATION,2,REJECT
2,9ba28774a793c61aa0c2d7ed18207b1dd8fca3316f1557d06f367bcb1387e4b6,351869caf3fd82276cd55f84606b5b8a82957194ccbdf3999fb7c7241baafc28,eb0fabb8acd2241e34dd2defff251707b0f38ac944935d1e2f43e63309d6e58a,ADJUSTED|RAW,true,2026-03-16,200d2054e8676a3edec586545ecc44f4066c3548d6c80f2bf31a7569b67bc195,UNKNOWN,UNKNOWN,GOLDBEES,UNKNOWN,READY_FOR_CONFIRMATION,2,REJECT
2,9bbdd162bdcc8850d3e368673399358ad9298f3439b3f0eb2154263fd7c2c02a,351869caf3fd82276cd55f84606b5b8a82957194ccbdf3999fb7c7241baafc28,237394805a50aa7ea82dceaefa3db8b5f7a057b4470a0d6623bffe855f7a95e8,ADJUSTED|RAW,true,2026-07-03,acbbc5e60137389cb1c44c75439b6375cd9d8703695408ff1e6ba98ad652d708,UNKNOWN,UNKNOWN,IKIO,UNKNOWN,BUILDING,2,REJECT
2,9be3a581ea73f9f4add38402d277343c08461b0b24bbc543f0cc20024ec8c997,351869caf3fd82276cd55f84606b5b8a82957194ccbdf3999fb7c7241baafc28,68a5b5b18904c90a43da03e010f3be1bb31ddb3a11daf9058c7ba3f1de65bcbc,ADJUSTED|RAW,true,2026-03-04,8f79c562f83133263749e43a8e2be23682c83103b16ed59bd1af1445f9e390a9,UNKNOWN,UNKNOWN,TATSILV,UNKNOWN,READY_FOR_CONFIRMATION,2,REJECT
2,9c3114d334c933bd45e4d0b6d87157c0fce485a5a61ea6f88f384b1b226066c3,351869caf3fd82276cd55f84606b5b8a82957194ccbdf3999fb7c7241baafc28,f8487e6b4600157a11a8740d4cc81b3db0374b5e1eba27604d94d6ebd0b8360b,ADJUSTED|RAW,true,2026-05-08,43f3ca88f8bb3b8487c92bb88d7b2c6bcbb94ef840fef3b1f1e1aa7516e38351,UNKNOWN,UNKNOWN,LIQUIDCASE,UNKNOWN,BUILDING,2,REJECT
2,9c3209ccf372d158e86e6c879fad9f8bf95f3569fa56c53d3dfa891a200a8eaf,351869caf3fd82276cd55f84606b5b8a82957194ccbdf3999fb7c7241baafc28,2b8225e4873f88d2c0eae90bee0cf6e2f99d7486a17b381b509b0a97b5b779dc,ADJUSTED|RAW,true,2026-01-14,5d8264eb6dac1e0cb0ad19b42e4118a56fcf2d9d0a122a208306f09abe85e59f,UNKNOWN,UNKNOWN,YESBANK,UNKNOWN,READY_FOR_CONFIRMATION,2,REJECT
2,9c3ee1183c0870fbff284876e453abe82681aa30068d0ba73c49e4ab07009a50,351869caf3fd82276cd55f84606b5b8a82957194ccbdf3999fb7c7241baafc28,daafd127ddf7ea83f41bf04fc7f95493fa722116c8116de7e38911943909eb68,ADJUSTED|RAW,true,2026-01-29,3b35abbe586a58ddf87e2f9fe090d46ff9e6798254db4fc8879fdc83fc54ad9d,UNKNOWN,UNKNOWN,TATAGOLD,MOMENTUM CONTINUATION,ENTRY_READY,3,REJECT
2,9cc787f508a95ea091ccaa0dfd0afde4176ba0124b8d8d8bc2921506be4d0ee3,351869caf3fd82276cd55f84606b5b8a82957194ccbdf3999fb7c7241baafc28,e90082fbb73794104e334403bdd9cfe212b17197597474e615a36eeb6f813489,ADJUSTED|RAW,true,2026-07-08,e2e96cac2b9a6359a02c774d7f43cbfc831788f96c0888fa49587ebf0af4ae3e,UNKNOWN,UNKNOWN,AEQUS,UNKNOWN,BUILDING,2,REJECT
2,9cf4b228a0288cd8bbf2d63736e49616e9f36bc87f46dffb13aabb278ae3013b,351869caf3fd82276cd55f84606b5b8a82957194ccbdf3999fb7c7241baafc28,2056583a3a977ae33c82bea7b8729eae2211d5e31ad32b89d10ef6ca4dec2ebe,ADJUSTED|RAW,true,2026-01-14,da05d836a2a1605647fedd57ab5faeac231407c21ab269eb09bcee7882593c1d,UNKNOWN,UNKNOWN,MMTC,MOMENTUM CONTINUATION,ENTRY_READY,3,REJECT
2,9d0a22f154807bd95d8c664eecac0f7e4993392a2461a57b5676263ed50a51a2,351869caf3fd82276cd55f84606b5b8a82957194ccbdf3999fb7c7241baafc28,af621afa3d7175e0cad83358e14e2a903f6ac7a76656fbb6934eb3511339a39e,ADJUSTED|RAW,true,2026-01-13,c39341266c1c0181507bf8a152143d3c9b7cdd7c99a4cb0ee1abed606dcee5c5,UNKNOWN,UNKNOWN,LIQUIDCASE,UNKNOWN,BUILDING,2,REJECT
2,9d6d89a364514fa6c2ce71b5f2d7d7742f39efe732f3e27730085339c35c4898,351869caf3fd82276cd55f84606b5b8a82957194ccbdf3999fb7c7241baafc28,27bbe46d4de739fc42732039380fb97e86fadf17352047937103bda60f280808,ADJUSTED|RAW,true,2026-06-12,175182f77b891c1a7102e9f5a533ada85c75d72cff080d1c443021923064b80e,UNKNOWN,UNKNOWN,GTLINFRA,UNKNOWN,READY_FOR_CONFIRMATION,2,REJECT
2,9d88ac56eeb346ab1dc147ee29de21c2d38602b2238fd180cf3d678055ebdbda,351869caf3fd82276cd55f84606b5b8a82957194ccbdf3999fb7c7241baafc28,9628f18925cfecf8cb962429eef945632bc369603e15018d93c48099dbb368f6,ADJUSTED|RAW,true,2026-02-06,2571bfd7a7957c22d8246a6e2eaf823c703fa01e776317568d2a2cddfb4c140e,UNKNOWN,UNKNOWN,ITC,UNKNOWN,INVALID,2,REJECT
2,9d8c6ae067ea25b44b32523955e9f77c6a4b307aade0fceddce6e802f8a9bfbf,351869caf3fd82276cd55f84606b5b8a82957194ccbdf3999fb7c7241baafc28,22b7413af626a1980af0713aaaf1ef48d075ea612c5d1cc8d6b371508ac5a802,ADJUSTED|RAW,true,2026-07-02,d7fff10195de1af72334b17c6a03b6add51c1e92c183ed0a43e5953d77048722,UNKNOWN,UNKNOWN,ITBEES,UNKNOWN,INVALID,2,REJECT
2,9dca36f95277cb25d7e0a1cab73a894a53024051828f8f95641471f5d7547bca,351869caf3fd82276cd55f84606b5b8a82957194ccbdf3999fb7c7241baafc28,4bc0d99fa996391011ea87027f25d671c331a9889a8cd241d8d5b69a35369c33,ADJUSTED|RAW,true,2026-05-22,c78dcb7b24050307188fa8c58cf7d77d8dffd382449c0e650c5a42cfe93d7da1,UNKNOWN,UNKNOWN,YESBANK,UNKNOWN,READY_FOR_CONFIRMATION,2,REJECT
2,9df31e21e2d7d1a6d35c778278558c356b117f22a1f80967cdfb93553a743d22,351869caf3fd82276cd55f84606b5b8a82957194ccbdf3999fb7c7241baafc28,a49fce5e26a89347c85bafc50edbb68f0107cdb38f75b0684e17e3d2fd70ed97,ADJUSTED|RAW,true,2026-05-08,4f86fea29649cc95244bd1ee040b86d92256532f15742bbfdc8cb11478cf2238,UNKNOWN,UNKNOWN,FSL,UNKNOWN,READY_FOR_CONFIRMATION,2,REJECT
2,9e1e5ed92fc8788a2de29c82483ef73d121438f5694b1d79ea4e84f5ca48c495,351869caf3fd82276cd55f84606b5b8a82957194ccbdf3999fb7c7241baafc28,5a2bc7780ca46295995d1bb559da2491daa32c3f020a66e21b037eb641a5b93f,ADJUSTED|RAW,true,2026-02-02,9a9a0a158247beb3923d6680e3b2a2083353f533e58cd7ba4aee618e708dcd5c,UNKNOWN,UNKNOWN,NATIONALUM,UNKNOWN,BUILDING,2,REJECT
2,9e23f5af6d1dae68e563bfed4a37de0371da3fca76803d653772dc4139b06d2f,351869caf3fd82276cd55f84606b5b8a82957194ccbdf3999fb7c7241baafc28,6494039486f530254161dd97776b8505e084cd5a04556004e21a0242905afdec,ADJUSTED|RAW,true,2026-04-07,5d0007b9e9a0564b6fe1ac71e784851c546d33e81c18a7a1e5af07b285d162d2,UNKNOWN,UNKNOWN,RPOWER,UNKNOWN,READY_FOR_CONFIRMATION,2,REJECT
2,9e319fde7b0840646fae168b17b629b71ad72fd08de73bb07b61dd892f4e8528,351869caf3fd82276cd55f84606b5b8a82957194ccbdf3999fb7c7241baafc28,37ac24161463a08ef5388b2a364b1260a0bb1ee0f8c36dbe3f9b4e473bca9724,ADJUSTED|RAW,true,2026-04-22,f145e7ee4278177840477e2ccafaba63136ac8b707a92658aa784b526f152a41,UNKNOWN,UNKNOWN,IREDA,UNKNOWN,ENTRY_READY,2,REJECT
2,9e4ca5da6f7bc91cf181b69979250967a1a15d1e3c42cc0f70c6f6daa08ea929,351869caf3fd82276cd55f84606b5b8a82957194ccbdf3999fb7c7241baafc28,73e279f8944c2354198a5e176d31be1a15664e52e9e91e2bd7bb0955444274a3,ADJUSTED|RAW,true,2026-03-02,901d6860d5bcc67ed2922ea3e0c55e12f07d47126fa2d9dd9376935bc8e4f4e8,UNKNOWN,UNKNOWN,HDFCBANK,UNKNOWN,INVALID,2,REJECT
2,9e837cb979107b15468de79ab46348ad1c3cb091e651e8d98384b195999c9631,351869caf3fd82276cd55f84606b5b8a82957194ccbdf3999fb7c7241baafc28,89f91d354536573e7503bb68895d649179fe555538bc43788b72209ae158d99a,ADJUSTED|RAW,true,2026-05-18,7b29ce92c594e213ee2428844ba30ec96341bf259afd69644d71acf86ef55de0,UNKNOWN,UNKNOWN,TATASTEEL,UNKNOWN,READY_FOR_CONFIRMATION,2,REJECT
2,9ea4e7a140fb66b123b8d8d588370201268dc22553aee3f3757616be93b8ae28,351869caf3fd82276cd55f84606b5b8a82957194ccbdf3999fb7c7241baafc28,2eac69d91bd30b70f9b9bd9b337c845f014aa56def095e61f5e3843d4c3c661c,ADJUSTED|RAW,true,2026-05-18,14b880be307b2fa33f6f21c3cc9719ca1df0343a432a01869a72d937bc357a2d,UNKNOWN,UNKNOWN,GOLDBEES,UNKNOWN,BUILDING,2,REJECT
2,9ed50b73eeffe2a8be0457d0fe1c9b4bf1908ed48299f851fe3698967b62d58d,351869caf3fd82276cd55f84606b5b8a82957194ccbdf3999fb7c7241baafc28,7227fbd315ccf06228b5b703af923d1ec23882b4008df7a5aadac62a705fb1b5,ADJUSTED|RAW,true,2026-01-29,197c30d87315565b341aecaee18884e8a96a4837f71b909b76c056ddd06f2b4f,UNKNOWN,UNKNOWN,SILVERCASE,UNKNOWN,BUILDING,2,REJECT
2,9f58200de4d2abb991eaf3bfe5f607dcd48070b1fef5cbff55b321642cfaabac,351869caf3fd82276cd55f84606b5b8a82957194ccbdf3999fb7c7241baafc28,92b8e3559490109172fb8b9c561efa6c508414b19e0432f058cafc01f6630d5e,ADJUSTED|RAW,true,2026-02-26,539659b2b00279d4bff1a09618253d4446281ce7ca8be9d667cdb4d80c50b45e,UNKNOWN,UNKNOWN,SILVERBEES,UNKNOWN,READY_FOR_CONFIRMATION,2,REJECT
2,9f963ab86517b91553311289237297e76ff04f051d43a516410c4c473d0e358b,351869caf3fd82276cd55f84606b5b8a82957194ccbdf3999fb7c7241baafc28,d08314d7675a329694dd6ec16da5781b85646230523a3e672c0316978a11132a,ADJUSTED|RAW,true,2026-02-05,4c774f7b43c35ef28af528b5270c772ffa3817ef4d8e37b348d903f917bc7f0f,UNKNOWN,UNKNOWN,YESBANK,UNKNOWN,INVALID,2,REJECT
2,a013f4d4ed2becef310f9adbc5877a78267b7d0470079eaefc05e3b319e84da0,351869caf3fd82276cd55f84606b5b8a82957194ccbdf3999fb7c7241baafc28,b9497d9b42df218eb052edad4f266e9ef33d32c0ca200dd4c8d5c2818fb45d75,ADJUSTED|RAW,true,2026-06-22,c8bba65287342a1fd1661319a52fa1accb8ccc0aeef6b5b44e840182e04c0205,UNKNOWN,UNKNOWN,IDBI,MOMENTUM CONTINUATION,ENTRY_READY,3,REJECT
2,a0455557f30c53948cd29bea6e0057521a9c37f1c9bd4dd258248667b4d2095e,351869caf3fd82276cd55f84606b5b8a82957194ccbdf3999fb7c7241baafc28,6da9a8ad0b35ec30033489168e902c83a2bc540b7fd56164e2795e2934572cb0,ADJUSTED|RAW,true,2026-01-14,5dd38ee8748f859f63d821443a13c573dcfe76dd350af4dd3fcef79c054bfdb6,UNKNOWN,UNKNOWN,TATSILV,MOMENTUM CONTINUATION,ENTRY_READY,3,REJECT
2,a05ee7c92549fd521cf9f91e2b16060ee147c113a6d9cecb6849a3dbaad78e5b,351869caf3fd82276cd55f84606b5b8a82957194ccbdf3999fb7c7241baafc28,14e8430cc7f5772c592053f3fb920f4d39d44075a8a8b4e858365fc086db7257,ADJUSTED|RAW,true,2026-07-09,f0482ca7d35d8e2d0ec7e5ca7ee42f8a825a6a5fdb0ee8f239d6bc8c125cfdd8,UNKNOWN,UNKNOWN,BETA,UNKNOWN,BUILDING,2,REJECT
2,a06827c5b6ef045cad661a99af66cd96b71a9eb4c82d647e00617e5779a275b4,351869caf3fd82276cd55f84606b5b8a82957194ccbdf3999fb7c7241baafc28,e6232091d7cf2850cbfc0a40711054b720acd6258c1e43d90d16dc3f90adde08,ADJUSTED|RAW,true,2026-01-28,eece3da58080322e962bbb4b10cf207e977f02d46e4c032d2d0a8fa70d63f0f1,UNKNOWN,UNKNOWN,SILVERBEES,UNKNOWN,ENTRY_READY,2,REJECT
2,a07541762dfef04733dbdc225c5101bfb7fbb6b5f6cf78edeef0d5a5613e4c1b,351869caf3fd82276cd55f84606b5b8a82957194ccbdf3999fb7c7241baafc28,cdeac0385a3d74d688bcd63c8365cc32b7257383a6e8962a0e52d4d2e6515673,ADJUSTED|RAW,true,2026-04-06,c952c0e9e5155ac46428daf9fcb37f5750d606bf7e3848ae9f973d87fd06ade6,UNKNOWN,UNKNOWN,GOLDBEES,UNKNOWN,BUILDING,2,REJECT
2,a07cb275959e95d62bd6df44b4dc0c0beec4325a092a6397a1f93638904d6959,351869caf3fd82276cd55f84606b5b8a82957194ccbdf3999fb7c7241baafc28,b5852bf9768519deff201ecea27ef902f551546c7d91f80f9f2e4586e21a7fa8,ADJUSTED|RAW,true,2026-04-22,d498895a95568090fdfb52275bbc09940fb311955738d5e9ee6b1bfd9537a7eb,UNKNOWN,UNKNOWN,ADANIPOWER,MOMENTUM CONTINUATION,ENTRY_READY,3,REJECT
2,a0ad03409258f1b815e01f193c556c0ec926304063174a95751ac48b3494902d,351869caf3fd82276cd55f84606b5b8a82957194ccbdf3999fb7c7241baafc28,b3dcf75b867af221821d05c24300d1e1af38e0bd80d767f883abd3998ae3f188,ADJUSTED|RAW,true,2026-04-20,f7e5ba5ea5d3d2624c8accc055d1bb0a7593c310df35fee07410a17b1f5f5e66,UNKNOWN,UNKNOWN,ZEEL,UNKNOWN,READY_FOR_CONFIRMATION,2,REJECT
2,a0d24bc75a693596aa468dfc87dfcf822d2935ecdd47c0d1168acd289e87c7af,351869caf3fd82276cd55f84606b5b8a82957194ccbdf3999fb7c7241baafc28,a629c6bdf6d18a31e4563100ef428f809df6e8ecc401728ba29304fe59759071,ADJUSTED|RAW,true,2026-04-15,65c419da641a649f80c4f692b8286e3468d0f41ac254248e81321bb104eb1d5d,UNKNOWN,UNKNOWN,JPPOWER,MOMENTUM CONTINUATION,ENTRY_READY,3,REJECT
2,a0e8b6410ebe2521ed335edecde8c42af993a990d0b8e3885f7e05d6d2fd3e84,351869caf3fd82276cd55f84606b5b8a82957194ccbdf3999fb7c7241baafc28,6156d000152dcdde9e3a45e5480cc0596b22b0b3cf1570b2c148cb210304c4a8,ADJUSTED|RAW,true,2026-03-06,5a8266bcc3ee2fc460248611c5c57f25a0dc41361e2d92fd557d4854f3a9e7a8,UNKNOWN,UNKNOWN,JWL,UNKNOWN,INVALID,2,REJECT
2,a1210495b922341bb7149ecb4787e1e50b892e32f5517cf6dd520c0e92a33873,351869caf3fd82276cd55f84606b5b8a82957194ccbdf3999fb7c7241baafc28,30f05770fb210be0dee6eb2e3222770b12fd84f9f740c126ab9b5c649f9f5cb4,ADJUSTED|RAW,true,2026-06-05,f0b7b419d4c3c1c27fe96b25becfaa5e558ef1e2b98f6e128441551b6019f198,UNKNOWN,UNKNOWN,JPPOWER,UNKNOWN,INVALID,2,REJECT
2,a17b4a54161ec5aedef58c47c074911efa9c333c1b9b2eb0071d2edaf0c22454,351869caf3fd82276cd55f84606b5b8a82957194ccbdf3999fb7c7241baafc28,eaa8a5aad979073d82c321d4d7f687ccdf0122247f186b9a3d4b5d9b2c8613bc,ADJUSTED|RAW,true,2026-07-13,3efa1766a04408808dcb2d6372fcd7a1892858cba4909473e992c5bc4d95e21b,UNKNOWN,UNKNOWN,PCJEWELLER,UNKNOWN,READY_FOR_CONFIRMATION,2,REJECT
2,a1a00403880e5478cc7e34d2f51008b92d88fa55c90f02d558cfa9c7717365b5,351869caf3fd82276cd55f84606b5b8a82957194ccbdf3999fb7c7241baafc28,883811cefd08cb9593d3c28db9ca1575f1e15553b7089b82be47797d3f233eab,ADJUSTED|RAW,true,2026-07-07,f67df73efd6b8f53a93be85f82820bcb068c4b0e3774ed31404b711891f4e834,UNKNOWN,UNKNOWN,YESBANK,UNKNOWN,BUILDING,2,REJECT
2,a1d2c39937e54bf7acb5e1059fca46a1da81f00186b1103154a3bee4b5819662,351869caf3fd82276cd55f84606b5b8a82957194ccbdf3999fb7c7241baafc28,6af3271efba80232a4df840c2179fbf2d3eb9c65a423b9d4de4ad27264052d6c,ADJUSTED|RAW,true,2026-02-09,88413ce355bf65b4db1b67eb04314c7a90ee7a15d3a13630134520b1c5e424a8,UNKNOWN,UNKNOWN,GOLDBEES,UNKNOWN,READY_FOR_CONFIRMATION,2,REJECT
2,a203069181c8578c4a967fc59c73964c6c4afc495dd11da9a8aa1bc19ecb7b40,351869caf3fd82276cd55f84606b5b8a82957194ccbdf3999fb7c7241baafc28,af79536b28de2de754d72e81ee5bd981db4a623ec321c364a7a9695d4b2b4f0f,ADJUSTED|RAW,true,2026-01-28,982332092dba48d3f1f4f936ee2c4db4d3b63cf06fa2e8ad241420af0f099f3e,UNKNOWN,UNKNOWN,GOLDBEES,MOMENTUM CONTINUATION,ENTRY_READY,3,REJECT
2,a231135343dd6134a393cf7aef3b97b381aec477e39012fcf16b05b1a2288eae,351869caf3fd82276cd55f84606b5b8a82957194ccbdf3999fb7c7241baafc28,f3397c9badb13dc1bb79186cf782f696f739b58460681a8d90c0be4531c91efa,ADJUSTED|RAW,true,2026-07-07,0a3d812d0c19ff876134f81ffad215054e74dd6448090c9e92775ac2daeb1f04,UNKNOWN,UNKNOWN,ETERNAL,UNKNOWN,BUILDING,2,REJECT
2,a23330c834cbae231ac36140b7edfb5a12873e2a69962ea951655737b2f97552,351869caf3fd82276cd55f84606b5b8a82957194ccbdf3999fb7c7241baafc28,cc8fdb5a8a11ad866311da78478479e08d8e464d82f713ecde057db4f0ecb052,ADJUSTED|RAW,true,2026-05-26,1077ac5724e6945b1a0d99fca58efc54e94eaf1ef6ae1d47cb398458577cd5b2,UNKNOWN,UNKNOWN,JPPOWER,UNKNOWN,READY_FOR_CONFIRMATION,2,REJECT
2,a252e777852ae6d19674b166f21d409d6528ac32bcf77ace54032ff1196e58d7,351869caf3fd82276cd55f84606b5b8a82957194ccbdf3999fb7c7241baafc28,071b72124f56435736f2829991a8483f3c55b2e427721668ca25c42adca0b994,ADJUSTED|RAW,true,2026-06-17,f6d0a5ab506d7f494d59e5eea86b2bc827c4d1591c594122dbe062e57234dc16,UNKNOWN,UNKNOWN,PCJEWELLER,UNKNOWN,INVALID,2,REJECT
2,a266c79a3d5f04bbe86cced6cf26f72272994c66d2f14edf1fae1d3b6fb2b753,351869caf3fd82276cd55f84606b5b8a82957194ccbdf3999fb7c7241baafc28,adce0c9c82834fa6478e1600006abcb494b5b8374f67f5558fce242ab66af3e6,ADJUSTED|RAW,true,2026-03-04,44d3d2e45a26abdc0a8833199c86c61880a8d667a16f6f577b987196e6d780f8,UNKNOWN,UNKNOWN,ETERNAL,UNKNOWN,INVALID,2,REJECT
2,a33e9873a7de5a8aff2069454c7f32f5cccca2e19ee4e7ace22f49557ff3ac85,351869caf3fd82276cd55f84606b5b8a82957194ccbdf3999fb7c7241baafc28,fb60b6e58b22f165f437a362156262dc81399d8cb50dbc426ed9e0f74fa44edd,ADJUSTED|RAW,true,2026-04-29,cbbff354a70976d799541619ca542b8500a00515f47e4697dfef0410a48ebc63,UNKNOWN,UNKNOWN,TATAGOLD,UNKNOWN,INVALID,2,REJECT
2,a35deed925a80e83fa6480ba0946bc441645759e0e63e4027f44a8c1d7cb96bc,351869caf3fd82276cd55f84606b5b8a82957194ccbdf3999fb7c7241baafc28,07130b7611e8a6574f346571e68993cabfd62d5b6908483e5af5d365d3e21032,ADJUSTED|RAW,true,2026-03-10,f2233e546d81552140ed5371acb768a907713b490ef0950d0ea308ad90c213dc,UNKNOWN,UNKNOWN,REDINGTON,UNKNOWN,INVALID,2,REJECT
2,a3b765947757829d32487fc1edc742f6b78e47c40a28e4e8eaf3852f7005df88,351869caf3fd82276cd55f84606b5b8a82957194ccbdf3999fb7c7241baafc28,7c1cbde10d2f4736970308288c0472d78c61f8d1e87c3dfa64a4c5cad79c8bab,ADJUSTED|RAW,true,2026-05-22,9cfc8e2bfd6aa24d81158d80743a003e9a02571f776112d37b7c9f41185bcb5c,UNKNOWN,UNKNOWN,HONASA,UNKNOWN,READY_FOR_CONFIRMATION,2,REJECT
2,a3cf920e9d93194ca5f1baed3c2a2c1487d81caa18e0d45441304bae68797f0e,351869caf3fd82276cd55f84606b5b8a82957194ccbdf3999fb7c7241baafc28,659cbfddc6f8811a061570485bd4d7b0017578273d58c726e8accfe3f5a262ac,ADJUSTED|RAW,true,2026-07-10,38084e519e194416ec661d29c51375ea6aa5c030168040d219c2a5ec1748b626,UNKNOWN,UNKNOWN,GROWW,UNKNOWN,BUILDING,2,REJECT
2,a41dee2b9c4919db7b2935d338fd47a05d6eea7827f5230c356e58ad7761facf,351869caf3fd82276cd55f84606b5b8a82957194ccbdf3999fb7c7241baafc28,fc82fc09306948bc8c1f5736af4d030874f5ef76104d074934c849c10c155745,ADJUSTED|RAW,true,2026-05-20,14f473f1aeb1011ffa44baff9642d80f7516e60d45cd7a3840e2c9110015e4f8,UNKNOWN,UNKNOWN,OLAELEC,UNKNOWN,READY_FOR_CONFIRMATION,2,REJECT
2,a43d34a23172ce14c3a312b13099a9be3460de964a6ec8c2954f68ebec5aed6c,351869caf3fd82276cd55f84606b5b8a82957194ccbdf3999fb7c7241baafc28,44f9ba21781c699be7ca4005c5b59e298c8fba4eb9e8b6203a9cbfe5acf8633d,ADJUSTED|RAW,true,2026-07-17,723ffff9eca59b7fba277dfa83ab83b6e4f7f70cc4bcc1a478d2fb52a5c9a229,UNKNOWN,UNKNOWN,GROWW,UNKNOWN,BUILDING,2,REJECT
2,a459980a20b44bdb551e6179797e5048570a912f114b7c750cb901a56aeec329,351869caf3fd82276cd55f84606b5b8a82957194ccbdf3999fb7c7241baafc28,71cb27ec47949016dc643ad602235118bd6c86c37a0980fe79c670df40d1adcc,ADJUSTED|RAW,true,2026-01-12,2bb3b904448fd1df14865e5d7e3ee736e235af0e1f9973ad81b177d51f103320,UNKNOWN,UNKNOWN,IEX,UNKNOWN,BUILDING,2,REJECT
2,a45bc245af5859c77e6c62c19e5e955c0f4831db93b7dd1a9f7280b56092a546,351869caf3fd82276cd55f84606b5b8a82957194ccbdf3999fb7c7241baafc28,bb0a68fa2aadf751254fcacbd3ceac706666852a77e566fa398b069731afae21,ADJUSTED|RAW,true,2026-06-05,5340630077c06e23c34ac47626c26f5399f19ce6f384f13d9670caf373687763,UNKNOWN,UNKNOWN,CANBK,UNKNOWN,READY_FOR_CONFIRMATION,2,REJECT
2,a4f190afb78947b122745d846e539d72dd69c1b7775638a3b29241775dbccaa5,351869caf3fd82276cd55f84606b5b8a82957194ccbdf3999fb7c7241baafc28,92e9eac17a9af001c016352f02bc728e487d2244e8785fbb49691cfa7f748701,ADJUSTED|RAW,true,2026-07-09,71c0d9b4bbfe6b7cd8150e926aacc1c0087682b9c7d4e8982dfe3e8933c69a7a,UNKNOWN,UNKNOWN,BORORENEW,UNKNOWN,BUILDING,2,REJECT
2,a50284f1e6c7e720fa300f394c78d57bc78566dde62e51854080f90075d4b9b3,351869caf3fd82276cd55f84606b5b8a82957194ccbdf3999fb7c7241baafc28,e9286d7e5433dcc88924b94d7b7392998d2ba304155a2df790d720ba081926a2,ADJUSTED|RAW,true,2026-03-23,f7855a8ce3b55f15ba688db0f8420fe7c2cce97da019bfce66df84dba24e1d22,UNKNOWN,UNKNOWN,YESBANK,UNKNOWN,INVALID,2,REJECT
2,a5379384b8aa047f9c4c76b024f98d55b635cb185ec6430b086d785ed87ca4d6,351869caf3fd82276cd55f84606b5b8a82957194ccbdf3999fb7c7241baafc28,6d9047ba1fe636b182f16dbe8f855c97559de7e627f468003f24d2f1c5054620,ADJUSTED|RAW,true,2026-07-13,9d93904a4a0b89aa707c8119763dd7f22100335990e93ddc5c39405ded933fb4,UNKNOWN,UNKNOWN,OLAELEC,UNKNOWN,BUILDING,2,REJECT
2,a53fc529a63d598701a153a9203da41f40a7f1e19f1f778c05d06ab610cba1cd,351869caf3fd82276cd55f84606b5b8a82957194ccbdf3999fb7c7241baafc28,783ce389b97f2aeb73203a3bcbdd823f5f003fe77be9c59e4bb981e6b9b6b4b0,ADJUSTED|RAW,true,2026-05-08,6f9f47af5a46a03410e1d75a6715d012ddc8706112ebc37c457d22a83f40a3c3,UNKNOWN,UNKNOWN,SILVERBEES,UNKNOWN,BUILDING,2,REJECT
2,a56f52a617c17da349ce45e6ffac1604db5bcb16ecd112b869a3f016d6dde43f,351869caf3fd82276cd55f84606b5b8a82957194ccbdf3999fb7c7241baafc28,a745b93c3cbdb61da01fa49fe8bc82b3aa5ba8a92371d10ad4a590873bd3b227,ADJUSTED|RAW,true,2026-01-20,a54d4bad964621972d0dd27e2c560db7c666a0e1a1aeef699ff91eec951f061f,UNKNOWN,UNKNOWN,TATSILV,MOMENTUM CONTINUATION,ENTRY_READY,3,REJECT
2,a5ac252829ef8e6eafb3d0d123233482c5ad06949482081b64c830e2844468f7,351869caf3fd82276cd55f84606b5b8a82957194ccbdf3999fb7c7241baafc28,3261ebdf280cb7b6bcd17ec79504c1b31cd38e9379c73f97f7ca76bbf3b66fb6,ADJUSTED|RAW,true,2026-05-19,47ea2e50ebcf92d1c7659d28bce9c1af1f7c4c9f0473bed2f793ad89c146276f,UNKNOWN,UNKNOWN,FCL,MOMENTUM CONTINUATION,ENTRY_READY,3,REJECT
2,a60652a686048a633cb70d42b075cb405aee8af23bc956b7eb6f800bef78bfc1,351869caf3fd82276cd55f84606b5b8a82957194ccbdf3999fb7c7241baafc28,58daeeb7838f3053c9c7e34fc0cbed5f2e978dea316e166dfaacf42395c78523,ADJUSTED|RAW,true,2026-04-09,e0920ddeabb9ca44b92d4c399d086fa27378505869682f4f07b7b6548d9911c1,UNKNOWN,UNKNOWN,ITI,UNKNOWN,BUILDING,2,REJECT
2,a6a00ac1e22a95a666d9c7d11507cc181fb2113ca1facde3c761cb7251d1d9c0,351869caf3fd82276cd55f84606b5b8a82957194ccbdf3999fb7c7241baafc28,adc30df4aab96c14b78cbe3ad17fcdd94607c550b16dda90998d53f69005b947,ADJUSTED|RAW,true,2026-02-24,035f4e68537f89ad2f6eec78954c7e4a96b83c2faceaca456ae3ed016cf32344,UNKNOWN,UNKNOWN,IDFCFIRSTB,UNKNOWN,INVALID,2,REJECT
2,a6f20b4ebc4697c6df1f02261b6b5a2e03375393243db2da5f9eab298391a30c,351869caf3fd82276cd55f84606b5b8a82957194ccbdf3999fb7c7241baafc28,e43ebbc9876a180512f54850ffce95e286744bbf5383411b2ef0df08e39d08c6,ADJUSTED|RAW,true,2026-01-16,163afae95e3764e15ffca17246903aebe688866f5dc6c7fcbc7febb9e0dfad5d,UNKNOWN,UNKNOWN,TATAGOLD,UNKNOWN,READY_FOR_CONFIRMATION,2,REJECT
2,a6fa92f04b27c1ec0693fbfcc4812ab3f835b269046474f772eccdc883c2612a,351869caf3fd82276cd55f84606b5b8a82957194ccbdf3999fb7c7241baafc28,dd067e064911ebb75f76d6aaa28846c20e8e2716e49714ac774ab30caaeda876,ADJUSTED|RAW,true,2026-06-03,84dfd765ca420e0d7750162a75315406f68213fdc7debfc6a4786ed80360add1,UNKNOWN,UNKNOWN,JPPOWER,UNKNOWN,READY_FOR_CONFIRMATION,2,REJECT
2,a70ae6a3f656e7548704cb48cbd19a079289e9266c10efb0ea389292c157d797,351869caf3fd82276cd55f84606b5b8a82957194ccbdf3999fb7c7241baafc28,51be6b42e85322da36bac29de8d8a621adf3a0dfcf71fbccde4e02f7f4e8bc2f,ADJUSTED|RAW,true,2026-06-04,31c1126be1a9ee2975a739a3860471daf397e3e7672952ea4b7f0ab90d447353,UNKNOWN,UNKNOWN,NHPC,UNKNOWN,INVALID,2,REJECT
2,a74b9dcbe1d11e446ab198121e606031d5e491730e017cd96cb5826ba8823168,351869caf3fd82276cd55f84606b5b8a82957194ccbdf3999fb7c7241baafc28,cd9eaa7db6e098c18cdd436d42d4df0415b49ac5c563642475886bae34eb66f5,ADJUSTED|RAW,true,2026-03-24,43425c7fabeb9be4140196ca6ed5b709b69f927e88608404a64294d1878f9cb0,UNKNOWN,UNKNOWN,BLS,UNKNOWN,INVALID,2,REJECT
2,a75651713e76071db0c40d36514e33793fea157592eb54140c1a151084870c89,351869caf3fd82276cd55f84606b5b8a82957194ccbdf3999fb7c7241baafc28,acb87905dc5ee830dabb91a53127781ad678b423b0ba0aec9531039b17dd3168,ADJUSTED|RAW,true,2026-03-24,8f1e3a0a87a3996a5d9b6220ad41929373d462f29cf05de73f6af8b9be337858,UNKNOWN,UNKNOWN,ETERNAL,UNKNOWN,READY_FOR_CONFIRMATION,2,REJECT
2,a76483bdb8c8f67c964759675e0d6e563e0835fbf0e507a655a319ba559ebee3,351869caf3fd82276cd55f84606b5b8a82957194ccbdf3999fb7c7241baafc28,5ecadd6472cd2b0073605a390417350c236cfd4f664b23ccb5271a6680187981,ADJUSTED|RAW,true,2026-02-13,f1a0c4af5229aa8d546f3a3f7c8564d21f8aa389113550e7c42385120ae07844,UNKNOWN,UNKNOWN,ITBEES,UNKNOWN,INVALID,2,REJECT
2,a7a0d1c31279c57de846bd17a535fad07e2397562b9cd85068bdc0a7e08eee17,351869caf3fd82276cd55f84606b5b8a82957194ccbdf3999fb7c7241baafc28,612c04eeeaa54b1ecb2d31c5188dab344d351c626475c399ab41d6024808f47f,ADJUSTED|RAW,true,2026-07-13,9b76f4610798014ebdad4fd0cf3a00507c76968ef7502d806f6ce7946fcf2dfb,UNKNOWN,UNKNOWN,UNIONBANK,UNKNOWN,BUILDING,2,REJECT
2,a7a84ef8c57aab7abfbe9e015b56e99cd975454bcdb8c72d9a3852d567d760fc,351869caf3fd82276cd55f84606b5b8a82957194ccbdf3999fb7c7241baafc28,84fc39a9a4dc893ae74768b419af49c1477f7dc3ba32e1f9e4a92962a7bdb83d,ADJUSTED|RAW,true,2026-03-18,0c80d49d5ff0d5bbc7bb1a0f8cec463c06501206853f2af6df5d537ce0f5d545,UNKNOWN,UNKNOWN,ETERNAL,UNKNOWN,READY_FOR_CONFIRMATION,2,REJECT
2,a7cff8a81ecc2a383e83ed1d8c49495c2cf612950c4e7cacd2dd86557cbb794f,351869caf3fd82276cd55f84606b5b8a82957194ccbdf3999fb7c7241baafc28,969441519845c676668d3efa8eec20400bdaa49289f551a248c052a121476629,ADJUSTED|RAW,true,2026-03-27,6d3cd3dba40357789479eabfac538f0461b16a5dea5c61be09a697083135e383,UNKNOWN,UNKNOWN,TATSILV,UNKNOWN,INVALID,2,REJECT
2,a7da4cd2bff0e34f4714e2a78c2cf64e98a9d16a7baed1f58f0fd9f8fa1634c0,351869caf3fd82276cd55f84606b5b8a82957194ccbdf3999fb7c7241baafc28,e4b4255b0be4a730ee995d0fec9100200c05cc9d4e7c8c76d0ddc2207f07ff5c,ADJUSTED|RAW,true,2026-05-12,631f94dba8fd1d5cb0033307bdab73fb02e5dd5e4bf82f4770c84f997ea9d645,UNKNOWN,UNKNOWN,YESBANK,UNKNOWN,READY_FOR_CONFIRMATION,2,REJECT
2,a7f4713911a6437cb07bd6be2db5ba8bb2820a8c7bd99fe4513963b6ce61b94f,351869caf3fd82276cd55f84606b5b8a82957194ccbdf3999fb7c7241baafc28,2fa39384bc353f4c0088ed6c3d360ee2d392e23344c847cc16048f492ef99362,ADJUSTED|RAW,true,2026-04-22,5d6d66e745b1139d082a35bf4c7d092a52287dc66a9ad6ce14e63cddd2002cee,UNKNOWN,UNKNOWN,RPOWER,MOMENTUM CONTINUATION,ENTRY_READY,3,REJECT
2,a8292873f9563f553a46eca91aee0db27a9cb92c7a45c3e3841564b8c27c8a28,351869caf3fd82276cd55f84606b5b8a82957194ccbdf3999fb7c7241baafc28,5d68099e00470f7923f2704ee48369f63ddc3094650734ec4c33cfb3bd2ead3c,ADJUSTED|RAW,true,2026-04-09,8e81890110dcf59ba246c66e6f7c7e881ec0fab29fba231940e9b1cbeeafe754,UNKNOWN,UNKNOWN,MONEYBOXX,UNKNOWN,BUILDING,2,REJECT
2,a8c57640534edc445bd11e7909ef5b7309be451ca514999d7c93227ab638d628,351869caf3fd82276cd55f84606b5b8a82957194ccbdf3999fb7c7241baafc28,f62208082485395ef28d422d06eb1e7374e02f80d2f6c10c533cd816577b9797,ADJUSTED|RAW,true,2026-02-10,766a878038abd0e6c116207a7a335adbc62ce57afaaa930482ee04a87c450f7d,UNKNOWN,UNKNOWN,TATAGOLD,UNKNOWN,READY_FOR_CONFIRMATION,2,REJECT
2,a8d449bd4f948268f31cddb7e03549e30d55d958a8fb3b4ac464ca46692af38d,351869caf3fd82276cd55f84606b5b8a82957194ccbdf3999fb7c7241baafc28,3b2ac0671c307aaf825f1391f396b7043a5ee0190828fb1ccd8eae7fd680dc39,ADJUSTED|RAW,true,2026-02-25,a6c20976d0eb6cbd4d7d99415d07f67ca694fce3a78a31e49204d0764a5dfb0e,UNKNOWN,UNKNOWN,GOLDBEES,UNKNOWN,READY_FOR_CONFIRMATION,2,REJECT
2,a9419df22ade35100b90ec155b68be54ddb844e2c2b71f0722038c97a1891ef3,351869caf3fd82276cd55f84606b5b8a82957194ccbdf3999fb7c7241baafc28,5ae67b94ad1e86ff848cdcb9db53222c71f44946f8ce9796d2c29f843e5801c9,ADJUSTED|RAW,true,2026-02-02,9b5aefde1e440610ad1ef81c30e05e6daa51de9e1666da3eff7f9060422f451f,UNKNOWN,UNKNOWN,ETERNAL,UNKNOWN,INVALID,2,REJECT
2,a975e996831af25cb9d8ea5c5602cf18cc027cd1d8ab01efd944582983928007,351869caf3fd82276cd55f84606b5b8a82957194ccbdf3999fb7c7241baafc28,ac281d2c2e3fec1c1b3dcd284b3ad267605da5a574dba2a7a3a69c7d040bf87a,ADJUSTED|RAW,true,2026-04-17,484ade4a490bb5f4de008fd9721e74310f76d7c1544ab13a2471ca38cb24a0e9,UNKNOWN,UNKNOWN,JPPOWER,UNKNOWN,READY_FOR_CONFIRMATION,2,REJECT
2,a99fedade1cc977de17a39297b45516df6da497c677cdfef3baac1031f377468,351869caf3fd82276cd55f84606b5b8a82957194ccbdf3999fb7c7241baafc28,8812074343b860c730b2ee392b973e1dab13bb2f8f871ba004c9df33256301e8,ADJUSTED|RAW,true,2026-03-27,6b6e8702daeb1d7c441eb5982a58b322a41916ae0e8971163821b54b4455d2e0,UNKNOWN,UNKNOWN,PCJEWELLER,UNKNOWN,INVALID,2,REJECT
2,a9af5101e59cdd1b4b16259beaeec6429ff2ba900c0464cf0c89919e6755fc08,351869caf3fd82276cd55f84606b5b8a82957194ccbdf3999fb7c7241baafc28,a582f7f56ec8db1fbd0ebbac65bb28b2a5bd52d8ba67b481cca372e4f87edba4,ADJUSTED|RAW,true,2026-04-10,f57917dcae6049bbd2151a319bfe6a3af0433cf8b1f2be9f145371285e451878,UNKNOWN,UNKNOWN,HFCL,UNKNOWN,BUILDING,2,REJECT
2,a9bfbfdd9486494f5fe0cfb971488c374c49bc3affa8aa4823db2c4912f0c033,351869caf3fd82276cd55f84606b5b8a82957194ccbdf3999fb7c7241baafc28,f772460c9d99473fc0b7600d1dbcf47ecdbbadb1b5057d192a7eeb00d57a1fce,ADJUSTED|RAW,true,2026-03-24,f250bc18a97a86adba1278e2ccc84c045d970283845d80701dec02a47d387d58,UNKNOWN,UNKNOWN,TATAGOLD,UNKNOWN,INVALID,2,REJECT
2,a9f9bc7566c684a170b45d64cc8d86cf18b935cc61b562a61f60cc176fff013c,351869caf3fd82276cd55f84606b5b8a82957194ccbdf3999fb7c7241baafc28,3b79502882a434218dd328f50c2a79d653321e99251146bdff29f3349736166a,ADJUSTED|RAW,true,2026-03-17,5abf38b20394d04c9d12348a077908a299fdcde649ad5d68c0838b16ca59c9e6,UNKNOWN,UNKNOWN,TATSILV,UNKNOWN,READY_FOR_CONFIRMATION,2,REJECT
2,aa2b5216cca08f54c3124f6478a0d186a365966525624971903e429b0993f0d7,351869caf3fd82276cd55f84606b5b8a82957194ccbdf3999fb7c7241baafc28,6c1d71f76aec2a5d655ce5dd6dc8577d91bdf6931d5b85cc00a6b21d0c6ae7d7,ADJUSTED|RAW,true,2026-05-21,4ad12180d760bf05b71808ce93a4e225f7bf5dfe1519d8680e233ffe9e4866d3,UNKNOWN,UNKNOWN,IRB,UNKNOWN,INVALID,2,REJECT
2,aa462fcd7da1e969158c81d2173c7bccbcb34cf83e4254fe0a7f03e1c7956f7f,351869caf3fd82276cd55f84606b5b8a82957194ccbdf3999fb7c7241baafc28,f4ec5567e326c720c9bc6159bc8b474e375cf6ae029b1597f3ca166d2c91fda7,ADJUSTED|RAW,true,2026-02-27,6a0959704d154a8dfe6771fe1a9b0471b97854ed33ac6510992d9d12cda8fb3c,UNKNOWN,UNKNOWN,REDINGTON,UNKNOWN,ENTRY_READY,2,REJECT
2,aad5633642b6bee0c1a24f2219a74d783501f159bcdbca3960d845f64f61b1c7,351869caf3fd82276cd55f84606b5b8a82957194ccbdf3999fb7c7241baafc28,7b928b61d02e55f5e26f6c6319a72a2dec6dfbf7b45345a410782718815eb1b3,ADJUSTED|RAW,true,2026-01-08,f3965fa3d7559fc15f09a78697f276610e613d558897a1f6b2c6ed7f62d2d1ac,UNKNOWN,UNKNOWN,IDFCFIRSTB,UNKNOWN,ENTRY_READY,2,REJECT
2,aae8b401ae32e9de9429030bfa0226975ea457bcd1dc175069fe67d3b4560ef3,351869caf3fd82276cd55f84606b5b8a82957194ccbdf3999fb7c7241baafc28,6fb5b32fac4657b7b368a0ac945519b25a00d0e7ac14c08ca51855951060fa92,ADJUSTED|RAW,true,2026-03-24,ea19d8b9ec35f032353631c2b50f7c54b5e2cc794291d709b3b4faa62b67a1f4,UNKNOWN,UNKNOWN,SILVERBEES,UNKNOWN,INVALID,2,REJECT
2,ab050d8b638b1c6a674f5d4a4aec63d4a02970c6403e5913e331a56baea2fca0,351869caf3fd82276cd55f84606b5b8a82957194ccbdf3999fb7c7241baafc28,ff7c2a254491a5e1476c90d3d17cd64dc086000763b2504d252a2c00c17a6710,ADJUSTED|RAW,true,2026-06-02,553d2ab9b353a5462b01df920dbeb16f5668d86de077988b46700e888ea668b8,UNKNOWN,UNKNOWN,OLAELEC,UNKNOWN,ENTRY_READY,2,REJECT
2,ab078e99cef77f4174f4087026c26f9548a0b4b37f9397e840e6fc924ef93bfa,351869caf3fd82276cd55f84606b5b8a82957194ccbdf3999fb7c7241baafc28,2459b3d0aa13420b6cb759ddb8ab0c94e330daeab0f86db96acc8bc30880484b,ADJUSTED|RAW,true,2026-02-02,eb7ada2ee00eac225088cc388c8a135ca8781d9e294f74999e789fefe8847d7d,UNKNOWN,UNKNOWN,POWERGRID,UNKNOWN,READY_FOR_CONFIRMATION,2,REJECT
2,ab14972e8a9416b1edd79b2a3de1fdb5efe82e86d56c298cd8bbb0611083d582,351869caf3fd82276cd55f84606b5b8a82957194ccbdf3999fb7c7241baafc28,b86a3b5a3c1ad9d15892026de6490863d5f0f6b7b0dc063fbc6de083b7bb1e46,ADJUSTED|RAW,true,2026-01-14,9fbe786197ef18c7a2891b798ebf0442ed293445be9a39dbb5b623fbfe86d4fd,UNKNOWN,UNKNOWN,GOLDBEES,UNKNOWN,ENTRY_READY,2,REJECT
2,ab8dd632f8ef7bd47675d9cd2ea202c5a2411d5f05c8aad49512d5d81966ca9a,351869caf3fd82276cd55f84606b5b8a82957194ccbdf3999fb7c7241baafc28,03c51c479977b3dd291718bbf0a1c73048b974159b1406c6c23b2ca50fbfe9ec,ADJUSTED|RAW,true,2026-01-22,151dacd3a018f64c387eb709c16e57e47185dfad317c4c674b7931bfedb5ace2,UNKNOWN,UNKNOWN,VASCONEQ,UNKNOWN,INVALID,2,REJECT
2,abc0d331029c765a024edd2094c7c5dddf39b5cc00699a8d4bc9d04dbacf936b,351869caf3fd82276cd55f84606b5b8a82957194ccbdf3999fb7c7241baafc28,cbd7389de03b0b27faa5bd4c5d83c93ec9537df44b2ac91decf5360e08971ed5,ADJUSTED|RAW,true,2026-03-30,50bf9d7777b5302153c571c139a9265c501d9f24fbab5c799edbda8c7897799b,UNKNOWN,UNKNOWN,IRB,UNKNOWN,INVALID,2,REJECT
2,abf6ade2480fd9df65ce50bc079a6da48e0353425b8ab38a8a9fb29899034de2,351869caf3fd82276cd55f84606b5b8a82957194ccbdf3999fb7c7241baafc28,a586ed26f57341100639344474cdd86350031ae8bba61a52479a5fbbfbcd43bd,ADJUSTED|RAW,true,2026-01-20,49588f860ac10f3c3a3bcdd35bd1cfdd8f75a49aa1ecf316043629ebd0121c3a,UNKNOWN,UNKNOWN,YESBANK,UNKNOWN,INVALID,2,REJECT
2,ac04fda4b379c3de40cd68f7a14f06195b406ff409d6f8be00a70a7f2b60138f,351869caf3fd82276cd55f84606b5b8a82957194ccbdf3999fb7c7241baafc28,51fc5452ac8a805ca3c0d98656ef74785f3e9d36502502b10532083e91cccb05,ADJUSTED|RAW,true,2026-07-07,a7f4ca23aa9bdc9b87e1e381584240df6c82749c9a28d81e522e556d1f1a057d,UNKNOWN,UNKNOWN,OLAELEC,UNKNOWN,BUILDING,2,REJECT
2,ac0626439b8772c4cee5dda5a51c5430733c60ab6aab7629169adbe23cd7fe1f,351869caf3fd82276cd55f84606b5b8a82957194ccbdf3999fb7c7241baafc28,20e1f542356eeaff4b36f02db00bd30a2287d759a7f7f75bd8ed86b5dd82a75c,ADJUSTED|RAW,true,2026-06-19,19fc90030034c21f2d72b2db528abb75a61446e3e61b713982ff84931277a223,UNKNOWN,UNKNOWN,SILVERBEES,UNKNOWN,INVALID,2,REJECT
2,ac5f40f1944098b651669dbb9f64b102ef96273c385c24b5418408f9dd5a5373,351869caf3fd82276cd55f84606b5b8a82957194ccbdf3999fb7c7241baafc28,a7b5a2f550263c7a534aa426ee829f7616db29d249fcb4db1a14baa7b1438b37,ADJUSTED|RAW,true,2026-06-04,9a52a32466a23b433420405ca9e0db94274eebd8a426e78d6daeeebe33ffa864,UNKNOWN,UNKNOWN,WIPRO,UNKNOWN,BUILDING,2,REJECT
2,ac6d8a5018d2219184cedf8c1d65c36a52b92a4db143e0e300c3c6aec56ea005,351869caf3fd82276cd55f84606b5b8a82957194ccbdf3999fb7c7241baafc28,5e4d7031e27ae53e044cde1e511175fb7b5557499205d849a2f382ffec8dd220,ADJUSTED|RAW,true,2026-03-19,69538ebdb14ffc51d664bf65004e7df810a73016648232791686b62ff42e214c,UNKNOWN,UNKNOWN,TATSILV,UNKNOWN,INVALID,2,REJECT
2,ac72df32b7f3315d2b1bc23ea9cc6ebc7087f0815f019fb286c8aa9226742532,351869caf3fd82276cd55f84606b5b8a82957194ccbdf3999fb7c7241baafc28,87a238d96bd0d2f01d04d3cdbdb3fd1a99678eb9c675fe8ad12ec807cc353cc2,ADJUSTED|RAW,true,2026-04-01,61382f4fb13e890c168ad4a7098919413245ce541833f1a76762e6a6c4650910,UNKNOWN,UNKNOWN,GTLINFRA,UNKNOWN,INVALID,2,REJECT
2,ace547f8563242da79d9b3c74d17adb162808dc2b5dec10bfb56ebf60becf5f4,351869caf3fd82276cd55f84606b5b8a82957194ccbdf3999fb7c7241baafc28,dddc61e6fdfab3f578aa50ce9617b8fad21579829f0286847cad2d2dc81faf97,ADJUSTED|RAW,true,2026-07-06,c0960012e6fd45f6d8b8d2bb669b3b38eaaf344ce235c9fe39a1dbac4857d23c,UNKNOWN,UNKNOWN,MOTISONS,MOMENTUM CONTINUATION,ENTRY_READY,3,REJECT
2,acf34174ab4d3cc92afbe71c828b68e536097573d32743c6437b38f857bfb45f,351869caf3fd82276cd55f84606b5b8a82957194ccbdf3999fb7c7241baafc28,83c3998f9f200f0ece24662c68d2fac6f0445499e06032d091fd5f6421b55819,ADJUSTED|RAW,true,2026-01-01,c4d51ac334db322f2ab2fa909fae5b8db653504c6c349e937ea5dd1477d3bdff,UNKNOWN,UNKNOWN,TARIL,UNKNOWN,INVALID,2,REJECT
2,ad8a2efa78169903f411907d4aa50fd4a276eba3d9a76ada046a26582ff9dd29,351869caf3fd82276cd55f84606b5b8a82957194ccbdf3999fb7c7241baafc28,8bbe3e8b00f1691385720ac7008688be3b9b2d4cf4aad33646ff9cc33352b689,ADJUSTED|RAW,true,2026-04-27,bd917fc80727612ad7976504f9e396a137f805b6f5369411486a5aee035171a1,UNKNOWN,UNKNOWN,YESBANK,UNKNOWN,READY_FOR_CONFIRMATION,2,REJECT
2,ad958d9de997933e62094faf9487ff43c6c28d59efdc4cc6b13a28d193904d9f,351869caf3fd82276cd55f84606b5b8a82957194ccbdf3999fb7c7241baafc28,cf3c691379e96681adedf030931bb4ae43491b023b5b63ae8f79cc41495f5ebe,ADJUSTED|RAW,true,2026-07-15,7144e739cd1e18c36df75368ee0ee4a40a915f942021098e03e8bf8755ee54b1,UNKNOWN,UNKNOWN,FCL,UNKNOWN,BUILDING,2,REJECT
2,ada9b8ba756738207ce1aae55d50c832f84bfa1365caf773842777c08edd3571,351869caf3fd82276cd55f84606b5b8a82957194ccbdf3999fb7c7241baafc28,a32dee842783da590d28be57888262444b5af59b14499a1ef6c871e7a127c283,ADJUSTED|RAW,true,2026-06-09,ca534244717baf02d3db925699b9162dd35f92073dfd58b1c5f0826ca75baf24,UNKNOWN,UNKNOWN,EASEMYTRIP,MOMENTUM CONTINUATION,ENTRY_READY,3,REJECT
2,adbdeb59dbddba113976e67c41979943058c77eab7ea11189968c0fb5a632364,351869caf3fd82276cd55f84606b5b8a82957194ccbdf3999fb7c7241baafc28,a82474b5fdda18f3f12a1ce51492f32421f0bbfdf93b3dfd681480851ae36e44,ADJUSTED|RAW,true,2026-06-24,5c70155473960b21b93837f7c18411c1e6e74bd695b0214edaf40045ea1d47e8,UNKNOWN,UNKNOWN,IRFC,UNKNOWN,INVALID,2,REJECT
2,addc0ad0083b168dedb237c69f3ea7195a5f8b09c60d11447a5cf9f624771f9f,351869caf3fd82276cd55f84606b5b8a82957194ccbdf3999fb7c7241baafc28,12313a74e632ddc6ef7e38b8cca46f420b0af76f2f6fc1e1f2af9cea805c6a32,ADJUSTED|RAW,true,2026-07-10,55907a54008db7e7454371728a271c02d337a34a612543faf10c55aa00fa6809,UNKNOWN,UNKNOWN,GKWLIMITED,UNKNOWN,BUILDING,2,REJECT
2,ae48614484e21165a2f2aa6ffbabeb6aa4ba6771b7d1c9d79092cda44b66a26b,351869caf3fd82276cd55f84606b5b8a82957194ccbdf3999fb7c7241baafc28,5f746347373abfa39a0b8dcdce0875abe472ddb6fd5af14f8b613a512208c278,ADJUSTED|RAW,true,2026-06-03,1a6c1b1c52b444986cd638b138027971d85885961d06f06976d8937b4e064cd3,UNKNOWN,UNKNOWN,HDFCBANK,UNKNOWN,INVALID,2,REJECT
2,ae701d9ab7bbb7f52ec655249dddb3b6fc03f5edd6fa9ebc171ca8839ea15e26,351869caf3fd82276cd55f84606b5b8a82957194ccbdf3999fb7c7241baafc28,d5d00d1073ab561a1d8f4de884eed787ee36f27f5919533bb5040f2db6993697,ADJUSTED|RAW,true,2026-04-24,71b4345767363f46bb73965c5dd8b97188b9be4f13613f9b5262e862d3796974,UNKNOWN,UNKNOWN,YESBANK,UNKNOWN,READY_FOR_CONFIRMATION,2,REJECT
2,ae794f34d92bec4d6813f53bff4cc4353b6ddfef2ad955dc2a692690700633c7,351869caf3fd82276cd55f84606b5b8a82957194ccbdf3999fb7c7241baafc28,ffee3a7445c6ec0e5f3a61a5a99d4bfa26147d1e705647c42bb6cf5b06f85913,ADJUSTED|RAW,true,2026-04-10,73e3cf465ec2623a15eec7718509f21179512043eaf23200d2127c2429968bab,UNKNOWN,UNKNOWN,UNIMECH,UNKNOWN,BUILDING,2,REJECT
2,aee600084536383dcb668f3a1b2800afff9ffb625f9538b39ba5616ae9ee4f4b,351869caf3fd82276cd55f84606b5b8a82957194ccbdf3999fb7c7241baafc28,31c69f30343fd5c78d95c6b345fa3f99ffecdc8beeeac167e7165baea2825d1c,ADJUSTED|RAW,true,2026-05-25,f1e8bd4afd35aea84d13bb004f37f22e24fb164aeca272f373ceaf595fba1ee2,UNKNOWN,UNKNOWN,FCL,MOMENTUM CONTINUATION,ENTRY_READY,3,REJECT
2,af5268805fc9f7375c482766c91db67c276123e0af5e7652b4dfef4360091c73,351869caf3fd82276cd55f84606b5b8a82957194ccbdf3999fb7c7241baafc28,037fa21ae1bb0f291c0cfbdb1a51925e7e2ee7e46153878cb2d9f053faf2dac5,ADJUSTED|RAW,true,2026-03-27,ae98117028067a6baf45869c052a539e82c7b27e2a32324ddc3e0506ed9fd467,UNKNOWN,UNKNOWN,OLAELEC,UNKNOWN,INVALID,2,REJECT
2,af96e19891a0c122162566969c3e9e0ec05ba07b6dcf00c7153616894c0770d2,351869caf3fd82276cd55f84606b5b8a82957194ccbdf3999fb7c7241baafc28,59e1519d15522e6a64f9d7ac1dc9efc79eb3d5e302954cd5eb76aa6d595c2d5d,ADJUSTED|RAW,true,2026-04-13,f6190518f7eaa44aba9f32b8aca6e6aab86839825d5c1346a792125079be4a20,UNKNOWN,UNKNOWN,TATAGOLD,UNKNOWN,BUILDING,2,REJECT
2,afba76d71e67c039736bbb58bab2fe427a4322b8e37ece6300b9d78ed1a8e587,351869caf3fd82276cd55f84606b5b8a82957194ccbdf3999fb7c7241baafc28,53e8b41acea3ecf3e7f2141b55991957991c33d641221c4ccf4e5795d1e275be,ADJUSTED|RAW,true,2026-04-13,7eeadc5533214c5c354b234f5c89303655e6ff33ae9509705344d630478d993c,UNKNOWN,UNKNOWN,FILATFASH,MOMENTUM CONTINUATION,ENTRY_READY,3,REJECT
2,affd658cb58c909aefc0f8d9cd694325b56b1278fc0da1a80d7ab5427066049f,351869caf3fd82276cd55f84606b5b8a82957194ccbdf3999fb7c7241baafc28,ea8a9aecda864740c6025f0e1e50358bfc509d2a0b7e13b18ec0f3b72b326dfa,ADJUSTED|RAW,true,2026-05-22,dc09ddf944b7bae9c564ede8cb28fc922433d3f1dad0ea2aed8739284247664a,UNKNOWN,UNKNOWN,TATSILV,UNKNOWN,READY_FOR_CONFIRMATION,2,REJECT
2,b072f9427cfc26ace436abfbd04d294ecec4979c8a46c2cbfd09f8edb009e2bb,351869caf3fd82276cd55f84606b5b8a82957194ccbdf3999fb7c7241baafc28,ee688ce638466aba47ebd48392d2f23d8844d4ef24092a8d53b0ef89c20037e6,ADJUSTED|RAW,true,2026-01-27,cb2a84b667c35d79bcc452fb027a410376637ac4023ffbc85df185b2b0376d59,UNKNOWN,UNKNOWN,SILVERCASE,UNKNOWN,BUILDING,2,REJECT
2,b085685029aa958369fa51d6c1deae04f0cd483cb5fb32134379bfaaa15a533d,351869caf3fd82276cd55f84606b5b8a82957194ccbdf3999fb7c7241baafc28,8a2af36b5d5be36839e8ad616cb0f6c561456bed07c3aa17aee0bbbc91f05403,ADJUSTED|RAW,true,2026-03-19,65d677ad06e5b52edc8e301c382dd36b44efb69ab4e42df5c3bd1de6fa1983f6,UNKNOWN,UNKNOWN,TATAGOLD,UNKNOWN,INVALID,2,REJECT
2,b08985bc22f2339aa9fb3b6d3f0cd4d96814c8daa6bf097310b56a79d54e9665,351869caf3fd82276cd55f84606b5b8a82957194ccbdf3999fb7c7241baafc28,9db8307b247ada3de6ecdf019d5184e4d11e5a7b5c6d8218e1b8e2a14efa781d,ADJUSTED|RAW,true,2026-01-28,9c085322a431c5a93c3514c7307b8d2972c67ee27e1464effbfa716d4f3caf7d,UNKNOWN,UNKNOWN,HINDCOPPER,UNKNOWN,ENTRY_READY,2,REJECT
2,b0d6ed13e7814383fe209e89b1907c285d56d6bb7096021b67ae776439496a24,351869caf3fd82276cd55f84606b5b8a82957194ccbdf3999fb7c7241baafc28,e4a22e4ebd80495ce97a5ba372a551eeeee2e587fec159c2a670a9856b5aab02,ADJUSTED|RAW,true,2026-04-23,ed23e95f8c7168d86897e73357339f3da45027f79a54dedf2d6b7dd8cb2f2a25,UNKNOWN,UNKNOWN,IRMENERGY,MOMENTUM CONTINUATION,ENTRY_READY,3,REJECT
2,b0f43e58bfa84b556df806913878a9e5ee974a68fd62edeff092a2a68650874f,351869caf3fd82276cd55f84606b5b8a82957194ccbdf3999fb7c7241baafc28,7b4a39b8079bec943ab6ac8a32c2ed7842d70ab204a14b7ad6489849be32a742,ADJUSTED|RAW,true,2026-01-29,7ee7dc5de049c9affa999b88771c7089023eb4724e3deea0df24be7db76f5de8,UNKNOWN,UNKNOWN,YESBANK,UNKNOWN,INVALID,2,REJECT
2,b11583bbae1d9225a79faca86199e73919fdc23c7b581f6633385e3579f46c80,351869caf3fd82276cd55f84606b5b8a82957194ccbdf3999fb7c7241baafc28,004d5f8deff6e2b7afaabb9b09104d19b2ff345221260ebbaaf2ef0a2700c595,ADJUSTED|RAW,true,2026-04-09,0ca24616920c1f60e237420da08805be3ffa70f532f7001855090f20a492e099,UNKNOWN,UNKNOWN,HFCL,UNKNOWN,BUILDING,2,REJECT
2,b11f7d8ea20595d521d1584fbca122fcb933fe96a0dde26b429f4424f51b9cba,351869caf3fd82276cd55f84606b5b8a82957194ccbdf3999fb7c7241baafc28,3341f1d74ec5b4743034499f190509cf2ac09a7ce35096b25c447246c12f4b7c,ADJUSTED|RAW,true,2026-02-19,24df2b66759f8a0a6b75951fc604d668943d8c80539c54a08cd93d975fe4c0c9,UNKNOWN,UNKNOWN,TATAGOLD,UNKNOWN,READY_FOR_CONFIRMATION,2,REJECT
2,b165d0c665a499ef64c0eef1bdffe470e202cf4565f098e291a7ef5674f1cb7c,351869caf3fd82276cd55f84606b5b8a82957194ccbdf3999fb7c7241baafc28,9a05499aa4283d147ee216655ccf0095028383761ae75b675dc29658da678681,ADJUSTED|RAW,true,2026-06-16,00ca92ce49ae772f2def60cb346289ec04b410cd9d504c1ad6f91400bcec8c3f,UNKNOWN,UNKNOWN,JPPOWER,UNKNOWN,INVALID,2,REJECT
2,b17eede91c4693960440418ad0187ee9514bf3e4e18838efade0e6f2c3e3f824,351869caf3fd82276cd55f84606b5b8a82957194ccbdf3999fb7c7241baafc28,161cb8cf226fde1f57867761b2d9e6adb0d24ecd4418ea97040491cd428616f1,ADJUSTED|RAW,true,2026-06-25,09366014cd73238beb7efb4c554db59ac307b6ddbdd3a68184ff341ee383f66a,UNKNOWN,UNKNOWN,TATSILV,UNKNOWN,INVALID,2,REJECT
2,b1ad056e8907c7cdaf04484dc9beeb9401011df424d24559a334187a39bb2310,351869caf3fd82276cd55f84606b5b8a82957194ccbdf3999fb7c7241baafc28,eec1c3e1fff9a635b96033ccaa171b99d3404d7c99da2e0cdaa9e5c414688c6d,ADJUSTED|RAW,true,2026-03-23,f0d4f2bb5b69786d579f7392cd17a0c6a99b0a050c9dc8e8e2e1fd5a98cb99cf,UNKNOWN,UNKNOWN,TATAGOLD,UNKNOWN,INVALID,2,REJECT
2,b1ea6063114f0dbd909ee039c80f9cf7475cc8d89d8852238d1eb69eef0ab8d9,351869caf3fd82276cd55f84606b5b8a82957194ccbdf3999fb7c7241baafc28,7fd52f1dc11bbb2449d978d70cf66e953782cfd44624dcda02f3335bd2475e60,ADJUSTED|RAW,true,2026-06-11,eefb7a003a4ad345599e5846ba46f3cd8fdfa59a8c1a99bc339d534259a60302,UNKNOWN,UNKNOWN,OLAELEC,UNKNOWN,READY_FOR_CONFIRMATION,2,REJECT
2,b2a6c9e696382d72855d8cd36cafddbfc7c044d3c7b3444e98095b173af64376,351869caf3fd82276cd55f84606b5b8a82957194ccbdf3999fb7c7241baafc28,f9097093b32a145f4ea49cd0cbde1b7d3a1dd717571bdf8cb448bccbd9837eec,ADJUSTED|RAW,true,2026-02-20,51fd41361b9c3274772cd73383a2ffa8e8a97497e834c9a1fff1d2cba28e0006,UNKNOWN,UNKNOWN,CANBK,UNKNOWN,ENTRY_READY,2,REJECT
2,b315f86ff04b8137f48c05af4acbe3c1aaf25c168e826024451f9155347ab7e0,351869caf3fd82276cd55f84606b5b8a82957194ccbdf3999fb7c7241baafc28,39c9fe27d16d3de5642cf65a13401b0bc3f5d9ee455d7cba0e10449592481b22,ADJUSTED|RAW,true,2026-03-04,50dd7d94e5dc5dd44779cda9ee07efd4bae2d4ffda7bf7940b0e076889c4e2b9,UNKNOWN,UNKNOWN,RPOWER,UNKNOWN,INVALID,2,REJECT
2,b33900459e879abb9b34ec16228c990ef62e29ce7023bc20e5063acf4dcca7dd,351869caf3fd82276cd55f84606b5b8a82957194ccbdf3999fb7c7241baafc28,628a56659a2db3a73db336c632dbe93adf7eb96d33e066188b882166e5b7ea49,ADJUSTED|RAW,true,2026-06-12,17e724a2105848381cf2196073718760634d8802ac5f85436f6106ca85d77dc4,UNKNOWN,UNKNOWN,TATSILV,UNKNOWN,BUILDING,2,REJECT
2,b37219036831e425a1eda0c26895fc144cbbd778c65f4d7e88fd0fdd5917474d,351869caf3fd82276cd55f84606b5b8a82957194ccbdf3999fb7c7241baafc28,b616c996e0c9e7823374032c9f0bee49bf885d68f87de04bf20badeedcb29077,ADJUSTED|RAW,true,2026-03-16,7461286869c36221e624e54f5a79c51f50958367170be89c9a03d726cb148bf2,UNKNOWN,UNKNOWN,HDFCBANK,UNKNOWN,INVALID,2,REJECT
2,b39fa49a9e44ad4eaa81028d4cd2e69b90fc35a0680ed0e41ef1dd75ce881f55,351869caf3fd82276cd55f84606b5b8a82957194ccbdf3999fb7c7241baafc28,c691ad640c4fc79020f5046905162a179f2f3ffc294dd959638c516e3c77555a,ADJUSTED|RAW,true,2026-05-27,fa8797445ceede1d86d9588aadde84aeb5a12981bb43d98c9f26b3a20db5cf1d,UNKNOWN,UNKNOWN,EXIDEIND,UNKNOWN,BUILDING,2,REJECT
2,b3c23d2564a3f1389ea12e65fac0f4a917ef87dd7c6c4457a60d9b4c7d36ecba,351869caf3fd82276cd55f84606b5b8a82957194ccbdf3999fb7c7241baafc28,3cd372e2a7df28d06550e526d0940797c5fde173b68618ae93fa1104f9d7fa9e,ADJUSTED|RAW,true,2026-05-13,bc607326ffdd742446c81a2301be8161d9fc60278c252f49e31702d6ba35397c,UNKNOWN,UNKNOWN,JPPOWER,UNKNOWN,INVALID,2,REJECT
2,b3d4a9506224115329069984b83e7ac083ea9cf0753f21fdd96cefa1fabb7436,351869caf3fd82276cd55f84606b5b8a82957194ccbdf3999fb7c7241baafc28,b122588c63c3f536ad7892837819074a17d1452dfb57242cbc1de2ed297f5db3,ADJUSTED|RAW,true,2026-05-05,a877cf1622fa6c2d859b2d516ce1d851f67cd84c1b8c7924fbedd137c6fff9e8,UNKNOWN,UNKNOWN,ITC,UNKNOWN,BUILDING,2,REJECT
2,b3da9fb1dc251465817d1f3465cb501fd9609822ef9e3d44182cd031a962875b,351869caf3fd82276cd55f84606b5b8a82957194ccbdf3999fb7c7241baafc28,2448ebcb3512556221ab864cb74deba7cb762f219f5606e61df6d2a652725bc8,ADJUSTED|RAW,true,2026-01-16,7ce47a7ddc0b1d2e0df3f8b5b0804796b0699a8257eed5e966dd7d26b32099ae,UNKNOWN,UNKNOWN,DAVANGERE,UNKNOWN,READY_FOR_CONFIRMATION,2,REJECT
2,b3e8103d88b417e4f43f6cd23e69f589c533b48d4cec7cf8a628cb948930fb01,351869caf3fd82276cd55f84606b5b8a82957194ccbdf3999fb7c7241baafc28,26bd229521fbc47a6c1fa367fcc5be5cdbcbe48d62905c51bdd60ff96a164fb5,ADJUSTED|RAW,true,2026-07-06,830713bceed7a05944b2ad1e7b9a6275933a5dd5079df6d3199e1294472135d5,UNKNOWN,UNKNOWN,YESBANK,UNKNOWN,BUILDING,2,REJECT
2,b3f7d091fd153a0875161f61412f6f7bf41ab88246dd3d01e2dac6ddb6076fb5,351869caf3fd82276cd55f84606b5b8a82957194ccbdf3999fb7c7241baafc28,12c194deeabbbbb4c811a2970505b76a630942730d2aae2e9a9c9016969a5633,ADJUSTED|RAW,true,2026-06-09,c53c3545aa0154ac8bc85bba665c8b18bd0ffeb98279d8776c0d67ab5c4ed1db,UNKNOWN,UNKNOWN,TATASTEEL,UNKNOWN,BUILDING,2,REJECT
2,b3fd83e25c7b064e453b8c350b8c6ca95932b3d711a59d3033ebfa8bfaa937e4,351869caf3fd82276cd55f84606b5b8a82957194ccbdf3999fb7c7241baafc28,af427262df6bd3a61d1a9383000b91a5368712708fa9f9ebd3089e6fd9424dd3,ADJUSTED|RAW,true,2026-04-20,48be28b85e46a99ce7bb37d7aae6e315de236ebf80b6b3fb5089277052613cdc,UNKNOWN,UNKNOWN,OSIAHYPER,UNKNOWN,INVALID,2,REJECT
2,b43eea0da7a861fcd97d0bf982bbbff1b93dc8d86a9e97961962d299cb60a9bc,351869caf3fd82276cd55f84606b5b8a82957194ccbdf3999fb7c7241baafc28,1341853c60dd59c00c2ff038e1888628d6d014a118d3188418197c32ed841759,ADJUSTED|RAW,true,2026-07-17,37fe8de3ed1167d86c6f29668c10ad623149c88f45be0724a6332939bd0a99a6,UNKNOWN,UNKNOWN,FINOPB,UNKNOWN,READY_FOR_CONFIRMATION,2,REJECT
2,b45950994fc7382d99d74ba651f83a12b4af158e7c8838b8223bea48f6f77bd7,351869caf3fd82276cd55f84606b5b8a82957194ccbdf3999fb7c7241baafc28,c53395b4b3c562657011169c380adcdd77b5544e61f4ba2e177ed92988fa5a70,ADJUSTED|RAW,true,2026-06-30,19b989ae69b93ae2d75834d2a2e65a8892ab14c9cd9901d5094ff67df347f88e,UNKNOWN,UNKNOWN,TATSILV,UNKNOWN,BUILDING,2,REJECT
2,b4644079505ec3adc2869c1deaeef2c12b6da7adacf05fbc5aa3cd835d7cc144,351869caf3fd82276cd55f84606b5b8a82957194ccbdf3999fb7c7241baafc28,5477a3584c872b5e5209a19652ec06092d8464e466afeb8a739592dec4b487fb,ADJUSTED|RAW,true,2026-02-25,ea928f3b930ebd795bd4f443cbe79f06f0530c5b3bad1a497bf6f2876bca0871,UNKNOWN,UNKNOWN,SILVERBEES,UNKNOWN,READY_FOR_CONFIRMATION,2,REJECT
2,b477d0a18db699f9c5a150f883570fe4ede2dae274bea43a97c887639787b2c0,351869caf3fd82276cd55f84606b5b8a82957194ccbdf3999fb7c7241baafc28,b6a40230087b8e40807f873aaf1ae708fd03104be1b9a8c772ff779e54921322,ADJUSTED|RAW,true,2026-05-22,b9eed571bc22586190d8db8b1c0a03be71f2fbe5000053a161acfa57c052c0ee,UNKNOWN,UNKNOWN,CENTRALBK,UNKNOWN,INVALID,2,REJECT
2,b49412848618090b01f949969c394a22e73e93eb36ef537d83db3835408c62d3,351869caf3fd82276cd55f84606b5b8a82957194ccbdf3999fb7c7241baafc28,e22ac16c6d977e9c38664e92ab73255ef6b4ce6efa136be575f74fb87ba6e7a9,ADJUSTED|RAW,true,2026-05-26,36b4ce96d23d8b85fc7b7cee9271ab76bda90d0838776f4b2ed9ae7bd15780b1,UNKNOWN,UNKNOWN,OLAELEC,UNKNOWN,READY_FOR_CONFIRMATION,2,REJECT
2,b4a0fff5c430a8be0700259e5e169a35a5619d15925220d43bbb3e7951c8e6eb,351869caf3fd82276cd55f84606b5b8a82957194ccbdf3999fb7c7241baafc28,9c27923aa8803169baa5577e87e5dcd640ad641c753d440145ef1aa0f706438e,ADJUSTED|RAW,true,2026-05-20,cb598f84ba153645f8ce0af3575c3e75aa0be1b7ef2b8ce72d84d78b5215f382,UNKNOWN,UNKNOWN,APOLLO,MOMENTUM CONTINUATION,ENTRY_READY,3,REJECT
2,b50c06812ae1e8b6368b706f408f68be929f9bcd8db7478e572a5b14c97e3bfc,351869caf3fd82276cd55f84606b5b8a82957194ccbdf3999fb7c7241baafc28,c087126f52100d1cde3ddf983000c0e27dd2cc2331e116afdec815cbbb1ab791,ADJUSTED|RAW,true,2026-03-16,5bbd8bf29c75914213ac910ceea9a5d7eccc184c2be6586a6c69783050c176e0,UNKNOWN,UNKNOWN,YESBANK,UNKNOWN,INVALID,2,REJECT
2,b54e43298d22a66b8f48ea04a47898a720887fdf5903893a2ed1fef55647f995,351869caf3fd82276cd55f84606b5b8a82957194ccbdf3999fb7c7241baafc28,8fd9d641781c92c3064ec0db67a056a54fdfea522883932df0f4cbe139fa8797,ADJUSTED|RAW,true,2026-04-27,fd7bd6318ee18930f8b1d7e508b6aa49450f601ed228d9a0c95c28d9355c7a60,UNKNOWN,UNKNOWN,JPPOWER,UNKNOWN,READY_FOR_CONFIRMATION,2,REJECT
2,b5a7daa309e769cc92af96a193bd110ca4b41004bb68b3d34957baf1a8eecc6d,351869caf3fd82276cd55f84606b5b8a82957194ccbdf3999fb7c7241baafc28,a0a2c9b8ab95010a153e9f80354f478388894e954e810167ea27bb82448b6f9d,ADJUSTED|RAW,true,2026-01-12,17aa847adf47c9f1c5a639eb7d2ce3ca3d0afb4dddfa3f28bbfd830b9b11a784,UNKNOWN,UNKNOWN,IFCI,MOMENTUM CONTINUATION,ENTRY_READY,3,REJECT
2,b5ae6748d9746d975e7a52141d3b8bb9d5136018ffc484b93b9ed05bfe0c81e9,351869caf3fd82276cd55f84606b5b8a82957194ccbdf3999fb7c7241baafc28,cea2d3b84f75376d1a8a7f9b2e2e75d0ca6fcb389d6b87efb9904d32667cb573,ADJUSTED|RAW,true,2026-02-24,830034b03f593066cf57701f310363ab4742be26d971320d280d6301e24aefc2,UNKNOWN,UNKNOWN,CANBK,UNKNOWN,BUILDING,2,REJECT
2,b5b5c28af9caa85cef7ede164f531a6efe095e18bf3585ca71c558e6d4a19436,351869caf3fd82276cd55f84606b5b8a82957194ccbdf3999fb7c7241baafc28,f618760d7a9489a10d7f8764f04bfdae29b6efc4182b8db18401ce86093cf932,ADJUSTED|RAW,true,2026-01-02,a77dc36c03716d2ae9254a5fc351ca0a4ead7ac8e6b0f2e112585a78f06d8882,UNKNOWN,UNKNOWN,YESBANK,UNKNOWN,INVALID,2,REJECT
2,b5ccc4f6db21f2be27d2afcabcd749231abe3d27cbf508dd1f7d5f95935206b0,351869caf3fd82276cd55f84606b5b8a82957194ccbdf3999fb7c7241baafc28,3170ee895fff1dc2dea4e687e815df0cb3a2b2642c82139d0c300e6b3a423853,ADJUSTED|RAW,true,2026-02-12,49a8c45ec3e8f2914973e81f6f3c2ddd65f48fe40eeab37e72c7de4d2eb80a8c,UNKNOWN,UNKNOWN,GTLINFRA,UNKNOWN,READY_FOR_CONFIRMATION,2,REJECT
2,b5e7755dcaf20f8843a0323429b00ca5b42563d15cc454291b1ca3542f61c4c7,351869caf3fd82276cd55f84606b5b8a82957194ccbdf3999fb7c7241baafc28,547978baa294626c0367abca983f7416d539fbf0f5955d0b06ea8cd76c991f61,ADJUSTED|RAW,true,2026-06-25,07dd0d47dbf87d07afe36906dba2c8df2dc8c1eb3670b769e3648eb01f776b8a,UNKNOWN,UNKNOWN,HDFCBANK,UNKNOWN,INVALID,2,REJECT
2,b5ee7583ed72e7e27481a8cb4ffe8e31877045e05ee383a15d30c50517f29897,351869caf3fd82276cd55f84606b5b8a82957194ccbdf3999fb7c7241baafc28,f97b9d0a7ff812dbdb058e6e212d7a100bede2fff9b2ca0f98f62fd243d601ee,ADJUSTED|RAW,true,2026-02-02,aea170b72db14fd497178d44d346fb749722cfe924d8376ff592384785d7b396,UNKNOWN,UNKNOWN,TATSILV,UNKNOWN,READY_FOR_CONFIRMATION,2,REJECT
2,b60c838987741b3cda18ab3b55e510da7750f561021ff8f8341fe4a9c83b3365,351869caf3fd82276cd55f84606b5b8a82957194ccbdf3999fb7c7241baafc28,91374f4b410fa6960b218c9aac127355e457ccc6fd0194bd2e6806468bc5c90f,ADJUSTED|RAW,true,2026-05-14,a91ecc247f6e41742e9032867fa84f8b9ed2c067e25d2d2b346df81cdcda2647,UNKNOWN,UNKNOWN,SILVERBEES,UNKNOWN,READY_FOR_CONFIRMATION,2,REJECT
2,b636e41bb7b6d65e940a429d964ad7ee1edb9911116bbc09adde0b2d45feee3b,351869caf3fd82276cd55f84606b5b8a82957194ccbdf3999fb7c7241baafc28,e7b6263a80a3d6b4c4893e11e4143649e21adc527bda54962b9ca18b274b7014,ADJUSTED|RAW,true,2026-04-13,6639611a0b95111e5f012036c087d8ef7002cec6b2cfdb3f44bc49b76475a595,UNKNOWN,UNKNOWN,ADANIPOWER,MOMENTUM CONTINUATION,ENTRY_READY,3,REJECT
2,b66229f2ac987d2d01d48786a0e34dbe828527fe261cef21c9774b4fe3693d92,351869caf3fd82276cd55f84606b5b8a82957194ccbdf3999fb7c7241baafc28,7db9820a436245b61497ef94bbf9057f97bfea7b105bf0778ee976e235b2d983,ADJUSTED|RAW,true,2026-04-27,9bab66811763e1dd1c0d7d10b2d4c6da704d3c3307fce3ce15ffde6b45ddd40a,UNKNOWN,UNKNOWN,RPOWER,UNKNOWN,READY_FOR_CONFIRMATION,2,REJECT
2,b66e257c2bb50b45c46de624e8f257b11f49e020912dc5656473f645c37449b6,351869caf3fd82276cd55f84606b5b8a82957194ccbdf3999fb7c7241baafc28,5111e4ea159fb8101800d169112d42411b985d70c6e38f0a353420d655c4657c,ADJUSTED|RAW,true,2026-02-13,bb2c7e5f26c2cb3f3ff44fa6926681dab732d725c319447aaad0b29debabe811,UNKNOWN,UNKNOWN,YESBANK,UNKNOWN,INVALID,2,REJECT
2,b67c45d5cb22fc2cae4bfd8d6182f15c2efbe0ae195c141a6d016cca98a883da,351869caf3fd82276cd55f84606b5b8a82957194ccbdf3999fb7c7241baafc28,959a3b9a4368ab9e57390c7dcdbad983ddf07e655fd04ae3f98a88a6618603f4,ADJUSTED|RAW,true,2026-02-26,6e73949478b5b1231f74fdc0f34dbd48682bba34c0474e725055aaef04325c71,UNKNOWN,UNKNOWN,ETERNAL,UNKNOWN,INVALID,2,REJECT
2,b6f1bf1af26c87aed6a2677e9bcdb126450bd44732b3d9fcd8740da7014ba466,351869caf3fd82276cd55f84606b5b8a82957194ccbdf3999fb7c7241baafc28,783d17216312efc8451cc39cfc31faf60231289411343f95d7725bd30e207a29,ADJUSTED|RAW,true,2026-03-06,e8ec40d6de7c9eaa9544bac6049d38c15ae2ef3f79186176c08c8c066a8400cf,UNKNOWN,UNKNOWN,AXISBPSETF,UNKNOWN,BUILDING,2,REJECT
2,b7000155c747ee08d40b6fbbf11ea69171aa606f585ce9187eed7a175009092f,351869caf3fd82276cd55f84606b5b8a82957194ccbdf3999fb7c7241baafc28,fa6a68cf2ae4b0eafda4f00861f341f463b5a3476b16093d717a29c86ce9814e,ADJUSTED|RAW,true,2026-06-16,e4c31ddf1d9709ab37b8db14eeeb125ae7d5ea9928fca681ce6aaa2e04ea553e,UNKNOWN,UNKNOWN,OLAELEC,UNKNOWN,READY_FOR_CONFIRMATION,2,REJECT
2,b701d86f6e45e7d27961e6e24fb466c5a650635e92682c1b09d03abcceedf32c,351869caf3fd82276cd55f84606b5b8a82957194ccbdf3999fb7c7241baafc28,c09ce601304451152327464cf3b5d6696ac0e163c239e5da3bec0fa135c8019e,ADJUSTED|RAW,true,2026-02-26,db72f1a952666f6ac8a68a2d328abddb2ca44105650c54cb78b02187b06dbc8b,UNKNOWN,UNKNOWN,IDFCFIRSTB,UNKNOWN,INVALID,2,REJECT
2,b706b414e505ac70ffb56f3fba49ff8c95441609920ed34013f00a0c2bbf948b,351869caf3fd82276cd55f84606b5b8a82957194ccbdf3999fb7c7241baafc28,f1bda2ec709c6bbb85a4971ae7e6e2383a70e75c5a671811107d8d1ecc1e62e9,ADJUSTED|RAW,true,2026-03-25,e26f16655a32bd15240f666e988ba96112f2cbad458f17d8f49448a30fbafa13,UNKNOWN,UNKNOWN,ETERNAL,UNKNOWN,READY_FOR_CONFIRMATION,2,REJECT
2,b746f3e17cc5063ba1f765c6931bf7ce7238f31fa68ca39d85ce3af1b2a6a7cc,351869caf3fd82276cd55f84606b5b8a82957194ccbdf3999fb7c7241baafc28,49fab86360ca7ec3514226b157482b0a31d1ac5377e4e0aa22f74240a889e048,ADJUSTED|RAW,true,2026-06-01,da5faf52e2f99838dd4b91a3dd7d3f76481488ac95f50327f087d6d4ef3c61bc,UNKNOWN,UNKNOWN,COALINDIA,UNKNOWN,BUILDING,2,REJECT
2,b756a2d2b31f5de46930fbd9d5a47173884ce2c418c9b031bdb0368cdcca3efc,351869caf3fd82276cd55f84606b5b8a82957194ccbdf3999fb7c7241baafc28,ffd93f74ac1b03b8814f42025131517ca16e14db27a487d55eac5332ed9ffce2,ADJUSTED|RAW,true,2026-04-08,298d166cf4e8f28a65cb2cc2438b76f74a8295d01e707594caefb64af680d104,UNKNOWN,UNKNOWN,EASEMYTRIP,MOMENTUM CONTINUATION,ENTRY_READY,3,REJECT
2,b79878e937b85a5c8363dcccc1e12cfc5ba18cbe6b069afcae16c627af9c549b,351869caf3fd82276cd55f84606b5b8a82957194ccbdf3999fb7c7241baafc28,ca0af8dfd126b2cfe58d699500ef404bdee1530b09079473797840e52fee955c,ADJUSTED|RAW,true,2026-02-10,5beaf0143aa37d2321eab47a8fc3611cdab6a4c639367d9c1de29ecaacb98bfa,UNKNOWN,UNKNOWN,ETERNAL,MOMENTUM CONTINUATION,ENTRY_READY,3,REJECT
2,b7c59097cb8e43e3b20e5f7d2d280d3bc676cf5413644a3518cb1565f67fdcc0,351869caf3fd82276cd55f84606b5b8a82957194ccbdf3999fb7c7241baafc28,a835eb581577ad46b0f250fb46475b423c7a320ed42b17f2d24794c79a31311d,ADJUSTED|RAW,true,2026-03-13,3d8709fb75c7897007e9d3cf1b1d58472fd40df5b786b5c5dcc6ede2c65991dc,UNKNOWN,UNKNOWN,TATSILV,UNKNOWN,INVALID,2,REJECT
2,b7d34c723e143c158f803b9ecd5c9a7b132af3aab2d86944646645e8131452f0,351869caf3fd82276cd55f84606b5b8a82957194ccbdf3999fb7c7241baafc28,0e188bca9e84193ad0fd8acbba4e200a39c62e90959c6d9ec8531c57f4fe09e9,ADJUSTED|RAW,true,2026-05-07,22fd745c3133e2aba186ad966c7b88fde9c8c04b272d51de95a6367cbeb65bc8,UNKNOWN,UNKNOWN,HDFCBANK,UNKNOWN,BUILDING,2,REJECT
2,b7fea955fdc92d7fcd3589c70d57ecfbd5d25d6e88361c5c3acc6e4fc69144ce,351869caf3fd82276cd55f84606b5b8a82957194ccbdf3999fb7c7241baafc28,7511f503e1d972fc5c2fff3f38c1ecd34b28d871889e6f08bde5a11f5adbc4ad,ADJUSTED|RAW,true,2026-01-27,5faa1afa4286b5ef9fa5ae4009dce1fbc3c5679390983b402571152b682269b9,UNKNOWN,UNKNOWN,HDFCBANK,UNKNOWN,INVALID,2,REJECT
2,b80ac0cee39f1832717ad256e677580644416c227019c39707bdbfa97582847e,351869caf3fd82276cd55f84606b5b8a82957194ccbdf3999fb7c7241baafc28,26cce5900a99b27ab40f1a91bb4d631340a616f77e41613782a3665b8284ff65,ADJUSTED|RAW,true,2026-04-16,fb17fa2d63d4ed377c138510534df13fec628a4f803aa1e4c2f9a2a2f0e35e6d,UNKNOWN,UNKNOWN,ETERNAL,UNKNOWN,BUILDING,2,REJECT
2,b81e172b71082072a47cd99ffb1ea662ee72c8ca7bdbe52a1d3130f115bd67cc,351869caf3fd82276cd55f84606b5b8a82957194ccbdf3999fb7c7241baafc28,ea4476f5738a6672072b70e45fb4ca3b01332bc37240759f4498dba3ae24420d,ADJUSTED|RAW,true,2026-04-13,b3b3781a8ac2291041daaa1e55842809eaa155de35b27ce236c063d9166bc1c9,UNKNOWN,UNKNOWN,OLAELEC,UNKNOWN,READY_FOR_CONFIRMATION,2,REJECT
2,b8c8337ed8563d15e75f7db81deefae4d2d0d51b899aff830a7aeab6613a1376,351869caf3fd82276cd55f84606b5b8a82957194ccbdf3999fb7c7241baafc28,a254309b9a705261a9694cbd76b46d53b4219f0827cd0eb99ac3d14e690049f5,ADJUSTED|RAW,true,2026-05-14,0e298171549d901761f06307ee889fce83275c8997383f50f969fb342812fe54,UNKNOWN,UNKNOWN,DAVANGERE,UNKNOWN,READY_FOR_CONFIRMATION,2,REJECT
2,b8d30fca5052f9f0c815e4fef21bdcd2947ad15f82168ac12ce68bf81b17c083,351869caf3fd82276cd55f84606b5b8a82957194ccbdf3999fb7c7241baafc28,09ae2b6a7f3ed8e7374362fe086cacde8a015d1c2ea036790cf39666d29d4927,ADJUSTED|RAW,true,2026-01-30,874e6db303e634d9006177698868aa2cfb052579790cfa4b71e461a2e8ab1691,UNKNOWN,UNKNOWN,GEMAROMA,UNKNOWN,BUILDING,2,REJECT
2,b9094e2bf6b17e922b362484d927b14e182cf169680950ea89a6c49f34d8fd9f,351869caf3fd82276cd55f84606b5b8a82957194ccbdf3999fb7c7241baafc28,3639b167a25b22ab9de6318d2a54dbb9df62d00abf486014d2794dfe2f7de20a,ADJUSTED|RAW,true,2026-02-19,4aafdfbcd84143cc128e0a485b44a9a689bbd86004b449b32ecc7f8cb9a41301,UNKNOWN,UNKNOWN,TATSILV,UNKNOWN,READY_FOR_CONFIRMATION,2,REJECT
2,b9956c8f6327faa7aef4f1cf620f433fb0422e4b580451a211aa8183ac0da63e,351869caf3fd82276cd55f84606b5b8a82957194ccbdf3999fb7c7241baafc28,b097d47a0314e04a1f06a40e38d2eb35a7d40d6c09897dab6f00ee3070c37499,ADJUSTED|RAW,true,2026-05-06,9fc634f1dff87215a2bc2aa55659b9349b71290ea2486dc71397fba1e06ad6fe,UNKNOWN,UNKNOWN,JPPOWER,UNKNOWN,READY_FOR_CONFIRMATION,2,REJECT
2,ba710f594eaf69dcd55067c2134b842dd3cb60b58cdfbfc0d53ad5810267d5c6,351869caf3fd82276cd55f84606b5b8a82957194ccbdf3999fb7c7241baafc28,71d65e754ec2dd0157f13da014dd36f2884b6d7af28e8fc078274fa3c61feb12,ADJUSTED|RAW,true,2026-04-07,788d5fa3a317cefc7a96e2ddf99b76eb22c951a99b39d7458d0fcfcda68523bd,UNKNOWN,UNKNOWN,FIRSTCRY,UNKNOWN,READY_FOR_CONFIRMATION,2,REJECT
2,ba9713836fc8e0e8026b98a3db76ba7140bc9b7ee7b39ca955e9c1ca56fa46f1,351869caf3fd82276cd55f84606b5b8a82957194ccbdf3999fb7c7241baafc28,a4fa69fa5ce6b844a3ac2ff44ed99b624c79fe78905cb1b30e988ea3848b7536,ADJUSTED|RAW,true,2026-07-13,22172c94e865d4acd8aa94c8a3474a16478c9e577289b919a4c5855b17a28f82,UNKNOWN,UNKNOWN,TATASTEEL,UNKNOWN,INVALID,2,REJECT
2,bac7a1e87183f0282738f4195f5c5f6150fd2bf2b17dec304481a21d5bb42129,351869caf3fd82276cd55f84606b5b8a82957194ccbdf3999fb7c7241baafc28,e455ef7901c89daebf6bae5d33de6c15240884ec27c56891946e69033552b88e,ADJUSTED|RAW,true,2026-05-29,e34f32cb7b0e98525808387e3aef39dc82484d57170fac7d631e3c5f8690f32c,UNKNOWN,UNKNOWN,HDFCBANK,UNKNOWN,INVALID,2,REJECT
2,bae973a678673092e4a64281a00132d5b72066def68a502b9eef1c241f3a09bc,351869caf3fd82276cd55f84606b5b8a82957194ccbdf3999fb7c7241baafc28,237130d83c64f7d02de56b48e89607cd3cecd27e6bee24646d0333eb52f92ed9,ADJUSTED|RAW,true,2026-07-07,aa1b89b64160ee19bfe79969f6336f536a0d8dadf14ccd60139dd2a6dd678529,UNKNOWN,UNKNOWN,ITBEES,UNKNOWN,BUILDING,2,REJECT
2,baf50d54cade0baba8ca1526e9398a5e42dce66eb3b71a771801bc40622e6568,351869caf3fd82276cd55f84606b5b8a82957194ccbdf3999fb7c7241baafc28,93413bfed58232a91b765082bc52b88bc629137ba57a069a044b67938d324637,ADJUSTED|RAW,true,2026-04-15,0c80c019dd8064248c9e5c9208591fc9347413110134de79c4d1b81022155560,UNKNOWN,UNKNOWN,GOLDBEES,UNKNOWN,BUILDING,2,REJECT
2,bb4e9509075fb39cf6c488a62f4d9c7427ef741ea0ef063f0da061982db2f055,351869caf3fd82276cd55f84606b5b8a82957194ccbdf3999fb7c7241baafc28,5b9f64e1e796514ae8ec58c85c8d2197408b72695183674b3efa32b8ccd18789,ADJUSTED|RAW,true,2026-02-12,2ad3073c645fe70ad605d55385895fbc6a5a5f1b610411b9e0f99664868def56,UNKNOWN,UNKNOWN,TATSILV,UNKNOWN,READY_FOR_CONFIRMATION,2,REJECT
2,bb7e4ff0dca5d0dc4114934028a57f7b94085587083f3a13a3726490060f44dd,351869caf3fd82276cd55f84606b5b8a82957194ccbdf3999fb7c7241baafc28,41efcda85f898a74f51ff6273abf6111bea750fb61ee629de2a4c6aaf9876769,ADJUSTED|RAW,true,2026-02-02,444c03b1aa066382517729bded643dd94f372fc967142bed63b3f4f181f358eb,UNKNOWN,UNKNOWN,HINDZINC,UNKNOWN,READY_FOR_CONFIRMATION,2,REJECT
2,bba90990572a45107a0001cd81b65ac4eba5ccdcc081906d21496b56bcb68f3e,351869caf3fd82276cd55f84606b5b8a82957194ccbdf3999fb7c7241baafc28,f6bf6b6d149b90e4e00cb0cc8eb783db119c1b338f08c1c6f83737dff60827f7,ADJUSTED|RAW,true,2026-01-09,61df376678666cac41a9099d0dab76e11e4ac46a8b4c5fc5941bc32935e8bcd2,UNKNOWN,UNKNOWN,IDFCFIRSTB,UNKNOWN,BUILDING,2,REJECT
2,bbc963f88b5d11e6437a1d7af938dc9271c43d327d91b1ea3d53ad8dfc4cb53f,351869caf3fd82276cd55f84606b5b8a82957194ccbdf3999fb7c7241baafc28,cb4de1c0ee50ef827a17e6a086e7c0dc87162f195cd9d831a04ff48ee6f240a5,ADJUSTED|RAW,true,2026-06-22,75892db8f6dcf181cac43eb1f54a7311940568a4302233bbe80f973d01d72f83,UNKNOWN,UNKNOWN,PCJEWELLER,UNKNOWN,INVALID,2,REJECT
2,bbe2c8d96a427e384edc1b3e984572db4bc3402cd837500774dcace97407b761,351869caf3fd82276cd55f84606b5b8a82957194ccbdf3999fb7c7241baafc28,98f19f33d52da8cf95d1047acb45e7d95b9929b9d77f06847eee186777552909,ADJUSTED|RAW,true,2026-05-25,0b3ca695fce5d38101ddee3abef62f4eb415f4db85bb44609564ac1b057f9484,UNKNOWN,UNKNOWN,WIPRO,UNKNOWN,READY_FOR_CONFIRMATION,2,REJECT
2,bbf3456e845d410b1c5b3af94cf7d5a001ba9505e7c144277e982c0962daa718,351869caf3fd82276cd55f84606b5b8a82957194ccbdf3999fb7c7241baafc28,ddc015638d9a3c119084a58c1e46eef73ccf211fd78d3fa06fd0d07468fc7bd8,ADJUSTED|RAW,true,2026-01-27,b9110dda9b083b820b8b4cdf947c99c4a2dbace936159221e06ade9a21ee09ab,UNKNOWN,UNKNOWN,TATSILV,MOMENTUM CONTINUATION,ENTRY_READY,3,REJECT
2,bc963655db793a2e8cfb68721370a2754cf913a150d5a6e03dfa24b641cdeacd,351869caf3fd82276cd55f84606b5b8a82957194ccbdf3999fb7c7241baafc28,e385b18d7864d8ab7da8afc7392fe7ec52826536968f6aeb6f4918abcebff38e,ADJUSTED|RAW,true,2026-06-18,b8eca9a39207acbf93446813c88965171b1ca7781e854761dde5899c82157e94,UNKNOWN,UNKNOWN,NHPC,UNKNOWN,READY_FOR_CONFIRMATION,2,REJECT
2,bcd34a9257ce9e9e4c17db06e35cba7228cd1dacd5c2c7de3b89b86fde6d86c4,351869caf3fd82276cd55f84606b5b8a82957194ccbdf3999fb7c7241baafc28,89f27c6e520d825d7a3260fb7fc18f4a027be70b90d065a1b0a14ae0d75619cd,ADJUSTED|RAW,true,2026-02-10,c71ac4a670533aedb6bfd447d25938e2d2112fc7abd7da87f617a76a636438bb,UNKNOWN,UNKNOWN,GOLDBEES,UNKNOWN,READY_FOR_CONFIRMATION,2,REJECT
2,bd2aa74ab9d12f901a44f04997709af28586c73979a8f59799c0ff1a62778d62,351869caf3fd82276cd55f84606b5b8a82957194ccbdf3999fb7c7241baafc28,e32c3c29a884375b00f7dcefda849956eff493ea19473b3d688713a264e5f106,ADJUSTED|RAW,true,2026-01-20,95ba4aa6d7a0e9d4ccd5b8c999535656a05048e4634ecca284e2e726b6d8528b,UNKNOWN,UNKNOWN,JINDALSAW,UNKNOWN,BUILDING,2,REJECT
2,bd41d59f8983eeddfa3df2adb1874f4d998a141b022e4700a27418e29334f66b,351869caf3fd82276cd55f84606b5b8a82957194ccbdf3999fb7c7241baafc28,74fbd96c354d48b3165607fada63e65bdf87a5d4daa3f2ee9e4600ba336d6099,ADJUSTED|RAW,true,2026-01-30,2874c6bd349f568eb8bfce5fed96237bf9bcae344d8ff060a88e02f1a099952e,UNKNOWN,UNKNOWN,TATSILV,UNKNOWN,READY_FOR_CONFIRMATION,2,REJECT
2,bd4dab2d3a27c79a0e9657eaf18514da310b6577c98e945ad9894df28407744c,351869caf3fd82276cd55f84606b5b8a82957194ccbdf3999fb7c7241baafc28,75fa7164b693497f6abb123ffced3b5d0c63bab203de85da2eac3695d815a4bd,ADJUSTED|RAW,true,2026-07-01,ed78050cc799c8a5ced4e4ea2bfdea2be8afa6d935f9dae1bfb8db0f269c2005,UNKNOWN,UNKNOWN,GOLDBEES,UNKNOWN,INVALID,2,REJECT
2,bd4ec14539feca8c74b4e81757e1fe2cc1a3369ef312483bb672ca070c4f4ee7,351869caf3fd82276cd55f84606b5b8a82957194ccbdf3999fb7c7241baafc28,1f447f9e215de18798de3d9b88add36eff2c83ca86f3d8ae9c40eab3e2a5e08d,ADJUSTED|RAW,true,2026-02-04,ba36a890df1b96fcc5f43213dd93910352d54030cec241da1e5b0049967646df,UNKNOWN,UNKNOWN,TATSILV,MOMENTUM CONTINUATION,ENTRY_READY,3,REJECT
2,be1997c0b7d319988ad237635328cb3a4f1999f26fc48a58f6b97e75393dcc7e,351869caf3fd82276cd55f84606b5b8a82957194ccbdf3999fb7c7241baafc28,f707ce88648c5396dc8eb6de07f4c93def96e2ec8e2b0d510d62711a60acab31,ADJUSTED|RAW,true,2026-07-01,05d3f1f6c1ed1f503d9e45ede39690670664e1fda581af17c0d717a259360589,UNKNOWN,UNKNOWN,RPOWER,UNKNOWN,INVALID,2,REJECT
2,be4b68cf693d4cdd2dc48d61e204ce9b742d94214b65ca3fb5dfca370519cc8c,351869caf3fd82276cd55f84606b5b8a82957194ccbdf3999fb7c7241baafc28,895edd8ffcd40db0539e8540e76da77639ce8b72f91157a0241844d1d47c1d6d,ADJUSTED|RAW,true,2026-02-16,f9595a918c32fcc4f2601e88d65b98903b7ab25509cb48d5021995ab43ab2cf7,UNKNOWN,UNKNOWN,EASEMYTRIP,MOMENTUM CONTINUATION,ENTRY_READY,3,REJECT
2,be783c09dfdfe2e63a746ed244b155018f351108b1969d1e3547aab4fdbd887b,351869caf3fd82276cd55f84606b5b8a82957194ccbdf3999fb7c7241baafc28,06f36bbd30260b7abaec2724994b882c84d4f2b0e04dd8a74237e48db2ba7256,ADJUSTED|RAW,true,2026-04-13,2d374a2d8f3541301185a695324ba36b7da10217cf659782196ba186e3af944b,UNKNOWN,UNKNOWN,EIEL,UNKNOWN,READY_FOR_CONFIRMATION,2,REJECT
2,beb13667768763a8dc24b049615c755a6a2e89666fa1988b2a5ffc1bce12a691,351869caf3fd82276cd55f84606b5b8a82957194ccbdf3999fb7c7241baafc28,dea9873445809cab24c1d2dced0007d1362d9cd2a140653a120ad339e9d73065,ADJUSTED|RAW,true,2026-01-27,8ae89339f6193c59d1dfb24caa1b25a215c0a358c59a6ba8bf5d69af87070354,UNKNOWN,UNKNOWN,KARURVYSYA,UNKNOWN,BUILDING,2,REJECT
2,befd6af0e890a7e0a06b032d0335c49c440817567718980427c7c430bc51e677,351869caf3fd82276cd55f84606b5b8a82957194ccbdf3999fb7c7241baafc28,37a8e4e33e6ef5ff72f03da0e5d5736395e45a3ab29c2f7d16fb520a0e39688a,ADJUSTED|RAW,true,2026-03-10,a72abc8ef37a36e1505819a032366dbdd2568778bf446f92a88f55cfa42ea9d5,UNKNOWN,UNKNOWN,YESBANK,UNKNOWN,READY_FOR_CONFIRMATION,2,REJECT
2,bf0dc881fa2a7835ae43a1c4f0ce96eeb20f85d7d0d22f634b42a80ef52d7993,351869caf3fd82276cd55f84606b5b8a82957194ccbdf3999fb7c7241baafc28,9143c0a2803b19931a1a15c833d2804dedf73b7955fd9ee6fe3a7d9cf363606a,ADJUSTED|RAW,true,2026-01-09,5717dcef83aca1f8fdfa15ff641f08190ba93d45aaec88d2cd6d6a19d16f731b,UNKNOWN,UNKNOWN,YESBANK,UNKNOWN,READY_FOR_CONFIRMATION,2,REJECT
2,bf28e9569b747a23c20e56df3359e208f91b4913258e201beea8feb1849fb592,351869caf3fd82276cd55f84606b5b8a82957194ccbdf3999fb7c7241baafc28,106d9ffefb1a16cb627749c8c9fe2ea7c44828a807977852ebd09e1d8026da50,ADJUSTED|RAW,true,2026-01-27,7034294ad8482ff2f2c25d943fc7b7e7b572cfa0c1f1fd22f200037f380d2d71,UNKNOWN,UNKNOWN,YESBANK,UNKNOWN,BUILDING,2,REJECT
2,bf33c75266785cd0de2e9f68cb90792dddc00a0d49e15fa36a0739413519c95e,351869caf3fd82276cd55f84606b5b8a82957194ccbdf3999fb7c7241baafc28,b91f87825a376e0f5d515096ccb3111f9e03f611d9197e660201f2ce1cc64402,ADJUSTED|RAW,true,2026-05-15,0c56a0ac43a975ccf095c77c5bcb261f280af58fe48b7d21ae549168143c932d,UNKNOWN,UNKNOWN,ATLANTAA,UNKNOWN,BUILDING,2,REJECT
2,bf831e5569224551d0e0abfa155285618709cb8527cfcb99a2dd8904201ca175,351869caf3fd82276cd55f84606b5b8a82957194ccbdf3999fb7c7241baafc28,f7e1b00d03e4581d9731242b7521a0c2d002ea5c00b08566d56794086dfb42e6,ADJUSTED|RAW,true,2026-07-13,cf230800718fffe57a5f8ec1bb4b467aa7349e40c5d20d0ed1083c81224a2c87,UNKNOWN,UNKNOWN,YESBANK,UNKNOWN,BUILDING,2,REJECT
2,bfa501550bcf298d48fe97e0ac55e31e0e3232ac8b4edf1b7ddf92e0eec5aa17,351869caf3fd82276cd55f84606b5b8a82957194ccbdf3999fb7c7241baafc28,10c51e109616629dbba21213eeb461f5a612fbb35fb8cb9acf7841448b4adb20,ADJUSTED|RAW,true,2026-07-14,d12dad3a03667caf0a1639ffa10516471a7a48c24a7c3176a745a494b88fffda,UNKNOWN,UNKNOWN,NMDC,UNKNOWN,INVALID,2,REJECT
2,bfb185107b9abb926091e09ff20dc41ca69e39b6aa9c007a9e3376035a327420,351869caf3fd82276cd55f84606b5b8a82957194ccbdf3999fb7c7241baafc28,cd85ad01f1de9d26a18e027684b0432f4d8096821b55729e0e7d02cc0c53a301,ADJUSTED|RAW,true,2026-02-04,f32ff76dadb9162a4e82767510e21856b8f2cd0c0149aecf6d1ac430fadc5a20,UNKNOWN,UNKNOWN,TATAGOLD,MOMENTUM CONTINUATION,ENTRY_READY,3,REJECT
2,bfe1ed88655f7960733dacc80d51e0a61b22385f8d348fb5d77b64b74042ebca,351869caf3fd82276cd55f84606b5b8a82957194ccbdf3999fb7c7241baafc28,070172c400a913248e6e777b665c1b1af88b6decc796bd024b6622be067949db,ADJUSTED|RAW,true,2026-06-19,1dca4549511df79786e1c4c4db88f143176ac621404e68a329736e7aad4cd856,UNKNOWN,UNKNOWN,TATAGOLD,UNKNOWN,INVALID,2,REJECT
2,bfe9fa1a4ef707120fc4c89a9989ab1d5e471945981a95cab10f1081c68e2c93,351869caf3fd82276cd55f84606b5b8a82957194ccbdf3999fb7c7241baafc28,7d3608f6168a64c4801189d83a48a0173b4f14fa29835cae38da8e583a34525a,ADJUSTED|RAW,true,2026-05-06,52bb572c3c7150e24345d602c42e68ed20bacc82dc25e14625b03bd518009c09,UNKNOWN,UNKNOWN,HDFCBANK,UNKNOWN,BUILDING,2,REJECT
2,bff5382c64329307b792beb3489ab14a4e45275ffa6ae3f246a0d307202644ab,351869caf3fd82276cd55f84606b5b8a82957194ccbdf3999fb7c7241baafc28,c3a91dea63e3f42b64e45de4adebc9d3312fd641b17c5ba1f7d9702e920d5603,ADJUSTED|RAW,true,2026-02-25,bb954abe7f679a5bf5d6b37cfc1c17bf016fcdaae00a877c5e7b75cc65946aee,UNKNOWN,UNKNOWN,OLAELEC,UNKNOWN,READY_FOR_CONFIRMATION,2,REJECT
2,c0333b665e16cc8eb9536408c9a09ed754ffdd37778090f4848ef7022ca67550,351869caf3fd82276cd55f84606b5b8a82957194ccbdf3999fb7c7241baafc28,fdc67b9d4a82577799ddc30623b631c8e58eb5514a0eff7a46713b1a25fd9d3e,ADJUSTED|RAW,true,2026-04-22,c01359d17306ca9f5e872643ec4a61e120813245a1406a71c5692bb2182fcec9,UNKNOWN,UNKNOWN,GROWW,UNKNOWN,ENTRY_READY,2,REJECT
2,c043be34270529f59c000fd6969916de9fe0b4dcc48ee431ba7e614a124b5b2f,351869caf3fd82276cd55f84606b5b8a82957194ccbdf3999fb7c7241baafc28,5a00a1c7837459d24c3106f6ec51ef12b05fcf4d4920a27dd8075e8d56e06b4d,ADJUSTED|RAW,true,2026-04-29,cc1d130739122676b186cc96044269116df48025231f7331467f4f59addfc6c8,UNKNOWN,UNKNOWN,JPPOWER,UNKNOWN,READY_FOR_CONFIRMATION,2,REJECT
2,c05472b4e291702aba91903d652aa9478fc9a2e9e10937033ece2d9c1c52e125,351869caf3fd82276cd55f84606b5b8a82957194ccbdf3999fb7c7241baafc28,a99b0439af156fc2870b5215d5f94514504b922f1100091f0328fc47902d1c16,ADJUSTED|RAW,true,2026-02-10,32cd033eb2a62a707df5f2790a47ca47705fa80b498d8a1d196416a25640e0f0,UNKNOWN,UNKNOWN,FILATFASH,MOMENTUM CONTINUATION,ENTRY_READY,3,REJECT
2,c05893660c2bff4eb8dfb49e4850932ce39e54c377682c5ccdc4e70fc6e7ea4d,351869caf3fd82276cd55f84606b5b8a82957194ccbdf3999fb7c7241baafc28,dace9f19b927a612e6c9b6a1762694c3f71f72e6fd22447be52ecda5b07c01dc,ADJUSTED|RAW,true,2026-01-12,6d8530b03470991dbdf23059a3c8e1db662376632783ddb5655428e7a5d77278,UNKNOWN,UNKNOWN,GOLDBEES,UNKNOWN,ENTRY_READY,2,REJECT
2,c0a8635c37c6e3e1cf4b41bf310762745c98c03678b8445ac6cf2a2d6f790f1f,351869caf3fd82276cd55f84606b5b8a82957194ccbdf3999fb7c7241baafc28,bf835d211ac2e9f0fb1a03fc6dab01fd828725f1e803e0c3410dbce7a4783db2,ADJUSTED|RAW,true,2026-02-06,c0416432ef35ecd898301ab14829c88e84240b34dbd457a11c04f895bc6e60a6,UNKNOWN,UNKNOWN,YESBANK,UNKNOWN,INVALID,2,REJECT
2,c0bbab8dacdd97901326ba9a4a3b6eead0d2a99e7e9f1834b702a846b7565fd5,351869caf3fd82276cd55f84606b5b8a82957194ccbdf3999fb7c7241baafc28,30ef05330ab36eb14a04e86a3684ba8fe6ba3f16b5889e79dca80640a06d99d7,ADJUSTED|RAW,true,2026-04-02,253cc1e19ea34ab04bdb117317bb4729e19b123e02b50457393ddd0ee223eddb,UNKNOWN,UNKNOWN,LATENTVIEW,UNKNOWN,INVALID,2,REJECT
2,c0d2db2e1d36bb99c1710b6e06770d7055f0bdebaad588551067395f877295d8,351869caf3fd82276cd55f84606b5b8a82957194ccbdf3999fb7c7241baafc28,24e5ab0da41c001126456c6a6a804f4b2fdef176e3bc576d0401d086b85820b2,ADJUSTED|RAW,true,2026-03-09,3989209157a4b7077f6fa161cf06883fcf7c381dc3d2ea637a62231736d96c68,UNKNOWN,UNKNOWN,LIQUIDCASE,UNKNOWN,BUILDING,2,REJECT
2,c0db2e8cbf92a74dab81c7c379452f5d3b6fefd151159f1c90cde0d9e6dc8ee2,351869caf3fd82276cd55f84606b5b8a82957194ccbdf3999fb7c7241baafc28,3d572971498c4fb217aaf5d0f072ba90ccc1034da70673eddbadcf2b23f289a7,ADJUSTED|RAW,true,2026-02-11,82917cad393d459fafb4793ed03bb9a8ace809c808e69282680139a3e1cca642,UNKNOWN,UNKNOWN,SILVERBEES,UNKNOWN,READY_FOR_CONFIRMATION,2,REJECT
2,c0e3d551f3c0b3a5f8c8876e15004f0013cdb95387cc21c3d7cd05eb1c8808cd,351869caf3fd82276cd55f84606b5b8a82957194ccbdf3999fb7c7241baafc28,535a50b2cfef9fca3d0788be4bee5ee44caabe2d6ebb088266525cea47049c0f,ADJUSTED|RAW,true,2026-06-23,d8bd10474ce9cc621d976b53ee43699192c1ddb84c12f97ce646cf94fee19342,UNKNOWN,UNKNOWN,TATSILV,UNKNOWN,INVALID,2,REJECT
2,c10c7f961e768b288571bd059c42352197283ca00ef0f897911b6d4483b442ce,351869caf3fd82276cd55f84606b5b8a82957194ccbdf3999fb7c7241baafc28,d25a4926012e560b691970d8b0fe30a3ce562d292e7b72f14d8b2c9e71c5bf92,ADJUSTED|RAW,true,2026-03-04,7fa0e05b013af9aeed399b7d432e39f42d5b00d0de82a30583c218113031695f,UNKNOWN,UNKNOWN,TEJASNET,UNKNOWN,READY_FOR_CONFIRMATION,2,REJECT
2,c1515ec36fe7f9c3f93b818bfd6a74c36c752a0a8de6f07184011f24fd73cdbe,351869caf3fd82276cd55f84606b5b8a82957194ccbdf3999fb7c7241baafc28,134d5df9497996cebfa906d46af23a60b178dbd867a1fdd2dd48777170d5a09e,ADJUSTED|RAW,true,2026-05-11,8c6999cd2a42f150c136a16c5271827a478d63a6b99b0eff70f27e00cb42facf,UNKNOWN,UNKNOWN,GOLDBEES,UNKNOWN,INVALID,2,REJECT
2,c162d5dbcc0b4d73168f6c20c8c835d65bb7500ce201476b638708328063b10e,351869caf3fd82276cd55f84606b5b8a82957194ccbdf3999fb7c7241baafc28,0cc710963dfd28ab57a728cf022b865b70363254aef5ea2975a1909baada972e,ADJUSTED|RAW,true,2026-06-22,9db67015530ae03b36733403ef403cfa6be91c009cfcd233390d1f8dbfbab9ad,UNKNOWN,UNKNOWN,TATAGOLD,UNKNOWN,READY_FOR_CONFIRMATION,2,REJECT
2,c16f8438d0d355369a2fe0d3acadd4d76a3d44bd3d2ed5f3d34b71361ca2104b,351869caf3fd82276cd55f84606b5b8a82957194ccbdf3999fb7c7241baafc28,3262a7535259d3350621263e604348c61f05989f55d0808d24020de5e25fe0e7,ADJUSTED|RAW,true,2026-07-08,acadaa26d35ca4fdb50cdc74a6a45ce04c759a51422ac0f1fc2021782887ac0d,UNKNOWN,UNKNOWN,SHAREINDIA,UNKNOWN,BUILDING,2,REJECT
2,c17e8426d3df5232e3213a18794dfbbff546f7e353edd4c72699a6c355c92b9b,351869caf3fd82276cd55f84606b5b8a82957194ccbdf3999fb7c7241baafc28,c1d1d0c54063b8fc431a4af8bd158d0fb78f5184910aa22ccd870ed405d29608,ADJUSTED|RAW,true,2026-04-17,a62a10ea8ec516f874a77e2328824723be2265c6624fee5b2afcc4c1acb5109c,UNKNOWN,UNKNOWN,LIQUIDCASE,UNKNOWN,BUILDING,2,REJECT
2,c1813c6eb8443b16d7ac950c9f28ef00aabd61ea79ff3242ee3b45cff9846e52,351869caf3fd82276cd55f84606b5b8a82957194ccbdf3999fb7c7241baafc28,0982a5b97b05d916eff88c6b19052d2728847eea7173105d59360d4e8176fb12,ADJUSTED|RAW,true,2026-07-16,b4d2cf77d8f085c9103ce12ec316b4c7ed3f644caf0310c067a9b21091ad5d03,UNKNOWN,UNKNOWN,MOTHERSON,UNKNOWN,BUILDING,2,REJECT
2,c19c686cf737d165d88ae4ed441b63609e63ffc43e7a5292014ecc9ff42ba83a,351869caf3fd82276cd55f84606b5b8a82957194ccbdf3999fb7c7241baafc28,148e0029f0612cbed7296cd2e2a590cc86bd6daa8503936e49cc38436d58a641,ADJUSTED|RAW,true,2026-01-30,4cccbe4ed968b7850b606b19e814882f235a32e7b63ae203eb313270ba15f0b1,UNKNOWN,UNKNOWN,GOLDBEES,UNKNOWN,READY_FOR_CONFIRMATION,2,REJECT
2,c1a6d842710c22e1ab8c69e2cef64d4e0d945a50551295b716110b6133ad4937,351869caf3fd82276cd55f84606b5b8a82957194ccbdf3999fb7c7241baafc28,bfeb35b13cfbf7fb9fabbdff7b40b8fa35e8028e94b63570a3b76090f4c9cbf9,ADJUSTED|RAW,true,2026-02-16,cb107b780d874147998bd40420475dd86cd55f0fa13fcf06d4908c1fe96b4e27,UNKNOWN,UNKNOWN,SILVERBEES,UNKNOWN,READY_FOR_CONFIRMATION,2,REJECT
2,c1d2e69a47a4ceb102bdec24e3252f10b6b52031d8842cdda26a437fcba020ee,351869caf3fd82276cd55f84606b5b8a82957194ccbdf3999fb7c7241baafc28,22a168a5822526aa87ed8f8dcf741ba7d7b07e580ae22b3d92e900e92f76dcde,ADJUSTED|RAW,true,2026-03-12,1f2d1313e31f1dd4d823e0288e65d77e0a8a8871c9ee7eee40f26241c58d88f5,UNKNOWN,UNKNOWN,HDFCBANK,UNKNOWN,READY_FOR_CONFIRMATION,2,REJECT
2,c22e615a04a609b77abde951c9b21ed578f7fca449787783bb73578e81b2d9f0,351869caf3fd82276cd55f84606b5b8a82957194ccbdf3999fb7c7241baafc28,74bd0a429957a3e6901c8d7be48a74239a1397c5a82d26be202e8803218021b4,ADJUSTED|RAW,true,2026-05-04,7a8ec938337d227a133699fe7afdb1b9dae73aa33c4af31e580e451ef9043417,UNKNOWN,UNKNOWN,LIQUIDCASE,UNKNOWN,BUILDING,2,REJECT
2,c2a6b48339bdbfe2253587291928763cbb35e8b474e6eea3826d2ffefa62cc8d,351869caf3fd82276cd55f84606b5b8a82957194ccbdf3999fb7c7241baafc28,3787f3882bf9979c05f3538f6267e8a3a2e573b6d79b9e7fa84f9b29a57f46e0,ADJUSTED|RAW,true,2026-06-29,e4f9bed23c0bb687ceb5a1e494115959b35d56a565cee140f29c7fb119139264,UNKNOWN,UNKNOWN,NTPC,UNKNOWN,INVALID,2,REJECT
2,c2f17be9369b92de872d430dd6b0dfdb09bd0914d704c09e9b7d615014a86947,351869caf3fd82276cd55f84606b5b8a82957194ccbdf3999fb7c7241baafc28,b9607ed3a08fc09688f0c4a0578ad38da881c39c329070762fa246f64d7a49bf,ADJUSTED|RAW,true,2026-01-30,8d7949fe5da6cfa5edff0ec5fe09acd7d52cf35d4fac8647c25c49f71c0cf8e9,UNKNOWN,UNKNOWN,GROWW,UNKNOWN,BUILDING,2,REJECT
2,c30c068053c6df856a09f6c34a199c8433ca21d4bd3cefe7716702d66f08b9a9,351869caf3fd82276cd55f84606b5b8a82957194ccbdf3999fb7c7241baafc28,f7e8e4623f191b4c4a818a5a995a095ced2df8dfa3614c3b8522d97c934c7429,ADJUSTED|RAW,true,2026-04-20,cda8f9e8ae3ac5617843f9b54a20e7bbab5cdcf1338e8edf41924420b31eb763,UNKNOWN,UNKNOWN,GOLDBEES,UNKNOWN,BUILDING,2,REJECT
2,c33a57fd38ad2029113b8a6604bba537e2c6d0893fe2d92f29bb1bf3d0e440d8,351869caf3fd82276cd55f84606b5b8a82957194ccbdf3999fb7c7241baafc28,c899cdd9ffe6120dd528a62541b5d49bee349755bfbdf5f54150bbf9402d62c2,ADJUSTED|RAW,true,2026-07-10,73ecce2fec12eb08b46453326525168a68ff1712c2f89b78af1807c1955d988a,UNKNOWN,UNKNOWN,SAGILITY,UNKNOWN,BUILDING,2,REJECT
2,c363e8594680c9e2e70b7add44dda872332805fa04da3d2fb20bed51604ff76b,351869caf3fd82276cd55f84606b5b8a82957194ccbdf3999fb7c7241baafc28,1e6fc0aa83163b4bae27afb3275dd5b350865929a6f3bcc9232f4ceecd8a4939,ADJUSTED|RAW,true,2026-04-07,12bb5ebd529e5dfd059506c055027f0a3c2ce1beb57adddf52b5af4022facfa3,UNKNOWN,UNKNOWN,TATSILV,UNKNOWN,READY_FOR_CONFIRMATION,2,REJECT
2,c3b35be8ccdf7a82c4db0ca499a4341dc177538931b8f5854d3ccf46deb2b5f7,351869caf3fd82276cd55f84606b5b8a82957194ccbdf3999fb7c7241baafc28,9b58e79391f2622de4db3be6bb03fc208c5fb74125ce18c7bee63690a5ccf250,ADJUSTED|RAW,true,2026-01-20,9cd6705f371a805ff09001d8698062a144f463b2191be618aa38293124368f33,UNKNOWN,UNKNOWN,PCJEWELLER,UNKNOWN,BUILDING,2,REJECT
2,c3e8b3dce540e21ca4035b9bd5c79c112d0c1b9be41ec0d8b5e3667fd133660d,351869caf3fd82276cd55f84606b5b8a82957194ccbdf3999fb7c7241baafc28,4dbe22d597aa519e85c7ef4d6ac066378fc793695aa38b02a63d689d0dcb5492,ADJUSTED|RAW,true,2026-06-17,a481bae7412589c8c0c589e9319577f953fbe7b0c8596e6c96b1e2e71a91c9f3,UNKNOWN,UNKNOWN,UCOBANK,UNKNOWN,READY_FOR_CONFIRMATION,2,REJECT
2,c3f0537c31241168acf4a51019e276add672ef4f76888f288e8cf6f046af77c4,351869caf3fd82276cd55f84606b5b8a82957194ccbdf3999fb7c7241baafc28,f39e7b44805b9cfb03e24bdd387fa5a59f5c9cfeb9146e077b59c68885e8914a,ADJUSTED|RAW,true,2026-01-27,3e5d39bc6e2011e2a9ad4ce9650f79e50878020c7f4f75788f0c00c99b721c2a,UNKNOWN,UNKNOWN,NILASPACES,UNKNOWN,INVALID,2,REJECT
2,c42e7b853357fc5847abb25df998ca326ce1cb08dc5eeeb7c73e2c8043fa264b,351869caf3fd82276cd55f84606b5b8a82957194ccbdf3999fb7c7241baafc28,8edc582fc630c5ed127df873f2d219e42b60f97e09df51841b597ebcc5743d16,ADJUSTED|RAW,true,2026-05-07,987bb6f635214a3751bd53733ec8623915c08dbef8fbf47cd5bd3a9448ceda37,UNKNOWN,UNKNOWN,GTLINFRA,MOMENTUM CONTINUATION,ENTRY_READY,3,REJECT
2,c448ea7f01ea8a4454369d69d8c77f6c8214cea5d03a517c2b7d53130b04432a,351869caf3fd82276cd55f84606b5b8a82957194ccbdf3999fb7c7241baafc28,afcdcacaa6cb9559ad10c5a745ac1c4336368fd8b183629d41802070b6595a0f,ADJUSTED|RAW,true,2026-02-26,8ee38766b67d6052222e436690c1f625c97df26b09296a2ce70dba5ae5fc677e,UNKNOWN,UNKNOWN,RGL,MOMENTUM CONTINUATION,ENTRY_READY,3,REJECT
2,c44a76ec36067a35a7b40a5af9fa4a7cf2e7b9d3d3e1b0f8738d508de195177f,351869caf3fd82276cd55f84606b5b8a82957194ccbdf3999fb7c7241baafc28,113ca0283587b8cd6e8b9083923dc1a59ecf854dddcb9ffec7e1f04342504c47,ADJUSTED|RAW,true,2026-04-01,fe564d56cc433007af588aa87833b5782fa509a9221f214a74e25cbee50c70f8,UNKNOWN,UNKNOWN,SILVERBEES,UNKNOWN,BUILDING,2,REJECT
2,c484cadebd7dce8a6fc58dadd19d36d88f28130b95100971cd59c9af3ecd01c2,351869caf3fd82276cd55f84606b5b8a82957194ccbdf3999fb7c7241baafc28,eb50ed704d226421ef76f19d70ae4f6dfdd5ff4198723d809e90bf90ab229c80,ADJUSTED|RAW,true,2026-03-05,80a7bb759574c73eabe0ead71282579cb43b04bb10bdf5aac8929b99decffff6,UNKNOWN,UNKNOWN,FILATFASH,UNKNOWN,INVALID,2,REJECT
2,c4ba7f9eb446c93bff6a357437119251b959e090d42e817d01dc626ef8856188,351869caf3fd82276cd55f84606b5b8a82957194ccbdf3999fb7c7241baafc28,2a0dea9ec42ad229bd27b2676e867e1dce1636cef173017a8b10a9866f72fdc6,ADJUSTED|RAW,true,2026-03-25,1aae3f8729630075455e62b13b2f38b463823a5c69bfabd04dffc50ab081015f,UNKNOWN,UNKNOWN,TATSILV,UNKNOWN,READY_FOR_CONFIRMATION,2,REJECT
2,c4cd1b7b003a8184f9e5b7e48d390adffdaf40778a0006b0d37211f90bd82555,351869caf3fd82276cd55f84606b5b8a82957194ccbdf3999fb7c7241baafc28,a8f58758e3f154de5735ba7468b83a5154e53253df485b1efb0b25d5eefefc24,ADJUSTED|RAW,true,2026-06-18,ae1a5fd1a006e8feadc25d3209b9653ce52ffd1097a8393e54485d20c37af9b2,UNKNOWN,UNKNOWN,HDFCBANK,UNKNOWN,BUILDING,2,REJECT
2,c4ee0a8b740d31c9ea8a14efd27c6b97d86bd59b255f54d3cdf6bdfe53a33c32,351869caf3fd82276cd55f84606b5b8a82957194ccbdf3999fb7c7241baafc28,a29c3a72c0f69f364e15a58103be01b757b010e967d3615f3280c977197c99d4,ADJUSTED|RAW,true,2026-02-12,ff7c598177853ac05f2fc7f71d6a342a523724c57444ede21db42e1c7e830c25,UNKNOWN,UNKNOWN,SJVN,UNKNOWN,READY_FOR_CONFIRMATION,2,REJECT
2,c5045529eff8d6d5dc5d10b378804715cdc925796a3cfc15a4546041ee14d1a0,351869caf3fd82276cd55f84606b5b8a82957194ccbdf3999fb7c7241baafc28,c54f4e25395bf0bc4eb6c4daa1c3d7ed736d25fbc0aa6e0b0e9dbc2ac5b96033,ADJUSTED|RAW,true,2026-02-13,1624247978f362ecc17318b2106dafc2881f31e0ee5bcbf3380a02b393b97ccb,UNKNOWN,UNKNOWN,TATSILV,UNKNOWN,READY_FOR_CONFIRMATION,2,REJECT
2,c59035931bb7ea66d3f3638a0a0bdc4ef8c61e712a211b8bc8b4de5c8d91a3fa,351869caf3fd82276cd55f84606b5b8a82957194ccbdf3999fb7c7241baafc28,9a6fad3613a20b0962a0a25271ecd2f9625ca16d951bcb69bae75e602ee62114,ADJUSTED|RAW,true,2026-01-20,e97d7302f68a21510dedf645666aa5795ea7868e474d35560e50b118fc361ada,UNKNOWN,UNKNOWN,SILVERCASE,UNKNOWN,BUILDING,2,REJECT
2,c5b69277b5c55866d0aed7fd919f1265f5bf5cf90f80a5c0f9d3b23fd1dc6693,351869caf3fd82276cd55f84606b5b8a82957194ccbdf3999fb7c7241baafc28,e9e4be2cdb05463a38a8ebaae50b67d2245d78540eb7ed2d330527f9e7e89c2d,ADJUSTED|RAW,true,2026-06-11,317240fe614a73fdaa92f6b4fad8adf9f009e34f93a5a6b5f7b91be7367db718,UNKNOWN,UNKNOWN,HDFCBANK,UNKNOWN,INVALID,2,REJECT
2,c627cbb4ec2c764885a80a6f0f1d3a6163c01f9c147b5c0267182bc356138542,351869caf3fd82276cd55f84606b5b8a82957194ccbdf3999fb7c7241baafc28,f39d8b888d3098d335dd1a638d3daefe66442312569b18ab868dd7c59b299960,ADJUSTED|RAW,true,2026-02-17,4dfc2a94c9fe57339141a875b5085126b783e1d58b28301793871a6a850e5a9f,UNKNOWN,UNKNOWN,MANGLMCEM,UNKNOWN,BUILDING,2,REJECT
2,c63404f6bbf4c3c29594ee7f391151a18902b970e0a1ee8930b6bd20871afa10,351869caf3fd82276cd55f84606b5b8a82957194ccbdf3999fb7c7241baafc28,c4d7fe9277b1288d071ca7a0a80a341d44ac86368852976fcf9ef7bc611127c6,ADJUSTED|RAW,true,2026-04-27,a087942920bbda1b319ee0e2f4c1542c6262ac41f2588d539a4599a75d254c1a,UNKNOWN,UNKNOWN,TATAGOLD,UNKNOWN,READY_FOR_CONFIRMATION,2,REJECT
2,c63c9fd63a07de63a6ea0a59932c86c8a9ed00e331f1f865f62cbd210f534325,351869caf3fd82276cd55f84606b5b8a82957194ccbdf3999fb7c7241baafc28,42b8a86e0c388332d653e0972cfe5dbabfa975374d2276a7a335fac3ddf7ce8f,ADJUSTED|RAW,true,2026-05-21,fda0c88befa39aa0df8cd939298f3332ab3095e80c1ba5e80509b38f9514d82f,UNKNOWN,UNKNOWN,JSWCEMENT,UNKNOWN,BUILDING,2,REJECT
2,c67303e9abb927c194f17fa45b76eb7ba14ce29bfa2abaea8dbdb588cbc7c708,351869caf3fd82276cd55f84606b5b8a82957194ccbdf3999fb7c7241baafc28,4535de01c6d7d7f9305c0dcac222efcf3d4b90f148067e85f291f68e4c636ac9,ADJUSTED|RAW,true,2026-01-16,4d2fda71160b45f680cb1a1d71a689f8ba5ff486383b119b3fcb4006c2f17697,UNKNOWN,UNKNOWN,GROWW,UNKNOWN,READY_FOR_CONFIRMATION,2,REJECT
2,c69080d6aea415ba642ab633cb97c9ca6ecedbca05bd09de1452339d20413389,351869caf3fd82276cd55f84606b5b8a82957194ccbdf3999fb7c7241baafc28,cc7e2642242038a0bafe64326221b3a716a1faf08f6c0511ccaa1fd80920ce7c,ADJUSTED|RAW,true,2026-01-06,38b67e5909034c43c84513b66f13bf34143e1dd01e229a36429e42b90d82f91a,UNKNOWN,UNKNOWN,TATSILV,UNKNOWN,READY_FOR_CONFIRMATION,2,REJECT
2,c6965f96e05cda2248064dff92d07ad0ec23161f596bfe9040849d06c01367fa,351869caf3fd82276cd55f84606b5b8a82957194ccbdf3999fb7c7241baafc28,ba3137bb939335c5d1e942606c21631cee5ca971ffed45ec744bbcec948295cb,ADJUSTED|RAW,true,2026-04-07,a9f34caae04d33a16381b21228a46930ecbe67f28c25df38b6e970df13e0e2ee,UNKNOWN,UNKNOWN,YESBANK,UNKNOWN,READY_FOR_CONFIRMATION,2,REJECT
2,c699186986dd393d91581da0f5fab6f3898a090c6f83cbab9d078fb69bcc4feb,351869caf3fd82276cd55f84606b5b8a82957194ccbdf3999fb7c7241baafc28,a675dfe7a1d5e281c0c005d17f00af6e399e7e192b148f8b955ee7eeb19c8a3d,ADJUSTED|RAW,true,2026-01-27,15622dff26603bc8935bd70b15f08d34d0ebfd8b227fc9f1030d2d93a9b8dd44,UNKNOWN,UNKNOWN,TATAGOLD,UNKNOWN,READY_FOR_CONFIRMATION,2,REJECT
2,c6b155dc58b6322b48c2c2dcb26e1287d9fd623dfdffa0cf0e3288f0953cdd06,351869caf3fd82276cd55f84606b5b8a82957194ccbdf3999fb7c7241baafc28,f93b5c58fe6b6c260f7d9799b6ecaafabb9972dc7e4cb9dd4c8d2890973b2577,ADJUSTED|RAW,true,2026-07-14,b2ca00a82df31cbf67919be81729bcfc2ae98e43fd05b7bd2218793bf74fdafd,UNKNOWN,UNKNOWN,IDBI,UNKNOWN,BUILDING,2,REJECT
2,c6ce82944c191bfe5de8e79a95415f0defbed2bf02a9645085ff1be66fdab763,351869caf3fd82276cd55f84606b5b8a82957194ccbdf3999fb7c7241baafc28,0bf30c02774695dd189cf68cf97a4775b06107e5af16e78fb72e05dd37154bd0,ADJUSTED|RAW,true,2026-02-12,574ee039040d525d34403cd066e4d62d3ce84beaa46cbe9d51db56f5debd71b5,UNKNOWN,UNKNOWN,SILVERBEES,UNKNOWN,READY_FOR_CONFIRMATION,2,REJECT
2,c6dc5b955a4c1438ec7151e7a7bedf34f21cd56143ddff54dab2352d305cd590,351869caf3fd82276cd55f84606b5b8a82957194ccbdf3999fb7c7241baafc28,200cadbe60cfd3e40f235f1cdab8af3bb9d8adc47a4a745e9ccda33f223cfcb9,ADJUSTED|RAW,true,2026-02-04,53187a3454b7e40ae35aca4aa3888a4da89ce6407afae694b4a2c2eef0e23b23,UNKNOWN,UNKNOWN,ADANIPOWER,UNKNOWN,BUILDING,2,REJECT
2,c6f9b3c0adfeba4f1d7482fb50ef00affbcd6c37dfd385123539c0a302339fbb,351869caf3fd82276cd55f84606b5b8a82957194ccbdf3999fb7c7241baafc28,5948efd66bc04eeff9255fcaa78c8a687ad2f53d2408499d997855afe3db2799,ADJUSTED|RAW,true,2026-06-03,c644018339bb998ebd4ccd4436a98a8549c8c74093bd5ace54828b79549767db,UNKNOWN,UNKNOWN,NHPC,UNKNOWN,INVALID,2,REJECT
2,c706434fd038b9d30466bc3f47beeee994bdff5289831ba6485ddbe9598b5e45,351869caf3fd82276cd55f84606b5b8a82957194ccbdf3999fb7c7241baafc28,27f5483374b00b098c634da59ad450095a2632fb78a7c448718fcdab4d6c8ccc,ADJUSTED|RAW,true,2026-03-13,a8f69339d2840c21676c6c6bd07e45a611d03bc021614c3e5b869ef6c5f3c30a,UNKNOWN,UNKNOWN,IFCI,UNKNOWN,INVALID,2,REJECT
2,c72f28729a9b846490c6ddba88658d167cba35fab35cddbcdb6377899b815d64,351869caf3fd82276cd55f84606b5b8a82957194ccbdf3999fb7c7241baafc28,28de58ab4a8ea822d09fb6963f82b86f56b99e3fc96d5ceee370f76f8f64b822,ADJUSTED|RAW,true,2026-04-30,315ebdfc39b9e1029bd871082339289fd0dab692e38467b574d800742c4575c7,UNKNOWN,UNKNOWN,GOLDBEES,UNKNOWN,BUILDING,2,REJECT
2,c76aff7df5b11dcb9ce491116c8e878cbbb41bb75b463421607558e88acabadd,351869caf3fd82276cd55f84606b5b8a82957194ccbdf3999fb7c7241baafc28,3cce48d5673a7f1e62bf5182e05a33fc6555d6cd4a6cc6ff518cf1d8f0dc88c8,ADJUSTED|RAW,true,2026-03-17,0103502da0f0558db679725651d431a5d6eb8bede373d67e1ba4eaf71dbba9f2,UNKNOWN,UNKNOWN,TATAGOLD,UNKNOWN,READY_FOR_CONFIRMATION,2,REJECT
2,c7d94dfac13c7fbd29c62c33d76e881d8efa20a149ac61a5aab31ac94cb64079,351869caf3fd82276cd55f84606b5b8a82957194ccbdf3999fb7c7241baafc28,ff25f30d89cfbe03d6add50a74e1e147ad0aa153b6bbf9920e92df8ef0392ed3,ADJUSTED|RAW,true,2026-03-19,c7c2f1bd1e2033fe5cfc10bb6537ca602883525af110d14ea2fad4273d09c455,UNKNOWN,UNKNOWN,JPPOWER,MOMENTUM CONTINUATION,ENTRY_READY,3,REJECT
2,c833badf8b4969d5e22d47952bfe8ccaa8ba46a4508d8eb1e427822071b17350,351869caf3fd82276cd55f84606b5b8a82957194ccbdf3999fb7c7241baafc28,c1807c4c801bd99a720cda70c9733a8b5d6f930d343d82a29d725ef65e1176ba,ADJUSTED|RAW,true,2026-05-18,c42c7760f16fdbb9f086b86308dba962940875829e7f97fbc464f4e60ed4479b,UNKNOWN,UNKNOWN,JPPOWER,UNKNOWN,READY_FOR_CONFIRMATION,2,REJECT
2,c838577656c5e283f01b172550138d344ea5b54b60b9eee86b62b40c09214631,351869caf3fd82276cd55f84606b5b8a82957194ccbdf3999fb7c7241baafc28,9ffb6507a460287b08d30413f000d0e438ed1f07a3cd666dba6ffaed552e63dd,ADJUSTED|RAW,true,2026-05-15,0394cbf3d77dbe5b0033c65d978f12015f444d985ce929c27cfde7315316d7d8,UNKNOWN,UNKNOWN,YESBANK,UNKNOWN,BUILDING,2,REJECT
2,c88aed1d847c4f5f377ffc0608ed1d52366918a5781ac0072cb4a42fc2781af6,351869caf3fd82276cd55f84606b5b8a82957194ccbdf3999fb7c7241baafc28,ab1f330cfb15320e14e45953bc26e65528c20f9d395049ac55cb048a1895a702,ADJUSTED|RAW,true,2026-07-08,eb3d63362c42686529bd5beb716de597cb4ae8fd13df58aa5b8dc8ee8bab7e3b,UNKNOWN,UNKNOWN,PCJEWELLER,UNKNOWN,READY_FOR_CONFIRMATION,2,REJECT
2,c8b03067bc5b547b4e687b48d6c6e9c665be546a8301494ef8f0f4aa20a45d60,351869caf3fd82276cd55f84606b5b8a82957194ccbdf3999fb7c7241baafc28,0b5cd99cc21eb03e239b7d173091b6e4fc649f742567d0595b46f438472d5fb6,ADJUSTED|RAW,true,2026-03-24,463cde4989312dfdd4ea2dd0e325399e7650bb5f79eb94ae02644bf97b3df617,UNKNOWN,UNKNOWN,YESBANK,UNKNOWN,INVALID,2,REJECT
2,c8bfe53fe3008e5c0308d8f4d90d21c023dfc596a0bbe30f1279d4fc8fed136e,351869caf3fd82276cd55f84606b5b8a82957194ccbdf3999fb7c7241baafc28,602f8286df94c07bce0b88623fc1af62fee4f8007432de7f46f70102f2355f60,ADJUSTED|RAW,true,2026-02-04,593496d656b36185dbefff841b9881676ba5a9d79246bd8840b3e1b0b112e898,UNKNOWN,UNKNOWN,GOLDBEES,UNKNOWN,READY_FOR_CONFIRMATION,2,REJECT
2,c8db70696836036100520747589f5f0e8b4168a5280a40743106f79a17b842a4,351869caf3fd82276cd55f84606b5b8a82957194ccbdf3999fb7c7241baafc28,ad279d1e1d144a76a3e96ffd303c7d6ccef76ce71bc32ca71c04e684741da494,ADJUSTED|RAW,true,2026-06-18,4383c7d5adc0936c3ab10b43f766e611f67c932d54cb54e2e90cbf579056d3ef,UNKNOWN,UNKNOWN,IFCI,UNKNOWN,READY_FOR_CONFIRMATION,2,REJECT
2,c9b2e5ae8a8f7c067f57dfb7c58d111edbc4bddc33fc27e7aeeefdb57142a300,351869caf3fd82276cd55f84606b5b8a82957194ccbdf3999fb7c7241baafc28,f572b0b95c28489da99dbf931deed41452e5dbd2447de37dd173eb45bff2208e,ADJUSTED|RAW,true,2026-01-19,d29ea99f78e8f6cb3bc742dbcd193d86fcd26c67db3b98f4c82d58f6f4f663cc,UNKNOWN,UNKNOWN,TATAGOLD,UNKNOWN,READY_FOR_CONFIRMATION,2,REJECT
2,c9d1e7103e46e5d82364855fd075a38f493556baba627e8f78d0a39a85359008,351869caf3fd82276cd55f84606b5b8a82957194ccbdf3999fb7c7241baafc28,987a8698a01c76b0f458efbc98ab473e1e6b81184da63e33875703c671d594e1,ADJUSTED|RAW,true,2026-03-18,8f37a4ffd4d0a7dd270de6c0cce5513c7a45c25e9645f2f038132469842d59d4,UNKNOWN,UNKNOWN,SILVERBEES,UNKNOWN,BUILDING,2,REJECT
2,ca24da4dae3daa3210ff2968fe7a90d9c978f9f295f34e4b06f87349e1ab0639,351869caf3fd82276cd55f84606b5b8a82957194ccbdf3999fb7c7241baafc28,2e875df9dca212c04a1c875aa917ae2ab95f6935fe8705237d63a20f46ef8a6f,ADJUSTED|RAW,true,2026-03-02,6b39627e4197883e8e77ebc791287e3dc2aa5cac9823d50aa4633f8631e6bce0,UNKNOWN,UNKNOWN,SILVERBEES,MOMENTUM CONTINUATION,ENTRY_READY,3,REJECT
2,ca36c1ce0c873bd80d276b6913148be45ec86fb11abb65219a4ca25e0a41c917,351869caf3fd82276cd55f84606b5b8a82957194ccbdf3999fb7c7241baafc28,e689ab35feda2aedf4fa7a0df8ee3577aca1942833ac72e8ca21af6aedae6fc7,ADJUSTED|RAW,true,2026-01-14,c0a3ee796280a9d30b4f82aacc5c25a8232c406fa715e23debd7774b662799a7,UNKNOWN,UNKNOWN,ETERNAL,UNKNOWN,BUILDING,2,REJECT
2,ca4cf5e499535367a84cc409a577a91a7b2216009c7220d10c569e478bebee0c,351869caf3fd82276cd55f84606b5b8a82957194ccbdf3999fb7c7241baafc28,11c1fbd31fb77c1d76f51ba8d808506860d73ff042eec1221323194148d8e282,ADJUSTED|RAW,true,2026-05-27,0e97df3339b573e6366da5d1d00f15f2818ae6433bf7efaf974028488a2ff9b7,UNKNOWN,UNKNOWN,JPPOWER,MOMENTUM CONTINUATION,ENTRY_READY,3,REJECT
2,cab9a7d37504299760d7749f00c3f2713ac75b2da7bdf0dbb6cc78db358216cc,351869caf3fd82276cd55f84606b5b8a82957194ccbdf3999fb7c7241baafc28,ae745ee7417ab2aad20a3ebfc622fdb774da0fd3b88a1f3e946b16f7e4edab3e,ADJUSTED|RAW,true,2026-04-29,34d21c57adedeb682bd0e5cd2e8476d3ad77148b230ff7971523c1d0dacd6479,UNKNOWN,UNKNOWN,OLAELEC,UNKNOWN,READY_FOR_CONFIRMATION,2,REJECT
2,cb15aeaa97f741dee5b6d047bd13c5f8f4cf34fbac4346223dae35b6c82d3597,351869caf3fd82276cd55f84606b5b8a82957194ccbdf3999fb7c7241baafc28,9831544145fd971ee2704240b2e1de762c5867fbcce1ebf718008edb32e49b02,ADJUSTED|RAW,true,2026-01-28,fb07a76ecc1541a28b91b88f5181a26a376d1f11496cabdb4661bbf40817f564,UNKNOWN,UNKNOWN,BEL,UNKNOWN,BUILDING,2,REJECT
2,cb31f97b7cb70dcffaf348306e44e6755c66a2d40ea30175a51ba0620ae55106,351869caf3fd82276cd55f84606b5b8a82957194ccbdf3999fb7c7241baafc28,ea6aa4cee58582453d294144e6e71b4b3d4b8cc95d7550e954bb6adb8ee099bb,ADJUSTED|RAW,true,2026-07-20,6db76cbf56fef383714c1911af8f49d6d50d76d9cdd13b2d0b8e5a87b50c1adc,UNKNOWN,UNKNOWN,TATSILV,UNKNOWN,INVALID,2,REJECT
2,cb38a1c0a1a3b5404a4f693916d0054636090d813f105c849b12452fb193ac86,351869caf3fd82276cd55f84606b5b8a82957194ccbdf3999fb7c7241baafc28,f9cfef5f1736c7bacddd3924f6fe6f9743dc9ee2dd89ee18a35c19eeb951ff32,ADJUSTED|RAW,true,2026-07-03,6370725fb3fe5394beb5beb7ff42d92e44d645c47f1fde3aa66242b3dad48df3,UNKNOWN,UNKNOWN,SUMICHEM,UNKNOWN,BUILDING,2,REJECT
2,cb530c646bd1527eb4073f3dcb9f34003e2ff6c02e15851e4bf268e8c05e0f8f,351869caf3fd82276cd55f84606b5b8a82957194ccbdf3999fb7c7241baafc28,9fb970ea632e81b8f1f492d2dfb1ead06fdac698364727320fb248eb6813503f,ADJUSTED|RAW,true,2026-01-30,d38ca4a671f11ce70fbf1b0536ee9aee624abf67f4414a7d1ca9e907b6a51d44,UNKNOWN,UNKNOWN,TATAGOLD,UNKNOWN,READY_FOR_CONFIRMATION,2,REJECT
2,cb9ea623e1a95ffda2858fed42e07c13684c142903c640a0560fa0838da4cf31,351869caf3fd82276cd55f84606b5b8a82957194ccbdf3999fb7c7241baafc28,4a28e4f1d80bd644afcc34f8cb973f595facba2d75ed3f9681e8afd45b901692,ADJUSTED|RAW,true,2026-06-10,e54efb4c8758eabd20f7264e8dd20783750cca7899cd578f5cdff2daf18f9b8b,UNKNOWN,UNKNOWN,TATAGOLD,UNKNOWN,INVALID,2,REJECT
2,cc08b9ca19a0d688b4878bb8df76d5ec600d2d87a566c19064802a36f0130194,351869caf3fd82276cd55f84606b5b8a82957194ccbdf3999fb7c7241baafc28,b6f9f35f114a8825e9cf8df92af7e361417887f795595d20c52470e6ca2e7ad2,ADJUSTED|RAW,true,2026-03-12,fbf7049827363180bbae98b93ec4ad8d5261f88146eca3260d33f0ee59a1fa0c,UNKNOWN,UNKNOWN,NTPCGREEN,MOMENTUM CONTINUATION,ENTRY_READY,3,REJECT
2,cc0b5c1f735becf6de2563893b41cdff06bcb7fd7abff894089860e12a958a21,351869caf3fd82276cd55f84606b5b8a82957194ccbdf3999fb7c7241baafc28,a6b125fc5ba2c0bcf2b07e7384ef1ba36e04d66fb1107a24e438137523e5a350,ADJUSTED|RAW,true,2026-02-13,436791aa31f1e9deb7e0f2a5356a6585b0a1ad0b4ae8aaac8112ea433c762cc0,UNKNOWN,UNKNOWN,GTLINFRA,UNKNOWN,READY_FOR_CONFIRMATION,2,REJECT
2,cc298cbcc4891077d2cdcd44b1246a3886db24dc6b79bc3331645978dae3d3f2,351869caf3fd82276cd55f84606b5b8a82957194ccbdf3999fb7c7241baafc28,c4277695e49d3e1eb00794a58efe8418d08662346c43234623c8eed232416328,ADJUSTED|RAW,true,2026-04-24,02d0f8460ef5c569557e709936577023b872913b6e22c7e988843ceb3d24bb69,UNKNOWN,UNKNOWN,TATSILV,UNKNOWN,READY_FOR_CONFIRMATION,2,REJECT
2,cc4c661c6b6e0b007e01628a642ebadcaf8e4905370eca907d42a1a71e71af83,351869caf3fd82276cd55f84606b5b8a82957194ccbdf3999fb7c7241baafc28,3f109237e28045ec152ff761f6213561ed8b186e5e28e11b581ffd7d07185583,ADJUSTED|RAW,true,2026-02-18,a7e8c321c611d33e2831b0302b26c0e07a30f3a211084f5a5646fe3687f85189,UNKNOWN,UNKNOWN,GODFRYPHLP,UNKNOWN,READY_FOR_CONFIRMATION,2,REJECT
2,cca0613166cdcd3a17a040c563f6abe4ef2dd073b7d367d0313ccea835970cfc,351869caf3fd82276cd55f84606b5b8a82957194ccbdf3999fb7c7241baafc28,7dcc0a1c24671f8cbbda35889f5f34e2fea51648a4992b3142a2c9ac4a3d1eb5,ADJUSTED|RAW,true,2026-06-08,a5a5df8b2e423e80797c818e0636ac866a58c781f71419cb6efdc7ae9138f6aa,UNKNOWN,UNKNOWN,LIQUIDCASE,UNKNOWN,BUILDING,2,REJECT
2,cd9e32538ac192fb7619730229090e233480ea8bd406478c01159b17f99e0407,351869caf3fd82276cd55f84606b5b8a82957194ccbdf3999fb7c7241baafc28,b48d030fbe0ba2232132454ca03b941bc3fa15d79839e9c1d5b31c24d1ef3ec2,ADJUSTED|RAW,true,2026-01-23,5891cb4fa8290c4724e4e5c719c46d3530544abc655b3e5c13925413c938d331,UNKNOWN,UNKNOWN,VIVIMEDLAB,UNKNOWN,INVALID,2,REJECT
2,cdbdcc12b42d8dc1e15d1c0ea136d3e838786edd38aa6e7c249255f6e26ed327,351869caf3fd82276cd55f84606b5b8a82957194ccbdf3999fb7c7241baafc28,0e1130fa09efee18cad02ab762700be46196c664f7b275241094431b7639f8f5,ADJUSTED|RAW,true,2026-04-23,ca9e4d5f82a6239bb9f83ae4917fae3834b78cd7a199d760e0a2727933bd163e,UNKNOWN,UNKNOWN,YESBANK,UNKNOWN,READY_FOR_CONFIRMATION,2,REJECT
2,cdcd843d8f5470e74d9f8bdd03a9926f396c3ff98ee3bf56fc772733022d1970,351869caf3fd82276cd55f84606b5b8a82957194ccbdf3999fb7c7241baafc28,9ef1c2cc94a36a7ebb9f19023a7ec35d42bb6182fd34f20cf3a95a7d2c7e9e12,ADJUSTED|RAW,true,2026-05-13,0643767c866d3ae893e604d38e6db4f594430fb82ffbfbc65a8235fd5699c8bc,UNKNOWN,UNKNOWN,SAIL,MOMENTUM CONTINUATION,ENTRY_READY,3,REJECT
2,ce35125f4209c4e6d9636a753e090c187dad29ccaff69afd289d67d58ec8935f,351869caf3fd82276cd55f84606b5b8a82957194ccbdf3999fb7c7241baafc28,2240a8f7c5331bb6114991eaed9bcd702f2ccbd0741abf74b61d8d82c13c464a,ADJUSTED|RAW,true,2026-07-01,d31293042fffc3d80855d73e7821f432df087f54bc22ea605f23ab7d2ce91194,UNKNOWN,UNKNOWN,HDFCBANK,UNKNOWN,BUILDING,2,REJECT
2,ce6ec555b16ee3f761231f08afb6e482de79e1729adeed0d39eb3927d4a62123,351869caf3fd82276cd55f84606b5b8a82957194ccbdf3999fb7c7241baafc28,96443fd01c300d9ccf2be7388b473c514ce305cc7568280661b7b1071065a84a,ADJUSTED|RAW,true,2026-05-11,0f437962118aa06f7217332f57e9de9c063f5cee9d320b71e75cd6cb1d1a40d8,UNKNOWN,UNKNOWN,LIQUIDCASE,UNKNOWN,BUILDING,2,REJECT
2,ce7f3ae897c7d04862f156417495fd55ecae7e12172aab66b5cf584b1031e19c,351869caf3fd82276cd55f84606b5b8a82957194ccbdf3999fb7c7241baafc28,42b107d03f606080b8ba57a8cb27158d2a459edec25414ecd1c737693f461906,ADJUSTED|RAW,true,2026-05-11,091da1f1dae5802de27ceac174e20726a6149a65ef4d03cf6857040c2b5ffa68,UNKNOWN,UNKNOWN,OLAELEC,UNKNOWN,READY_FOR_CONFIRMATION,2,REJECT
2,cedc642b5a0860ff8829056504840f3e3cab90c1bdee232d207ac270458a0a20,351869caf3fd82276cd55f84606b5b8a82957194ccbdf3999fb7c7241baafc28,04b58c94b06b8e886fc2bfa2a267dad41e59c3f461b174706ee23f86f3741388,ADJUSTED|RAW,true,2026-03-20,fe307622f94fa7c18760e4bde99e27881201db7211693338103303a5c5e61504,UNKNOWN,UNKNOWN,TATASTEEL,UNKNOWN,BUILDING,2,REJECT
2,cf39a346f7a3506e6abebe86e02e7258b4af633683632a2105dd9e5ed6a9c286,351869caf3fd82276cd55f84606b5b8a82957194ccbdf3999fb7c7241baafc28,2b70118ceb7fec9dda0661afd94595099cd14f56b56056ac804426193f0af2d5,ADJUSTED|RAW,true,2026-03-02,559a18a331013585f8d9e3dafc2e4088f6056e7995a055b45edf446c43424ebe,UNKNOWN,UNKNOWN,TEJASNET,UNKNOWN,ENTRY_READY,2,REJECT
2,cf909d83a7e695b74580cbdd168588552365539dd09839313c081054e7721436,351869caf3fd82276cd55f84606b5b8a82957194ccbdf3999fb7c7241baafc28,d757d80194e55b4e08f15a8bbfddf99c2fdafed7cf88657ed8d2eecbb2e42b5e,ADJUSTED|RAW,true,2026-04-23,2a6e1d1e496ab47bf2128432b615a31880d615fabc8ea8b5c0e36c98035a1e28,UNKNOWN,UNKNOWN,GROWW,UNKNOWN,READY_FOR_CONFIRMATION,2,REJECT
2,cfa08401d9b3c0f449611f34d68d423fe377bf91c2775606679871097628f6b9,351869caf3fd82276cd55f84606b5b8a82957194ccbdf3999fb7c7241baafc28,7b1da3bf9c7bf432c46583199e7e5314495e6976a72b9288ccf1ff078c777b31,ADJUSTED|RAW,true,2026-03-20,324f2d09378aafc3ffab53c4f29fe8aeef6995d4529b7f524a4eb677c8c41a0a,UNKNOWN,UNKNOWN,TATAGOLD,UNKNOWN,READY_FOR_CONFIRMATION,2,REJECT
2,cfa47d16571153bb5f17d1df93359e99399da566b42ca523b669ec42d1e6d1ef,351869caf3fd82276cd55f84606b5b8a82957194ccbdf3999fb7c7241baafc28,9f19b66528b73ab0873f223a0e6318013501c60c49e42f536cb87449f9503190,ADJUSTED|RAW,true,2026-06-30,b282b042d5f0f990eb67e5896c777f34dbac84c5f060c7a6eeedc62341fd1fac,UNKNOWN,UNKNOWN,IDFCFIRSTB,UNKNOWN,BUILDING,2,REJECT
2,cff68fc2ee0a741b684300ba32626e95b26fdc033c2856bcaac9be6a4ef5b50f,351869caf3fd82276cd55f84606b5b8a82957194ccbdf3999fb7c7241baafc28,e7f659e3abe86695bd4f0f03721d2b404273d312a634d16189c6060d90b28bd1,ADJUSTED|RAW,true,2026-07-15,02c540a5dbab3ad55afaf259e1e8dd445f1e379b79d1344e653b6465984dee07,UNKNOWN,UNKNOWN,OLAELEC,UNKNOWN,BUILDING,2,REJECT
2,d033f3c386926355fb9d5c2d7497e949250bf816eca5178c2c57642f6078f987,351869caf3fd82276cd55f84606b5b8a82957194ccbdf3999fb7c7241baafc28,ced82b75ecb3fa1f144657b5cd7e4679ea16eb0ee04495adf5161fc8df1261ef,ADJUSTED|RAW,true,2026-05-25,f59ac989c9b33a0efb88a505d07c8dccd5f8740afa77abdbfdef3c551418483a,UNKNOWN,UNKNOWN,ADANIPOWER,UNKNOWN,ENTRY_READY,2,REJECT
2,d040bc7784ae9a6d5fafb3799ae65fd8bb664b4055668d05185bce8a0a9ada5d,351869caf3fd82276cd55f84606b5b8a82957194ccbdf3999fb7c7241baafc28,a831199588e22009b74e20c25787caea22143366c22dc2ec63dda8ac59413375,ADJUSTED|RAW,true,2026-06-16,fbd023bc56587cd38a533f02285f8130f081fecd5e97a410fb6bebf581744e2a,UNKNOWN,UNKNOWN,MOTISONS,UNKNOWN,READY_FOR_CONFIRMATION,2,REJECT
2,d05534d3c22767a201ad984db189cf73fd4bdf91e6cac186d7427e8ead8029eb,351869caf3fd82276cd55f84606b5b8a82957194ccbdf3999fb7c7241baafc28,ea59dc32e51446d804f226a69d354440b6b6382d701a90d3c8294206aa08926e,ADJUSTED|RAW,true,2026-01-09,e3c1db6e510d7d483d4d1e01d0c3e8fc471b2617d44e282b7b505d6e92450d41,UNKNOWN,UNKNOWN,IEX,UNKNOWN,INVALID,2,REJECT
2,d088d74ac4bcbec55b16daeb1600fe9eda150088012ea8cbbdfa8a003957cdf8,351869caf3fd82276cd55f84606b5b8a82957194ccbdf3999fb7c7241baafc28,7058045120000243c571fcda53805310170b42cc98db210e429beadde63c314d,ADJUSTED|RAW,true,2026-05-26,1a07b9a9e5f97520dbb2b1feb2c12b0c0c717330fe41338ec9b3e4dcc8d8e333,UNKNOWN,UNKNOWN,ADANIPOWER,MOMENTUM CONTINUATION,ENTRY_READY,3,REJECT
2,d10a6396b3411da8f31945b9dcda7a0dfe5eb0f24db0b34ca587cb39ddb5ab40,351869caf3fd82276cd55f84606b5b8a82957194ccbdf3999fb7c7241baafc28,0e273ed462835e76b9c1b7e05544e478abba63965d640f1f461d066b2d0c98ed,ADJUSTED|RAW,true,2026-01-02,ab027fd4c021d0d573c8198acd3f64d4672bce6c9a7745c55b6a8981c5e90de7,UNKNOWN,UNKNOWN,LIQUIDCASE,UNKNOWN,BUILDING,2,REJECT
2,d145ff0c76107187ad73e07981d34834c236198df301ca45f44a1f6e4077782e,351869caf3fd82276cd55f84606b5b8a82957194ccbdf3999fb7c7241baafc28,e5e16b57ef72c130ab76a535c7aba858ca435465ba678ffe0ec81199cbb19a1b,ADJUSTED|RAW,true,2026-01-13,f096168d524d6c4573c3f8d8524fa0d413d0a92aeee64a72385a39ff1097f624,UNKNOWN,UNKNOWN,TATSILV,MOMENTUM CONTINUATION,ENTRY_READY,3,REJECT
2,d15f5ad232a3f5521e3507eb8919ca8de506a6b8ed7b01e437252201b342261f,351869caf3fd82276cd55f84606b5b8a82957194ccbdf3999fb7c7241baafc28,6435db9e7280d1042af5817908f67439542ba9efac931ec152af39f96148e581,ADJUSTED|RAW,true,2026-01-08,7eda99864fe83029371a3f9940231ed0a781c3f5e3f25ca61b4fade5550971f3,UNKNOWN,UNKNOWN,LIQUIDCASE,UNKNOWN,BUILDING,2,REJECT
2,d1737f9feb0f5836d617ecf55a7e90a0bb24281c7f470f10edc5bd70a66bf843,351869caf3fd82276cd55f84606b5b8a82957194ccbdf3999fb7c7241baafc28,21873a61f9258201fb9fb64752b7c8a4eeab00a6141d3c0d1e1e808d7115a3a6,ADJUSTED|RAW,true,2026-05-08,df34f84e450065c434a98f87b9b93a35b16cdca47792ef7aa84e2a9266b30cc7,UNKNOWN,UNKNOWN,SCI,UNKNOWN,BUILDING,2,REJECT
2,d1a5d13e440d9cdb0d54a3c317d1330b3a31dd1b69530bac7497eea2f5f67e94,351869caf3fd82276cd55f84606b5b8a82957194ccbdf3999fb7c7241baafc28,1c84cfe73684d23835aee6e0f601c64de7698decab47fa48cb9215ee84ccd68f,ADJUSTED|RAW,true,2026-07-17,115f4e7a3e226c6adc42e7f0910fe7b97418d342aa8d3a778b29601417377b99,UNKNOWN,UNKNOWN,TATSILV,UNKNOWN,INVALID,2,REJECT
2,d1c992e67fb9dcc465133347f145913c6b2679e29c5a8ff72f92ca78a02e1a09,351869caf3fd82276cd55f84606b5b8a82957194ccbdf3999fb7c7241baafc28,05d0654f66d97142bdb95e27d0a77735a873dc062b2f868ef949d7075373958f,ADJUSTED|RAW,true,2026-04-07,b1d5daaddc24be176031d217458ca963d3b88d4d2c1b3b687ef32e13114f399f,UNKNOWN,UNKNOWN,HDFCBANK,UNKNOWN,READY_FOR_CONFIRMATION,2,REJECT
2,d1d8e3009c0a22f8c0ad25f46ae78d0635cd5dd7c5c30674e5b864a353a0ea16,351869caf3fd82276cd55f84606b5b8a82957194ccbdf3999fb7c7241baafc28,0d388b3fc0f4958890d952378d0fc5fc31fc56851e7f5105a590283212394ab3,ADJUSTED|RAW,true,2026-02-04,62faa9abca9f38cc4b8f5101e0431ab793f9edab9ce5c77f1f60dc7d7ba2b569,UNKNOWN,UNKNOWN,YESBANK,UNKNOWN,BUILDING,2,REJECT
2,d1f72c2aff4ce28dab561dd3d1b200cd81e50924581039d46bff53f72eea090a,351869caf3fd82276cd55f84606b5b8a82957194ccbdf3999fb7c7241baafc28,3f68cbc57e80308a1be890a46d4f2b3bc78942baf62795f206b577a676f5a8c7,ADJUSTED|RAW,true,2026-05-06,1b150ebcb090928c14d708ea155352c541f43f6047f7026a379ed166c7cd4614,UNKNOWN,UNKNOWN,MAHABANK,UNKNOWN,BUILDING,2,REJECT
2,d24afe6829f270f6e21cc23aae4f306078ebf994c5f05ca9d0a89303f5bed5cb,351869caf3fd82276cd55f84606b5b8a82957194ccbdf3999fb7c7241baafc28,aa01e2e11dc5ad5d0e905999c0317b7b1181f088ac5d5a537195aa462e3bc9eb,ADJUSTED|RAW,true,2026-06-23,50650be6c37128c796b326ea048740351cd30aa1dd3f1398706dbab5b4261558,UNKNOWN,UNKNOWN,YESBANK,UNKNOWN,READY_FOR_CONFIRMATION,2,REJECT
2,d2a2d22a3c441e7220ce0992745fac2b565c7ba212a9447cd127e89262f98abb,351869caf3fd82276cd55f84606b5b8a82957194ccbdf3999fb7c7241baafc28,81e3bdc8e6ac9607d026ecdf24dbbd3da485b9b1d42f8e67a43c83e2a3e08944,ADJUSTED|RAW,true,2026-05-19,87086cf2b431f37c2d2aa940fe6f79316da79261d4d0d2c58394da302b37e3e6,UNKNOWN,UNKNOWN,LIQUIDCASE,UNKNOWN,BUILDING,2,REJECT
2,d2b2dc050e7279bd630d7e2504700e0b78f60020773912d7bee0c6747dacd6d9,351869caf3fd82276cd55f84606b5b8a82957194ccbdf3999fb7c7241baafc28,ad34aac668a91480101499d18c2f8826678e1a32a5528d0a51d8bcaa8009ac3a,ADJUSTED|RAW,true,2026-02-24,cae5c6aa629602d2b651d11bed50e8af398b68ee21936a8d9d8e859486b53dd1,UNKNOWN,UNKNOWN,PCJEWELLER,UNKNOWN,INVALID,2,REJECT
2,d2c330eb9786c360848b740557f3df393db19d959f296298c9e562131feb8582,351869caf3fd82276cd55f84606b5b8a82957194ccbdf3999fb7c7241baafc28,29e519c45a74bc4f6e0cf74976533f84b84eb7fa96c790214b56812a91468845,ADJUSTED|RAW,true,2026-03-11,03973bbb8cda2722410ccb32460936e756fc3bff6724c2b19dd2cd8b8548d12c,UNKNOWN,UNKNOWN,JINDALSAW,MOMENTUM CONTINUATION,ENTRY_READY,3,REJECT
2,d365a5a77126ffbfe3a813e42d58bfbe2e0fe406e38d1102962d8291c83d365a,351869caf3fd82276cd55f84606b5b8a82957194ccbdf3999fb7c7241baafc28,a5ff7c02b5571ee5d1a5402025e9b86a8884b6068809dfbf5257137d481f3f5b,ADJUSTED|RAW,true,2026-03-19,7e694324352aa9992cf220797d674a82e25b9ba9d3dbf98cfa2039f968c7b771,UNKNOWN,UNKNOWN,MASKINVEST,UNKNOWN,INVALID,2,REJECT
2,d39ed6d081831fe2cccebd7a7c5d2b88cc1411ab6407fe3092c1735704ad5bd3,351869caf3fd82276cd55f84606b5b8a82957194ccbdf3999fb7c7241baafc28,34dd84c9a2424d4594cc35ad0e387ce31264057e32fc169efc17acddd02964ad,ADJUSTED|RAW,true,2026-04-28,903cad5dc49f9888f431f36b10464f14d36c059013faa6d1417bf8be718bded7,UNKNOWN,UNKNOWN,RPOWER,UNKNOWN,READY_FOR_CONFIRMATION,2,REJECT
2,d39fa54192f571867de563b577a26ef1c079f9fe0ce69e400100009278b11ae9,351869caf3fd82276cd55f84606b5b8a82957194ccbdf3999fb7c7241baafc28,4d04658787273996e71ded7e2d57f8b600a391f2c51df16104c3b2e03807a900,ADJUSTED|RAW,true,2026-06-12,226cc474c292bd29a72f8501dde6920166db82c4550c69ccc326faac376dc7e3,UNKNOWN,UNKNOWN,JPPOWER,UNKNOWN,READY_FOR_CONFIRMATION,2,REJECT
2,d3d48f487a0725c5969b880f28e373f1d8dffdc3ec012255da239c63451ea666,351869caf3fd82276cd55f84606b5b8a82957194ccbdf3999fb7c7241baafc28,3d88091b8aa81af9066829bd318020d332802ad24a2fde778a0f8424cd0a5337,ADJUSTED|RAW,true,2026-07-16,42e60af0c5d9e0d3cd806eed6db7295f87230beda22e31e1e19eb271c3f5474d,UNKNOWN,UNKNOWN,YESBANK,UNKNOWN,BUILDING,2,REJECT
2,d3e29ca6c4f7585f98d527100c8fde9d9c33fc4fc6299b665194485050b752c5,351869caf3fd82276cd55f84606b5b8a82957194ccbdf3999fb7c7241baafc28,a683492e9710ab4d4d561ca7ac7514ee219114d79e4ce6370123edf90bf85bc3,ADJUSTED|RAW,true,2026-06-22,a678b9d4abf12a46377381efe027e4a7c4ef531cd33302e78a30c59e915ba759,UNKNOWN,UNKNOWN,YESBANK,UNKNOWN,READY_FOR_CONFIRMATION,2,REJECT
2,d41870b9508b6639d82e66a8b1e95a99fbec34dce7ff079de79e134d3356e26e,351869caf3fd82276cd55f84606b5b8a82957194ccbdf3999fb7c7241baafc28,337c60dd044d8483ac0dddd870726619040cb4485806ea41a645c56d43895119,ADJUSTED|RAW,true,2026-03-17,3ece99897a419262c7500a7cbdfb5e743bd386e1fa8ea8a15579f379dbbe6262,UNKNOWN,UNKNOWN,ETERNAL,UNKNOWN,INVALID,2,REJECT
2,d425c3d2e7c895c9572dd811c03f6d645d9a44f276269f573ff16599de6220ac,351869caf3fd82276cd55f84606b5b8a82957194ccbdf3999fb7c7241baafc28,7d41c7ccb6c210a66b1a3683b2fc56d1f76adb1283876121ed08acd33c7f54a4,ADJUSTED|RAW,true,2026-05-27,9607c758dd39b2bc72294b12b65ea0b260112b55bcaf9b93e78ff0e6467d0b7d,UNKNOWN,UNKNOWN,MAITHANALL,UNKNOWN,BUILDING,2,REJECT
2,d4f2181db2d81a66102c6cf8bdc93d885278b8229cb733e60f157a823058a717,351869caf3fd82276cd55f84606b5b8a82957194ccbdf3999fb7c7241baafc28,af4f641e3b4feb2824b2ad0059d6d08988a2f3dee432b8d5e5e9f2ee2afba901,ADJUSTED|RAW,true,2026-03-02,de41a1f5389ec49fb9ba7398bf748bea268b75ebdbe545582f02ddb34693f632,UNKNOWN,UNKNOWN,BEL,UNKNOWN,BUILDING,2,REJECT
2,d4f7735b51658e39a91b5f3525f4c7ccd4c11069783bb757f8aaf415992626c2,351869caf3fd82276cd55f84606b5b8a82957194ccbdf3999fb7c7241baafc28,d75d051cc361484edf4fbedd05e6125ab8176a78a81762509ee9dd942742c62b,ADJUSTED|RAW,true,2026-02-10,e9ef5990b184eba5caae457693417035f434d9e64cfcf5683d28ccfd23b6d9b7,UNKNOWN,UNKNOWN,EDELWEISS,UNKNOWN,ENTRY_READY,2,REJECT
2,d5396397a00d0798ce38d4ef7f1510b1e7fbc64da85b2fbbc0848c0b8c49d45e,351869caf3fd82276cd55f84606b5b8a82957194ccbdf3999fb7c7241baafc28,9fdcf8e771c5c4a961a8ea63208d8d06650aa4f44b4e5272d1cbcf4790da2b41,ADJUSTED|RAW,true,2026-04-21,32be96ab57844cc33a6d75ccddffc20dc183ffadc527916b0723d823d75ff22b,UNKNOWN,UNKNOWN,ROLEXRINGS,MOMENTUM CONTINUATION,ENTRY_READY,3,REJECT
2,d584e5aae64ad90a4e0616e7f3e45b409fcc26c857c8ecac66b478da912f6a80,351869caf3fd82276cd55f84606b5b8a82957194ccbdf3999fb7c7241baafc28,164f4273f3116840191b8ac7c71e62936bc1175ebca6364877b23acc22452c7b,ADJUSTED|RAW,true,2026-07-09,e2af843e0880506cdfa3d7f872d774605389bea7e27f43c3a9f4cd2d12f1df9f,UNKNOWN,UNKNOWN,KALYANKJIL,MOMENTUM CONTINUATION,ENTRY_READY,3,REJECT
2,d667e17787c1524a7be7c7ade2cabf4d123116ff99fc3787bbf3aae84f540ffa,351869caf3fd82276cd55f84606b5b8a82957194ccbdf3999fb7c7241baafc28,e7a7c32d6dcead3722da86b650c77869f9bfdec1ae5ca87e650cef0473002ff8,ADJUSTED|RAW,true,2026-05-04,4ab3e10728b62a8641cacbd72e4760d1990bc2e36506098bd0ef789b68c316a6,UNKNOWN,UNKNOWN,HDFCBANK,UNKNOWN,INVALID,2,REJECT
2,d694616cc92578fdf331a9d761ef51383b0c1eb8eb5fae47522478c17a1c5754,351869caf3fd82276cd55f84606b5b8a82957194ccbdf3999fb7c7241baafc28,9efdb4208a7a5e0da416df1039bb2df5644ac5823b31d1001e50656ea7eca0cb,ADJUSTED|RAW,true,2026-01-21,57208d28d4de794d368ade85b4e2ba39d781fd55a8eef5b41f2bc1da3b81aa1b,UNKNOWN,UNKNOWN,GOLDCASE,UNKNOWN,BUILDING,2,REJECT
2,d69cba61c8a33909746ab18fb7fccd9f87e2ab351bb6476fc692a35b251475ee,351869caf3fd82276cd55f84606b5b8a82957194ccbdf3999fb7c7241baafc28,3ff183b3fbcf4928d9a8231565b7958a54d1dce141a248fbb7f419e144460540,ADJUSTED|RAW,true,2026-06-19,d69f37a869888fc6ce875121f6510d8a3e19bf961bf5eea4f22a6f30f8cc6c65,UNKNOWN,UNKNOWN,YESBANK,UNKNOWN,READY_FOR_CONFIRMATION,2,REJECT
2,d6c4e247d632bd511308ee74f8e92a784db80a1f3c06cf8052c506fa045eceb0,351869caf3fd82276cd55f84606b5b8a82957194ccbdf3999fb7c7241baafc28,7b104b2db2647be82457bc6b08e2dffb7177bb29d112a982ba7445123b4577e1,ADJUSTED|RAW,true,2026-06-16,81004626e91e45efd94cb991131e44591126ba9765c880dd64c9d26217ec8f0a,UNKNOWN,UNKNOWN,MMTC,MOMENTUM CONTINUATION,ENTRY_READY,3,REJECT
2,d730ebbd9d97e9030a5ee49a44a3b99af8e954a39d790074bd5d32739c4e8f17,351869caf3fd82276cd55f84606b5b8a82957194ccbdf3999fb7c7241baafc28,452fe227f2d4aa0cf7ab357e829c4482dc0d76620eaa7ad1f22b836338d70a78,ADJUSTED|RAW,true,2026-05-27,26ae932e24ff023274a5a50706831d97f9c917fdda4872421814338b6b77e5ba,UNKNOWN,UNKNOWN,JINDALSAW,UNKNOWN,BUILDING,2,REJECT
2,d734f45160e2c49d77e83355bb855223da802438947b9ebc2fe56d8083dbf50d,351869caf3fd82276cd55f84606b5b8a82957194ccbdf3999fb7c7241baafc28,72ca504f0ed3d77b0079f49867e4041636a1f9003d2ea7b3e8dcb4c71eb6a710,ADJUSTED|RAW,true,2026-05-11,0bb050ee780425546b1a4a85a49166ee9781e3567901a18c02d183974da78661,UNKNOWN,UNKNOWN,SILVERBEES,UNKNOWN,BUILDING,2,REJECT
2,d75fd7234ae06b744aa9a928889184c91c58488ef557f68ab2dcb0708cbc70e8,351869caf3fd82276cd55f84606b5b8a82957194ccbdf3999fb7c7241baafc28,ef8efc719f310f7cf9fb54662673120b4f4684ab86da0b9920f9c33b922b9dc7,ADJUSTED|RAW,true,2026-04-21,6bfe6bf961ff02df3998f12563381b5294273fc2f43094c288d047a3107e64bd,UNKNOWN,UNKNOWN,TATAGOLD,UNKNOWN,BUILDING,2,REJECT
2,d7ba8fe48aba1870386b0b50c64f37984b7d8e3cf460ddaac7832ec68e35567e,351869caf3fd82276cd55f84606b5b8a82957194ccbdf3999fb7c7241baafc28,3355635673a13fa6acb857529b5bd9a5541ba2d8cd9ddba1b97bf9cbd6635101,ADJUSTED|RAW,true,2026-07-13,2851bca530dbc5955a81832ab1afca98498961b8a6b2339a5d28f1abcb3fe695,UNKNOWN,UNKNOWN,GROWW,UNKNOWN,BUILDING,2,REJECT
2,d7d3583c807686b1cb7930d9644bc63f1c4e3746080444a2a5ef29e89362ea64,351869caf3fd82276cd55f84606b5b8a82957194ccbdf3999fb7c7241baafc28,f914d1751ac7441e8c6f9ce5c20e1cfd489e52f646faa82164254c4cfd252ec7,ADJUSTED|RAW,true,2026-01-09,09bc520b876ddb9e4221be0216efab281b690bf6dce11c3676f19b3f21a4ad96,UNKNOWN,UNKNOWN,GOLDBEES,UNKNOWN,READY_FOR_CONFIRMATION,2,REJECT
2,d7d807e9bd59940b124e8dc9d981e68b49052c1429fdc099b6132ef18c9f42b7,351869caf3fd82276cd55f84606b5b8a82957194ccbdf3999fb7c7241baafc28,ee07b4571b1dee0d19a9a4266b9e058029d5a669efaf89137c55ad9820ca6cc5,ADJUSTED|RAW,true,2026-02-27,f4c2b48baf351630cc1c2a69b70a7e90751f73f571487a4e5a398556d6af241c,UNKNOWN,UNKNOWN,TATSILV,UNKNOWN,BUILDING,2,REJECT
2,d801665b11b87508984c48d1f0da835801e36303c489e10b29c27e889145f868,351869caf3fd82276cd55f84606b5b8a82957194ccbdf3999fb7c7241baafc28,4e0aeef8a5134e400bb6e2bd43d172e601d0f55ccf564e372444c98da550d254,ADJUSTED|RAW,true,2026-07-07,a2b83325cb5def65b5272e7b2b4947aa0a6728910aa156d08703c51d3294ba4e,UNKNOWN,UNKNOWN,GMRAIRPORT,UNKNOWN,BUILDING,2,REJECT
2,d8210d39528c0cd3cc5d8a1ac03304a3016aaf95bd413b0f37a307e8210ef2ec,351869caf3fd82276cd55f84606b5b8a82957194ccbdf3999fb7c7241baafc28,063e187d9cb1bb7a0be7946165495dfc2262ca513956a0eaf7d0697e3d891a47,ADJUSTED|RAW,true,2026-01-22,dd883b759b028768f684cb46124bd75d4fc8dab7085c228ecad42f97476f635c,UNKNOWN,UNKNOWN,TATAGOLD,UNKNOWN,READY_FOR_CONFIRMATION,2,REJECT
2,d87a3b1efbd20dceeed7ee99f27b5fb09bcee37528acd90d68c9e33eba7a05da,351869caf3fd82276cd55f84606b5b8a82957194ccbdf3999fb7c7241baafc28,368a7f1a943dee3eaa3f6e60be2f3a0fdd51ae760c7fc843f4624a524c814f68,ADJUSTED|RAW,true,2026-03-09,fba2129ca3543ca15f4abab1c3639053b2242eac73112320a3d2831181c3ea54,UNKNOWN,UNKNOWN,HDFCBANK,UNKNOWN,INVALID,2,REJECT
2,d89662e2a200609ca85ec47e3cb63bd08d93cc0a1797dd64f3003d27be091ff5,351869caf3fd82276cd55f84606b5b8a82957194ccbdf3999fb7c7241baafc28,b09d2e7c4e19ab6ba27fbe63b67308dd275e2484eb8bf706d011ba1117f6fee7,ADJUSTED|RAW,true,2026-04-09,2932fde2096dfe5e978fa35374810c8f680b3f5eec865674324283fa1e844dea,UNKNOWN,UNKNOWN,PRUDMOULI,UNKNOWN,BUILDING,2,REJECT
2,d917b9005b9cf6371a43a505ac756c8ca6521a54a3f0644981efa397d37a5417,351869caf3fd82276cd55f84606b5b8a82957194ccbdf3999fb7c7241baafc28,8a1ad58c57b13ea5980ae66b07caabd72a5e012fe217ed991f900b1e76ae3b2d,ADJUSTED|RAW,true,2026-06-09,a6e17fda425842ab2e6e72f48240762808983853e657c98a2c2abc34d71a0d5f,UNKNOWN,UNKNOWN,PNB,UNKNOWN,BUILDING,2,REJECT
2,d92fb39741af6dec5b4212e086f59caae6b033a38e3022f73ac8d48a8503b942,351869caf3fd82276cd55f84606b5b8a82957194ccbdf3999fb7c7241baafc28,935c531c5317d83404dea05e023a77c5fdb9f108a6d9fc6ce0c1da384e0bd5e3,ADJUSTED|RAW,true,2026-01-02,9f49fb02e63b92a4b8275be9511509a5d23fe42356957cc7a6fabdeb6506f8d7,UNKNOWN,UNKNOWN,OLAELEC,UNKNOWN,INVALID,2,REJECT
2,d936985ee99ba27ab7244b14441f5326ad67f90bda88a37c8316f1386d211167,351869caf3fd82276cd55f84606b5b8a82957194ccbdf3999fb7c7241baafc28,485766b4b03c0f23a6a679ef1d2acd4f78138148c9dce9c2a01fc4e57f424145,ADJUSTED|RAW,true,2026-04-23,5819ce036f8ea21f28101a142e641967978585a14f5a8832b4cf93caa10bdbd1,UNKNOWN,UNKNOWN,DELTACORP,UNKNOWN,ENTRY_READY,2,REJECT
2,d93e102b59a3f14371d6ce8c735fe583d791f3ee14d9025cbc8fe096ff21ab0f,351869caf3fd82276cd55f84606b5b8a82957194ccbdf3999fb7c7241baafc28,51503a8fd96650399060536f776fa3c64e8eba77b1e3767398f375a99d6bf3bd,ADJUSTED|RAW,true,2026-05-12,356573a3dd5758dedace7be474486396cf061596de5fd6035ce7e650e5393286,UNKNOWN,UNKNOWN,VEDL,UNKNOWN,INVALID,2,REJECT
2,d9687df3d3083e04c94709e9b14ef0f5559c198f61cb398226b3f9c1d4a94e57,351869caf3fd82276cd55f84606b5b8a82957194ccbdf3999fb7c7241baafc28,510468763df38618c0c949ecd3bcdf0db3c26e66d48a8fa1d34d7fc50955548f,ADJUSTED|RAW,true,2026-02-03,c257ebfe9fd80409cab9da71235670f4abeb600ba8e4360cb4e514c22b386568,UNKNOWN,UNKNOWN,SILVERCASE,UNKNOWN,BUILDING,2,REJECT
2,d99dca499e9bc079f7b4e39100db93cd461a2e4708e2d52a611654c6b772cb30,351869caf3fd82276cd55f84606b5b8a82957194ccbdf3999fb7c7241baafc28,159b47f0e080e4e3ff4f881de87fa6569449968e90ee3f8c0591ff56dea25b75,ADJUSTED|RAW,true,2026-06-29,48017d9f93403ec544c85ac9c96e41608bf6714d4595205bb9a6785d55dc246d,UNKNOWN,UNKNOWN,GMRAIRPORT,UNKNOWN,READY_FOR_CONFIRMATION,2,REJECT
2,d9da95c5b229ba9f4529bf2cd1f8eb85eb068b66195624ee99152a4d3718aeca,351869caf3fd82276cd55f84606b5b8a82957194ccbdf3999fb7c7241baafc28,70a36f58edde19e2e78776fff00a8b1f4595463bfe6f9a7318abd67d6cfaf066,ADJUSTED|RAW,true,2026-05-18,48d6207e2994d890bdcf95415cd15cbe8486329f99c13397f2be08d3aac4b68d,UNKNOWN,UNKNOWN,YESBANK,UNKNOWN,READY_FOR_CONFIRMATION,2,REJECT
2,da519a8c6920f8e1dbdc945c7a8f11d4e5b3f69d613566e07a75bc5d5ade64ad,351869caf3fd82276cd55f84606b5b8a82957194ccbdf3999fb7c7241baafc28,cc55f2b6ff2aeb2918d8cf94dfd5de83ae46a263e935bc6c13f4804dfcac00f8,ADJUSTED|RAW,true,2026-01-07,1cdbc7fb14583dbcdf59efdc56cc00ea347a82d8b43d92d2011a2adb93ff428b,UNKNOWN,UNKNOWN,SILVERBEES,UNKNOWN,READY_FOR_CONFIRMATION,2,REJECT
2,da690aa69ef79928a17d2519c2624fc4363927720eed00a09216fba3330f05df,351869caf3fd82276cd55f84606b5b8a82957194ccbdf3999fb7c7241baafc28,8ccc8bb8c99a789d6d8dedb3cf90e98cc60c4fa531d1e1bec3ddb416704092e9,ADJUSTED|RAW,true,2026-05-29,ab021df8e53a36869a58b60324aa4330da10a254aedcccd4936fc86cc83be2b4,UNKNOWN,UNKNOWN,JPPOWER,UNKNOWN,READY_FOR_CONFIRMATION,2,REJECT
2,da8140ed7bc9cb7fd93de2ce75d3b2fb81b7990597511d9f9949d16ba306b6ec,351869caf3fd82276cd55f84606b5b8a82957194ccbdf3999fb7c7241baafc28,473233afa43f50f2e7856861e71045610008c110e09aec1382f8d457859816fc,ADJUSTED|RAW,true,2026-06-11,fe4d9ebb872970ef975e37691cb93402ba7b1ee30c17b21d480aabe942ccd453,UNKNOWN,UNKNOWN,TATASTEEL,UNKNOWN,BUILDING,2,REJECT
2,da8eb18ea5dd49d5530299d02a2cbb666dd363872b872f23bb8f49bfee8fcc35,351869caf3fd82276cd55f84606b5b8a82957194ccbdf3999fb7c7241baafc28,0f7b9f7083434b38e284754cff4f9d67559e3a029ddb446dc0920ba0c81573a0,ADJUSTED|RAW,true,2026-06-18,a12be71fb57dee0c20958154a1b5d8cfc53407cfa1556abb42049bade7df33cd,UNKNOWN,UNKNOWN,IDFCFIRSTB,UNKNOWN,BUILDING,2,REJECT
2,db97c1aa75c1529145c4370e0aa86ea0a2abe3f7cf22fb04b38d87037c02107d,351869caf3fd82276cd55f84606b5b8a82957194ccbdf3999fb7c7241baafc28,48cf7314e745d6627f7ccfdcd9ebb0fb1b6887c9d02e523a1028e719c8b72ff2,ADJUSTED|RAW,true,2026-06-04,b5db5805cbff0eea2843602db3906f44e3ed6139c12b9704a57adc5ef65d2b96,UNKNOWN,UNKNOWN,IFCI,MOMENTUM CONTINUATION,ENTRY_READY,3,REJECT
2,dbbba1014fc38b8f93fb5e55b6f4f5eccb7eddb89609e7ccbf049b183f38c2a0,351869caf3fd82276cd55f84606b5b8a82957194ccbdf3999fb7c7241baafc28,f5151730901e615ad788dd48aa2d1648e6c075476195a88da71c9eb7aa7faa70,ADJUSTED|RAW,true,2026-06-29,d22b4b31d8a19576c214da3ecf6c4407824eacc9f5b811419c81f6ce4b3a9ec1,UNKNOWN,UNKNOWN,SAIL,UNKNOWN,INVALID,2,REJECT
2,dbd9eda2114f89ac6afad64ffc48b81ac862759e9c5eeeca7b81d496fa6ea406,351869caf3fd82276cd55f84606b5b8a82957194ccbdf3999fb7c7241baafc28,c1f6e686ae8ae66d0455e3f0d68cc2c39c279c69d3231543dbe183fa82f2eadc,ADJUSTED|RAW,true,2026-04-29,8a26bd8ca50f25f88844d55958b133e2dff1df4e2bd04392257e092d3a2c17aa,UNKNOWN,UNKNOWN,TATSILV,UNKNOWN,INVALID,2,REJECT
2,dbeb4fe63aa69e4df63a427310bbe4a453786f96a0fa2c8672a00bc6cb1b0537,351869caf3fd82276cd55f84606b5b8a82957194ccbdf3999fb7c7241baafc28,e1f86fd29b44e7405a7841e37efad1e7c3a1e11035b39381bf2a6c84a75c7445,ADJUSTED|RAW,true,2026-03-05,cbb4a358e2e8f6c9f19139ceaf59482578bc591edc932f8dd6fe8a9105b5bb93,UNKNOWN,UNKNOWN,HDFCBANK,UNKNOWN,INVALID,2,REJECT
2,dc4f63a17dc45efe3cfd042c3eec54be76407a27716ee7d2f3e06a2a17df8ec8,351869caf3fd82276cd55f84606b5b8a82957194ccbdf3999fb7c7241baafc28,35d6f8a2e1d256e9e00bcf9d1b784c6675dd49460b359f56443009f56889e7ed,ADJUSTED|RAW,true,2026-07-10,77f3eaa10c202b41dc2e427df09dd919833f0f86f9191bd2e741da7a5ca41720,UNKNOWN,UNKNOWN,PCJEWELLER,UNKNOWN,READY_FOR_CONFIRMATION,2,REJECT
2,dc5e482f51e2f160e651295960157ba7e6b0dfb6cd50cdaa8841399e3946f04f,351869caf3fd82276cd55f84606b5b8a82957194ccbdf3999fb7c7241baafc28,39066cb16bf0d543d0c9dad35af9d4b346b0e3bf2cefa460ffc894948844265c,ADJUSTED|RAW,true,2026-07-08,f97691da43f0a4a9fc20e43a75db98a043d5ff76018e021cc62c178b8facabad,UNKNOWN,UNKNOWN,SGMART,UNKNOWN,BUILDING,2,REJECT
2,dc743f9a2117f7d15444d862f35925e85cfad4a4abdc4860739ca12a043805f9,351869caf3fd82276cd55f84606b5b8a82957194ccbdf3999fb7c7241baafc28,00c05a1a5bcbd20388ff90f7e9f05280dfa4a90847cafba3afddfea8a1963a37,ADJUSTED|RAW,true,2026-06-17,fd72b4bbe9c731589a761cb95159284572ed34f80c1ba3e17fb6ad5c514c9b84,UNKNOWN,UNKNOWN,CANBK,UNKNOWN,BUILDING,2,REJECT
2,dc9439d7b0e7e94fa7e7e59870aa067da2798bdac6258ceba06ef1f7804aa90d,351869caf3fd82276cd55f84606b5b8a82957194ccbdf3999fb7c7241baafc28,1baab1c8bf6ddfb7be0a0ab6868272afcb26bdbd6ddc1fcf3830cb7ac423cf92,ADJUSTED|RAW,true,2026-01-06,98121e9a278399bcc646991435638a045eac1ecfa003df367f8f96df21817159,UNKNOWN,UNKNOWN,UNIONBANK,UNKNOWN,BUILDING,2,REJECT
2,dca4008a1ac810aa2f11ca8d3f9677643aac4ade724170acff56dbc8eacdf753,351869caf3fd82276cd55f84606b5b8a82957194ccbdf3999fb7c7241baafc28,f2d4b5fa245a22d4880bab265a0a4aa6a0abfdfd9318044e4c14b2c4b7a9cf2b,ADJUSTED|RAW,true,2026-03-06,1800104411fed5cfe620cda83e9605f07cfa475cd945c475d40770876519ff67,UNKNOWN,UNKNOWN,FILATFASH,UNKNOWN,INVALID,2,REJECT
2,dcaabf0e16ae76fca1225f1dfef9977ae709c91d5cf534960054ce96f49dde45,351869caf3fd82276cd55f84606b5b8a82957194ccbdf3999fb7c7241baafc28,c715d6b8ee3ad0396723a9f55f3a9fbbc7731a644d733fd5968b51723d3aa93a,ADJUSTED|RAW,true,2026-07-20,0dd48414414827908e279faa07238339239e853a891682de5107837bcaea994a,UNKNOWN,UNKNOWN,CANBK,UNKNOWN,INVALID,2,REJECT
2,dcd4cae9365f252526f29e31f583109b79c679b965c2f344e066554e917d11d9,351869caf3fd82276cd55f84606b5b8a82957194ccbdf3999fb7c7241baafc28,1e3b1899d690196e1b8106a7794ecb9360753dac70d5718ff050b54cd77fa46f,ADJUSTED|RAW,true,2026-02-13,623cc3af78cc13fb74cb2c2577786e9cb84bf2f8d998d2fc9c405ef7ad10d693,UNKNOWN,UNKNOWN,PWL,UNKNOWN,INVALID,2,REJECT
2,dd1d787d64556d433e73c8f69558c1cf26c4e7cb7eb91108fc2bd353362526da,351869caf3fd82276cd55f84606b5b8a82957194ccbdf3999fb7c7241baafc28,67937f2464d6f26295bb2a7a861f5651934be1f79dc3bc0251a288a9922cd6c1,ADJUSTED|RAW,true,2026-06-11,aee2bb6561ed81338787391787cb128a074108a17d59a129c6203889d3a5cfe2,UNKNOWN,UNKNOWN,MOTISONS,UNKNOWN,READY_FOR_CONFIRMATION,2,REJECT
2,dd227011225d1da4a7e5928706e99aa9367941f3eb11bc22b21066a74161d0ab,351869caf3fd82276cd55f84606b5b8a82957194ccbdf3999fb7c7241baafc28,b1f918730585b0f14d609f693140021a2023363360dc17573de63cc72d70cb92,ADJUSTED|RAW,true,2026-01-01,98ce374f6dee1fd8ed28bc690a31f772a83458ebab57a6b699e1d307da27ade2,UNKNOWN,UNKNOWN,GOLDBEES,UNKNOWN,BUILDING,2,REJECT
2,ddd326367e9ba738801ddcfc2aa4a95122fba0ad1680b8aa52d97844d9435974,351869caf3fd82276cd55f84606b5b8a82957194ccbdf3999fb7c7241baafc28,058fae9d7fa665dedeebc8c0c226774df3346889220eb272a9705726aa98337d,ADJUSTED|RAW,true,2026-03-16,81f4f932403e3ba8a12c164665c14217ba64935da6c260145b34fcc644ebf5f9,UNKNOWN,UNKNOWN,FILATFASH,UNKNOWN,INVALID,2,REJECT
2,de17ca37926bddb06878bc97cb986c6fe9e768779562b9b958c22c58a85ac832,351869caf3fd82276cd55f84606b5b8a82957194ccbdf3999fb7c7241baafc28,a518b06284384c6e00c4c8a9fbb23343910036947cdf285b01ae884184a3dad3,ADJUSTED|RAW,true,2026-06-11,db44a006283fab46965f769b6ecad36f08ee0aea12a67f3ec5801f57f2c05226,UNKNOWN,UNKNOWN,ICICIBANK,UNKNOWN,BUILDING,2,REJECT
2,de3c0777127964fdcaec0b55439a84589d7afe51fe6219b21fd69f40976fca1a,351869caf3fd82276cd55f84606b5b8a82957194ccbdf3999fb7c7241baafc28,2d573b945e38e9ec350d072b5bf283c8e56a63a2340afd0ddaa87c925f5e63b4,ADJUSTED|RAW,true,2026-02-16,f1144b8af86a49be2e88747651e60346c25e104f1b74dec1d787281b43ef25c6,UNKNOWN,UNKNOWN,GOLDBEES,UNKNOWN,BUILDING,2,REJECT
2,de464e78db2d714fedb3e560e9437dcab82b33edb02c43b5d7b7117b27ef4195,351869caf3fd82276cd55f84606b5b8a82957194ccbdf3999fb7c7241baafc28,9be9a4d2af67e970ab271996f3ffb583328d672bf42af68e1606466367991cfa,ADJUSTED|RAW,true,2026-04-23,b607a4d9f5258d71a09a8bf12a061032b0366e005a1c56a4c4f68fab7cbdf3f3,UNKNOWN,UNKNOWN,TATAGOLD,UNKNOWN,READY_FOR_CONFIRMATION,2,REJECT
2,dec9726ac158e15e813f88f7d9d16018d103522f0dc780c6666b85faa7470626,351869caf3fd82276cd55f84606b5b8a82957194ccbdf3999fb7c7241baafc28,0324643205cae739c1a9a6e000f8e865aa1b7649c64f6fd593104aa23e93f14d,ADJUSTED|RAW,true,2026-01-07,14f8ec9d357fc065bd5b7db7673da43cda7b9a009bf18e67728db8ab9b41356d,UNKNOWN,UNKNOWN,OLAELEC,UNKNOWN,INVALID,2,REJECT
2,def28fc7724c3b2d661cf29846e59d634bb5bc2779b16f3f955d427b3a40cf4b,351869caf3fd82276cd55f84606b5b8a82957194ccbdf3999fb7c7241baafc28,f0c3bdb2103ca8affc6e7b6723e66edeb89bc5c146ae52ee596a7cfc5e7352aa,ADJUSTED|RAW,true,2026-04-27,e007677a834b64185e2821d43d0c04398faa51b725a529f9ea84bdd3011fd277,UNKNOWN,UNKNOWN,TATSILV,UNKNOWN,READY_FOR_CONFIRMATION,2,REJECT
2,df41d029768263ad9289ed37d6392884f1b3a3e204b00c199e150a88d9bac382,351869caf3fd82276cd55f84606b5b8a82957194ccbdf3999fb7c7241baafc28,28ada798f578fd5f64b3b3e95268f65c0678ed10642e9a116af2f121b52f8725,ADJUSTED|RAW,true,2026-03-10,592610fc1c95a9047cd5c4fe45ba96d8400cea64258f354f1f33316c1f5a840a,UNKNOWN,UNKNOWN,TATSILV,UNKNOWN,READY_FOR_CONFIRMATION,2,REJECT
2,df808a0fbf89371f0ec4229488f30ed7bd89e05e2fbfce64fa8a97acbb6a4d5a,351869caf3fd82276cd55f84606b5b8a82957194ccbdf3999fb7c7241baafc28,c52707759bfbc2192cb21cd93f004391e4770b3d7404c4c76022f2ee7e28c362,ADJUSTED|RAW,true,2026-03-05,8a29a1637d38081de990265b157accf77d08837e26e28121dfaa9d984122a0dd,UNKNOWN,UNKNOWN,TATAGOLD,UNKNOWN,READY_FOR_CONFIRMATION,2,REJECT
2,dfb587d9b12a8acadda3086538aa6d48ec63fbd769d1c17041d91d61fa6c298c,351869caf3fd82276cd55f84606b5b8a82957194ccbdf3999fb7c7241baafc28,514063a28d24b6ce5d6cdf38da087d7f39d36adcd562e1ba670aa528c222dc25,ADJUSTED|RAW,true,2026-01-13,1abf15814f0a840f8463723fbf0759ad8a864afa289f49477b2fd55b04d3189e,UNKNOWN,UNKNOWN,GOLDBEES,UNKNOWN,READY_FOR_CONFIRMATION,2,REJECT
2,dfc33a407799a795b3351167af85bbc75f784df0c8249187fee135469edcd310,351869caf3fd82276cd55f84606b5b8a82957194ccbdf3999fb7c7241baafc28,55f34228c8a915de04a323758c768f42a1ffd503c69229a5a248723af313a1ff,ADJUSTED|RAW,true,2026-01-05,79bc8c9397e7c2a1f45a1a46496ebc699c7cdd2ee2081e70396df44d11b8d075,UNKNOWN,UNKNOWN,TATASTEEL,UNKNOWN,BUILDING,2,REJECT
2,e01ad04bd8cfb44c826acd457ed225f0d9ef51a65671a2cef78524f707c4041e,351869caf3fd82276cd55f84606b5b8a82957194ccbdf3999fb7c7241baafc28,728b030eae28a99a0e1f5f9e230c053023de2ec46352759d2ba6544fbc11f602,ADJUSTED|RAW,true,2026-02-10,aa33d4059f2da16b654ef37cd5d461f4a2243db4f140536f7f1876f14c017d24,UNKNOWN,UNKNOWN,HDFCBANK,UNKNOWN,INVALID,2,REJECT
2,e0349df6368446f19ba83856d2446936d8e7bdcc1716c7b7a2a34c281ed7f777,351869caf3fd82276cd55f84606b5b8a82957194ccbdf3999fb7c7241baafc28,8d1ebd0522c9c7591faaa40c7210903d1e6dff43c6a497c2ec2b6a36c86c1e65,ADJUSTED|RAW,true,2026-04-16,9436c73d0eb8d7a2d5e297a7016f281ea355910adff71698701b25e07ef0453e,UNKNOWN,UNKNOWN,LIQUIDCASE,UNKNOWN,BUILDING,2,REJECT
2,e08b277fbce887639886eb772c1700ca87b3999e39020b488cd2a56be157a348,351869caf3fd82276cd55f84606b5b8a82957194ccbdf3999fb7c7241baafc28,959bf13ff099fe31995654591a45efcf92d763221dbb9292dfc93161311d1024,ADJUSTED|RAW,true,2026-04-16,8fc42dd49238072f33bf5eaca0cfa202b975c426286671522e4045ec277e19a1,UNKNOWN,UNKNOWN,OLAELEC,UNKNOWN,READY_FOR_CONFIRMATION,2,REJECT
2,e08edad10e254e069024d9b0dacf59e4b9d05d8bcd4f0f693ed74e9f4ed32c32,351869caf3fd82276cd55f84606b5b8a82957194ccbdf3999fb7c7241baafc28,eed3e920f5c6af5010255344578dbcf73b57e88e9a409267b4c28c7b69a8b11f,ADJUSTED|RAW,true,2026-04-27,24984973bc51795947d1314308a3cdef26d0ff8700f4e545c100ac8a2b955cc0,UNKNOWN,UNKNOWN,IRMENERGY,MOMENTUM CONTINUATION,ENTRY_READY,3,REJECT
2,e09aa967bc73ea6755f3428011b23ee5b91e66c3d7b1d2395ca6586651dea074,351869caf3fd82276cd55f84606b5b8a82957194ccbdf3999fb7c7241baafc28,4373ee2c5483aeb9bd4dbadf5f7703377028b82423ca0227ea7a6e574409c8ea,ADJUSTED|RAW,true,2026-06-17,268cb92833650b0ebc2415ccc90876a2339fd779d6c9c06c9d271ee207ac8975,UNKNOWN,UNKNOWN,MOTISONS,UNKNOWN,BUILDING,2,REJECT
2,e0b5a39067f07c4ae68419df6d98d107559a196f83073d386a337d5da4186139,351869caf3fd82276cd55f84606b5b8a82957194ccbdf3999fb7c7241baafc28,cf5bc791b947bb21c5654f3d1c97e0317afe185dfc236fa46c048242e20d52b4,ADJUSTED|RAW,true,2026-04-21,74e30d4c5559a4e336b8eb22ce7a3295099efecd82c59391076f66840f52f867,UNKNOWN,UNKNOWN,HDFCBANK,UNKNOWN,BUILDING,2,REJECT
2,e0e74e3511971b20c3518e03ef60a1eceb6c8def793eeb2b7da6492c706007e5,351869caf3fd82276cd55f84606b5b8a82957194ccbdf3999fb7c7241baafc28,243d759d9523a6a6f519204eb98b156b1e9ef7d16bb3f8e4c9d5283fac82cb33,ADJUSTED|RAW,true,2026-07-06,801817e3f7cdd1e889aedb140384ece5b41bd6b323cdfed831c341ac7a8753b0,UNKNOWN,UNKNOWN,DIGITIDE,MOMENTUM CONTINUATION,ENTRY_READY,3,REJECT
2,e10dc5830c48f8e1f6522389052d527cc6a4fa457eaff74044046ca4b2d23411,351869caf3fd82276cd55f84606b5b8a82957194ccbdf3999fb7c7241baafc28,bd5bcaa855801504cb66c61a3bd963700ad142ebbd720c6d1f16f3ce9eb02426,ADJUSTED|RAW,true,2026-05-22,1409a2ba21930425a0bc54c43c82c6e0f6dc154f995d1a3bc28e1e8fd0c9f8c7,UNKNOWN,UNKNOWN,JSWCEMENT,MOMENTUM CONTINUATION,ENTRY_READY,3,REJECT
2,e10e53290cefa48182578abb71d713e8f630eac645fd110b3530eab66f24be57,351869caf3fd82276cd55f84606b5b8a82957194ccbdf3999fb7c7241baafc28,fbfc9c021cb3319d67dab0d0a63ba9ea5b4a909d5e28cea44060604d75e88339,ADJUSTED|RAW,true,2026-02-18,21917a439909d5162f98f3764e9bb913512713e0b870e84da14bf7754ab82b79,UNKNOWN,UNKNOWN,TARIL,UNKNOWN,BUILDING,2,REJECT
2,e142f053abb6976d7c6e3cc0ff3932685eb95d9fc52fea44aa38a9d73b1058c6,351869caf3fd82276cd55f84606b5b8a82957194ccbdf3999fb7c7241baafc28,ca5424388be70dd19ef6950350b174bda3328319a29d04db68c766c821eb8805,ADJUSTED|RAW,true,2026-01-12,4a2961880cc442639657d307016f51e49f2a40f3867cde94fc53d2f1955dc2a3,UNKNOWN,UNKNOWN,SILVERBEES,UNKNOWN,ENTRY_READY,2,REJECT
2,e16ecb3359e57906bf5c9cd5fd21bf80c023eb9841a4387c81d07d9422c1ab66,351869caf3fd82276cd55f84606b5b8a82957194ccbdf3999fb7c7241baafc28,791ba6ce8146c1a545848f435cc27321a5dbeac244fcb2ea8f5fa336ecd15067,ADJUSTED|RAW,true,2026-03-30,d1a37c22e883aa7c3f40916952f639c0b4d92c24905699fd5a3546b301138b20,UNKNOWN,UNKNOWN,TATAGOLD,UNKNOWN,READY_FOR_CONFIRMATION,2,REJECT
2,e193da852bf79e58f805b982a549aa8248f03463145dabc8ac1abb9b68e5ffe3,351869caf3fd82276cd55f84606b5b8a82957194ccbdf3999fb7c7241baafc28,c5727d447699142f64760c02f2038691cc257cebdc5f74f5721353c457cd52a7,ADJUSTED|RAW,true,2026-03-20,50aa76e921d08f4196f47a92f767f53665e32c7a65067b25dfcbbd33ed24d49a,UNKNOWN,UNKNOWN,TATSILV,UNKNOWN,INVALID,2,REJECT
2,e1acf7cd451cf6cf9b1074ffb962d6a9717f5db475835599d372e50885752d89,351869caf3fd82276cd55f84606b5b8a82957194ccbdf3999fb7c7241baafc28,2478e95dc6c88434c19ea5abf171fa3e234ad3f80115e86defc6316d9fe6be9c,ADJUSTED|RAW,true,2026-05-08,32ade516417ff436562c7133b55c2c48395a886c7e7d7e7519ece9c15a62ce7d,UNKNOWN,UNKNOWN,GTLINFRA,UNKNOWN,READY_FOR_CONFIRMATION,2,REJECT
2,e1e047ad22965a1d36661c791f4c9eb2dace0c5894ca2372820f650e1e648312,351869caf3fd82276cd55f84606b5b8a82957194ccbdf3999fb7c7241baafc28,3b0faa24ef80659f3e4cc27e67a4360ce99431d2294586249edddeafbdb57676,ADJUSTED|RAW,true,2026-03-27,b9e49b492fa151261165218c577beddd292f2c021711eadf968c4cf1c8d90206,UNKNOWN,UNKNOWN,TATAGOLD,UNKNOWN,INVALID,2,REJECT
2,e2425ec07e20e6584db6919f85d9a835eef770d03059897c6e8d36f201c35539,351869caf3fd82276cd55f84606b5b8a82957194ccbdf3999fb7c7241baafc28,99fcdb92e7f75cad2d7446a9c8941d6a5bd1c1ead4c38cb9f268039c3889d01e,ADJUSTED|RAW,true,2026-02-27,acfa331a9956f44b3fd251091e6bbe49cea09ad51d090e7209a9476c68fae552,UNKNOWN,UNKNOWN,JPPOWER,UNKNOWN,INVALID,2,REJECT
2,e2a1eb5c306d202bb3bde0869fc4c4b252d351411412cc84523442b1bb3e0ff7,351869caf3fd82276cd55f84606b5b8a82957194ccbdf3999fb7c7241baafc28,e0a68fa0af23886a05b8ac9895a2c15d950d2cdb8db0ab694d35e7eb6583baf2,ADJUSTED|RAW,true,2026-01-29,19e3b52c1fcd86d38aa15925fab84097ee394879ffe6c5624a772f9f32711514,UNKNOWN,UNKNOWN,HINDZINC,UNKNOWN,BUILDING,2,REJECT
2,e2add0631dae560c511a88ce2d97584e24b68860125a784d000e5533edfb4ad3,351869caf3fd82276cd55f84606b5b8a82957194ccbdf3999fb7c7241baafc28,2055ce2c231948ec4fb7beed8f1b2c7c0c74f222b771c8f372ffc8dac490c46b,ADJUSTED|RAW,true,2026-07-17,972bdeec5988cfc1c65a0046c9b967a83c7ed7d732422f18dc0ad2b354108c9e,UNKNOWN,UNKNOWN,KALYANKJIL,UNKNOWN,BUILDING,2,REJECT
2,e2b376d8cb79132074d97f00da89a6965e51454f384668ae4fe77e891f47bfa2,351869caf3fd82276cd55f84606b5b8a82957194ccbdf3999fb7c7241baafc28,e329d4ccf3707b10a2646bd382edbcb30434a2644beb17af0113300ce28b6c60,ADJUSTED|RAW,true,2026-06-03,c7cbac660ec833f7a50b8fc2fa02c4078b199942b2736ea471e4d417deaf777d,UNKNOWN,UNKNOWN,TATSILV,UNKNOWN,INVALID,2,REJECT
2,e2b7abe447981d51d2f4b1cb6898a3807efd09a7a236a88b39cf92ebf5531ddc,351869caf3fd82276cd55f84606b5b8a82957194ccbdf3999fb7c7241baafc28,ef48c03dba8df12edaa5111b14e1c5d37310d556c1080f624421827a77238901,ADJUSTED|RAW,true,2026-01-08,093703f9e921a27d447c21ede70292d26cab40b254a221749a56416474ea79d4,UNKNOWN,UNKNOWN,ETERNAL,UNKNOWN,INVALID,2,REJECT
2,e2d5b06252cbe2694bd0844bdcfc0f3fd654e977b2550237f91d6bcae6a98989,351869caf3fd82276cd55f84606b5b8a82957194ccbdf3999fb7c7241baafc28,2bafd1a956f31c6bd4bed93c4278decb238bb0b5f38e951da631abf4f3a755b6,ADJUSTED|RAW,true,2026-01-28,2e1d27526d27d01a601c8c78bbd905b19df312a191cf36b6748c6a219f99c2aa,UNKNOWN,UNKNOWN,TATAGOLD,MOMENTUM CONTINUATION,ENTRY_READY,3,REJECT
2,e30591b0b3e97cbc9d1fc4e89474e2ae80493f9573acf65cb45b8b53211e022e,351869caf3fd82276cd55f84606b5b8a82957194ccbdf3999fb7c7241baafc28,43ee99eb21707259363951a9cdfc65eedcd332f5afee862119365995f6d6bc8f,ADJUSTED|RAW,true,2026-03-12,8b84ac9befe52ec0c7967f0c508080062af465a33c9b6785aaffd9d824a09505,UNKNOWN,UNKNOWN,GOLDBEES,UNKNOWN,BUILDING,2,REJECT
2,e356b0c71e22978daa6a379ccee3b0f61c63f70733dc2ed6b7ed428e2256d911,351869caf3fd82276cd55f84606b5b8a82957194ccbdf3999fb7c7241baafc28,6e318e85a5520ad0b6d2ec28b24f5d12aa86c035a006917b4c5fb3fe43c35444,ADJUSTED|RAW,true,2026-07-20,42edefa0c06cde04915b1fa1645c34f76eea734b395dd1df88d6eefb89a71819,UNKNOWN,UNKNOWN,GMRAIRPORT,UNKNOWN,BUILDING,2,REJECT
2,e3f224bad4fe95adfcd4ff3873a7376f9912e03e778c81415e19c540cbde8467,351869caf3fd82276cd55f84606b5b8a82957194ccbdf3999fb7c7241baafc28,d8b2ca4eb07078787c9878252d5e14aeae5f13db26eac2952b6657eb03abd219,ADJUSTED|RAW,true,2026-05-27,efa755456aabf8157943f86d625e489e3a159cd27f59843934bf681503724134,UNKNOWN,UNKNOWN,ZEEL,UNKNOWN,BUILDING,2,REJECT
2,e41d281e63cacb96f188cdd8da246d2b4834aa4c6c290d0ef9000089bf822a35,351869caf3fd82276cd55f84606b5b8a82957194ccbdf3999fb7c7241baafc28,5e553a8e6e4b263b0cb20617167ca748fca6e63867946f8366c8d8e5e503851e,ADJUSTED|RAW,true,2026-04-10,aa85b7bc3453ddb201f1dd45364e508b5d1497f17206a6f8b88eeb129310bc50,UNKNOWN,UNKNOWN,YESBANK,UNKNOWN,BUILDING,2,REJECT
2,e426c33737ada6d541d3d61dbbfdeb2e9196d34c09cb78ac868975996b176636,351869caf3fd82276cd55f84606b5b8a82957194ccbdf3999fb7c7241baafc28,fd9a75b6506a7d2e719070deded4cceb57da5b6412a872af0db4bf9dabdf0537,ADJUSTED|RAW,true,2026-01-02,a63f07304c36526beb38ad7542ffff1c883e3cb54ba5cdcb95845667478109ee,UNKNOWN,UNKNOWN,GOLDBEES,UNKNOWN,BUILDING,2,REJECT
2,e439bab9fdc0967cbf954222a069a1884780fc3f294c4249cc1e830d7004f937,351869caf3fd82276cd55f84606b5b8a82957194ccbdf3999fb7c7241baafc28,8989fb5634f30cc3a16ded4ebaccde873d8a969b7033994f85254665de380a58,ADJUSTED|RAW,true,2026-02-09,fb207f8bebb05050f9f43d08d69284546c690263472473809f131d53e6edf19b,UNKNOWN,UNKNOWN,YESBANK,UNKNOWN,READY_FOR_CONFIRMATION,2,REJECT
2,e45b68c76321c0812dedfce0b27d1e5ef962f6757cdbd02471d29d65f52cb985,351869caf3fd82276cd55f84606b5b8a82957194ccbdf3999fb7c7241baafc28,400d0f57dc992171c2dc6a50b2e8229899c80d32ddfb52f3849a17722f878ddf,ADJUSTED|RAW,true,2026-05-20,2354f07daa46eb3f96d5b988402882d65be0341240dcbb2b4ad8e33da0cc94c6,UNKNOWN,UNKNOWN,FCL,MOMENTUM CONTINUATION,ENTRY_READY,3,REJECT
2,e47fdedf337fece6daa4b92c3a138cf1d9299c958dca670f95b67a5692550a5f,351869caf3fd82276cd55f84606b5b8a82957194ccbdf3999fb7c7241baafc28,1d3410a2afdeb3f2f76e44b3276b0197ca2ff1c01cc25666abc796a8e06b50d4,ADJUSTED|RAW,true,2026-06-30,f6273fa159330cf821d0e4c702af05541f496c0f6259d1eb5eecdc498ae962ca,UNKNOWN,UNKNOWN,YESBANK,UNKNOWN,READY_FOR_CONFIRMATION,2,REJECT
2,e4d4b9b5f4ab0900daca94b340918879610b56fbe8c5ff672488ff163f7e44db,351869caf3fd82276cd55f84606b5b8a82957194ccbdf3999fb7c7241baafc28,3184d33b7a3f6fca07317fa311ab01193ce4c479cb5173d7284cf2ec064f8e8e,ADJUSTED|RAW,true,2026-01-19,18795193062905ffaab332f75deebc99af1ba99ed81022f8f64aab555f591747,UNKNOWN,UNKNOWN,UNIONBANK,UNKNOWN,BUILDING,2,REJECT
2,e539fc575d8ac995be6717949cdc89fd95926264a67eb542b09ba24638ac71b8,351869caf3fd82276cd55f84606b5b8a82957194ccbdf3999fb7c7241baafc28,7f5bd4e54065fa785b547873666b7e955f5a1ef18e26605bd8c67c51e767191f,ADJUSTED|RAW,true,2026-03-10,9076323c2e5736ef19e3ea75da6975ccefcd0748bf60d319b8d8fbd4332c64db,UNKNOWN,UNKNOWN,OLAELEC,UNKNOWN,READY_FOR_CONFIRMATION,2,REJECT
2,e5875dfb6b1b4b189b83a383efc22d517f206bbc8cb6725ed42340680ed657eb,351869caf3fd82276cd55f84606b5b8a82957194ccbdf3999fb7c7241baafc28,1e47993f9f49f5784630480e18d8cc19956a902252fd1b0860866ff556fb5db8,ADJUSTED|RAW,true,2026-04-24,68defed278f7b6c1f0fc530ce14ff301735bda844e98a1ae5b41ff68b87eee88,UNKNOWN,UNKNOWN,VIDYAWIRES,UNKNOWN,READY_FOR_CONFIRMATION,2,REJECT
2,e64c6a7e4b6c0d4640095359ac5df016624c9859fcf1a82d951ff6a7ec539ca0,351869caf3fd82276cd55f84606b5b8a82957194ccbdf3999fb7c7241baafc28,cb95191d26f0e1fda7356e2ca49410885f0a39a0d28a029db93d153c13e364b7,ADJUSTED|RAW,true,2026-02-09,f9b49265be5bec52fc179863564250e8412466bc46d9acd5c6b73bf9669b8caa,UNKNOWN,UNKNOWN,SILVERCASE,UNKNOWN,BUILDING,2,REJECT
2,e64d60af47917f68c20bdd23bb0b23fcff0e8af061a1ff6b8d837c523fb5091a,351869caf3fd82276cd55f84606b5b8a82957194ccbdf3999fb7c7241baafc28,015725f7bde06344c7e2ad8d63039f38d3a169339d90cb4d4f8627770986a60f,ADJUSTED|RAW,true,2026-05-06,dee4ea3a65f386d3be896f807f5f7087bde333a89d162cd5cb80487594f80404,UNKNOWN,UNKNOWN,HFCL,MOMENTUM CONTINUATION,ENTRY_READY,3,REJECT
2,e70d749e9d198b99571950110afef53cedaa2b8a85b8a501d759fd2df3d08d7a,351869caf3fd82276cd55f84606b5b8a82957194ccbdf3999fb7c7241baafc28,f8069d4c13f00a6afccc0cc10013d8c7b5210fe14cc52413fa384ad47a8c40df,ADJUSTED|RAW,true,2026-04-02,7a36b83e3b2cbeb99f85ea40f75fcc27f188798abc995b2f33965dd3352ecc4a,UNKNOWN,UNKNOWN,YESBANK,UNKNOWN,INVALID,2,REJECT
2,e70ee92afe42668e042fe38f946056b641f37f5b2e16b2307de3978d2d13e3e6,351869caf3fd82276cd55f84606b5b8a82957194ccbdf3999fb7c7241baafc28,15440e8e20c05fb8e79677eb901b85e21251c0f643ae45b87cec0ac2151da178,ADJUSTED|RAW,true,2026-03-13,6a69cb940bb3433a748731feebb6a46aea3b31d30ed4c7bbf1ef50d59b039894,UNKNOWN,UNKNOWN,ICICIBANK,UNKNOWN,INVALID,2,REJECT
2,e7152389de212433070ad7c9b0b688cf3ced4e3ab2e38cb1bd44dea33a4e351b,351869caf3fd82276cd55f84606b5b8a82957194ccbdf3999fb7c7241baafc28,b27564f6bbb10e13f2339d86961f1b940335e40b49e91774041b436524e70918,ADJUSTED|RAW,true,2026-03-25,7668c9a9f5d64101471e69ec6121ae1af3835d71232a2d59215b455452e72251,UNKNOWN,UNKNOWN,YESBANK,UNKNOWN,READY_FOR_CONFIRMATION,2,REJECT
2,e71d96a45271abc0dd294d0ce907c9c779da671d6d6a84c9feb833a7855e8d6e,351869caf3fd82276cd55f84606b5b8a82957194ccbdf3999fb7c7241baafc28,43d68180a921b081f7b380209d9ce525fee24224f996c3ae08a25871eff2184b,ADJUSTED|RAW,true,2026-02-24,2bc90cf1698153679ff6b3a21646a6a384a30fc4eb20fd3a0087e72bd311ba1d,UNKNOWN,UNKNOWN,TATASTEEL,UNKNOWN,BUILDING,2,REJECT
2,e742f38f5833f96af0e488bf0fd69748c08d9df8eb7a81d537f631b35f49884a,351869caf3fd82276cd55f84606b5b8a82957194ccbdf3999fb7c7241baafc28,a78cb09c0f8047d49aa5600bdabf39a5613906452d1df140dba3774e1d331db6,ADJUSTED|RAW,true,2026-07-06,9fb4af7e17ee4c60d1530d17fa5930299e9ffe20fbe5bfde55fe5f43ff9ddfd0,UNKNOWN,UNKNOWN,HDFCBANK,UNKNOWN,READY_FOR_CONFIRMATION,2,REJECT
2,e7dc882774e5281f3b64113605a185537f79674d82921e64ce22dd93408b9e6a,351869caf3fd82276cd55f84606b5b8a82957194ccbdf3999fb7c7241baafc28,937f8a82a37baf856b069cfc1bb363de9c681bec82e1cd479355fd9e9963fa20,ADJUSTED|RAW,true,2026-02-05,bfe9c80f64f29cccca8b23d39bacf5117470d8d12f507ccfffd5ef3ccbeea45b,UNKNOWN,UNKNOWN,TATSILV,UNKNOWN,READY_FOR_CONFIRMATION,2,REJECT
2,e7fe60a0934b02ef2eb05b3a036ca4f971dc5cc52a1b511a22740c467e37730d,351869caf3fd82276cd55f84606b5b8a82957194ccbdf3999fb7c7241baafc28,7f3bf105198051a4813e70af69796c88edffb91a2df3c261316f28c863ca1e38,ADJUSTED|RAW,true,2026-01-23,a3cd0b48496c209a902597af362b865eb435883856c7be530e04679e69176698,UNKNOWN,UNKNOWN,GOLDBEES,UNKNOWN,INVALID,2,REJECT
2,e85174bb570df71b14f34113d0f831d4d3fd5d1d866a7768f26a9ab4be633882,351869caf3fd82276cd55f84606b5b8a82957194ccbdf3999fb7c7241baafc28,6674cdfd3946a3a1262abe0f0b7cc60cc978060a6246f7969afa6775f4a9acf0,ADJUSTED|RAW,true,2026-06-22,8f84aafc11d4dee98b195d83e8dd793c951b6ca9d80ac403be0e815acc282c79,UNKNOWN,UNKNOWN,OLAELEC,UNKNOWN,READY_FOR_CONFIRMATION,2,REJECT
2,e85a19e9405372b34005dc404a4f360469d993e41358bf5427479ea32e51933f,351869caf3fd82276cd55f84606b5b8a82957194ccbdf3999fb7c7241baafc28,9dc61b98f8904795794588686ad8cbdf85388dec139add0a15576a1f4d12a0cc,ADJUSTED|RAW,true,2026-03-13,d378b3741bf4506feb027cf249c4ccbe4bfa817250de85afd0d7ca7b3ea60b77,UNKNOWN,UNKNOWN,YESBANK,UNKNOWN,INVALID,2,REJECT
2,e86051aef73a03f23e1d76d2efd340cf052bbb825297cb8611d6e43448d43a70,351869caf3fd82276cd55f84606b5b8a82957194ccbdf3999fb7c7241baafc28,126c71bcf5e78f9d1bbf7d4ccb9677a4cb6e6ff2da31c17b312635731df1cda2,ADJUSTED|RAW,true,2026-01-20,c4540d0a0330e748acb773b7c58f1b027c749bafaeda5a1dbc737054dec122cc,UNKNOWN,UNKNOWN,SILVERBEES,UNKNOWN,READY_FOR_CONFIRMATION,2,REJECT
2,e89bb8c4dc90207765e0a039d5ad30af1e900067f61af0c8e3057f189d6ffc97,351869caf3fd82276cd55f84606b5b8a82957194ccbdf3999fb7c7241baafc28,a0cc8b6e324a041308c8dc83502a71319887343706048ba673ff2b4877908838,ADJUSTED|RAW,true,2026-06-15,c4e4778527588b43294deb1a9998ca51f9c5972e8914d6b79402322be254108e,UNKNOWN,UNKNOWN,GTLINFRA,UNKNOWN,READY_FOR_CONFIRMATION,2,REJECT
2,e8c670661aa7219f74418f54f84e45be236a415b0f2d4a06732d7cf34e36c83a,351869caf3fd82276cd55f84606b5b8a82957194ccbdf3999fb7c7241baafc28,0f1429d21ff677554675793d6d863d530ed307b34e1a812688d80f32f57705d2,ADJUSTED|RAW,true,2026-01-22,67d854960b7d7fcb26d0c1cbeca6b3355886e64ebbe34cdfa1a4511ce0e67572,UNKNOWN,UNKNOWN,MEDICO,UNKNOWN,BUILDING,2,REJECT
2,e907b11e997e96c82e6904a01bdc27f67e8cb6b32d15dc3bdac0dfd9db811f79,351869caf3fd82276cd55f84606b5b8a82957194ccbdf3999fb7c7241baafc28,e1f7bee53ff28ba2d3559b75ecf1b1c3858f47db9722a797ec9919ef508f286d,ADJUSTED|RAW,true,2026-01-07,da3efd49ab25d75e709e0ff92cdbe64de2d50a34c72d53d86d6e09d08f1071a5,UNKNOWN,UNKNOWN,IEX,MOMENTUM CONTINUATION,ENTRY_READY,3,REJECT
2,e9250f9ae2286bac5fc92891bb9450523a1d5ebf2de6ca37f700f0f9d6a35d56,351869caf3fd82276cd55f84606b5b8a82957194ccbdf3999fb7c7241baafc28,406fbf4449dd94a26803e63344e7e90325fbf200081e3babb657c419f85240e7,ADJUSTED|RAW,true,2026-02-25,9301d31f3aae3cfd68fdb7f1fd99e68bdaf96df8606f168a2f990807c132dfe6,UNKNOWN,UNKNOWN,TATSILV,UNKNOWN,READY_FOR_CONFIRMATION,2,REJECT
2,e93161662ceaaf3f797893cf74df1d9cdda85b8ce9a862f5e95d4cca20c53a8d,351869caf3fd82276cd55f84606b5b8a82957194ccbdf3999fb7c7241baafc28,abff23ea7d08fd659b663d2e6061c371a3b4992bcdeac9defd8bd4d100bf3e28,ADJUSTED|RAW,true,2026-03-25,8000428519ed387259bddbdbeeb282029ba95fecb4b5aad484d0d1ee86256e25,UNKNOWN,UNKNOWN,GOLDBEES,UNKNOWN,READY_FOR_CONFIRMATION,2,REJECT
2,e96383f1e98d7dedaaba5e5ece1f6e51204b9cfef99bfff1f1a6b952f9ba0b75,351869caf3fd82276cd55f84606b5b8a82957194ccbdf3999fb7c7241baafc28,554769a80ae91c6765f41b08ab4e4a0d8f450ea4bcb098dffd8a5501bd5c5b1a,ADJUSTED|RAW,true,2026-01-12,74daf3e49412bf5285b0237d8c609e73c4d15f1324eddc51e06d9ef494cdfc71,UNKNOWN,UNKNOWN,HINDCOPPER,UNKNOWN,BUILDING,2,REJECT
2,e96ccaab9ffc4111f7263bee77d19fd6ea21dfb8e8aac15cbc0f5fea5182bc4f,351869caf3fd82276cd55f84606b5b8a82957194ccbdf3999fb7c7241baafc28,9bb32042068f6e518b22ad0813d6de4dc797a63fc1f86970eb7c9f043aaf26c3,ADJUSTED|RAW,true,2026-06-08,3f4759fcf303af82ace1f5a81b81b04e1220aeef6f1cad069fdac25f1596713e,UNKNOWN,UNKNOWN,GOLDBEES,UNKNOWN,INVALID,2,REJECT
2,e96fad3dd60a7c845bc30f1afa4d6d3d38e74a50651a1beb4ca2f9e7c46b2931,351869caf3fd82276cd55f84606b5b8a82957194ccbdf3999fb7c7241baafc28,becfd24bbd1445c5bd9d2390dcac02fad2f8aae5bf55ab0233bc5539fa56fb59,ADJUSTED|RAW,true,2026-03-25,c27d6a728b7702ca0d1be1544d4483cd278fa2f92ed65ea5c0b16f1ba411d9dd,UNKNOWN,UNKNOWN,FILATFASH,UNKNOWN,INVALID,2,REJECT
2,e9e011b9950cbf111395e79ba8625626198d92d33c8c1e6ad6ce90e8849197ef,351869caf3fd82276cd55f84606b5b8a82957194ccbdf3999fb7c7241baafc28,602e92c1f48c37e9dd5c66376b07a437106e1c36526351b261c27f78cd31273e,ADJUSTED|RAW,true,2026-01-08,1ef64f77d012899b74b7b0fcbf21383e443f636608666516f3a0bb654568ea0d,UNKNOWN,UNKNOWN,PCJEWELLER,UNKNOWN,READY_FOR_CONFIRMATION,2,REJECT
2,ea0a7e05e53719be07522fc9aa3d1f4451c5a45a81cb92d35df36fbf018cc5c4,351869caf3fd82276cd55f84606b5b8a82957194ccbdf3999fb7c7241baafc28,a32e21dc71a39cfb81b6b85765678f179053a9322ae6b5594823f4f73e2b63ad,ADJUSTED|RAW,true,2026-02-23,1ba1f169baa2360a218362e715f3153a4f28f5d653d5e07c726bdfc20cd0c55f,UNKNOWN,UNKNOWN,OLAELEC,UNKNOWN,INVALID,2,REJECT
2,ea0e9225c83f0b2ccb546fde55428b5f360fca39aa19acb3956285e7e95e2fb4,351869caf3fd82276cd55f84606b5b8a82957194ccbdf3999fb7c7241baafc28,a2e99bc7ac32179a7ca64d79c0d9eb76062ab3a58e6ba12b552dcc2259c71dae,ADJUSTED|RAW,true,2026-02-10,34027771d106255be4f29799fafbf33a6346d2d5aad14eb4433e2dba1828a8ad,UNKNOWN,UNKNOWN,SILVERBEES,UNKNOWN,READY_FOR_CONFIRMATION,2,REJECT
2,ea5d107db5628a5f513b5586b388f70d3fa713035f0e54ec01f47e3ca5f2d8a8,351869caf3fd82276cd55f84606b5b8a82957194ccbdf3999fb7c7241baafc28,e26543f39979068eefba55cb3d2e1d032149cd0c56fc7544096d735b6edc74e2,ADJUSTED|RAW,true,2026-05-15,de0c95baaf543475bdda17eac6c4bc484192962c5c0bf137b959e6fe8476a47c,UNKNOWN,UNKNOWN,SAREGAMA,UNKNOWN,BUILDING,2,REJECT
2,ea9921e01e1e4e336d54559b08b9d492e242d772585997224038eb2dd3d5640f,351869caf3fd82276cd55f84606b5b8a82957194ccbdf3999fb7c7241baafc28,559543a282128eb1fda10b07f13ab7800d7c6b05111b6ee1986f5758477633ec,ADJUSTED|RAW,true,2026-06-22,e4200fb155ff569deff56aaf81871a3bd8113ae239f4b9cc243679a152572bea,UNKNOWN,UNKNOWN,NHPC,UNKNOWN,READY_FOR_CONFIRMATION,2,REJECT
2,eb16a60ff0c06be453098cccaa4067542004a8c807c473149eaa1f53ec9aef4f,351869caf3fd82276cd55f84606b5b8a82957194ccbdf3999fb7c7241baafc28,9767a126f534f728c7b2870fd0df1793ecc22258dd4c5506b646ecef4baedf8a,ADJUSTED|RAW,true,2026-06-08,d70e4792ff51ead113125ee01347ebdd7cbd9b19969f55c89d3522749ad0f934,UNKNOWN,UNKNOWN,GTLINFRA,UNKNOWN,READY_FOR_CONFIRMATION,2,REJECT
2,eb20cf939c9dd6becc0c4e2b470d2fa1e48798d4d439eb106142f024e726f57b,351869caf3fd82276cd55f84606b5b8a82957194ccbdf3999fb7c7241baafc28,7b04752bd3e5325b81649c2f194c0381959a3dd686d8309b6234d99d1fc09b48,ADJUSTED|RAW,true,2026-02-24,e9eb76e3a66f5029a0e67e19eb67ad967fa828917ea71cc8dae91d79dc1ace7c,UNKNOWN,UNKNOWN,TATAGOLD,UNKNOWN,READY_FOR_CONFIRMATION,2,REJECT
2,eb3badb0fc7844e2bf5f5b04b46972bc0fa5190ccd57fcb9380d4bf50ee51aac,351869caf3fd82276cd55f84606b5b8a82957194ccbdf3999fb7c7241baafc28,d963451c7412d02973492de1293ba4568caa8dacb92e55857fcae86d183bd3bb,ADJUSTED|RAW,true,2026-02-11,f7bdf95d74b805fd7666ab4f428e54923836b410f1c1e5f8498e518886f35d9e,UNKNOWN,UNKNOWN,BCG,MOMENTUM CONTINUATION,ENTRY_READY,3,REJECT
2,eb7e758a34f305b2a8416520278a3d7ac905a04440951dff74c44c5a67bee523,351869caf3fd82276cd55f84606b5b8a82957194ccbdf3999fb7c7241baafc28,cfa23f2f3cc4d90add1929d1f0b1390b082b4c5df4b5d5d60d00dbc5e7459daa,ADJUSTED|RAW,true,2026-03-17,cdf799086608e2a45b481f29331dd078940c682cf8a788fa97ce2b8c32ecdb3e,UNKNOWN,UNKNOWN,FILATFASH,UNKNOWN,INVALID,2,REJECT
2,eba85b49436bef1c9816ad60d767a39b1287575b72a70d51659fe9bb41ad68cb,351869caf3fd82276cd55f84606b5b8a82957194ccbdf3999fb7c7241baafc28,f77e4e883e9afbee466ee2f410c66310e53d8d9c39d3a31cba8905307ed99ce3,ADJUSTED|RAW,true,2026-01-22,733bc527e879a5b778f72973e563f74b701ef34d356d87e78a0105e966162ff8,UNKNOWN,UNKNOWN,VISHWARAJ,UNKNOWN,INVALID,2,REJECT
2,ebcedd71c8e466d1f0502fcaa047c8a34a57b3e64a9c46409a0ac6d09ebf17d7,351869caf3fd82276cd55f84606b5b8a82957194ccbdf3999fb7c7241baafc28,473a7c604a69465c1cb0b3cce8b82a9669a04ee2c5e96bb7872b76194ad409fc,ADJUSTED|RAW,true,2026-04-27,e1cf790a5476b7ca2abac01bec0c18607908ab268f3d968ed22040576c37e964,UNKNOWN,UNKNOWN,ADANIPOWER,UNKNOWN,READY_FOR_CONFIRMATION,2,REJECT
2,ebea79466ec258fb259d655dc0d5bce85ff9136db8b001864f2dce7e4044b1be,351869caf3fd82276cd55f84606b5b8a82957194ccbdf3999fb7c7241baafc28,323460dcf570003dac3e947a183029579db56087eb4eef5428dffa10dc4f45ef,ADJUSTED|RAW,true,2026-02-03,47b487335f7b82d9a7ca2d714fa8c47068d6b9ad6ccf8461f52108b1ecb8553b,UNKNOWN,UNKNOWN,SILVERBEES,UNKNOWN,READY_FOR_CONFIRMATION,2,REJECT
2,ec3435b1c6e8ee67c39a8e8942453ae1f3fb3975557562a69fdf73ea69f4dc62,351869caf3fd82276cd55f84606b5b8a82957194ccbdf3999fb7c7241baafc28,d8a121b14c4e88d5de3e7867053890875cd8f10fa9b5ffc90c031ae36097bfc8,ADJUSTED|RAW,true,2026-06-12,e66f7a4b572f6780eea8d506c72a570294dccdd4d92dab69217f5d04f050605b,UNKNOWN,UNKNOWN,IFCI,MOMENTUM CONTINUATION,ENTRY_READY,3,REJECT
2,ec7891aac7642a2b6133571b871929f2cd04e17a4570524911fa71ba1abd2e76,351869caf3fd82276cd55f84606b5b8a82957194ccbdf3999fb7c7241baafc28,e059d6506e6d56bb35ce43d3c6c28aa9762a4bde2225077f856e844873c7d16c,ADJUSTED|RAW,true,2026-03-18,e9a1038973daa7edf1da3273c2a0fe6cdbe4df2d9d3553ac3523f2b89a262c27,UNKNOWN,UNKNOWN,MMTC,UNKNOWN,INVALID,2,REJECT
2,ecb35cbc2a501c77f6d23cd013215acf3491a59e82dd730454f2f5d3f67f45a5,351869caf3fd82276cd55f84606b5b8a82957194ccbdf3999fb7c7241baafc28,1af2a0d9f3938cd147c627489270289c9b9163b075b271ebecc067ff326b762c,ADJUSTED|RAW,true,2026-06-01,d5892977bd729eb55c2cd43c4789e4eee9c3ebcca956a7379b0181b5536af15d,UNKNOWN,UNKNOWN,PCJEWELLER,UNKNOWN,INVALID,2,REJECT
2,eccfe0243db99c2892825e69eb30bab2556f6817bef0f218a38f53ff4e57d5cc,351869caf3fd82276cd55f84606b5b8a82957194ccbdf3999fb7c7241baafc28,2ffaa2b7ee1b18dba9472dd4b832dbfa31ca59db56bcea0539ab6a174bf473cb,ADJUSTED|RAW,true,2026-01-21,c5d7027651508c066a9a00593e4b4b285d4977c64b45dc65b8f39b27916b3c24,UNKNOWN,UNKNOWN,SILVERBEES,UNKNOWN,READY_FOR_CONFIRMATION,2,REJECT
2,ed724b2c6f151f8dd8603fc54d858214d536ab8ebace802a75fd9887fd957785,351869caf3fd82276cd55f84606b5b8a82957194ccbdf3999fb7c7241baafc28,577e73f26d2173b761bc0e47ff06f379db0222a715d2033fd0e636bee49fa1df,ADJUSTED|RAW,true,2026-06-03,8ee219dc39ed1d1743388a248cda5d4849bc94e62c0c0367ce15bc68ccfbaa47,UNKNOWN,UNKNOWN,GTLINFRA,UNKNOWN,READY_FOR_CONFIRMATION,2,REJECT
2,ed89401b3bfe6595c3df0627c6cc1b6c966a98cb7e3d428c64fe882b73e16a82,351869caf3fd82276cd55f84606b5b8a82957194ccbdf3999fb7c7241baafc28,6cee2bd12b3b0de637c0992a31b35d1fa1c35e0d3a79bb6c75211a17409779c1,ADJUSTED|RAW,true,2026-06-11,8bc220ea406e835a07074f55d989ab66fe7d26e2a48b21612fc71e1d852936ff,UNKNOWN,UNKNOWN,ZEEL,MOMENTUM CONTINUATION,ENTRY_READY,3,REJECT
2,ed9b9621a7241576e6522bb0584a4e86a8d2eba92d6fc077d82ef1dea1032a0b,351869caf3fd82276cd55f84606b5b8a82957194ccbdf3999fb7c7241baafc28,a2fc6da46c79dd41ae07ab71ed715ccfcdd487b8c3970ce3e71c0e9e17da99bb,ADJUSTED|RAW,true,2026-03-27,98f187abfbe814daca7d555c564080357c3f4409ed30c5aa4ffad30c49d984c3,UNKNOWN,UNKNOWN,GOLDBEES,UNKNOWN,INVALID,2,REJECT
2,eda3955bd228d650c9505cf00f69cf75c9946c80a385d2ef57d43906149346fd,351869caf3fd82276cd55f84606b5b8a82957194ccbdf3999fb7c7241baafc28,362b134f15b8a694f8bf74c4fa4ea887566ca8a968ee26ed648cd1727b4d0148,ADJUSTED|RAW,true,2026-04-17,c56ee4575206cabcfa878bd2846aeff1636df0ff8b77abf963118e3282fa6988,UNKNOWN,UNKNOWN,TATSILV,UNKNOWN,BUILDING,2,REJECT
2,edb475c304ebed32755183e34df3eab42bb1dfd0fb6b7141948f76b8bbc0f0ad,351869caf3fd82276cd55f84606b5b8a82957194ccbdf3999fb7c7241baafc28,9221dc56efb06e7e2e5f35b18757322b22f58d0da53b762aa26a9ea8182369e5,ADJUSTED|RAW,true,2026-03-11,2ea689fa4ece3bce3cb40ddd8aad080336ed319566aeb7a7298f83edd9606190,UNKNOWN,UNKNOWN,HAPPSTMNDS,UNKNOWN,READY_FOR_CONFIRMATION,2,REJECT
2,edfa32ce0c566f354226d76160de11207943f22467c8535a5642ee2d968ae164,351869caf3fd82276cd55f84606b5b8a82957194ccbdf3999fb7c7241baafc28,bd330aa2bba8e9ee459356b01fca073c96f4634143cc87a02f4c34b4ca311124,ADJUSTED|RAW,true,2026-05-21,c2424733847788bd32f79ac6e0d1c50e0f30b813ef5e68baff8ebc295d0473a5,UNKNOWN,UNKNOWN,MOTHERSON,UNKNOWN,BUILDING,2,REJECT
2,ee18330744be328ccc61011d000c6a0f69e6c87af9db2e5e1377ca322f31a493,351869caf3fd82276cd55f84606b5b8a82957194ccbdf3999fb7c7241baafc28,511dcbc82cebc72df067637fcd80377244cc397a6d6a7291ae0c3868981e1e6d,ADJUSTED|RAW,true,2026-04-10,e6e8663ab201d0e886374e562578255050a50a70138140cd446f6b193875b5df,UNKNOWN,UNKNOWN,OLAELEC,MOMENTUM CONTINUATION,ENTRY_READY,3,REJECT
2,ee38577d2f9f1a62218755cfbd8e617e3ef3d7872e5f1defa5f0b48e56f6f29d,351869caf3fd82276cd55f84606b5b8a82957194ccbdf3999fb7c7241baafc28,a6e6c6132c0b1b0b16c7df194711bbd644cc4a2b221a250a00212349be277ed3,ADJUSTED|RAW,true,2026-07-13,56e0111d4d2c995edd5513413a3d0e501272ffe7acc2b913bc1df740bbf6c2de,UNKNOWN,UNKNOWN,TATSILV,UNKNOWN,INVALID,2,REJECT
2,ee53d4ba040ed4f6049a05ffa65d3293f9680c635fadff87f95f316e65bc482c,351869caf3fd82276cd55f84606b5b8a82957194ccbdf3999fb7c7241baafc28,10b5b6fb8b608f372cf0baef11056903af30eaca529ecdfb02531e2aacda50e6,ADJUSTED|RAW,true,2026-04-28,e1fce853745975327ce24de4fcc75b25a44b6f1c4c2050888f93bc80115b241e,UNKNOWN,UNKNOWN,ONGC,UNKNOWN,ENTRY_READY,2,REJECT
2,eea29e9eafd4fef357bb1c3c38b5864261f676ee2c64c0f107c3375cccb5e754,351869caf3fd82276cd55f84606b5b8a82957194ccbdf3999fb7c7241baafc28,77f79315b2038fe9e704ae9712fee3eee562df1ecc333b930225353d9df53ed5,ADJUSTED|RAW,true,2026-02-20,73bd27fe8253704490f4b92eaa5f1917ec85ece1bb6dd5651d295bc026a4b36d,UNKNOWN,UNKNOWN,YESBANK,UNKNOWN,INVALID,2,REJECT
2,eea33fe3da5f36aecb636a472a32fa2a7664fdb855fbb80f2849d96a981a2a62,351869caf3fd82276cd55f84606b5b8a82957194ccbdf3999fb7c7241baafc28,ff6acf4111751208ec42bbf90dbc48c2ff6c063095d4210a754ffdc97e6f1438,ADJUSTED|RAW,true,2026-06-08,cd7773239e2f8567a0fcbe3c0506652a40200387a853d41e6f53dfe18dab3bb6,UNKNOWN,UNKNOWN,HDFCBANK,UNKNOWN,INVALID,2,REJECT
2,eeb7282ed0d21a9000c79048a6395c0871abf1e08686bcfdb650dc1c570e0bdb,351869caf3fd82276cd55f84606b5b8a82957194ccbdf3999fb7c7241baafc28,d4eeb85e2e789995b26c18dccb156cc32dd5d519650553e23760f19b3e9a2302,ADJUSTED|RAW,true,2026-01-08,b359fbbc0587d4e1922ea871995632dfc011f3b69ba51b9a82f98effd47155a2,UNKNOWN,UNKNOWN,TRIDENT,UNKNOWN,INVALID,2,REJECT
2,eec06c50f085d393d92a31aeb170fec56e74997ff58cbe938d7cf10596a9c4e4,351869caf3fd82276cd55f84606b5b8a82957194ccbdf3999fb7c7241baafc28,9c7b22a21e0310941afee56325736ae69c4af568ea2ddc2354f6161da824ea9a,ADJUSTED|RAW,true,2026-02-20,16f8de58966bffc7671c1ee7a3031240012c77a255442224827b6ec4231ea64b,UNKNOWN,UNKNOWN,FILATFASH,UNKNOWN,INVALID,2,REJECT
2,eecfdd806a53109d7645b713bca8021ec8f1604a06a1761a2658d471d867d612,351869caf3fd82276cd55f84606b5b8a82957194ccbdf3999fb7c7241baafc28,44c3513400146a163afc76d306f01e940bf897097088b80037addee252f5c7ef,ADJUSTED|RAW,true,2026-03-09,2da244606c8f9a7f44dd2fcaa32c385382cb9aef0a2042b7d3d739ae25bd9f73,UNKNOWN,UNKNOWN,GOLDBEES,UNKNOWN,READY_FOR_CONFIRMATION,2,REJECT
2,ef0298be63c0b80cc485914ad1c51ac459dd96c3138b8ba3158892fe77b08a69,351869caf3fd82276cd55f84606b5b8a82957194ccbdf3999fb7c7241baafc28,07b81fb7b7c90c4ed12dbced31d470149fc1f0dd3b60677d122c642aef389929,ADJUSTED|RAW,true,2026-02-16,3a455a17852df047dd278072dadf657e7d406ae99f772f2e5394d439de8eca26,UNKNOWN,UNKNOWN,ITC,UNKNOWN,INVALID,2,REJECT
2,ef32dd4ea7544dee1e1cdb723f1b3ef61f033e7f2f392ae955d5ff8502cc517b,351869caf3fd82276cd55f84606b5b8a82957194ccbdf3999fb7c7241baafc28,d10a8246acad5c560d9c3f76f12fa2c2c656ff4908cca6d5f912e1c4feeb9b60,ADJUSTED|RAW,true,2026-01-28,c813f684d371410dc00ff57fa3635492a7c6e219d6838ef18dcaaf2d79fa0bea,UNKNOWN,UNKNOWN,TATSILV,UNKNOWN,READY_FOR_CONFIRMATION,2,REJECT
2,ef3adcfa09123af4176012b24bcfd1f65ab5334d39d97ec5ad85092fbfd5db32,351869caf3fd82276cd55f84606b5b8a82957194ccbdf3999fb7c7241baafc28,9f6aa17be3ceed0baa2124139864fe6642072400b28ba839e7bf22bb57d94ac8,ADJUSTED|RAW,true,2026-06-05,353c206e16a98e4fc2324e31d4e22d94b88ff61195c5af424f12b55b46f81edf,UNKNOWN,UNKNOWN,NETWORK18,UNKNOWN,ENTRY_READY,2,REJECT
2,ef736d17db1fd180fe4e15e99b32e3dbc5b78f06735e27875655ed14a5c7c3fc,351869caf3fd82276cd55f84606b5b8a82957194ccbdf3999fb7c7241baafc28,091d76c92ea5ed28ca8b9e91db49bebfaba7d7b58f7a0469945f9d5ab8d58b87,ADJUSTED|RAW,true,2026-02-12,e3ad3b112a9dcc3edaaf94f9aa41d7b2b31a7d20ef5f0a09c3a0e8fc62162c01,UNKNOWN,UNKNOWN,BHEL,UNKNOWN,INVALID,2,REJECT
2,efbd806bae7ec29a711953f003afa1dcb1b4ff1da01fe6affa541add9ec19db1,351869caf3fd82276cd55f84606b5b8a82957194ccbdf3999fb7c7241baafc28,f477357176688ae7e076cd7c1ef8f6b769383188d587a4f5a79ec2e250fac824,ADJUSTED|RAW,true,2026-01-09,62f7369fab9862bffa2d7ee96f68449b609dcbf9ab1e123b9eced1fef067a5c9,UNKNOWN,UNKNOWN,ETERNAL,UNKNOWN,INVALID,2,REJECT
2,efea454e4fcf5c6b8fea6f3088691e5c06b25556229c5eada0cd68cc10e45722,351869caf3fd82276cd55f84606b5b8a82957194ccbdf3999fb7c7241baafc28,e8c8d9253ee2a5c6e9516a271a944fd38735b807e6070cf03495564ddec059cd,ADJUSTED|RAW,true,2026-01-28,f8cf8b127dec87d334d319c7d837528da2f828cfa77cc1fb3041c7eeedc1f72f,UNKNOWN,UNKNOWN,YESBANK,UNKNOWN,BUILDING,2,REJECT
2,f0b559d39e6aa1e8a2e2b433bd33cccd1dd7249a6e640fc69c02383a2cfb2b97,351869caf3fd82276cd55f84606b5b8a82957194ccbdf3999fb7c7241baafc28,e5f57755033a4f76e0c5fb1d3b27e955f29c71cce7ba2dcba01777cd94d1b69a,ADJUSTED|RAW,true,2026-05-19,916a07a2f48f00bc96fdba14482f148ba612ea93c2b4491ed6ecad0df680034b,UNKNOWN,UNKNOWN,INFY,UNKNOWN,INVALID,2,REJECT
2,f0d36945b69f69ac433cc237bb0a88e0591df12ce07a71d54db3e953f0948130,351869caf3fd82276cd55f84606b5b8a82957194ccbdf3999fb7c7241baafc28,4b2a67e0ece357d926495717d349e7f8f49070b8ef47f60c4f8ee22c81494664,ADJUSTED|RAW,true,2026-06-22,e0d8e3c8229d16d7e4324fd0968e2f64d584f9383e2c95ae4439eabac4f8b182,UNKNOWN,UNKNOWN,RBA,UNKNOWN,ENTRY_READY,2,REJECT
2,f0d97a90e30a9c0b8cb1a219dd62110c91fdfa6108181aeb73e34fb82a635b56,351869caf3fd82276cd55f84606b5b8a82957194ccbdf3999fb7c7241baafc28,704fcab46c013c48a6a6ffb7ba4e7916d45949b4e832c7e71133161a9bf93895,ADJUSTED|RAW,true,2026-05-22,d33addca3c51ae3c4621cbb129f65877c8dbd223bee348e7d40d2c583596dcc8,UNKNOWN,UNKNOWN,JPPOWER,UNKNOWN,READY_FOR_CONFIRMATION,2,REJECT
2,f0fd5642e3ae1601ac08618fa648fea678508a48773be9e2a32a6fa30dd28656,351869caf3fd82276cd55f84606b5b8a82957194ccbdf3999fb7c7241baafc28,20308c228f63b30bf84eadb53a364b731c363c3a787d9910daea54957126b633,ADJUSTED|RAW,true,2026-01-22,82682e1494fc0a6812331a2efc371c1af8d91442bda51668afc12a0ffb486b5b,UNKNOWN,UNKNOWN,MANAKSIA,UNKNOWN,BUILDING,2,REJECT
2,f1c22c509776a117eecceb1719148f8fe411c9e7d2bd9ab32204cf5e00f89f28,351869caf3fd82276cd55f84606b5b8a82957194ccbdf3999fb7c7241baafc28,489b87fe59e90484d2e208a53307d70371072c306c4821d3ae0be0915107d4b6,ADJUSTED|RAW,true,2026-06-15,651b2dccbcbe77b79eb898b1d22f1a1a857723f8dae29060736432ca5f373f95,UNKNOWN,UNKNOWN,TATSILV,UNKNOWN,READY_FOR_CONFIRMATION,2,REJECT
2,f1db167b42c6b8f07297a50f94ab96ab4dea4218cd4b610c566c0806c53a78f7,351869caf3fd82276cd55f84606b5b8a82957194ccbdf3999fb7c7241baafc28,1089132b3b8856329424502f2c62c02b0bfb9658ab6b68a3dcebbce70352939a,ADJUSTED|RAW,true,2026-05-05,f4dda1764ac7563749615caeca75ac1ea9f1a6d965237c1e155cadbfeb34427c,UNKNOWN,UNKNOWN,JPPOWER,MOMENTUM CONTINUATION,ENTRY_READY,3,REJECT
2,f1e930ac89fc3ec48e68718963d4c99f40091e69f3051fbda7fa8e33e4c114d0,351869caf3fd82276cd55f84606b5b8a82957194ccbdf3999fb7c7241baafc28,c4130f044023c28775b38f18fff7f784c3324d2a653875f1bcd5acb2e0262196,ADJUSTED|RAW,true,2026-05-26,db8208213da68e16ab45a093c58cfdea66ccd174e529e3757c23e143b8dc6a1f,UNKNOWN,UNKNOWN,TATSILV,UNKNOWN,READY_FOR_CONFIRMATION,2,REJECT
2,f2360a307c88c634f64813a9c4d78380034120702aaa3a0c09e39d49f1e6fc54,351869caf3fd82276cd55f84606b5b8a82957194ccbdf3999fb7c7241baafc28,8b0a1f8baf13df19bc80e79ca89f1fcf8744a756a39a24eb922eb23f96901be2,ADJUSTED|RAW,true,2026-05-19,0fe008a41b81f3450e65cbad1f511921f5557b953b4e66d64657d22633effd14,UNKNOWN,UNKNOWN,TATSILV,UNKNOWN,READY_FOR_CONFIRMATION,2,REJECT
2,f257a7bcc36ce8ea78471af7c4c84e9a8db3ebea3e994d3976ce55b257b3f4b6,351869caf3fd82276cd55f84606b5b8a82957194ccbdf3999fb7c7241baafc28,14a055a5df7f7e9f4fb43c61226e55a14cf272487fd4f68c0e6507fa72ba5ad6,ADJUSTED|RAW,true,2026-06-15,98e11ae14f794814d893e574c539f8e25e87854920c8700f7d1d0a781ee23029,UNKNOWN,UNKNOWN,MOTISONS,UNKNOWN,ENTRY_READY,2,REJECT
2,f2c1e2e6eb82a330c29737264804b70f798e915c0ee141117394afa585da431f,351869caf3fd82276cd55f84606b5b8a82957194ccbdf3999fb7c7241baafc28,2c3feea3e35e95cc6d1e588a57bcc98fa9d114797e6ca6d6e8cb725e6c6265b5,ADJUSTED|RAW,true,2026-05-06,d850d6e206e98ffed0d960ba5e85a090aebdc42cb8d0c6f31043cc590040cb62,UNKNOWN,UNKNOWN,SILVERBEES,UNKNOWN,BUILDING,2,REJECT
2,f2ccc934216e2d42cc4a4ce771575a55539a71f74813079736ce6fe5a8c07840,351869caf3fd82276cd55f84606b5b8a82957194ccbdf3999fb7c7241baafc28,ad61c44ebcd8aee8c7148ca78a30a50c00d910c27933a2edf9d54bb92dff6d40,ADJUSTED|RAW,true,2026-02-16,303257332932e9de217c596fb5f83d54cc6540c381cf237e4788ed707d6b2f5d,UNKNOWN,UNKNOWN,GMRAIRPORT,UNKNOWN,ENTRY_READY,2,REJECT
2,f2ce446983106680705592bd6b7dc1d26ed39b12b1d122ad3ec66d1dc883b040,351869caf3fd82276cd55f84606b5b8a82957194ccbdf3999fb7c7241baafc28,35745695928ba57812b249ba93d052651137adf8e218a6f2ed1f27b9fd6a7b88,ADJUSTED|RAW,true,2026-04-17,070e35995e6f5140f771b1974cbc732db8fd8369341bb912e158462cd9053672,UNKNOWN,UNKNOWN,HDFCBANK,UNKNOWN,BUILDING,2,REJECT
2,f300398746b7052a4115d560cd329a582195f29ab3f4ba4fd853fbfd46984074,351869caf3fd82276cd55f84606b5b8a82957194ccbdf3999fb7c7241baafc28,826945ef78540498f0db1c045a237428aa72edd53a172ac35e9d3906f2c74772,ADJUSTED|RAW,true,2026-05-07,5cfd400401bb43fecb6ac483b888d3377e26dfcb1722f8d5c6b034800a23c18a,UNKNOWN,UNKNOWN,JPPOWER,UNKNOWN,READY_FOR_CONFIRMATION,2,REJECT
2,f3117d11138a21bc3be586f4789a51a993faae054b10170d3dd3bd6b27f32f72,351869caf3fd82276cd55f84606b5b8a82957194ccbdf3999fb7c7241baafc28,f3aaafab0b4dd74ae4e2ec56d529aeeaf75687b50de4ef3e110879e2770ac1e4,ADJUSTED|RAW,true,2026-04-30,a5e36a5a1d1853187b10cb1a33d2749a05bd972176d6cd592a31e5cbb8100d50,UNKNOWN,UNKNOWN,JPPOWER,UNKNOWN,READY_FOR_CONFIRMATION,2,REJECT
2,f3495cceedf5a82d06fced706bd1af84e077d2528d49dc1572b48d58dda0717c,351869caf3fd82276cd55f84606b5b8a82957194ccbdf3999fb7c7241baafc28,b209c6566f5206a94fc37ffff4fe0acffc59b6e8755f5e379755035745cc924e,ADJUSTED|RAW,true,2026-06-02,ed9c1132350ac4fb87422ba486ba536d6036cb89ad54286f3ad489262f67ef47,UNKNOWN,UNKNOWN,IFCI,MOMENTUM CONTINUATION,ENTRY_READY,3,REJECT
2,f362e2c24dd9228cb3b0a9e6f5a7c8d3029c37f844ee094c5e0569c9878c2850,351869caf3fd82276cd55f84606b5b8a82957194ccbdf3999fb7c7241baafc28,99722f714c9a701bef901b3d8d498258fde91426cb5a221e3717bcc6425b5c42,ADJUSTED|RAW,true,2026-05-25,509d89a465c227eba6285add293a51ca3cb140198c56bbaee94797890bd0dd66,UNKNOWN,UNKNOWN,JPPOWER,UNKNOWN,READY_FOR_CONFIRMATION,2,REJECT
2,f3a460fe7c846dd7fc68cade7debe3f1adb0beb91410cb5ac769e40410c76589,351869caf3fd82276cd55f84606b5b8a82957194ccbdf3999fb7c7241baafc28,c7d5b0ccd840deb46c20230f45d5d9e6c8c2a41b32f6bec3c352cc300b310a76,ADJUSTED|RAW,true,2026-02-18,033d50c1138946e75ac542860c7f3fc7c60261dd3439104291f39454b45eed5e,UNKNOWN,UNKNOWN,AAREYDRUGS,UNKNOWN,BUILDING,2,REJECT
2,f3c2bda2a9238ee7c00d5c333e03bc112f85b23de293a35066445f76a1c19a68,351869caf3fd82276cd55f84606b5b8a82957194ccbdf3999fb7c7241baafc28,3b7358847b001c601d74363ea1781673d250d9841bb5601878f3c693cf39dedb,ADJUSTED|RAW,true,2026-06-18,9b9c23e28a4d5896b942b76210552e0a9d7584dc53b4b99fdbf975c3e2314e5d,UNKNOWN,UNKNOWN,YESBANK,MOMENTUM CONTINUATION,ENTRY_READY,3,REJECT
2,f3e716ba20336c5f5ed5e8dcab7a7356d899bbe46e393c80d11e2423a0ef8059,351869caf3fd82276cd55f84606b5b8a82957194ccbdf3999fb7c7241baafc28,78da19bbd5170765888911c6cc009ca3959164041ee224f96173767bd4885c6d,ADJUSTED|RAW,true,2026-01-09,97b6e8bb5e7822d1afd4ce2d255cc63f5a721147c5429a73b2f8358aba5bfb1f,UNKNOWN,UNKNOWN,TATSILV,UNKNOWN,READY_FOR_CONFIRMATION,2,REJECT
2,f405548b75745da6dd47644e12d02573660741056e6d19b6cb75dc14adda3e0c,351869caf3fd82276cd55f84606b5b8a82957194ccbdf3999fb7c7241baafc28,23e4b1c0a7ca7ad31fada9785d42ad8a968de2eb5a8fb7f77db7d2e059c3c1a8,ADJUSTED|RAW,true,2026-05-04,7e5974d12a800ac7ce628e8f014c39f30988d00b6b6ecb090bd505a8c0d36976,UNKNOWN,UNKNOWN,ADANIPOWER,UNKNOWN,READY_FOR_CONFIRMATION,2,REJECT
2,f40af7aa4a1208298dfca4e9f54a57aa5cebbc379dc9f000c75e0c58a1465a8c,351869caf3fd82276cd55f84606b5b8a82957194ccbdf3999fb7c7241baafc28,c166ffe020d1eeb6d94c3e2eac3d6501a4ad54981aa3fb45108e79345b9e2149,ADJUSTED|RAW,true,2026-07-14,f46748ff5b581f79ebdb5044d6847bdba5db2511e9176dadc3c9832103eac48e,UNKNOWN,UNKNOWN,JPPOWER,UNKNOWN,INVALID,2,REJECT
2,f45ec7662302ca2fb580f1559de70864420a4e55b78c3964555c042c391aa2d8,351869caf3fd82276cd55f84606b5b8a82957194ccbdf3999fb7c7241baafc28,711c68aa6b83d297416d36a8474e6dfa13fe1af3c74dd4a655386536856ddd03,ADJUSTED|RAW,true,2026-03-13,0feb81ed7591221de9398d13e23903b8e12df446d3bad8d7293dbad1d2e067a5,UNKNOWN,UNKNOWN,NTPCGREEN,UNKNOWN,READY_FOR_CONFIRMATION,2,REJECT
2,f4c6978807291a5f72a457c70c2f54c3f6f6b3598894d7c873659e2534fdcb6d,351869caf3fd82276cd55f84606b5b8a82957194ccbdf3999fb7c7241baafc28,ddbe54e0881dfa797776445e30870eb68cf3a98f5fae4742740bbe8dea3dc5d3,ADJUSTED|RAW,true,2026-04-08,58eb0b0d6b7084a4013cf3050023ed445c48a0b7cb0519e0c31f349c792e3259,UNKNOWN,UNKNOWN,ASHOKLEY,UNKNOWN,INVALID,2,REJECT
2,f565c946a6dbfb8468870aa703501f9039f8faf7e5f7ebbc01cb3b68a51f9020,351869caf3fd82276cd55f84606b5b8a82957194ccbdf3999fb7c7241baafc28,011df09c5c9f408f189dd661d949d0a3a74571559fba3a8eeac0fa95f2c9582f,ADJUSTED|RAW,true,2026-01-21,9016f6d50a0c5f3992f334992b87a3ebf0af5791da17a1ce9743bd8baa85c974,UNKNOWN,UNKNOWN,TATSILV,MOMENTUM CONTINUATION,ENTRY_READY,3,REJECT
2,f57949355c775e6f23ee1fc5ce95fce42ea133e475bbb69f963846af2d48238c,351869caf3fd82276cd55f84606b5b8a82957194ccbdf3999fb7c7241baafc28,ca4219a71e581a1bd840e2c9b824807018c5ad921365ab7f069f60f81e44694d,ADJUSTED|RAW,true,2026-03-02,0d0fadbb3e1c0457cb536f9f3ba15f3d0693ae2b1129617538309618d6625b6c,UNKNOWN,UNKNOWN,ETERNAL,UNKNOWN,INVALID,2,REJECT
2,f5e66437e4d0300de7b1a846f56770bef215c76db9311149c834dcc7bbd1d71d,351869caf3fd82276cd55f84606b5b8a82957194ccbdf3999fb7c7241baafc28,ed14f5222d59e36750f88b99666a9de716aeb934381372d97502eefdfd26f79b,ADJUSTED|RAW,true,2026-02-02,639292dbe0cf2b9101c9d91992016fb677775525d3ee57eaeb4d943386e7afae,UNKNOWN,UNKNOWN,GOLDBEES,UNKNOWN,READY_FOR_CONFIRMATION,2,REJECT
2,f5fcd5ce9c3f4ed1d254fdbc54fa2523174585dfa06c444e06cfc77fb060889d,351869caf3fd82276cd55f84606b5b8a82957194ccbdf3999fb7c7241baafc28,09231d5380e67bf069623916a1a65ce991b3ea3ca6e53c653f66c500ee332e06,ADJUSTED|RAW,true,2026-05-19,e1353927137e444e274d0b2b8c0a6c8f9d7e91fe99542443e8164f8cd9f6fa00,UNKNOWN,UNKNOWN,APOLLO,MOMENTUM CONTINUATION,ENTRY_READY,3,REJECT
2,f616ec344ab1aec5db1b2e097c25ae2b1ee792babdbc6c03cd7ca306cd5c7ecb,351869caf3fd82276cd55f84606b5b8a82957194ccbdf3999fb7c7241baafc28,01d6732a9355018ea9f874c7dfcf7a5fc268631046722ca05f6a50babfc15644,ADJUSTED|RAW,true,2026-04-02,732603d21e52b29e56c82df37062cc9e56b64cb025c57bf8bf11701577d2032f,UNKNOWN,UNKNOWN,TATSILV,UNKNOWN,READY_FOR_CONFIRMATION,2,REJECT
2,f625d5c1e5c11e5027372c113d1135152c726faa44f5ecbe0018baf2aedc6cfd,351869caf3fd82276cd55f84606b5b8a82957194ccbdf3999fb7c7241baafc28,072716d3d7bd85846335ad25e991d42f2a8ef1aba03ba1366d8c0d323b6e81fb,ADJUSTED|RAW,true,2026-01-05,6c042f14a6fbb7a27a11dbbbed26f6460b4ce5c66cf154a07c995dc218f1f6cd,UNKNOWN,UNKNOWN,PCJEWELLER,UNKNOWN,INVALID,2,REJECT
2,f63a7718eaf6f225f00a9339c993c4e620ad013f8471453732164bcfc33c0a62,351869caf3fd82276cd55f84606b5b8a82957194ccbdf3999fb7c7241baafc28,411d2105a53b094945fcf4d885383f6d50338febcc84460b31b84a6df0eb04d0,ADJUSTED|RAW,true,2026-04-10,53d233347ac81632baccf2eaf2de611b577d95358fc19af193cf916c78df19ed,UNKNOWN,UNKNOWN,JPPOWER,UNKNOWN,BUILDING,2,REJECT
2,f64082d645a148a97ff6ec052a7c6bec9ba7f6927010784693b97753ac514bcf,351869caf3fd82276cd55f84606b5b8a82957194ccbdf3999fb7c7241baafc28,5406f9bc811cd2c72baf268ede8e080d54cef170e04a78e3b627d783feffafe0,ADJUSTED|RAW,true,2026-04-22,996eb6923d612a8acc383843b89ec7055c900c21c7d8c22f7205ff452559551f,UNKNOWN,UNKNOWN,TATSILV,UNKNOWN,BUILDING,2,REJECT
2,f64de70cf4a9653a0fc211315a70a0faa1eea795231e6f56908e5fad2a026b05,351869caf3fd82276cd55f84606b5b8a82957194ccbdf3999fb7c7241baafc28,b6419721ced15b1c015eb96368f5062c5fca6aa32fba4bbbe9e552b85111c06e,ADJUSTED|RAW,true,2026-06-05,796a9e5fc86d3322a2e42c9514f5596af1a98706f5e59452f8c73704967d2d3a,UNKNOWN,UNKNOWN,GTLINFRA,UNKNOWN,READY_FOR_CONFIRMATION,2,REJECT
2,f66c9dbb9a509fa6de43f3f2e498b6f3138be3e961ebf2a0ba8f9a24d17423cb,351869caf3fd82276cd55f84606b5b8a82957194ccbdf3999fb7c7241baafc28,7cd3875ba330db6492100ad9e668cf970f58510438b02f63b143d19b17bc301c,ADJUSTED|RAW,true,2026-06-15,5e72c3c4f7d8f55f3a68101d92a6b20916dd3529237889c8301ebec7c74c8f59,UNKNOWN,UNKNOWN,IFCI,MOMENTUM CONTINUATION,ENTRY_READY,3,REJECT
2,f68fe0c7f3b8aca597a8d24684f2a8861fedb860f3f5fd265dc54469c88c87a7,351869caf3fd82276cd55f84606b5b8a82957194ccbdf3999fb7c7241baafc28,5b5ab674f82b1e889138a5a91b8cac0e87e054c5babcf58127232b7f02d23cf4,ADJUSTED|RAW,true,2026-06-23,b1819970611b1e4016916c15c5cd4903ba8b6a6d0aa865172ef80243b060e994,UNKNOWN,UNKNOWN,OLAELEC,UNKNOWN,READY_FOR_CONFIRMATION,2,REJECT
2,f6e7224909e3275535c396bd3e39052afad6a275691f9e887f840141a9854f23,351869caf3fd82276cd55f84606b5b8a82957194ccbdf3999fb7c7241baafc28,b7c3bf1e7dc4cd7c28de3ee8c558129bce03625cf1f46d62ad4f6562b5c876fb,ADJUSTED|RAW,true,2026-06-09,27b77c74cc63486612484d98ee4543ebbcdb36883aa3a71686a3c155fd9d7cca,UNKNOWN,UNKNOWN,YESBANK,UNKNOWN,READY_FOR_CONFIRMATION,2,REJECT
2,f7f5ecfa964deb093330b6c792dad500d90cfed730ee88af437666c72a5fa3b3,351869caf3fd82276cd55f84606b5b8a82957194ccbdf3999fb7c7241baafc28,3f6a2b669e22fafd96585ca05c6e4a20504ec7f74f73150dfcbb2f41d988205c,ADJUSTED|RAW,true,2026-02-17,36691402f4ac6b5f6da6e7dce06bcf10c378feaf44be4702ca3b6a4cdfb5ac16,UNKNOWN,UNKNOWN,TATSILV,UNKNOWN,INVALID,2,REJECT
2,f822085666740b8f87e0389e8ea8137c9cc63161ed3b6a51a9faaae1666f2abc,351869caf3fd82276cd55f84606b5b8a82957194ccbdf3999fb7c7241baafc28,e66a0deda24824695e932196a3e2d437846a27f3cef3e7d7d35df938cef65352,ADJUSTED|RAW,true,2026-05-18,1152cb5e78020f3832c14b17ddcd16eac0a6c5eec0fc8987d83bb22525b650dc,UNKNOWN,UNKNOWN,TATSILV,MOMENTUM CONTINUATION,ENTRY_READY,3,REJECT
2,f86840d7aef861de9739f4e2b6883037d504ffa15c10fc49b207c8f1f9ef4c10,351869caf3fd82276cd55f84606b5b8a82957194ccbdf3999fb7c7241baafc28,ad5e909a6c95068cc27d2c7f79118364df218f51d21a19be7e872d2aac24a87b,ADJUSTED|RAW,true,2026-02-17,58f3a30f47166e2191265c368bcb7a4f0fcc3f51834f4aff4bee3dd5c1dedeef,UNKNOWN,UNKNOWN,EASEMYTRIP,MOMENTUM CONTINUATION,ENTRY_READY,3,REJECT
2,f8706060f6598a5f2c04796da5e6b6634d534cca32f4b594ed8bbdcc1fe3b3ef,351869caf3fd82276cd55f84606b5b8a82957194ccbdf3999fb7c7241baafc28,b388d44c66f9e04b888d3ce5b7c99ab31b4b226fae7a0f36b3dbd39566d9cfda,ADJUSTED|RAW,true,2026-02-03,68a9cac4f5d844ac9b72aecbee36250ce2c49b813dca1dccd53318c45a1e0c30,UNKNOWN,UNKNOWN,GOLDBEES,MOMENTUM CONTINUATION,ENTRY_READY,3,REJECT
2,f91eb071dfaccf35751934d4eb82ae38c852adeb52c1cdbfa1acf8706188c61c,351869caf3fd82276cd55f84606b5b8a82957194ccbdf3999fb7c7241baafc28,7239d7281c611ddad58243e02df6922a5d85d0876024bf209be06a021dfe73a0,ADJUSTED|RAW,true,2026-01-19,1028ad696e856712a6ca250a200c2414a30bbdfc48248ef8011102d751dff2ec,UNKNOWN,UNKNOWN,JINDALSAW,UNKNOWN,READY_FOR_CONFIRMATION,2,REJECT
2,f9b19c6720cb54937e2e1f247294be94be69ed45142772cc0c0c21bd7feb1707,351869caf3fd82276cd55f84606b5b8a82957194ccbdf3999fb7c7241baafc28,37e9313859066287817f02a42136cca35c19dd3b6339c41365bcc0abb98f7a5c,ADJUSTED|RAW,true,2026-07-10,a87e80185d00ae41485c8c9962ed3af9d6b3db95cd141a8a728a41c2d7ca30aa,UNKNOWN,UNKNOWN,JIOFIN,UNKNOWN,BUILDING,2,REJECT
2,f9d2376c99cafcc663a558ac15a8ea30650a953ca469b89e930440bc7a4a09d5,351869caf3fd82276cd55f84606b5b8a82957194ccbdf3999fb7c7241baafc28,af16606ca7bc7318454196be86edafc5e6d97969322fb6f187ff0757f62dc63e,ADJUSTED|RAW,true,2026-02-05,3f8a06bc56fed322f5b9f395cc7a907f0a0516bb537cf3732739f3e5228ab4e7,UNKNOWN,UNKNOWN,TATAGOLD,UNKNOWN,READY_FOR_CONFIRMATION,2,REJECT
2,f9ed1780383b8f2f9290248313d70715a88aeb75ffbcc8c38f63c3fb849e7d07,351869caf3fd82276cd55f84606b5b8a82957194ccbdf3999fb7c7241baafc28,9f3c94996ac793f1528913d984543be1eba5e8adcbedc4cb0c7bc6e48757f40a,ADJUSTED|RAW,true,2026-04-01,8087eebfd3a1bd9e415b2fec56029d75f5a7748ee9fb07ea6b49123047f9b039,UNKNOWN,UNKNOWN,LIQUIDCASE,UNKNOWN,BUILDING,2,REJECT
2,f9f053dcc37d88ef2251521786ca669c0e0dae9c50ffc1193ceaaa9ff5125d2a,351869caf3fd82276cd55f84606b5b8a82957194ccbdf3999fb7c7241baafc28,2f2067ebb8ac16157c45af34cb7e3b88b6446ad35c972da40a799bac842c609a,ADJUSTED|RAW,true,2026-05-15,0fea1248e6d840d4860f5608b3842c16f8f8b9016c7953d4954dd1818984414f,UNKNOWN,UNKNOWN,SAKAR,UNKNOWN,BUILDING,2,REJECT
2,f9f0d981f10a2fbcf65cfc1e4843d06e7dc41396487c07fe0e1bd85970b7ac7d,351869caf3fd82276cd55f84606b5b8a82957194ccbdf3999fb7c7241baafc28,a4c715a5fad16f8a6660e4780d031c30f0c19ea23416dd04b7c54a91221429ad,ADJUSTED|RAW,true,2026-05-20,4258937909e1e228c4eef5c793faad735df12112061f2323c67e92f1d2bf83aa,UNKNOWN,UNKNOWN,GMRAIRPORT,UNKNOWN,READY_FOR_CONFIRMATION,2,REJECT
2,fa2afd111cc3bf71b03135a153b199697d65bbe84fed49afa993eb894328e929,351869caf3fd82276cd55f84606b5b8a82957194ccbdf3999fb7c7241baafc28,c885eac7d33d30f47f1b5714a28619410261ed27a7401c18c695330a0f5890cb,ADJUSTED|RAW,true,2026-07-20,c9892d7af88cb53c8c57c357574cd282494b6a7a0802398e6edf0bf76dc372d5,UNKNOWN,UNKNOWN,BEPL,MOMENTUM CONTINUATION,ENTRY_READY,3,REJECT
2,fa60c24c5c1a006593f95a34d4132a424bd232a062ae999694fbb1838dc3be39,351869caf3fd82276cd55f84606b5b8a82957194ccbdf3999fb7c7241baafc28,4fc0d6ee46757f57097bbaa1f0e6cad5fd8ad96833ff7a9ed413e118f4c2dff5,ADJUSTED|RAW,true,2026-02-11,154ed415b0207dc848b5de33f7aaf67e19ba267248319067042dfced14d5d68f,UNKNOWN,UNKNOWN,BHEL,UNKNOWN,INVALID,2,REJECT
2,fa7082b13eacb6d6454df482f6089417f7c61164b097e24755e8986adf51da76,351869caf3fd82276cd55f84606b5b8a82957194ccbdf3999fb7c7241baafc28,c9a18b84ebae121004ddd6e55b043d61fc561ec895a9ca8287aea598dfe83c1a,ADJUSTED|RAW,true,2026-06-24,ebc6421ac9ac2f6079e98ca08ba6f0db902c75e26a1ce0d15fcd9103b0527281,UNKNOWN,UNKNOWN,YESBANK,UNKNOWN,READY_FOR_CONFIRMATION,2,REJECT
2,fb053d5b9357d766c67e4e7c23435d19037a3fca1ce0ee58b968e0a856e512f9,351869caf3fd82276cd55f84606b5b8a82957194ccbdf3999fb7c7241baafc28,916793a613bcaecc3643149c3c280bcd958f9717bdb3bff7792efd789b8fe801,ADJUSTED|RAW,true,2026-03-13,f9b11f85a0904b8fa444d5887e70b7c15cab0b7e38196c41bb221abe0584ad6b,UNKNOWN,UNKNOWN,HDFCBANK,UNKNOWN,INVALID,2,REJECT
2,fb2ca8de03357849baf611dd0384a129f0438fd8d5a290d24821cacd59eb2596,351869caf3fd82276cd55f84606b5b8a82957194ccbdf3999fb7c7241baafc28,0ce58db8c381b499fc657468257acf4aeef3f07eac5f62617614b24cb579e9ad,ADJUSTED|RAW,true,2026-04-01,a3da44e7a8f37d223f87ad58f156d9d30a77a1c5e8aab5cc9e38df30f541e591,UNKNOWN,UNKNOWN,YESBANK,UNKNOWN,READY_FOR_CONFIRMATION,2,REJECT
2,fb5101e2f52871ba18cc0fb07ae5c7cd326e167ae038afb7d8068dd683657364,351869caf3fd82276cd55f84606b5b8a82957194ccbdf3999fb7c7241baafc28,19e9febcec10ac76c36b9f10e3c1141fb8a95ca42ac93d280d1952ce3d54a804,ADJUSTED|RAW,true,2026-07-15,34b5dbe311f6a11abce507169235955e2664c721071deadf887873483cf1e21d,UNKNOWN,UNKNOWN,ETERNAL,UNKNOWN,BUILDING,2,REJECT
2,fb7eefae832156417cd4f38f2c096d1939fd789aed754e13a1c94495b7693f76,351869caf3fd82276cd55f84606b5b8a82957194ccbdf3999fb7c7241baafc28,5d0cbc17aaa5988ecae0fcd7d9361905e8bf6ae707a0483cfae0ba0bbc0f20aa,ADJUSTED|RAW,true,2026-02-20,e7299379fe4e6a72b08069fbe24c1b8afb130af4951ed942f84f40cea6fae9a0,UNKNOWN,UNKNOWN,HDFCBANK,UNKNOWN,INVALID,2,REJECT
2,fb8a0b56b59d724f3e400c95aa7539361bfa574ac87f6488f985b7e47d48694d,351869caf3fd82276cd55f84606b5b8a82957194ccbdf3999fb7c7241baafc28,ef637f90a48f7e3491d670281af9051a62f74bd995879815ad4c70ca6340e141,ADJUSTED|RAW,true,2026-01-12,3490ed5661e8ee587b3e2215e58947bd4ed795da065d430921869d8786af6ba5,UNKNOWN,UNKNOWN,TATAGOLD,UNKNOWN,READY_FOR_CONFIRMATION,2,REJECT
2,fbbefdd03027bf3c489c0e7b4a668dacf9938bebb2eabf1e9161ff470451df37,351869caf3fd82276cd55f84606b5b8a82957194ccbdf3999fb7c7241baafc28,b0365f3acce6a2c13d1c7c8101c4e2534b904212fa12852c7c79930cf397cfd8,ADJUSTED|RAW,true,2026-05-18,ec3d2b2198dce7b8bc637851ac8d95fe98fc5de6df18647f9b94768ea894da2c,UNKNOWN,UNKNOWN,FCL,MOMENTUM CONTINUATION,ENTRY_READY,3,REJECT
2,fc06f85597ca4e4cd1f20f992dae2f6d07c4bc73e43137e3f7a2bdb1f224a40c,351869caf3fd82276cd55f84606b5b8a82957194ccbdf3999fb7c7241baafc28,8c5d0c7831f13b58e2a4b91f23d2002a2ad62a29983d3ffb8a17c258f5af9ddc,ADJUSTED|RAW,true,2026-04-15,4f16ebf86272c94bd7112ea43eb9943f9834299d628bf730c6461d73ec2de1d9,UNKNOWN,UNKNOWN,YESBANK,UNKNOWN,READY_FOR_CONFIRMATION,2,REJECT
2,fc42aa9efd0d91a119e6465f34ab236d4fbf44818426e5dcac54e1a4466ba2ca,351869caf3fd82276cd55f84606b5b8a82957194ccbdf3999fb7c7241baafc28,e53149b6c07e615e65bf965259360c85f541d58a7ba777625b2a21b6048f7682,ADJUSTED|RAW,true,2026-05-25,07a4aace115394703d8969c250fd30d029d690074b3577ca17b11e43972dd0d8,UNKNOWN,UNKNOWN,APOLLO,MOMENTUM CONTINUATION,ENTRY_READY,3,REJECT
2,fc96d52b9bcad8dda11b3428e3b93f0268ebca148dbf61999e1740c750fc46c0,351869caf3fd82276cd55f84606b5b8a82957194ccbdf3999fb7c7241baafc28,8a4a263cd3926763f52bfff4ff35a1d96e0b607385ffcc34de8d10243ff4ab05,ADJUSTED|RAW,true,2026-05-26,f90d8b2ea5d343c2c26f06c14a6c82b847f2f8df7ecf792b19ac23dd86fc25df,UNKNOWN,UNKNOWN,TATAGOLD,UNKNOWN,READY_FOR_CONFIRMATION,2,REJECT
2,fd080a884106ba09546d8bafc357bdcce688a5e025e9e4a378cba4af8d7f907e,351869caf3fd82276cd55f84606b5b8a82957194ccbdf3999fb7c7241baafc28,ad0a6fe1a67540089f3a3219469843ae3202555e3eb6bab28b107aa6e323c06f,ADJUSTED|RAW,true,2026-04-09,4be6452a31858b952af55e040ab36cf85738e5a261af483255b4fb3858a5ad83,UNKNOWN,UNKNOWN,OLAELEC,MOMENTUM CONTINUATION,ENTRY_READY,3,REJECT
2,fd2495e4b346755dd6d56b09c416568a7a1e13f8b481de4552a9f639ff3af7cc,351869caf3fd82276cd55f84606b5b8a82957194ccbdf3999fb7c7241baafc28,8d4d9bad3bf5520e8f5eb053f9f2eb06c7874f8d5b51b3ffac3ab2fe48b1451e,ADJUSTED|RAW,true,2026-07-17,4142a30fccf267ad2a1d1a6c2024d936cdf11ba753b1774c3b713d3f60debdb3,UNKNOWN,UNKNOWN,YESBANK,UNKNOWN,BUILDING,2,REJECT
2,fd3f763670a6abb8fb8d2c38c22903d581624f8473142393b04c64c512a9d89f,351869caf3fd82276cd55f84606b5b8a82957194ccbdf3999fb7c7241baafc28,2eddc45b30b0f5db3aac9b85d6078d1f51179e065c4ee46b8688328402d200a6,ADJUSTED|RAW,true,2026-05-05,5bca47d9318e2cff0d0692f505aa085dad537063c96c04ccf100bfe4dcd865b0,UNKNOWN,UNKNOWN,GOLDBEES,UNKNOWN,BUILDING,2,REJECT
2,fd67d64df6356933bbb974d0591fc0b4eec20a62fe2591955c3c0d69202678b3,351869caf3fd82276cd55f84606b5b8a82957194ccbdf3999fb7c7241baafc28,d300d313987a7329f361bcee6a84de966d73d8a13de3b3a57e94bb2c1842a564,ADJUSTED|RAW,true,2026-06-08,3253211ce94260dcbd18c4705af7d1dc6e1141ca71635fcaba5bea64efc60c99,UNKNOWN,UNKNOWN,TATAGOLD,UNKNOWN,INVALID,2,REJECT
2,fd7de7b8bd07f01d437ffa57d28b0e37f6ec53bac95c0243f6b4360fdd37bf22,351869caf3fd82276cd55f84606b5b8a82957194ccbdf3999fb7c7241baafc28,cd6522e31decfbf6b17d38f4973bee946394beae2cbac8d09451f6b6803c743e,ADJUSTED|RAW,true,2026-03-04,885fe6b5c2ab5deaa13699d90ec265d0b422ece35aa332814599028f2a0bc4df,UNKNOWN,UNKNOWN,TATAGOLD,UNKNOWN,READY_FOR_CONFIRMATION,2,REJECT
2,fdbaeae37c3ab8a2ac12db4aad46f4f68eadc4fd491da0baf2f4a997cb6c0e37,351869caf3fd82276cd55f84606b5b8a82957194ccbdf3999fb7c7241baafc28,99f605ebd8ed4d01b0df1995e065329876a3b85f02e629a68f35a1ff73f209f3,ADJUSTED|RAW,true,2026-06-01,c220eb568b18ab55d66f179cf2a2faeb8b30bc53fa9e80ad8169a0004a903ccf,UNKNOWN,UNKNOWN,JPPOWER,UNKNOWN,READY_FOR_CONFIRMATION,2,REJECT
2,fde39e3beb1f688dd3e8e779de01a88a1c857b25226439a9090a34feb49525fe,351869caf3fd82276cd55f84606b5b8a82957194ccbdf3999fb7c7241baafc28,57ddaa19f499c0975518fab6372222f78b72733c3cb4dac7242bbf7bf7b32332,ADJUSTED|RAW,true,2026-02-27,36bebb027c461540b697882508efd26dfe34535c7ab5630697a577619cefdab4,UNKNOWN,UNKNOWN,IDFCFIRSTB,UNKNOWN,INVALID,2,REJECT
2,fe1b505fa61acc83bef394a6d2a1fd4f85d8f426a8f67b447325f6cd1db79a32,351869caf3fd82276cd55f84606b5b8a82957194ccbdf3999fb7c7241baafc28,e9e128ac3688ed0dcdedb3a62d0337fbd7ce1408ac94eb16c1f46f5eb499b150,ADJUSTED|RAW,true,2026-06-02,e861911057acdc774b7093cb7528614e6a0674c5edd6845aed06f422e7acf1db,UNKNOWN,UNKNOWN,WIPRO,UNKNOWN,BUILDING,2,REJECT
2,fe27b4292f5f2f95c907569ce2c5750c84691a2d6055b205a4805528331bd4c0,351869caf3fd82276cd55f84606b5b8a82957194ccbdf3999fb7c7241baafc28,ec7330c5caf2edf2918b86c407319e19fe76dd493bd19b7246bd021cb9324772,ADJUSTED|RAW,true,2026-05-26,0da95080260737965bcbed963eef7a81eb002f71075e06ce32bed7a052de75c2,UNKNOWN,UNKNOWN,ITC,UNKNOWN,INVALID,2,REJECT
2,fe7aa39a4666c76262afb1c21f12b62642904a8f0a0fcd3a6e4f833b59a8c6b7,351869caf3fd82276cd55f84606b5b8a82957194ccbdf3999fb7c7241baafc28,68bcfa1d0bfe40ffac5bf527948e27a3575becadaff480cb6e321eea3e700cdb,ADJUSTED|RAW,true,2026-02-18,86451e11239f52cf7480f736ac778435bad33ca7d1b0975e99ffbf06376e6ed6,UNKNOWN,UNKNOWN,SILVERBEES,UNKNOWN,BUILDING,2,REJECT
2,fe8160544fd7492dce9cbcaee65b441c31e9ab3fa4ea2b1c52f66a8671447881,351869caf3fd82276cd55f84606b5b8a82957194ccbdf3999fb7c7241baafc28,72735a35ba864f77088969c48b3671e1b582e03daf49765e44d89569a2c5c050,ADJUSTED|RAW,true,2026-02-10,d5ee480d5422ebc45eaa25375a1b587a971e5af64842125d1ce59ca6a530ffb2,UNKNOWN,UNKNOWN,TATASTEEL,MOMENTUM CONTINUATION,ENTRY_READY,3,REJECT
2,fec41b6eab9b546aff4cf03acf5aab061c0238d8cb267cb98b03120bedc2812d,351869caf3fd82276cd55f84606b5b8a82957194ccbdf3999fb7c7241baafc28,856350be344cdcca8be8b3cd5fd0ffcc9176962bcf45b93a5f1d6c81623362d5,ADJUSTED|RAW,true,2026-04-20,2a75734d90c28343198df68003826c5cb391e81db853e5cbfb9750242283b240,UNKNOWN,UNKNOWN,LIQUIDCASE,UNKNOWN,BUILDING,2,REJECT
2,feca93671bab77b3db93e8d738e2086a68a8c5dba26f0a9be2a9303324be6c29,351869caf3fd82276cd55f84606b5b8a82957194ccbdf3999fb7c7241baafc28,fd27bc04f3a1b634b14c0675e2895855aac0334a83087e7c4e4984379889c8d9,ADJUSTED|RAW,true,2026-06-29,98c49c8775f173db364f09ddde5e13a598e189f1fe477e4f0fa5ad0d1ea12c90,UNKNOWN,UNKNOWN,TATAGOLD,UNKNOWN,READY_FOR_CONFIRMATION,2,REJECT
2,fee2e18c0d9132a9cf370bf1e3b9ab4b46a589dd71e36bc0437c12b506797e76,351869caf3fd82276cd55f84606b5b8a82957194ccbdf3999fb7c7241baafc28,9a6f258f0c23a789355d33c707db9d3b3fb8cf5249649903bb8db01b6edec97c,ADJUSTED|RAW,true,2026-04-10,69f766a853e4c1119e06f9722e954fd5f0ef6f275f1eee82c4fdb171f20dc552,UNKNOWN,UNKNOWN,NECLIFE,UNKNOWN,BUILDING,2,REJECT
2,ff66764e19b67d17a2cf461e38ca539a4d747c705a09242ec9db5524cd1b44d9,351869caf3fd82276cd55f84606b5b8a82957194ccbdf3999fb7c7241baafc28,c730338e097ad8f616e029afee71194a12873254b5cab7cc6324eecf534c8af4,ADJUSTED|RAW,true,2026-03-18,5d1700ad38f1313f0d5b73178a034ec8256597b86b204ceaad50bc5b2dff6f58,UNKNOWN,UNKNOWN,JPPOWER,UNKNOWN,INVALID,2,REJECT
2,ffc15e92ccd0b3a8b08b6a17742cdfd3b5e1456ffa58fa17ac1d23faf78d86fd,351869caf3fd82276cd55f84606b5b8a82957194ccbdf3999fb7c7241baafc28,08581bdd01f0e06ba6d34a704e474a244245e75f6d635e2b6dd3f28221ea5e10,ADJUSTED|RAW,true,2026-05-11,60bc5a67dc30da5c9c9ba517ad466ad2261799baba86706886860f54e06a3d0c,UNKNOWN,UNKNOWN,TATSILV,UNKNOWN,READY_FOR_CONFIRMATION,2,REJECT
