arm_count,canonical_resolution,conflicting_candidate_identity,conflicting_outcome_identity,conflicting_plan_identity,conflicting_terminal_decision,duplicate_classification,economic_candidate_id,outcome_status,source_count
1,UNIQUE,false,false,false,false,NOT_DUPLICATE,c0c15cb11d7cb930a5cc35aed8b14ee364fa1392a315c768ac83ddf0891f48eb,MISSING_OUTCOME,3
2,PAIRED_ANALYTICAL_ARMS,false,false,false,false,RAW_ADJUSTED_PAIR,00357d4be79daded92f2d25d0364db84dccbb487c1cca56a58c48bd0db2373fc,MISSING_OUTCOME,2
2,PAIRED_ANALYTICAL_ARMS,false,false,false,false,RAW_ADJUSTED_PAIR,004d5f8deff6e2b7afaabb9b09104d19b2ff345221260ebbaaf2ef0a2700c595,MISSING_OUTCOME,2
2,PAIRED_ANALYTICAL_ARMS,false,false,false,false,RAW_ADJUSTED_PAIR,00c05a1a5bcbd20388ff90f7e9f05280dfa4a90847cafba3afddfea8a1963a37,MISSING_OUTCOME,2
2,PAIRED_ANALYTICAL_ARMS,false,false,false,false,RAW_ADJUSTED_PAIR,00e0210d66d56cee2ac85b224a69251a7b19ef6d035c1d46ec4573e2f5a654f8,MISSING_OUTCOME,2
2,PAIRED_ANALYTICAL_ARMS,false,false,false,false,RAW_ADJUSTED_PAIR,011df09c5c9f408f189dd661d949d0a3a74571559fba3a8eeac0fa95f2c9582f,COMPLETED_COMPARABLE_OUTCOME,3
2,PAIRED_ANALYTICAL_ARMS,false,false,false,false,RAW_ADJUSTED_PAIR,015725f7bde06344c7e2ad8d63039f38d3a169339d90cb4d4f8627770986a60f,COMPLETED_COMPARABLE_OUTCOME,3
2,PAIRED_ANALYTICAL_ARMS,false,false,false,false,RAW_ADJUSTED_PAIR,0190ebb730e2634867b72299f09691b037788eb945e121809be22b55a856be05,MISSING_OUTCOME,2
2,PAIRED_ANALYTICAL_ARMS,false,false,false,false,RAW_ADJUSTED_PAIR,01d6732a9355018ea9f874c7dfcf7a5fc268631046722ca05f6a50babfc15644,MISSING_OUTCOME,2
2,PAIRED_ANALYTICAL_ARMS,false,false,false,false,RAW_ADJUSTED_PAIR,023af5588166cc0f3e53c179f59f86cc1795dcb7adef54e118aa8d98e7fc1942,MISSING_OUTCOME,2
2,PAIRED_ANALYTICAL_ARMS,false,false,false,false,RAW_ADJUSTED_PAIR,02ebf66c76d081ef868579d8657e872f2d86db0b29ce53fa79da17f428372850,MISSING_OUTCOME,2
2,PAIRED_ANALYTICAL_ARMS,false,false,false,false,RAW_ADJUSTED_PAIR,02fbcba04d9bc3e60b626b12550d0419883121ead1345867444c4dbe1dbaa199,MISSING_OUTCOME,2
2,PAIRED_ANALYTICAL_ARMS,false,false,false,false,RAW_ADJUSTED_PAIR,0324643205cae739c1a9a6e000f8e865aa1b7649c64f6fd593104aa23e93f14d,MISSING_OUTCOME,2
2,PAIRED_ANALYTICAL_ARMS,false,false,false,false,RAW_ADJUSTED_PAIR,0324d988c90f7827ba1d7b6c9cc1d9e1d61aa7330e6e41e66390272dd4e147e8,MISSING_OUTCOME,2
2,PAIRED_ANALYTICAL_ARMS,false,false,false,false,RAW_ADJUSTED_PAIR,037c3fc899dbf43f63c4e7d86dd1f3d7057f1b420ea98057e91ccb37c185851c,MISSING_OUTCOME,2
2,PAIRED_ANALYTICAL_ARMS,false,false,false,false,RAW_ADJUSTED_PAIR,037fa21ae1bb0f291c0cfbdb1a51925e7e2ee7e46153878cb2d9f053faf2dac5,MISSING_OUTCOME,2
2,PAIRED_ANALYTICAL_ARMS,false,false,false,false,RAW_ADJUSTED_PAIR,03a2161624865bca2b76045e0e223512d8cb2d02de9cd02b0a1c519a21ad3ce4,MISSING_OUTCOME,2
2,PAIRED_ANALYTICAL_ARMS,false,false,false,false,RAW_ADJUSTED_PAIR,03c51c479977b3dd291718bbf0a1c73048b974159b1406c6c23b2ca50fbfe9ec,MISSING_OUTCOME,2
2,PAIRED_ANALYTICAL_ARMS,false,false,false,false,RAW_ADJUSTED_PAIR,03eaa1843baa87089fb49ea6d204d41ac495723140e4cb1e197d912395f53e4c,MISSING_OUTCOME,2
2,PAIRED_ANALYTICAL_ARMS,false,false,false,false,RAW_ADJUSTED_PAIR,041d2727d5dcf7b5826703c4164b96c5f22ca5d150bc15ab90a12fd664349718,MISSING_OUTCOME,2
2,PAIRED_ANALYTICAL_ARMS,false,false,false,false,RAW_ADJUSTED_PAIR,042b6b1b7a37196fe709c50e8dca178afa4600b1fa38c90fd37bfabb7ba571f6,MISSING_OUTCOME,2
2,PAIRED_ANALYTICAL_ARMS,false,false,false,false,RAW_ADJUSTED_PAIR,045083d983b2ed1bc46c204c7e00789aa56a6b9f059f04f4780807b205788e57,MISSING_OUTCOME,2
2,PAIRED_ANALYTICAL_ARMS,false,false,false,false,RAW_ADJUSTED_PAIR,04a51be5736e7103eb31d3672314dcd092286604926e71a5f2261ec7816b22b6,MISSING_OUTCOME,2
2,PAIRED_ANALYTICAL_ARMS,false,false,false,false,RAW_ADJUSTED_PAIR,04b58c94b06b8e886fc2bfa2a267dad41e59c3f461b174706ee23f86f3741388,MISSING_OUTCOME,2
2,PAIRED_ANALYTICAL_ARMS,false,false,false,false,RAW_ADJUSTED_PAIR,0542845fbbd78be88b7b09b3dc0c04def3e872798c2518cb86e48651ac2d5864,MISSING_OUTCOME,2
2,PAIRED_ANALYTICAL_ARMS,false,false,false,false,RAW_ADJUSTED_PAIR,0583568e929a3ae5b04d0e6bff812be0be876ac3b6c4ece4bc9d56e13ea9b273,MISSING_OUTCOME,2
2,PAIRED_ANALYTICAL_ARMS,false,false,false,false,RAW_ADJUSTED_PAIR,058fae9d7fa665dedeebc8c0c226774df3346889220eb272a9705726aa98337d,MISSING_OUTCOME,2
2,PAIRED_ANALYTICAL_ARMS,false,false,false,false,RAW_ADJUSTED_PAIR,05cd053ec85490ecc4f836050999d9d228b8ebe9166f6ce3236f048e33a7b235,MISSING_OUTCOME,2
2,PAIRED_ANALYTICAL_ARMS,false,false,false,false,RAW_ADJUSTED_PAIR,05d0654f66d97142bdb95e27d0a77735a873dc062b2f868ef949d7075373958f,MISSING_OUTCOME,2
2,PAIRED_ANALYTICAL_ARMS,false,false,false,false,RAW_ADJUSTED_PAIR,063e187d9cb1bb7a0be7946165495dfc2262ca513956a0eaf7d0697e3d891a47,MISSING_OUTCOME,2
2,PAIRED_ANALYTICAL_ARMS,false,false,false,false,RAW_ADJUSTED_PAIR,0647569f2cbc3c346c02eeb2a33e4e8d23d8aba797def858b4e8f37263447a53,MISSING_OUTCOME,2
2,PAIRED_ANALYTICAL_ARMS,false,false,false,false,RAW_ADJUSTED_PAIR,06b139ed51b349379715a5879ced1f19c391fc06331fd57ece7698cf800ad16b,MISSING_OUTCOME,2
2,PAIRED_ANALYTICAL_ARMS,false,false,false,false,RAW_ADJUSTED_PAIR,06f36bbd30260b7abaec2724994b882c84d4f2b0e04dd8a74237e48db2ba7256,MISSING_OUTCOME,2
2,PAIRED_ANALYTICAL_ARMS,false,false,false,false,RAW_ADJUSTED_PAIR,070172c400a913248e6e777b665c1b1af88b6decc796bd024b6622be067949db,MISSING_OUTCOME,2
2,PAIRED_ANALYTICAL_ARMS,false,false,false,false,RAW_ADJUSTED_PAIR,07130b7611e8a6574f346571e68993cabfd62d5b6908483e5af5d365d3e21032,MISSING_OUTCOME,2
2,PAIRED_ANALYTICAL_ARMS,false,false,false,false,RAW_ADJUSTED_PAIR,071b72124f56435736f2829991a8483f3c55b2e427721668ca25c42adca0b994,MISSING_OUTCOME,2
2,PAIRED_ANALYTICAL_ARMS,false,false,false,false,RAW_ADJUSTED_PAIR,072716d3d7bd85846335ad25e991d42f2a8ef1aba03ba1366d8c0d323b6e81fb,MISSING_OUTCOME,2
2,PAIRED_ANALYTICAL_ARMS,false,false,false,false,RAW_ADJUSTED_PAIR,07281a98089d8114a13213127ac247032d039bb8514264608c6edbdd60144706,MISSING_OUTCOME,2
2,PAIRED_ANALYTICAL_ARMS,false,false,false,false,RAW_ADJUSTED_PAIR,07b81fb7b7c90c4ed12dbced31d470149fc1f0dd3b60677d122c642aef389929,MISSING_OUTCOME,2
2,PAIRED_ANALYTICAL_ARMS,false,false,false,false,RAW_ADJUSTED_PAIR,08581bdd01f0e06ba6d34a704e474a244245e75f6d635e2b6dd3f28221ea5e10,MISSING_OUTCOME,2
2,PAIRED_ANALYTICAL_ARMS,false,false,false,false,RAW_ADJUSTED_PAIR,08828241ef117ac7028709b24401fbea385bf2eebffc44f847bdfd66eb82446c,MISSING_OUTCOME,2
2,PAIRED_ANALYTICAL_ARMS,false,false,false,false,RAW_ADJUSTED_PAIR,088ceae1abb802a03c5d1f2c83a340e20fbedbf80e83f90f71e14356f70c32bf,MISSING_OUTCOME,2
2,PAIRED_ANALYTICAL_ARMS,false,false,false,false,RAW_ADJUSTED_PAIR,091d76c92ea5ed28ca8b9e91db49bebfaba7d7b58f7a0469945f9d5ab8d58b87,MISSING_OUTCOME,2
2,PAIRED_ANALYTICAL_ARMS,false,false,false,false,RAW_ADJUSTED_PAIR,09231d5380e67bf069623916a1a65ce991b3ea3ca6e53c653f66c500ee332e06,COMPLETED_COMPARABLE_OUTCOME,3
2,PAIRED_ANALYTICAL_ARMS,false,false,false,false,RAW_ADJUSTED_PAIR,0982a5b97b05d916eff88c6b19052d2728847eea7173105d59360d4e8176fb12,MISSING_OUTCOME,2
2,PAIRED_ANALYTICAL_ARMS,false,false,false,false,RAW_ADJUSTED_PAIR,0989879e812ab19c17c7ea1b27b305c381e1c129ad3ea855081df752afef197f,MISSING_OUTCOME,2
2,PAIRED_ANALYTICAL_ARMS,false,false,false,false,RAW_ADJUSTED_PAIR,09ae2b6a7f3ed8e7374362fe086cacde8a015d1c2ea036790cf39666d29d4927,MISSING_OUTCOME,2
2,PAIRED_ANALYTICAL_ARMS,false,false,false,false,RAW_ADJUSTED_PAIR,09bffc9a500dc167b5cc3d3e85f586d56f1f8729f7f75d2763218329185277f7,MISSING_OUTCOME,2
2,PAIRED_ANALYTICAL_ARMS,false,false,false,false,RAW_ADJUSTED_PAIR,09e6cd16ec96fb33b718d76a7e1a1167a3704a669cf30123dad15bde2d121d7e,MISSING_OUTCOME,2
2,PAIRED_ANALYTICAL_ARMS,false,false,false,false,RAW_ADJUSTED_PAIR,0af66e0fdc0a44800a06e7bc435606bf21a007fc247477ebaae1923960701245,MISSING_OUTCOME,2
2,PAIRED_ANALYTICAL_ARMS,false,false,false,false,RAW_ADJUSTED_PAIR,0b5cd99cc21eb03e239b7d173091b6e4fc649f742567d0595b46f438472d5fb6,MISSING_OUTCOME,2
2,PAIRED_ANALYTICAL_ARMS,false,false,false,false,RAW_ADJUSTED_PAIR,0bbea81f3d7a5a7fb1a6062de8d5975bb57bc127ceb35dd45b62d8f3167da421,MISSING_OUTCOME,2
2,PAIRED_ANALYTICAL_ARMS,false,false,false,false,RAW_ADJUSTED_PAIR,0bd32e484cd3bd69d6ff04a74ffa4a041e7733a9d0e52733ac5d4abec42ea77d,MISSING_OUTCOME,2
2,PAIRED_ANALYTICAL_ARMS,false,false,false,false,RAW_ADJUSTED_PAIR,0bf30c02774695dd189cf68cf97a4775b06107e5af16e78fb72e05dd37154bd0,MISSING_OUTCOME,2
2,PAIRED_ANALYTICAL_ARMS,false,false,false,false,RAW_ADJUSTED_PAIR,0c5aa3c0d259f47870c1ce85f6afdf2f1cf6ebbd91f359c3fe778319d4997442,MISSING_OUTCOME,2
2,PAIRED_ANALYTICAL_ARMS,false,false,false,false,RAW_ADJUSTED_PAIR,0c6c34c824decf3300121f59bc09da4f0a2a2bd7a522aa3b5525611ce8918ea0,MISSING_OUTCOME,2
2,PAIRED_ANALYTICAL_ARMS,false,false,false,false,RAW_ADJUSTED_PAIR,0cc710963dfd28ab57a728cf022b865b70363254aef5ea2975a1909baada972e,MISSING_OUTCOME,2
2,PAIRED_ANALYTICAL_ARMS,false,false,false,false,RAW_ADJUSTED_PAIR,0ce58db8c381b499fc657468257acf4aeef3f07eac5f62617614b24cb579e9ad,MISSING_OUTCOME,2
2,PAIRED_ANALYTICAL_ARMS,false,false,false,false,RAW_ADJUSTED_PAIR,0cf9bbfcc87a30fb2bbf9b579b9e9393f8b1c754447d2ff583879daff7d1024d,MISSING_OUTCOME,2
2,PAIRED_ANALYTICAL_ARMS,false,false,false,false,RAW_ADJUSTED_PAIR,0d2e89048146a8e846f62bb22d449c34598a573b3f99a0a9c119e7ba5605ba78,MISSING_OUTCOME,2
2,PAIRED_ANALYTICAL_ARMS,false,false,false,false,RAW_ADJUSTED_PAIR,0d388b3fc0f4958890d952378d0fc5fc31fc56851e7f5105a590283212394ab3,MISSING_OUTCOME,2
2,PAIRED_ANALYTICAL_ARMS,false,false,false,false,RAW_ADJUSTED_PAIR,0d74a83e4adf6d4c335bdaa67436bcbadc18ea73f68f18a96f6602f619b40302,MISSING_OUTCOME,2
2,PAIRED_ANALYTICAL_ARMS,false,false,false,false,RAW_ADJUSTED_PAIR,0e1130fa09efee18cad02ab762700be46196c664f7b275241094431b7639f8f5,MISSING_OUTCOME,2
2,PAIRED_ANALYTICAL_ARMS,false,false,false,false,RAW_ADJUSTED_PAIR,0e188bca9e84193ad0fd8acbba4e200a39c62e90959c6d9ec8531c57f4fe09e9,MISSING_OUTCOME,2
2,PAIRED_ANALYTICAL_ARMS,false,false,false,false,RAW_ADJUSTED_PAIR,0e273ed462835e76b9c1b7e05544e478abba63965d640f1f461d066b2d0c98ed,MISSING_OUTCOME,2
2,PAIRED_ANALYTICAL_ARMS,false,false,false,false,RAW_ADJUSTED_PAIR,0e38f286138c2727643325c790cdd6336e473f17e4bd6ee9bdd24a9ab84990b4,COMPLETED_COMPARABLE_OUTCOME,3
2,PAIRED_ANALYTICAL_ARMS,false,false,false,false,RAW_ADJUSTED_PAIR,0e79275aec7a898b86a9ad04ae98d6b5efd940574977c4f737db78a13b238de1,MISSING_OUTCOME,2
2,PAIRED_ANALYTICAL_ARMS,false,false,false,false,RAW_ADJUSTED_PAIR,0e8e28a218f453c4b7b999d2ddc92357eb028acdfb2749ee377d26478780207e,MISSING_OUTCOME,2
2,PAIRED_ANALYTICAL_ARMS,false,false,false,false,RAW_ADJUSTED_PAIR,0ea0660cd9e0c040db1e7c647872d47fce5a03fa0e459c32d1334b453c5c28ba,MISSING_OUTCOME,2
2,PAIRED_ANALYTICAL_ARMS,false,false,false,false,RAW_ADJUSTED_PAIR,0ea135004739dad2cf12ac1ce5a9a6a0b8ce8575552c258a1708a9fa848bc224,MISSING_OUTCOME,2
2,PAIRED_ANALYTICAL_ARMS,false,false,false,false,RAW_ADJUSTED_PAIR,0f1429d21ff677554675793d6d863d530ed307b34e1a812688d80f32f57705d2,MISSING_OUTCOME,2
2,PAIRED_ANALYTICAL_ARMS,false,false,false,false,RAW_ADJUSTED_PAIR,0f71b73ec8c0a5b432a287c84ba9eda4bc16d28b4897eb575f4949a560381c4b,MISSING_OUTCOME,2
2,PAIRED_ANALYTICAL_ARMS,false,false,false,false,RAW_ADJUSTED_PAIR,0f7b9f7083434b38e284754cff4f9d67559e3a029ddb446dc0920ba0c81573a0,MISSING_OUTCOME,2
2,PAIRED_ANALYTICAL_ARMS,false,false,false,false,RAW_ADJUSTED_PAIR,0fc587f81dce1f3790a849795debaceb990b766fcc1dd745ae5d87898381c25c,MISSING_OUTCOME,2
2,PAIRED_ANALYTICAL_ARMS,false,false,false,false,RAW_ADJUSTED_PAIR,106d9ffefb1a16cb627749c8c9fe2ea7c44828a807977852ebd09e1d8026da50,MISSING_OUTCOME,2
2,PAIRED_ANALYTICAL_ARMS,false,false,false,false,RAW_ADJUSTED_PAIR,1080f3cb0cf56bf03c0e869d03f76a6598f39f0dda52af9304b0eaec61a736e7,MISSING_OUTCOME,2
2,PAIRED_ANALYTICAL_ARMS,false,false,false,false,RAW_ADJUSTED_PAIR,1089132b3b8856329424502f2c62c02b0bfb9658ab6b68a3dcebbce70352939a,NOT_ENTERED,3
2,PAIRED_ANALYTICAL_ARMS,false,false,false,false,RAW_ADJUSTED_PAIR,10a7e9871596f5dbbb1f0e6965a8324d138f24068d4643771fff8b4825d2a2df,MISSING_OUTCOME,2
2,PAIRED_ANALYTICAL_ARMS,false,false,false,false,RAW_ADJUSTED_PAIR,10b10228b026110291c956d69434bbf34618fd8c7cfc82c51034bbf0370bde3d,MISSING_OUTCOME,2
2,PAIRED_ANALYTICAL_ARMS,false,false,false,false,RAW_ADJUSTED_PAIR,10b5b6fb8b608f372cf0baef11056903af30eaca529ecdfb02531e2aacda50e6,MISSING_OUTCOME,2
2,PAIRED_ANALYTICAL_ARMS,false,false,false,false,RAW_ADJUSTED_PAIR,10c51e109616629dbba21213eeb461f5a612fbb35fb8cb9acf7841448b4adb20,MISSING_OUTCOME,2
2,PAIRED_ANALYTICAL_ARMS,false,false,false,false,RAW_ADJUSTED_PAIR,1111b6dd1707c353b9cc14b1b880fc248df59d5ec33e1ce9b1fa12a959d3cc65,NOT_ENTERED,3
2,PAIRED_ANALYTICAL_ARMS,false,false,false,false,RAW_ADJUSTED_PAIR,11175ecd27d49add54502ffc8421584a5c30451d0ec30fedfffac86010a7b78f,MISSING_OUTCOME,2
2,PAIRED_ANALYTICAL_ARMS,false,false,false,false,RAW_ADJUSTED_PAIR,113ca0283587b8cd6e8b9083923dc1a59ecf854dddcb9ffec7e1f04342504c47,MISSING_OUTCOME,2
2,PAIRED_ANALYTICAL_ARMS,false,false,false,false,RAW_ADJUSTED_PAIR,114e93fd9cf9cc1a2c27482f7c7ee9f2cfb946c6702308d2524758d5416b4a94,MISSING_OUTCOME,2
2,PAIRED_ANALYTICAL_ARMS,false,false,false,false,RAW_ADJUSTED_PAIR,11778c68fa1b5d4720aa37db6feae252af0c57650ef8a3aa1a3ccd90849fa095,MISSING_OUTCOME,2
2,PAIRED_ANALYTICAL_ARMS,false,false,false,false,RAW_ADJUSTED_PAIR,11c1fbd31fb77c1d76f51ba8d808506860d73ff042eec1221323194148d8e282,COMPLETED_COMPARABLE_OUTCOME,3
2,PAIRED_ANALYTICAL_ARMS,false,false,false,false,RAW_ADJUSTED_PAIR,11c73a611d3ac0a9a00c308e82259649547ccb593b913398993f2d6c02870890,MISSING_OUTCOME,2
2,PAIRED_ANALYTICAL_ARMS,false,false,false,false,RAW_ADJUSTED_PAIR,11ccf0fca231412f1bbc5fea722c7def754137edd5f5af8935864cc2d05e5f8e,MISSING_OUTCOME,2
2,PAIRED_ANALYTICAL_ARMS,false,false,false,false,RAW_ADJUSTED_PAIR,12313a74e632ddc6ef7e38b8cca46f420b0af76f2f6fc1e1f2af9cea805c6a32,MISSING_OUTCOME,2
2,PAIRED_ANALYTICAL_ARMS,false,false,false,false,RAW_ADJUSTED_PAIR,124096d547013062c89e90c70b43fab419c46c9ec7b8b27bcb970e8f48481c6c,MISSING_OUTCOME,2
2,PAIRED_ANALYTICAL_ARMS,false,false,false,false,RAW_ADJUSTED_PAIR,126c71bcf5e78f9d1bbf7d4ccb9677a4cb6e6ff2da31c17b312635731df1cda2,MISSING_OUTCOME,2
2,PAIRED_ANALYTICAL_ARMS,false,false,false,false,RAW_ADJUSTED_PAIR,12c194deeabbbbb4c811a2970505b76a630942730d2aae2e9a9c9016969a5633,MISSING_OUTCOME,2
2,PAIRED_ANALYTICAL_ARMS,false,false,false,false,RAW_ADJUSTED_PAIR,12c6e183805f2c35078a23fddeab42877bef97205122c686e82b3437fd6db077,MISSING_OUTCOME,2
2,PAIRED_ANALYTICAL_ARMS,false,false,false,false,RAW_ADJUSTED_PAIR,12e17f0ac55bd40df35c8ae4510b70f8d2224233a35bb699e66b8981b5cbf0f7,MISSING_OUTCOME,2
2,PAIRED_ANALYTICAL_ARMS,false,false,false,false,RAW_ADJUSTED_PAIR,12ea5d04ff94629a645e15a8803989d68c5483237082942531ff2847cc28aabd,MISSING_OUTCOME,2
2,PAIRED_ANALYTICAL_ARMS,false,false,false,false,RAW_ADJUSTED_PAIR,12f16a7751dd3f1dc34d75257c97ccd17fc5b61cc37e7db3001c8dfd8e47ac9c,MISSING_OUTCOME,2
2,PAIRED_ANALYTICAL_ARMS,false,false,false,false,RAW_ADJUSTED_PAIR,131a6ec01a8951f2ab21a098afa8eebb52ee11a624a59aca779621ee84e69a98,MISSING_OUTCOME,2
2,PAIRED_ANALYTICAL_ARMS,false,false,false,false,RAW_ADJUSTED_PAIR,1341853c60dd59c00c2ff038e1888628d6d014a118d3188418197c32ed841759,MISSING_OUTCOME,2
2,PAIRED_ANALYTICAL_ARMS,false,false,false,false,RAW_ADJUSTED_PAIR,134d5df9497996cebfa906d46af23a60b178dbd867a1fdd2dd48777170d5a09e,MISSING_OUTCOME,2
2,PAIRED_ANALYTICAL_ARMS,false,false,false,false,RAW_ADJUSTED_PAIR,139e55dfc50b902367ba9505bce214eaa064a93eea2732e928460ac01323db53,MISSING_OUTCOME,2
2,PAIRED_ANALYTICAL_ARMS,false,false,false,false,RAW_ADJUSTED_PAIR,13b1c6d14117c80bc6688c312778fdaa783f5b83c288e6447f7b074f2d801f1e,NOT_ENTERED,3
2,PAIRED_ANALYTICAL_ARMS,false,false,false,false,RAW_ADJUSTED_PAIR,13fd2ae0f5df4e50709a1ffc1a9ac0781600007f9d5b69aed29dca1b0091d322,MISSING_OUTCOME,2
2,PAIRED_ANALYTICAL_ARMS,false,false,false,false,RAW_ADJUSTED_PAIR,148e0029f0612cbed7296cd2e2a590cc86bd6daa8503936e49cc38436d58a641,MISSING_OUTCOME,2
2,PAIRED_ANALYTICAL_ARMS,false,false,false,false,RAW_ADJUSTED_PAIR,14a055a5df7f7e9f4fb43c61226e55a14cf272487fd4f68c0e6507fa72ba5ad6,MISSING_OUTCOME,2
2,PAIRED_ANALYTICAL_ARMS,false,false,false,false,RAW_ADJUSTED_PAIR,14db495efde4c157bc5dd09ab38dfc002e2300b3924a30e8a9b8c78e96309618,MISSING_OUTCOME,2
2,PAIRED_ANALYTICAL_ARMS,false,false,false,false,RAW_ADJUSTED_PAIR,14e8430cc7f5772c592053f3fb920f4d39d44075a8a8b4e858365fc086db7257,MISSING_OUTCOME,2
2,PAIRED_ANALYTICAL_ARMS,false,false,false,false,RAW_ADJUSTED_PAIR,15440e8e20c05fb8e79677eb901b85e21251c0f643ae45b87cec0ac2151da178,MISSING_OUTCOME,2
2,PAIRED_ANALYTICAL_ARMS,false,false,false,false,RAW_ADJUSTED_PAIR,15603dfc69403e30dd3767e0161d9febd4438fb4dae5c5b98b2f593f1438994e,MISSING_OUTCOME,2
2,PAIRED_ANALYTICAL_ARMS,false,false,false,false,RAW_ADJUSTED_PAIR,1571fe66593b08c2008fd437b4a85ab5897cc86095701f51d40dc26e3e63f899,MISSING_OUTCOME,2
2,PAIRED_ANALYTICAL_ARMS,false,false,false,false,RAW_ADJUSTED_PAIR,157fbb21cbd09d9eb0f176e47156c71e9437b09a940a3ae5dfe41e938a0980e1,MISSING_OUTCOME,2
2,PAIRED_ANALYTICAL_ARMS,false,false,false,false,RAW_ADJUSTED_PAIR,159b47f0e080e4e3ff4f881de87fa6569449968e90ee3f8c0591ff56dea25b75,MISSING_OUTCOME,2
2,PAIRED_ANALYTICAL_ARMS,false,false,false,false,RAW_ADJUSTED_PAIR,15f2bd7c1e97a4587363d5c3d8a855d189d38594cf8ed101b45919831bae2c7a,MISSING_OUTCOME,2
2,PAIRED_ANALYTICAL_ARMS,false,false,false,false,RAW_ADJUSTED_PAIR,161cb8cf226fde1f57867761b2d9e6adb0d24ecd4418ea97040491cd428616f1,MISSING_OUTCOME,2
2,PAIRED_ANALYTICAL_ARMS,false,false,false,false,RAW_ADJUSTED_PAIR,1628d38405aa772d79fd6efef0d68ac879acce59a2379cf75446377769346e9b,MISSING_OUTCOME,2
2,PAIRED_ANALYTICAL_ARMS,false,false,false,false,RAW_ADJUSTED_PAIR,164f4273f3116840191b8ac7c71e62936bc1175ebca6364877b23acc22452c7b,PENDING_END_OF_DATA,3
2,PAIRED_ANALYTICAL_ARMS,false,false,false,false,RAW_ADJUSTED_PAIR,165586768606a15916054ecb5f0e1491a3962bd76093b7fa2255be464cd6bab4,MISSING_OUTCOME,2
2,PAIRED_ANALYTICAL_ARMS,false,false,false,false,RAW_ADJUSTED_PAIR,168448e104a181b64c62fde69237d6636ec42b25db5311fe0c8141aec3890a14,MISSING_OUTCOME,2
2,PAIRED_ANALYTICAL_ARMS,false,false,false,false,RAW_ADJUSTED_PAIR,16ae4c2e94bbfb46029abdf7e758938830482c9f0adcfc8d6629dfa5249f3826,MISSING_OUTCOME,2
2,PAIRED_ANALYTICAL_ARMS,false,false,false,false,RAW_ADJUSTED_PAIR,171dcf00bad035661157ecec4e1a54818cbd295e5b48ceb82729fd63afbf7515,MISSING_OUTCOME,2
2,PAIRED_ANALYTICAL_ARMS,false,false,false,false,RAW_ADJUSTED_PAIR,17d5d8774d9abde34932f5b3ae22abf9a856644b6354e543f236c258731c7929,MISSING_OUTCOME,2
2,PAIRED_ANALYTICAL_ARMS,false,false,false,false,RAW_ADJUSTED_PAIR,180cf71eaa5ac3ecfb2e7e72bcd86be430fc81a7568af004efca2ff2de7867e7,MISSING_OUTCOME,2
2,PAIRED_ANALYTICAL_ARMS,false,false,false,false,RAW_ADJUSTED_PAIR,186c140487ef24e6d08bfc4f80b6b6920aec6acee7f4196690e814ba597f43ee,MISSING_OUTCOME,2
2,PAIRED_ANALYTICAL_ARMS,false,false,false,false,RAW_ADJUSTED_PAIR,1891ebd29f77b8ef4ec1d5102563309f787939e796cef817f36072be42a73b00,MISSING_OUTCOME,2
2,PAIRED_ANALYTICAL_ARMS,false,false,false,false,RAW_ADJUSTED_PAIR,189b18edb9ab447b6db7d481b1c9c2db11a889bf6c377c91636713fbc73e2773,MISSING_OUTCOME,2
2,PAIRED_ANALYTICAL_ARMS,false,false,false,false,RAW_ADJUSTED_PAIR,18a2e6edb288137890e27109222519837aef182eb103fda67a4c5b9923453e70,MISSING_OUTCOME,2
2,PAIRED_ANALYTICAL_ARMS,false,false,false,false,RAW_ADJUSTED_PAIR,18f0ccfca55af66f4d0ee8b2f31e8f3a95d2ff639583bdd83fc1f8ee05cb82d0,MISSING_OUTCOME,2
2,PAIRED_ANALYTICAL_ARMS,false,false,false,false,RAW_ADJUSTED_PAIR,193521463ce996c1a5d2a86d583bf3cabe52f84aed202ce0407b6f12da9bd21b,MISSING_OUTCOME,2
2,PAIRED_ANALYTICAL_ARMS,false,false,false,false,RAW_ADJUSTED_PAIR,197d4c32a21a25ee56b6dd4a04adf573e67e718410043f29a947475460366c6c,COMPLETED_COMPARABLE_OUTCOME,3
2,PAIRED_ANALYTICAL_ARMS,false,false,false,false,RAW_ADJUSTED_PAIR,19e9febcec10ac76c36b9f10e3c1141fb8a95ca42ac93d280d1952ce3d54a804,MISSING_OUTCOME,2
2,PAIRED_ANALYTICAL_ARMS,false,false,false,false,RAW_ADJUSTED_PAIR,1a1a909be94ce6914d273f9da5c962fe7e34afee380fc15eb875375125ffaf41,MISSING_OUTCOME,2
2,PAIRED_ANALYTICAL_ARMS,false,false,false,false,RAW_ADJUSTED_PAIR,1a4a3f11a27a0e2cf795bdee4cac214f040ded41fd9d3d3e5d48a1faf3b4320e,MISSING_OUTCOME,2
2,PAIRED_ANALYTICAL_ARMS,false,false,false,false,RAW_ADJUSTED_PAIR,1a7f663c46289b3a093d54e53dad0abf7dd50dccb96b7835252af48359bfbf04,MISSING_OUTCOME,2
2,PAIRED_ANALYTICAL_ARMS,false,false,false,false,RAW_ADJUSTED_PAIR,1af2a0d9f3938cd147c627489270289c9b9163b075b271ebecc067ff326b762c,MISSING_OUTCOME,2
2,PAIRED_ANALYTICAL_ARMS,false,false,false,false,RAW_ADJUSTED_PAIR,1b74f4fb7a5a0745a47c3c041483066b11ff8ac6ef80663f08fc8590d110875e,MISSING_OUTCOME,2
2,PAIRED_ANALYTICAL_ARMS,false,false,false,false,RAW_ADJUSTED_PAIR,1baab1c8bf6ddfb7be0a0ab6868272afcb26bdbd6ddc1fcf3830cb7ac423cf92,MISSING_OUTCOME,2
2,PAIRED_ANALYTICAL_ARMS,false,false,false,false,RAW_ADJUSTED_PAIR,1beb73120f40f237ac9cbd17deeedf920b191f9b2636fbf0c972b3c95af9f3ce,MISSING_OUTCOME,2
2,PAIRED_ANALYTICAL_ARMS,false,false,false,false,RAW_ADJUSTED_PAIR,1c84cfe73684d23835aee6e0f601c64de7698decab47fa48cb9215ee84ccd68f,MISSING_OUTCOME,2
2,PAIRED_ANALYTICAL_ARMS,false,false,false,false,RAW_ADJUSTED_PAIR,1cceda7336f16b48b8576ce0ee16ca9b29d5a389de68f763f7e0cb4c54952b65,MISSING_OUTCOME,2
2,PAIRED_ANALYTICAL_ARMS,false,false,false,false,RAW_ADJUSTED_PAIR,1ccff95e2f9b89f4868c62d02cd1feca113d3a153c4a2cd8120f76509528f0d3,COMPLETED_COMPARABLE_OUTCOME,3
2,PAIRED_ANALYTICAL_ARMS,false,false,false,false,RAW_ADJUSTED_PAIR,1cd916810020f8091eeb0634f645b90139988a0749e9e9904d4f5531a105b5bc,MISSING_OUTCOME,2
2,PAIRED_ANALYTICAL_ARMS,false,false,false,false,RAW_ADJUSTED_PAIR,1cf0b04dc301fdd62aaeca50939db3966f08bf96e091cac032f873d750946a76,MISSING_OUTCOME,2
2,PAIRED_ANALYTICAL_ARMS,false,false,false,false,RAW_ADJUSTED_PAIR,1d3410a2afdeb3f2f76e44b3276b0197ca2ff1c01cc25666abc796a8e06b50d4,MISSING_OUTCOME,2
2,PAIRED_ANALYTICAL_ARMS,false,false,false,false,RAW_ADJUSTED_PAIR,1d4e09f0dcd519ee2d251b4399bbc1310b57ce101e4ae545cda7da28fda3d12f,MISSING_OUTCOME,2
2,PAIRED_ANALYTICAL_ARMS,false,false,false,false,RAW_ADJUSTED_PAIR,1da2e2dc2c52eb6b272c0be22bb7550ae3898537c64fc7e45054ad71adea003d,MISSING_OUTCOME,2
2,PAIRED_ANALYTICAL_ARMS,false,false,false,false,RAW_ADJUSTED_PAIR,1dcb276b782c354167e13a14bf3faf2604ba996d677893a0520e53a78a2ddc24,MISSING_OUTCOME,2
2,PAIRED_ANALYTICAL_ARMS,false,false,false,false,RAW_ADJUSTED_PAIR,1e1a65538f814656016d9649282753ed2204c63030ad6368eeae82bf283ad5fc,MISSING_OUTCOME,2
2,PAIRED_ANALYTICAL_ARMS,false,false,false,false,RAW_ADJUSTED_PAIR,1e36730a5daae42deab15be4719d9418f0b54a65542d6841cac5da9566163a3a,COMPLETED_COMPARABLE_OUTCOME,3
2,PAIRED_ANALYTICAL_ARMS,false,false,false,false,RAW_ADJUSTED_PAIR,1e3b1899d690196e1b8106a7794ecb9360753dac70d5718ff050b54cd77fa46f,MISSING_OUTCOME,2
2,PAIRED_ANALYTICAL_ARMS,false,false,false,false,RAW_ADJUSTED_PAIR,1e47993f9f49f5784630480e18d8cc19956a902252fd1b0860866ff556fb5db8,MISSING_OUTCOME,2
2,PAIRED_ANALYTICAL_ARMS,false,false,false,false,RAW_ADJUSTED_PAIR,1e6fc0aa83163b4bae27afb3275dd5b350865929a6f3bcc9232f4ceecd8a4939,MISSING_OUTCOME,2
2,PAIRED_ANALYTICAL_ARMS,false,false,false,false,RAW_ADJUSTED_PAIR,1e89bebbadb36c11bd99876accb9b9e6a5fccd433fe82fe75d562b0dfc400eb9,MISSING_OUTCOME,2
2,PAIRED_ANALYTICAL_ARMS,false,false,false,false,RAW_ADJUSTED_PAIR,1ebccb8ba8d70e1b1e72aabd7b1943799f15caa73edbf7ea46f50ff397dbcc41,MISSING_OUTCOME,2
2,PAIRED_ANALYTICAL_ARMS,false,false,false,false,RAW_ADJUSTED_PAIR,1efa3188fe763f90fb0a5b4326c3f5bfb54c7c4cccca178cdf8cda4050fa71f0,MISSING_OUTCOME,2
2,PAIRED_ANALYTICAL_ARMS,false,false,false,false,RAW_ADJUSTED_PAIR,1f07184aa8eee0154ded948e16d23c0710446e2eeb5c34e2ddb3bd62f39c4a95,MISSING_OUTCOME,2
2,PAIRED_ANALYTICAL_ARMS,false,false,false,false,RAW_ADJUSTED_PAIR,1f447f9e215de18798de3d9b88add36eff2c83ca86f3d8ae9c40eab3e2a5e08d,NOT_ENTERED,3
2,PAIRED_ANALYTICAL_ARMS,false,false,false,false,RAW_ADJUSTED_PAIR,200a4b32718db5381855bee8723809a5d730d9ff461d7050d2c324ace073f51e,MISSING_OUTCOME,2
2,PAIRED_ANALYTICAL_ARMS,false,false,false,false,RAW_ADJUSTED_PAIR,200cadbe60cfd3e40f235f1cdab8af3bb9d8adc47a4a745e9ccda33f223cfcb9,MISSING_OUTCOME,2
2,PAIRED_ANALYTICAL_ARMS,false,false,false,false,RAW_ADJUSTED_PAIR,2028a92962a8e58ee1522d006800063038502cde67484b4205e611a3d426615a,COMPLETED_COMPARABLE_OUTCOME,3
2,PAIRED_ANALYTICAL_ARMS,false,false,false,false,RAW_ADJUSTED_PAIR,20308c228f63b30bf84eadb53a364b731c363c3a787d9910daea54957126b633,MISSING_OUTCOME,2
2,PAIRED_ANALYTICAL_ARMS,false,false,false,false,RAW_ADJUSTED_PAIR,2034d24c25d9c2ff87973a46f04ef59abcfe4ee7bb8c3ef74e8cd409f4214284,MISSING_OUTCOME,2
2,PAIRED_ANALYTICAL_ARMS,false,false,false,false,RAW_ADJUSTED_PAIR,2042a10f0bd545662fa9a714942d32c494cf51095fbd4b2582df1bb1a9a741f2,MISSING_OUTCOME,2
2,PAIRED_ANALYTICAL_ARMS,false,false,false,false,RAW_ADJUSTED_PAIR,204c35a8e205c215bba481ddbe6cf45354e2a41ee0fb94d94117fc821da1c8b2,MISSING_OUTCOME,2
2,PAIRED_ANALYTICAL_ARMS,false,false,false,false,RAW_ADJUSTED_PAIR,2055ce2c231948ec4fb7beed8f1b2c7c0c74f222b771c8f372ffc8dac490c46b,MISSING_OUTCOME,2
2,PAIRED_ANALYTICAL_ARMS,false,false,false,false,RAW_ADJUSTED_PAIR,2056583a3a977ae33c82bea7b8729eae2211d5e31ad32b89d10ef6ca4dec2ebe,NOT_ENTERED,3
2,PAIRED_ANALYTICAL_ARMS,false,false,false,false,RAW_ADJUSTED_PAIR,20e1f542356eeaff4b36f02db00bd30a2287d759a7f7f75bd8ed86b5dd82a75c,MISSING_OUTCOME,2
2,PAIRED_ANALYTICAL_ARMS,false,false,false,false,RAW_ADJUSTED_PAIR,2101b694ec5fedcebcb7bec1486d4e7782e4ab23426e4fc7ae1f99dc5d456774,MISSING_OUTCOME,2
2,PAIRED_ANALYTICAL_ARMS,false,false,false,false,RAW_ADJUSTED_PAIR,2121e190b6fb2b57395665db44f4c3a5ba5e7168fad53c9c5803248e5f3f4a24,MISSING_OUTCOME,2
2,PAIRED_ANALYTICAL_ARMS,false,false,false,false,RAW_ADJUSTED_PAIR,21873a61f9258201fb9fb64752b7c8a4eeab00a6141d3c0d1e1e808d7115a3a6,MISSING_OUTCOME,2
2,PAIRED_ANALYTICAL_ARMS,false,false,false,false,RAW_ADJUSTED_PAIR,221808cf9faf526f96ca1c42c80bd52b7c8957b3e4c1f80274db3586700113ea,MISSING_OUTCOME,2
2,PAIRED_ANALYTICAL_ARMS,false,false,false,false,RAW_ADJUSTED_PAIR,2238e3b92743be4167df1fdd90a5ff6fde8443983acaddd8ddb34ef588628e1e,MISSING_OUTCOME,2
2,PAIRED_ANALYTICAL_ARMS,false,false,false,false,RAW_ADJUSTED_PAIR,2240a8f7c5331bb6114991eaed9bcd702f2ccbd0741abf74b61d8d82c13c464a,MISSING_OUTCOME,2
2,PAIRED_ANALYTICAL_ARMS,false,false,false,false,RAW_ADJUSTED_PAIR,2247424ecad17beb1e6ec6b316633b0359092ddab06cbb00ccde9d8b6a26b3cc,MISSING_OUTCOME,2
2,PAIRED_ANALYTICAL_ARMS,false,false,false,false,RAW_ADJUSTED_PAIR,228a3bdb96a10d34c126be06660f62314f1c888545349573ddb439d513913963,MISSING_OUTCOME,2
2,PAIRED_ANALYTICAL_ARMS,false,false,false,false,RAW_ADJUSTED_PAIR,22a168a5822526aa87ed8f8dcf741ba7d7b07e580ae22b3d92e900e92f76dcde,MISSING_OUTCOME,2
2,PAIRED_ANALYTICAL_ARMS,false,false,false,false,RAW_ADJUSTED_PAIR,22b7413af626a1980af0713aaaf1ef48d075ea612c5d1cc8d6b371508ac5a802,MISSING_OUTCOME,2
2,PAIRED_ANALYTICAL_ARMS,false,false,false,false,RAW_ADJUSTED_PAIR,22d0bfa90c6393a3041ea75c0ed6d5a380e0a79dbcab9d9e0b76d95f4c59bba5,MISSING_OUTCOME,2
2,PAIRED_ANALYTICAL_ARMS,false,false,false,false,RAW_ADJUSTED_PAIR,22fd2cd51a69b9c8d93a29318979d30219abf0a2c66442b4885dc8a1a97ee4d3,MISSING_OUTCOME,2
2,PAIRED_ANALYTICAL_ARMS,false,false,false,false,RAW_ADJUSTED_PAIR,237130d83c64f7d02de56b48e89607cd3cecd27e6bee24646d0333eb52f92ed9,MISSING_OUTCOME,2
2,PAIRED_ANALYTICAL_ARMS,false,false,false,false,RAW_ADJUSTED_PAIR,237394805a50aa7ea82dceaefa3db8b5f7a057b4470a0d6623bffe855f7a95e8,MISSING_OUTCOME,2
2,PAIRED_ANALYTICAL_ARMS,false,false,false,false,RAW_ADJUSTED_PAIR,23b0638f6bbf08c369d5fd01f54d55667c5fed892f912427007f629000e98251,MISSING_OUTCOME,2
2,PAIRED_ANALYTICAL_ARMS,false,false,false,false,RAW_ADJUSTED_PAIR,23e4b1c0a7ca7ad31fada9785d42ad8a968de2eb5a8fb7f77db7d2e059c3c1a8,MISSING_OUTCOME,2
2,PAIRED_ANALYTICAL_ARMS,false,false,false,false,RAW_ADJUSTED_PAIR,24252b60bf40be262b4baebbe6fafa823c983816c36f18951731ccb9b9d5a859,MISSING_OUTCOME,2
2,PAIRED_ANALYTICAL_ARMS,false,false,false,false,RAW_ADJUSTED_PAIR,243d759d9523a6a6f519204eb98b156b1e9ef7d16bb3f8e4c9d5283fac82cb33,PENDING_END_OF_DATA,3
2,PAIRED_ANALYTICAL_ARMS,false,false,false,false,RAW_ADJUSTED_PAIR,2448ebcb3512556221ab864cb74deba7cb762f219f5606e61df6d2a652725bc8,MISSING_OUTCOME,2
2,PAIRED_ANALYTICAL_ARMS,false,false,false,false,RAW_ADJUSTED_PAIR,2459b3d0aa13420b6cb759ddb8ab0c94e330daeab0f86db96acc8bc30880484b,MISSING_OUTCOME,2
2,PAIRED_ANALYTICAL_ARMS,false,false,false,false,RAW_ADJUSTED_PAIR,2478e95dc6c88434c19ea5abf171fa3e234ad3f80115e86defc6316d9fe6be9c,MISSING_OUTCOME,2
2,PAIRED_ANALYTICAL_ARMS,false,false,false,false,RAW_ADJUSTED_PAIR,24a64052c90b8af3119bb1182a6aa806a34987cefaf15895d5ee1855489b38c1,MISSING_OUTCOME,2
2,PAIRED_ANALYTICAL_ARMS,false,false,false,false,RAW_ADJUSTED_PAIR,24a9a442d116210a27540d882f4d6b7747e32bf7bd2e4f280762e0b2676248ec,MISSING_OUTCOME,2
2,PAIRED_ANALYTICAL_ARMS,false,false,false,false,RAW_ADJUSTED_PAIR,24bd3cebee43508f2b501c0bfd356f4f7739f8fd63329e8de4f807a113ae2099,MISSING_OUTCOME,2
2,PAIRED_ANALYTICAL_ARMS,false,false,false,false,RAW_ADJUSTED_PAIR,24c46d0c937eb990c146392110867dce21a1ba5b736a926ba1aa06ad2fc349ce,MISSING_OUTCOME,2
2,PAIRED_ANALYTICAL_ARMS,false,false,false,false,RAW_ADJUSTED_PAIR,24e5ab0da41c001126456c6a6a804f4b2fdef176e3bc576d0401d086b85820b2,MISSING_OUTCOME,2
2,PAIRED_ANALYTICAL_ARMS,false,false,false,false,RAW_ADJUSTED_PAIR,2531f6a11cb30994c897808c60c9702e21e31bad40fbfd62062699936b332cef,MISSING_OUTCOME,2
2,PAIRED_ANALYTICAL_ARMS,false,false,false,false,RAW_ADJUSTED_PAIR,259c8c187a821048f8af196f1bcfefd97afb16fb6838ba45d05547a72559e9bd,MISSING_OUTCOME,2
2,PAIRED_ANALYTICAL_ARMS,false,false,false,false,RAW_ADJUSTED_PAIR,2610d025508f6eb34f0306214931f60a1cc7c72c820959ddd7df6d1570e558b0,MISSING_OUTCOME,2
2,PAIRED_ANALYTICAL_ARMS,false,false,false,false,RAW_ADJUSTED_PAIR,2671b89fbdc2625d0b8ef70aec6429e769f7c0f0d9951a93f444d131f74d1055,MISSING_OUTCOME,2
2,PAIRED_ANALYTICAL_ARMS,false,false,false,false,RAW_ADJUSTED_PAIR,26bd229521fbc47a6c1fa367fcc5be5cdbcbe48d62905c51bdd60ff96a164fb5,MISSING_OUTCOME,2
2,PAIRED_ANALYTICAL_ARMS,false,false,false,false,RAW_ADJUSTED_PAIR,26cce5900a99b27ab40f1a91bb4d631340a616f77e41613782a3665b8284ff65,MISSING_OUTCOME,2
2,PAIRED_ANALYTICAL_ARMS,false,false,false,false,RAW_ADJUSTED_PAIR,275111e89b0ebb3fb3b6c18d58c27fb4f2d27182e5d0b0f04dce1eb03b9c714b,MISSING_OUTCOME,2
2,PAIRED_ANALYTICAL_ARMS,false,false,false,false,RAW_ADJUSTED_PAIR,27b331d29459d0b7077819fc412c12c2ba89ef26a769d2cf24a2c7b81980806e,MISSING_OUTCOME,2
2,PAIRED_ANALYTICAL_ARMS,false,false,false,false,RAW_ADJUSTED_PAIR,27bbe46d4de739fc42732039380fb97e86fadf17352047937103bda60f280808,MISSING_OUTCOME,2
2,PAIRED_ANALYTICAL_ARMS,false,false,false,false,RAW_ADJUSTED_PAIR,27f36f2fbec5a77252a5068087b2a7a454e65759d03ce3f916f8a82e3fab723a,PENDING_END_OF_DATA,3
2,PAIRED_ANALYTICAL_ARMS,false,false,false,false,RAW_ADJUSTED_PAIR,27f5483374b00b098c634da59ad450095a2632fb78a7c448718fcdab4d6c8ccc,MISSING_OUTCOME,2
2,PAIRED_ANALYTICAL_ARMS,false,false,false,false,RAW_ADJUSTED_PAIR,27f6e0b6e1c35804704e5b5c8e0e920fe533cae0bd865836b114e933b6678fcf,MISSING_OUTCOME,2
2,PAIRED_ANALYTICAL_ARMS,false,false,false,false,RAW_ADJUSTED_PAIR,27fe06ebb05df7e6ec87c32e9f73fa56e1a8b52040eb59f23e95ca8b654171fb,MISSING_OUTCOME,2
2,PAIRED_ANALYTICAL_ARMS,false,false,false,false,RAW_ADJUSTED_PAIR,28ada798f578fd5f64b3b3e95268f65c0678ed10642e9a116af2f121b52f8725,MISSING_OUTCOME,2
2,PAIRED_ANALYTICAL_ARMS,false,false,false,false,RAW_ADJUSTED_PAIR,28dc9e3db26fad7678eb88c7c44a38154fc0e2831fb16e462a9a458753f2b52a,MISSING_OUTCOME,2
2,PAIRED_ANALYTICAL_ARMS,false,false,false,false,RAW_ADJUSTED_PAIR,28de58ab4a8ea822d09fb6963f82b86f56b99e3fc96d5ceee370f76f8f64b822,MISSING_OUTCOME,2
2,PAIRED_ANALYTICAL_ARMS,false,false,false,false,RAW_ADJUSTED_PAIR,29051b55b50a06c5bedfc26520257c5d259e32574f3461e8581be14f93a4ae94,MISSING_OUTCOME,2
2,PAIRED_ANALYTICAL_ARMS,false,false,false,false,RAW_ADJUSTED_PAIR,29837fe98e18cae63e6b71e6aed7bf158495dac6e2ff03ff665770c7e8de3250,MISSING_OUTCOME,2
2,PAIRED_ANALYTICAL_ARMS,false,false,false,false,RAW_ADJUSTED_PAIR,29972faaef2777ef8edee75788a167a48b6582c6bce76df837ad5936add7cacd,MISSING_OUTCOME,2
2,PAIRED_ANALYTICAL_ARMS,false,false,false,false,RAW_ADJUSTED_PAIR,29d58c4128d3af4efcb75979f2198e63253305726865dda9fb95a2d7f7dca627,MISSING_OUTCOME,2
2,PAIRED_ANALYTICAL_ARMS,false,false,false,false,RAW_ADJUSTED_PAIR,29e519c45a74bc4f6e0cf74976533f84b84eb7fa96c790214b56812a91468845,COMPLETED_COMPARABLE_OUTCOME,3
2,PAIRED_ANALYTICAL_ARMS,false,false,false,false,RAW_ADJUSTED_PAIR,2a0dea9ec42ad229bd27b2676e867e1dce1636cef173017a8b10a9866f72fdc6,MISSING_OUTCOME,2
2,PAIRED_ANALYTICAL_ARMS,false,false,false,false,RAW_ADJUSTED_PAIR,2a32a8bd0fcbc33041bef8395fba8d7b547facd9b7d196cce139859d7beb6f25,MISSING_OUTCOME,2
2,PAIRED_ANALYTICAL_ARMS,false,false,false,false,RAW_ADJUSTED_PAIR,2a747c18d59d6ee4424dcdc7dbb8b7e011bb7e8c4294741d0993ffb9efba883f,MISSING_OUTCOME,2
2,PAIRED_ANALYTICAL_ARMS,false,false,false,false,RAW_ADJUSTED_PAIR,2b70118ceb7fec9dda0661afd94595099cd14f56b56056ac804426193f0af2d5,MISSING_OUTCOME,2
2,PAIRED_ANALYTICAL_ARMS,false,false,false,false,RAW_ADJUSTED_PAIR,2b8225e4873f88d2c0eae90bee0cf6e2f99d7486a17b381b509b0a97b5b779dc,MISSING_OUTCOME,2
2,PAIRED_ANALYTICAL_ARMS,false,false,false,false,RAW_ADJUSTED_PAIR,2bafd1a956f31c6bd4bed93c4278decb238bb0b5f38e951da631abf4f3a755b6,COMPLETED_COMPARABLE_OUTCOME,3
2,PAIRED_ANALYTICAL_ARMS,false,false,false,false,RAW_ADJUSTED_PAIR,2c1b6cebe0a7ec712eb34866d59a7f193dbc4a3ff49a2ae5dc3ddfe128d28701,MISSING_OUTCOME,2
2,PAIRED_ANALYTICAL_ARMS,false,false,false,false,RAW_ADJUSTED_PAIR,2c3feea3e35e95cc6d1e588a57bcc98fa9d114797e6ca6d6e8cb725e6c6265b5,MISSING_OUTCOME,2
2,PAIRED_ANALYTICAL_ARMS,false,false,false,false,RAW_ADJUSTED_PAIR,2c4efb233fa18a26545081dbdbb973e515dfec8100fb0eb151318d69fb7ffe6c,MISSING_OUTCOME,2
2,PAIRED_ANALYTICAL_ARMS,false,false,false,false,RAW_ADJUSTED_PAIR,2c5068a90cc20d3ae421c93e7270f103db38235de595c14894bcd121f2c9547a,MISSING_OUTCOME,2
2,PAIRED_ANALYTICAL_ARMS,false,false,false,false,RAW_ADJUSTED_PAIR,2c532d98e35af9744f95a2300e3dd6fc216a41063000050c1b1bf1b262704a79,MISSING_OUTCOME,2
2,PAIRED_ANALYTICAL_ARMS,false,false,false,false,RAW_ADJUSTED_PAIR,2cff1c1d45cd3c8fbaf1bf5249820172647f917fcce57c093cd2c1b2ef3d2783,COMPLETED_COMPARABLE_OUTCOME,3
2,PAIRED_ANALYTICAL_ARMS,false,false,false,false,RAW_ADJUSTED_PAIR,2d0db311d2233755eb9a713760b7021904b48ce22aca0c9686e36970814e8144,COMPLETED_COMPARABLE_OUTCOME,3
2,PAIRED_ANALYTICAL_ARMS,false,false,false,false,RAW_ADJUSTED_PAIR,2d573b945e38e9ec350d072b5bf283c8e56a63a2340afd0ddaa87c925f5e63b4,MISSING_OUTCOME,2
2,PAIRED_ANALYTICAL_ARMS,false,false,false,false,RAW_ADJUSTED_PAIR,2d65e3e9488d753c608c676db716dda8e2c5780b3ac1851c0eb908f3dd55f6ff,MISSING_OUTCOME,2
2,PAIRED_ANALYTICAL_ARMS,false,false,false,false,RAW_ADJUSTED_PAIR,2e56290f25f5b9f6007b042624423b79575122c6141200ca0c12b48176910465,MISSING_OUTCOME,2
2,PAIRED_ANALYTICAL_ARMS,false,false,false,false,RAW_ADJUSTED_PAIR,2e875df9dca212c04a1c875aa917ae2ab95f6935fe8705237d63a20f46ef8a6f,NOT_ENTERED,3
2,PAIRED_ANALYTICAL_ARMS,false,false,false,false,RAW_ADJUSTED_PAIR,2eac69d91bd30b70f9b9bd9b337c845f014aa56def095e61f5e3843d4c3c661c,MISSING_OUTCOME,2
2,PAIRED_ANALYTICAL_ARMS,false,false,false,false,RAW_ADJUSTED_PAIR,2eddc45b30b0f5db3aac9b85d6078d1f51179e065c4ee46b8688328402d200a6,MISSING_OUTCOME,2
2,PAIRED_ANALYTICAL_ARMS,false,false,false,false,RAW_ADJUSTED_PAIR,2f2067ebb8ac16157c45af34cb7e3b88b6446ad35c972da40a799bac842c609a,MISSING_OUTCOME,2
2,PAIRED_ANALYTICAL_ARMS,false,false,false,false,RAW_ADJUSTED_PAIR,2f37443b94c72697e94b267ed8a43e3f603cacc729bfa5159e4fcc2d5f5dd563,MISSING_OUTCOME,2
2,PAIRED_ANALYTICAL_ARMS,false,false,false,false,RAW_ADJUSTED_PAIR,2f5cc2ab6c88641ac370546d1e9faec36b0aa68ab16df7b5af4c675ed35950d3,COMPLETED_COMPARABLE_OUTCOME,3
2,PAIRED_ANALYTICAL_ARMS,false,false,false,false,RAW_ADJUSTED_PAIR,2f6c36f5f6bd098d49e349dc5896f0b318810ca3407b9992655dabb3dab9e931,MISSING_OUTCOME,2
2,PAIRED_ANALYTICAL_ARMS,false,false,false,false,RAW_ADJUSTED_PAIR,2f87f4957d2e3c20c62efb1ecac9ebd878076dc14b58e2e961986264b41f2bf5,MISSING_OUTCOME,2
2,PAIRED_ANALYTICAL_ARMS,false,false,false,false,RAW_ADJUSTED_PAIR,2fa39384bc353f4c0088ed6c3d360ee2d392e23344c847cc16048f492ef99362,NOT_ENTERED,3
2,PAIRED_ANALYTICAL_ARMS,false,false,false,false,RAW_ADJUSTED_PAIR,2fec2282518671049280638ac8952a417ee08805a30e3daef9fcb9971ae5871b,MISSING_OUTCOME,2
2,PAIRED_ANALYTICAL_ARMS,false,false,false,false,RAW_ADJUSTED_PAIR,2ffaa2b7ee1b18dba9472dd4b832dbfa31ca59db56bcea0539ab6a174bf473cb,MISSING_OUTCOME,2
2,PAIRED_ANALYTICAL_ARMS,false,false,false,false,RAW_ADJUSTED_PAIR,30dbd70da66260ca5431266cd73a5177c829a6597bc8b5e24a9cb8d9ef3b1235,MISSING_OUTCOME,2
2,PAIRED_ANALYTICAL_ARMS,false,false,false,false,RAW_ADJUSTED_PAIR,30dc2606f384e69a448dcf50d9c7ff9b3517790243c6b27afe96819805e59121,COMPLETED_COMPARABLE_OUTCOME,3
2,PAIRED_ANALYTICAL_ARMS,false,false,false,false,RAW_ADJUSTED_PAIR,30ef05330ab36eb14a04e86a3684ba8fe6ba3f16b5889e79dca80640a06d99d7,MISSING_OUTCOME,2
2,PAIRED_ANALYTICAL_ARMS,false,false,false,false,RAW_ADJUSTED_PAIR,30f05770fb210be0dee6eb2e3222770b12fd84f9f740c126ab9b5c649f9f5cb4,MISSING_OUTCOME,2
2,PAIRED_ANALYTICAL_ARMS,false,false,false,false,RAW_ADJUSTED_PAIR,316765417907c4645fd3a782af0f4aeec8dd218058d5d725e4ecbdaaae57e2af,MISSING_OUTCOME,2
2,PAIRED_ANALYTICAL_ARMS,false,false,false,false,RAW_ADJUSTED_PAIR,3170ee895fff1dc2dea4e687e815df0cb3a2b2642c82139d0c300e6b3a423853,MISSING_OUTCOME,2
2,PAIRED_ANALYTICAL_ARMS,false,false,false,false,RAW_ADJUSTED_PAIR,317639184f4ffd63a53236da1dc8029b6f74252024a5755c6ec2473b629f9704,MISSING_OUTCOME,2
2,PAIRED_ANALYTICAL_ARMS,false,false,false,false,RAW_ADJUSTED_PAIR,3184d33b7a3f6fca07317fa311ab01193ce4c479cb5173d7284cf2ec064f8e8e,MISSING_OUTCOME,2
2,PAIRED_ANALYTICAL_ARMS,false,false,false,false,RAW_ADJUSTED_PAIR,31af70c2c656556c2b23deb5aed9ea96a1887228f0bc8723bb1bb732e44f0509,COMPLETED_COMPARABLE_OUTCOME,3
2,PAIRED_ANALYTICAL_ARMS,false,false,false,false,RAW_ADJUSTED_PAIR,31b01cb608fe11cd039bd6a5922f68faef9bde3898ad50eefda995c41dfa4a13,MISSING_OUTCOME,2
2,PAIRED_ANALYTICAL_ARMS,false,false,false,false,RAW_ADJUSTED_PAIR,31b71ee808cdeba47437fc5c54b600cf76159f1cc6e5f77a4351836368824df3,MISSING_OUTCOME,2
2,PAIRED_ANALYTICAL_ARMS,false,false,false,false,RAW_ADJUSTED_PAIR,31c69f30343fd5c78d95c6b345fa3f99ffecdc8beeeac167e7165baea2825d1c,COMPLETED_COMPARABLE_OUTCOME,3
2,PAIRED_ANALYTICAL_ARMS,false,false,false,false,RAW_ADJUSTED_PAIR,31eac6612ce83f4b53c54db53b0445829b963d814bd84b1dffe4756e65eee5bc,MISSING_OUTCOME,2
2,PAIRED_ANALYTICAL_ARMS,false,false,false,false,RAW_ADJUSTED_PAIR,320cc61ddf2705e789e5a5a7ff54c26c8e5d15c395f8ac15d56087dbe244c9e0,MISSING_OUTCOME,2
2,PAIRED_ANALYTICAL_ARMS,false,false,false,false,RAW_ADJUSTED_PAIR,323460dcf570003dac3e947a183029579db56087eb4eef5428dffa10dc4f45ef,MISSING_OUTCOME,2
2,PAIRED_ANALYTICAL_ARMS,false,false,false,false,RAW_ADJUSTED_PAIR,3261ebdf280cb7b6bcd17ec79504c1b31cd38e9379c73f97f7ca76bbf3b66fb6,COMPLETED_COMPARABLE_OUTCOME,3
2,PAIRED_ANALYTICAL_ARMS,false,false,false,false,RAW_ADJUSTED_PAIR,3262a7535259d3350621263e604348c61f05989f55d0808d24020de5e25fe0e7,MISSING_OUTCOME,2
2,PAIRED_ANALYTICAL_ARMS,false,false,false,false,RAW_ADJUSTED_PAIR,32817fc0c9a7f921cff500202d1879b23224ffa7fde6b8027181c7f848a2e400,COMPLETED_COMPARABLE_OUTCOME,3
2,PAIRED_ANALYTICAL_ARMS,false,false,false,false,RAW_ADJUSTED_PAIR,3282184962a18b1d855d30be5fdf9848fdbd51b31225a6b43d38a99e3cf88e8b,MISSING_OUTCOME,2
2,PAIRED_ANALYTICAL_ARMS,false,false,false,false,RAW_ADJUSTED_PAIR,331098b5822b61eca54dca82a54bb4ca50ae859c806ddd9d9df4e849f8dd4d20,MISSING_OUTCOME,2
2,PAIRED_ANALYTICAL_ARMS,false,false,false,false,RAW_ADJUSTED_PAIR,3341f1d74ec5b4743034499f190509cf2ac09a7ce35096b25c447246c12f4b7c,MISSING_OUTCOME,2
2,PAIRED_ANALYTICAL_ARMS,false,false,false,false,RAW_ADJUSTED_PAIR,334f036938f4d4224c12ceea2db2fefe02a9207d21ae0e87e3be5da2c83252e2,NOT_ENTERED,3
2,PAIRED_ANALYTICAL_ARMS,false,false,false,false,RAW_ADJUSTED_PAIR,334ffc0dbb71c92bf424d2d7622cf7c1fcf156247bcd8b0d43cc5f5db99925c8,COMPLETED_COMPARABLE_OUTCOME,3
2,PAIRED_ANALYTICAL_ARMS,false,false,false,false,RAW_ADJUSTED_PAIR,3355635673a13fa6acb857529b5bd9a5541ba2d8cd9ddba1b97bf9cbd6635101,MISSING_OUTCOME,2
2,PAIRED_ANALYTICAL_ARMS,false,false,false,false,RAW_ADJUSTED_PAIR,337c60dd044d8483ac0dddd870726619040cb4485806ea41a645c56d43895119,MISSING_OUTCOME,2
2,PAIRED_ANALYTICAL_ARMS,false,false,false,false,RAW_ADJUSTED_PAIR,3499ec69cd279f68e1a663ae3c4b4c5bc7d6246276fa2bf41d196a9de4db10aa,MISSING_OUTCOME,2
2,PAIRED_ANALYTICAL_ARMS,false,false,false,false,RAW_ADJUSTED_PAIR,34dd84c9a2424d4594cc35ad0e387ce31264057e32fc169efc17acddd02964ad,MISSING_OUTCOME,2
2,PAIRED_ANALYTICAL_ARMS,false,false,false,false,RAW_ADJUSTED_PAIR,34ecc0ec76a07e2118a32e977e4fb2bd30065da40206c6f04f1162c83fcc1e3d,COMPLETED_COMPARABLE_OUTCOME,3
2,PAIRED_ANALYTICAL_ARMS,false,false,false,false,RAW_ADJUSTED_PAIR,34f3b87c503d82b671b934fce379ec39d8551cce347892b6362fc49aa885aac6,MISSING_OUTCOME,2
2,PAIRED_ANALYTICAL_ARMS,false,false,false,false,RAW_ADJUSTED_PAIR,3552ecfd85424e1c83afbf75f10f261852413259aa92831e5af94a67bf881c46,MISSING_OUTCOME,2
2,PAIRED_ANALYTICAL_ARMS,false,false,false,false,RAW_ADJUSTED_PAIR,3574547672c202f5c54692bd833678709a276eaad0a7509b8754ad25fcab9d3c,MISSING_OUTCOME,2
2,PAIRED_ANALYTICAL_ARMS,false,false,false,false,RAW_ADJUSTED_PAIR,35745695928ba57812b249ba93d052651137adf8e218a6f2ed1f27b9fd6a7b88,MISSING_OUTCOME,2
2,PAIRED_ANALYTICAL_ARMS,false,false,false,false,RAW_ADJUSTED_PAIR,35cbf0b9077ff4e0aa71374bb8fd33f26280d5589c42785d07fb4b104cf60b6b,MISSING_OUTCOME,2
2,PAIRED_ANALYTICAL_ARMS,false,false,false,false,RAW_ADJUSTED_PAIR,35cf2dd6844fd0cfea4d00fa0fdee34491b41229c43dfa313d2a64dd6d609357,MISSING_OUTCOME,2
2,PAIRED_ANALYTICAL_ARMS,false,false,false,false,RAW_ADJUSTED_PAIR,35d6f8a2e1d256e9e00bcf9d1b784c6675dd49460b359f56443009f56889e7ed,MISSING_OUTCOME,2
2,PAIRED_ANALYTICAL_ARMS,false,false,false,false,RAW_ADJUSTED_PAIR,3612c5b0f75e69ccdee00c11199f5ded0541034a951df418ea50a8a5ebf8f53e,MISSING_OUTCOME,2
2,PAIRED_ANALYTICAL_ARMS,false,false,false,false,RAW_ADJUSTED_PAIR,362b134f15b8a694f8bf74c4fa4ea887566ca8a968ee26ed648cd1727b4d0148,MISSING_OUTCOME,2
2,PAIRED_ANALYTICAL_ARMS,false,false,false,false,RAW_ADJUSTED_PAIR,3639b167a25b22ab9de6318d2a54dbb9df62d00abf486014d2794dfe2f7de20a,MISSING_OUTCOME,2
2,PAIRED_ANALYTICAL_ARMS,false,false,false,false,RAW_ADJUSTED_PAIR,3646c58462895fe6f816aa9d61fab008f1e5532df84638ff5b2541ca2a184bf8,MISSING_OUTCOME,2
2,PAIRED_ANALYTICAL_ARMS,false,false,false,false,RAW_ADJUSTED_PAIR,3666664a904e3b4514f45ecaca127a6dd1184f3c8f0aae2460ac1527084ad35b,MISSING_OUTCOME,2
2,PAIRED_ANALYTICAL_ARMS,false,false,false,false,RAW_ADJUSTED_PAIR,368a7f1a943dee3eaa3f6e60be2f3a0fdd51ae760c7fc843f4624a524c814f68,MISSING_OUTCOME,2
2,PAIRED_ANALYTICAL_ARMS,false,false,false,false,RAW_ADJUSTED_PAIR,36dcac1c9508a88a111bf5f1360d5edec74f08b1e9d6c114b66a94b40be668b1,MISSING_OUTCOME,2
2,PAIRED_ANALYTICAL_ARMS,false,false,false,false,RAW_ADJUSTED_PAIR,373933e404fe4bed05f5cfdf131630d8c74f025e2b63babdadd58a55334aef7c,MISSING_OUTCOME,2
2,PAIRED_ANALYTICAL_ARMS,false,false,false,false,RAW_ADJUSTED_PAIR,3787f3882bf9979c05f3538f6267e8a3a2e573b6d79b9e7fa84f9b29a57f46e0,MISSING_OUTCOME,2
2,PAIRED_ANALYTICAL_ARMS,false,false,false,false,RAW_ADJUSTED_PAIR,3796e198afe28ad059c96830018e674d2e04f6b68aa53353e37cde7175b84283,MISSING_OUTCOME,2
2,PAIRED_ANALYTICAL_ARMS,false,false,false,false,RAW_ADJUSTED_PAIR,37a8e4e33e6ef5ff72f03da0e5d5736395e45a3ab29c2f7d16fb520a0e39688a,MISSING_OUTCOME,2
2,PAIRED_ANALYTICAL_ARMS,false,false,false,false,RAW_ADJUSTED_PAIR,37ac24161463a08ef5388b2a364b1260a0bb1ee0f8c36dbe3f9b4e473bca9724,MISSING_OUTCOME,2
2,PAIRED_ANALYTICAL_ARMS,false,false,false,false,RAW_ADJUSTED_PAIR,37e9313859066287817f02a42136cca35c19dd3b6339c41365bcc0abb98f7a5c,MISSING_OUTCOME,2
2,PAIRED_ANALYTICAL_ARMS,false,false,false,false,RAW_ADJUSTED_PAIR,37ea06628d7864be3057797764d1fa584b468a1b075a5ae653a97955595c2360,MISSING_OUTCOME,2
2,PAIRED_ANALYTICAL_ARMS,false,false,false,false,RAW_ADJUSTED_PAIR,37edc64376e4df6c552ffca2b6efe3c1f627fe812005829125b2b23f1001162e,COMPLETED_COMPARABLE_OUTCOME,3
2,PAIRED_ANALYTICAL_ARMS,false,false,false,false,RAW_ADJUSTED_PAIR,3801d5c831f1ab8c3a228434a880c111bd08825e8a6b8f5a2d7746e91926fd90,PENDING_END_OF_DATA,3
2,PAIRED_ANALYTICAL_ARMS,false,false,false,false,RAW_ADJUSTED_PAIR,38e503d2a7793a62586e71aa38c7d457b7791aeb6277970f4cccdf4345d6c74a,MISSING_OUTCOME,2
2,PAIRED_ANALYTICAL_ARMS,false,false,false,false,RAW_ADJUSTED_PAIR,39066cb16bf0d543d0c9dad35af9d4b346b0e3bf2cefa460ffc894948844265c,MISSING_OUTCOME,2
2,PAIRED_ANALYTICAL_ARMS,false,false,false,false,RAW_ADJUSTED_PAIR,39c9fe27d16d3de5642cf65a13401b0bc3f5d9ee455d7cba0e10449592481b22,MISSING_OUTCOME,2
2,PAIRED_ANALYTICAL_ARMS,false,false,false,false,RAW_ADJUSTED_PAIR,3a04ed5951f966ec0e0e21c7b0145a0a8a77b23ea3d0ba10db8c0ba54672efad,MISSING_OUTCOME,2
2,PAIRED_ANALYTICAL_ARMS,false,false,false,false,RAW_ADJUSTED_PAIR,3a44a1c0256d18eb7e39330f1138df1017c703bb907abed8dce4e4c6c28abc9a,MISSING_OUTCOME,2
2,PAIRED_ANALYTICAL_ARMS,false,false,false,false,RAW_ADJUSTED_PAIR,3a747788291b33da4a744ca0e34acdbcd901518ff7fc9e6fce7a49e686b6408e,MISSING_OUTCOME,2
2,PAIRED_ANALYTICAL_ARMS,false,false,false,false,RAW_ADJUSTED_PAIR,3ae62d43dac77d05b3bd6e0522b81ebe9ab5c82a178baa17ace16581802fa2df,MISSING_OUTCOME,2
2,PAIRED_ANALYTICAL_ARMS,false,false,false,false,RAW_ADJUSTED_PAIR,3b09c89dd3575cb0c6d155950380d762082ff3ad03152f7ba9629e2e32b41fc9,MISSING_OUTCOME,2
2,PAIRED_ANALYTICAL_ARMS,false,false,false,false,RAW_ADJUSTED_PAIR,3b0faa24ef80659f3e4cc27e67a4360ce99431d2294586249edddeafbdb57676,MISSING_OUTCOME,2
2,PAIRED_ANALYTICAL_ARMS,false,false,false,false,RAW_ADJUSTED_PAIR,3b1d09eb6cf7867847656aa1ccaac45ac94681928af291169dbbdfc0950007a9,MISSING_OUTCOME,2
2,PAIRED_ANALYTICAL_ARMS,false,false,false,false,RAW_ADJUSTED_PAIR,3b2ac0671c307aaf825f1391f396b7043a5ee0190828fb1ccd8eae7fd680dc39,MISSING_OUTCOME,2
2,PAIRED_ANALYTICAL_ARMS,false,false,false,false,RAW_ADJUSTED_PAIR,3b7358847b001c601d74363ea1781673d250d9841bb5601878f3c693cf39dedb,NOT_ENTERED,3
2,PAIRED_ANALYTICAL_ARMS,false,false,false,false,RAW_ADJUSTED_PAIR,3b79502882a434218dd328f50c2a79d653321e99251146bdff29f3349736166a,MISSING_OUTCOME,2
2,PAIRED_ANALYTICAL_ARMS,false,false,false,false,RAW_ADJUSTED_PAIR,3bd2ec9239989e72058292a48e85ad7206e82f6e56d77ed9b33f0dab60ef1513,MISSING_OUTCOME,2
2,PAIRED_ANALYTICAL_ARMS,false,false,false,false,RAW_ADJUSTED_PAIR,3c1596b95405d3227721b312f77748f38a57bde589c798770ba863d49f04aaef,MISSING_OUTCOME,2
2,PAIRED_ANALYTICAL_ARMS,false,false,false,false,RAW_ADJUSTED_PAIR,3c8f805844d354c692f979c5df206b194fc0046b5f21883322be07f4b0017828,COMPLETED_COMPARABLE_OUTCOME,3
2,PAIRED_ANALYTICAL_ARMS,false,false,false,false,RAW_ADJUSTED_PAIR,3cc1179c2a84c28ac5ad9f32f741269ec1936e7f3a14aa34a071fd867fd9d9ee,MISSING_OUTCOME,2
2,PAIRED_ANALYTICAL_ARMS,false,false,false,false,RAW_ADJUSTED_PAIR,3cce48d5673a7f1e62bf5182e05a33fc6555d6cd4a6cc6ff518cf1d8f0dc88c8,MISSING_OUTCOME,2
2,PAIRED_ANALYTICAL_ARMS,false,false,false,false,RAW_ADJUSTED_PAIR,3cd372e2a7df28d06550e526d0940797c5fde173b68618ae93fa1104f9d7fa9e,MISSING_OUTCOME,2
2,PAIRED_ANALYTICAL_ARMS,false,false,false,false,RAW_ADJUSTED_PAIR,3d572971498c4fb217aaf5d0f072ba90ccc1034da70673eddbadcf2b23f289a7,MISSING_OUTCOME,2
2,PAIRED_ANALYTICAL_ARMS,false,false,false,false,RAW_ADJUSTED_PAIR,3d88091b8aa81af9066829bd318020d332802ad24a2fde778a0f8424cd0a5337,MISSING_OUTCOME,2
2,PAIRED_ANALYTICAL_ARMS,false,false,false,false,RAW_ADJUSTED_PAIR,3db0f77a510c4522216e4b7ae058d44d849a81c714b57518f11f44e9f312cf32,NOT_ENTERED,3
2,PAIRED_ANALYTICAL_ARMS,false,false,false,false,RAW_ADJUSTED_PAIR,3e4b192bae620522a4ee661d7d5c96037c8b074446c558a00015bdb1449259c5,MISSING_OUTCOME,2
2,PAIRED_ANALYTICAL_ARMS,false,false,false,false,RAW_ADJUSTED_PAIR,3e507de0a46d976a7b197da3b266ef17e75b848c66d5386a4d6e9b2d545efe28,NOT_ENTERED,3
2,PAIRED_ANALYTICAL_ARMS,false,false,false,false,RAW_ADJUSTED_PAIR,3eca1375b8240afed589a30abd3c87dbc1950733239a2c91fa1a85752cebcd9c,MISSING_OUTCOME,2
2,PAIRED_ANALYTICAL_ARMS,false,false,false,false,RAW_ADJUSTED_PAIR,3f109237e28045ec152ff761f6213561ed8b186e5e28e11b581ffd7d07185583,MISSING_OUTCOME,2
2,PAIRED_ANALYTICAL_ARMS,false,false,false,false,RAW_ADJUSTED_PAIR,3f2495ac1ffa9b0cc4e82f4de0c02b256dc4b8607b9b904f80be4adebc3d515e,MISSING_OUTCOME,2
2,PAIRED_ANALYTICAL_ARMS,false,false,false,false,RAW_ADJUSTED_PAIR,3f68cbc57e80308a1be890a46d4f2b3bc78942baf62795f206b577a676f5a8c7,MISSING_OUTCOME,2
2,PAIRED_ANALYTICAL_ARMS,false,false,false,false,RAW_ADJUSTED_PAIR,3f68e61ea093696f9ef04754c6d8e03fa478a186c4b06cb0a771c46d3f0e80d1,MISSING_OUTCOME,2
2,PAIRED_ANALYTICAL_ARMS,false,false,false,false,RAW_ADJUSTED_PAIR,3f6a2b669e22fafd96585ca05c6e4a20504ec7f74f73150dfcbb2f41d988205c,MISSING_OUTCOME,2
2,PAIRED_ANALYTICAL_ARMS,false,false,false,false,RAW_ADJUSTED_PAIR,3f7d4147b346c41e4c0cf988b573a9de791e995051625896ba0218a219ca0f73,COMPLETED_COMPARABLE_OUTCOME,3
2,PAIRED_ANALYTICAL_ARMS,false,false,false,false,RAW_ADJUSTED_PAIR,3fce704f0fa86b2473a4bd4c4d1171f18c3aadb9a278f95ab695e60e672471d3,MISSING_OUTCOME,2
2,PAIRED_ANALYTICAL_ARMS,false,false,false,false,RAW_ADJUSTED_PAIR,3ff183b3fbcf4928d9a8231565b7958a54d1dce141a248fbb7f419e144460540,MISSING_OUTCOME,2
2,PAIRED_ANALYTICAL_ARMS,false,false,false,false,RAW_ADJUSTED_PAIR,400d0f57dc992171c2dc6a50b2e8229899c80d32ddfb52f3849a17722f878ddf,COMPLETED_COMPARABLE_OUTCOME,3
2,PAIRED_ANALYTICAL_ARMS,false,false,false,false,RAW_ADJUSTED_PAIR,402f683f89f29997acdec12b8415a83c9394d945ffeb820a5b7b90ab676b042a,PENDING_END_OF_DATA,3
2,PAIRED_ANALYTICAL_ARMS,false,false,false,false,RAW_ADJUSTED_PAIR,4040d80d00a07bcd15293695307bfaa9111b454d33d24fedd9c60361b7128939,MISSING_OUTCOME,2
2,PAIRED_ANALYTICAL_ARMS,false,false,false,false,RAW_ADJUSTED_PAIR,4040f185429a35f401408db71584e5dfb6ee4caa1082c0dd2434e5ff883c3ef0,MISSING_OUTCOME,2
2,PAIRED_ANALYTICAL_ARMS,false,false,false,false,RAW_ADJUSTED_PAIR,406fbf4449dd94a26803e63344e7e90325fbf200081e3babb657c419f85240e7,MISSING_OUTCOME,2
2,PAIRED_ANALYTICAL_ARMS,false,false,false,false,RAW_ADJUSTED_PAIR,40bb550560de8dbf542f016484cd23cefb7b6b87cbebf4fb7dd25da018c88a13,MISSING_OUTCOME,2
2,PAIRED_ANALYTICAL_ARMS,false,false,false,false,RAW_ADJUSTED_PAIR,411d2105a53b094945fcf4d885383f6d50338febcc84460b31b84a6df0eb04d0,MISSING_OUTCOME,2
2,PAIRED_ANALYTICAL_ARMS,false,false,false,false,RAW_ADJUSTED_PAIR,414534e6feef6292855b12005b7b878cef059593b4443875790200cf2cbaba72,MISSING_OUTCOME,2
2,PAIRED_ANALYTICAL_ARMS,false,false,false,false,RAW_ADJUSTED_PAIR,415729f3ec8ec5cb9fec73631e483f1e65e85e46d4f08d9c61430416122085aa,MISSING_OUTCOME,2
2,PAIRED_ANALYTICAL_ARMS,false,false,false,false,RAW_ADJUSTED_PAIR,416acef9c33f52f47849d3588819cb91b4146e68292e5fdc7af18a8ed8561e84,MISSING_OUTCOME,2
2,PAIRED_ANALYTICAL_ARMS,false,false,false,false,RAW_ADJUSTED_PAIR,41b8891535660427010ea0d22445a1aca15ee32474ce1e2fcc96db6665f2a2d8,MISSING_OUTCOME,2
2,PAIRED_ANALYTICAL_ARMS,false,false,false,false,RAW_ADJUSTED_PAIR,41c5047c704599a9a667a3e3cedee4b6e87dc6e3966c6cdbe44340a30dfc9c3e,MISSING_OUTCOME,2
2,PAIRED_ANALYTICAL_ARMS,false,false,false,false,RAW_ADJUSTED_PAIR,41efcda85f898a74f51ff6273abf6111bea750fb61ee629de2a4c6aaf9876769,MISSING_OUTCOME,2
2,PAIRED_ANALYTICAL_ARMS,false,false,false,false,RAW_ADJUSTED_PAIR,42b107d03f606080b8ba57a8cb27158d2a459edec25414ecd1c737693f461906,MISSING_OUTCOME,2
2,PAIRED_ANALYTICAL_ARMS,false,false,false,false,RAW_ADJUSTED_PAIR,42b8a86e0c388332d653e0972cfe5dbabfa975374d2276a7a335fac3ddf7ce8f,MISSING_OUTCOME,2
2,PAIRED_ANALYTICAL_ARMS,false,false,false,false,RAW_ADJUSTED_PAIR,432906a3c5d8ba3a1a8d2fae24d5b3cf861e695b36ad6862310090fb2e4a5e24,MISSING_OUTCOME,2
2,PAIRED_ANALYTICAL_ARMS,false,false,false,false,RAW_ADJUSTED_PAIR,4348e73461fe66e1b99fcfae9785e5f1f9dcb97efba907b90aa39315de17cefc,NOT_ENTERED,3
2,PAIRED_ANALYTICAL_ARMS,false,false,false,false,RAW_ADJUSTED_PAIR,4373ee2c5483aeb9bd4dbadf5f7703377028b82423ca0227ea7a6e574409c8ea,MISSING_OUTCOME,2
2,PAIRED_ANALYTICAL_ARMS,false,false,false,false,RAW_ADJUSTED_PAIR,4394a5e5cf9518a2db07860a4ff2028829f3da18f4cab6b42749b155705ffa4f,MISSING_OUTCOME,2
2,PAIRED_ANALYTICAL_ARMS,false,false,false,false,RAW_ADJUSTED_PAIR,43d68180a921b081f7b380209d9ce525fee24224f996c3ae08a25871eff2184b,MISSING_OUTCOME,2
2,PAIRED_ANALYTICAL_ARMS,false,false,false,false,RAW_ADJUSTED_PAIR,43e8ff395d4f9802dd15ec849aae5bd9f237b43dd701994fe1dbf1bbf5cd0b1c,COMPLETED_COMPARABLE_OUTCOME,3
2,PAIRED_ANALYTICAL_ARMS,false,false,false,false,RAW_ADJUSTED_PAIR,43ee99eb21707259363951a9cdfc65eedcd332f5afee862119365995f6d6bc8f,MISSING_OUTCOME,2
2,PAIRED_ANALYTICAL_ARMS,false,false,false,false,RAW_ADJUSTED_PAIR,440c7178986575829b3de56d72a1d28c52116855d58c61a2927f30952edbb648,MISSING_OUTCOME,2
2,PAIRED_ANALYTICAL_ARMS,false,false,false,false,RAW_ADJUSTED_PAIR,441ba96c014a300f748d90ec6edbe2d6484ceb6f93d3081bb4a734ad2afd9fae,MISSING_OUTCOME,2
2,PAIRED_ANALYTICAL_ARMS,false,false,false,false,RAW_ADJUSTED_PAIR,44624426445ddf0919f26cd7a6b249f34ccb40366cab484890d6ed52fe0413f2,MISSING_OUTCOME,2
2,PAIRED_ANALYTICAL_ARMS,false,false,false,false,RAW_ADJUSTED_PAIR,4469f3d0016e4b8011d05fb3b364b79dd3fb5dfd13d00f959fa917e1df36f194,MISSING_OUTCOME,2
2,PAIRED_ANALYTICAL_ARMS,false,false,false,false,RAW_ADJUSTED_PAIR,448985dd186d7432fb942399d2205243171687394688f7c6fc6eb93e7e264d01,MISSING_OUTCOME,2
2,PAIRED_ANALYTICAL_ARMS,false,false,false,false,RAW_ADJUSTED_PAIR,4490b9d5b0c85d0684f24e11cfade0754acf9c1d77fa914e41fa1427a6413f30,MISSING_OUTCOME,2
2,PAIRED_ANALYTICAL_ARMS,false,false,false,false,RAW_ADJUSTED_PAIR,4495b6034bd4c1dfb32213d83fc745d51b7cf997c3e5a11d2c1d6ed3744ebd3d,MISSING_OUTCOME,2
2,PAIRED_ANALYTICAL_ARMS,false,false,false,false,RAW_ADJUSTED_PAIR,44c3513400146a163afc76d306f01e940bf897097088b80037addee252f5c7ef,MISSING_OUTCOME,2
2,PAIRED_ANALYTICAL_ARMS,false,false,false,false,RAW_ADJUSTED_PAIR,44f4cec1d4a433704795af2b7de6142124a206378005f7800503062296534ec0,MISSING_OUTCOME,2
2,PAIRED_ANALYTICAL_ARMS,false,false,false,false,RAW_ADJUSTED_PAIR,44f9ba21781c699be7ca4005c5b59e298c8fba4eb9e8b6203a9cbfe5acf8633d,MISSING_OUTCOME,2
2,PAIRED_ANALYTICAL_ARMS,false,false,false,false,RAW_ADJUSTED_PAIR,452fe227f2d4aa0cf7ab357e829c4482dc0d76620eaa7ad1f22b836338d70a78,MISSING_OUTCOME,2
2,PAIRED_ANALYTICAL_ARMS,false,false,false,false,RAW_ADJUSTED_PAIR,4535de01c6d7d7f9305c0dcac222efcf3d4b90f148067e85f291f68e4c636ac9,MISSING_OUTCOME,2
2,PAIRED_ANALYTICAL_ARMS,false,false,false,false,RAW_ADJUSTED_PAIR,45806e1bdfb9119ab3eca8d2d195f6125df66526d48e6e4c8e48a563040bedd5,MISSING_OUTCOME,2
2,PAIRED_ANALYTICAL_ARMS,false,false,false,false,RAW_ADJUSTED_PAIR,459a7f202ff9b0aa9fd37771fcae6dbc75aeb08bf39d5c3270310f5c3b35906f,MISSING_OUTCOME,2
2,PAIRED_ANALYTICAL_ARMS,false,false,false,false,RAW_ADJUSTED_PAIR,45b3b9fe57ab2dcdff7fc631e1cff29116c465277ac45d419dba50ba1e02ade2,COMPLETED_COMPARABLE_OUTCOME,3
2,PAIRED_ANALYTICAL_ARMS,false,false,false,false,RAW_ADJUSTED_PAIR,463ca1e80601e13a7aa74bb8d8e3f2867411c899145f092e7501d23195689b57,PENDING_END_OF_DATA,3
2,PAIRED_ANALYTICAL_ARMS,false,false,false,false,RAW_ADJUSTED_PAIR,46403db2300a3afbcaf5bef1c47d9430aef93d2fdb5b1951a304a6ca8641162b,MISSING_OUTCOME,2
2,PAIRED_ANALYTICAL_ARMS,false,false,false,false,RAW_ADJUSTED_PAIR,46770f38621a05198fec6501b6359fd32b82b25154bc400cebefcb914be19415,MISSING_OUTCOME,2
2,PAIRED_ANALYTICAL_ARMS,false,false,false,false,RAW_ADJUSTED_PAIR,473233afa43f50f2e7856861e71045610008c110e09aec1382f8d457859816fc,MISSING_OUTCOME,2
2,PAIRED_ANALYTICAL_ARMS,false,false,false,false,RAW_ADJUSTED_PAIR,473a7c604a69465c1cb0b3cce8b82a9669a04ee2c5e96bb7872b76194ad409fc,MISSING_OUTCOME,2
2,PAIRED_ANALYTICAL_ARMS,false,false,false,false,RAW_ADJUSTED_PAIR,47ca6fee376c26846f27fef11e4df86fdbe5570c6f720bbc038cb1a34597568b,MISSING_OUTCOME,2
2,PAIRED_ANALYTICAL_ARMS,false,false,false,false,RAW_ADJUSTED_PAIR,4824a6f7caa135b243963ee66b2044a11eaeea1c23ae62ddfe9122cd85eb5ae8,MISSING_OUTCOME,2
2,PAIRED_ANALYTICAL_ARMS,false,false,false,false,RAW_ADJUSTED_PAIR,48394d5ad3fb4a45d06a3563fe2c74afd66f761a6f65d6dbd9a437fe9a453b84,MISSING_OUTCOME,2
2,PAIRED_ANALYTICAL_ARMS,false,false,false,false,RAW_ADJUSTED_PAIR,485766b4b03c0f23a6a679ef1d2acd4f78138148c9dce9c2a01fc4e57f424145,MISSING_OUTCOME,2
2,PAIRED_ANALYTICAL_ARMS,false,false,false,false,RAW_ADJUSTED_PAIR,489b87fe59e90484d2e208a53307d70371072c306c4821d3ae0be0915107d4b6,MISSING_OUTCOME,2
2,PAIRED_ANALYTICAL_ARMS,false,false,false,false,RAW_ADJUSTED_PAIR,48a292e0b6c34c6ac9cc2d76a6572c60a073a3842acd3ddb967fe795043c4b60,MISSING_OUTCOME,2
2,PAIRED_ANALYTICAL_ARMS,false,false,false,false,RAW_ADJUSTED_PAIR,48cf7314e745d6627f7ccfdcd9ebb0fb1b6887c9d02e523a1028e719c8b72ff2,NOT_ENTERED,3
2,PAIRED_ANALYTICAL_ARMS,false,false,false,false,RAW_ADJUSTED_PAIR,492ac630313e1f67f9bf29dcfc24294268f9255018324b1f630d87267fbcecb1,MISSING_OUTCOME,2
2,PAIRED_ANALYTICAL_ARMS,false,false,false,false,RAW_ADJUSTED_PAIR,4963bb399409aa64b63af5120fafc9f5e288f60f24279c95e96620526ee21c1a,MISSING_OUTCOME,2
2,PAIRED_ANALYTICAL_ARMS,false,false,false,false,RAW_ADJUSTED_PAIR,49654c5b40be5917700a2d902817ab546cc7ffa3c61a0a28402b0b58c51fcfd8,MISSING_OUTCOME,2
2,PAIRED_ANALYTICAL_ARMS,false,false,false,false,RAW_ADJUSTED_PAIR,499a676ae87aedc5f8f726f60631ea105d404361c8a30bbfa5944d96f0a76715,MISSING_OUTCOME,2
2,PAIRED_ANALYTICAL_ARMS,false,false,false,false,RAW_ADJUSTED_PAIR,49b6f2c454ada33dfc0837937b9f55e0f5f5a2cb0c5dcff645ab97c6721245e2,MISSING_OUTCOME,2
2,PAIRED_ANALYTICAL_ARMS,false,false,false,false,RAW_ADJUSTED_PAIR,49c966c328cd6e996236acfdab4c6e31e2e468cabd009ce254e1f3a826e36f16,MISSING_OUTCOME,2
2,PAIRED_ANALYTICAL_ARMS,false,false,false,false,RAW_ADJUSTED_PAIR,49fab86360ca7ec3514226b157482b0a31d1ac5377e4e0aa22f74240a889e048,MISSING_OUTCOME,2
2,PAIRED_ANALYTICAL_ARMS,false,false,false,false,RAW_ADJUSTED_PAIR,4a28e4f1d80bd644afcc34f8cb973f595facba2d75ed3f9681e8afd45b901692,MISSING_OUTCOME,2
2,PAIRED_ANALYTICAL_ARMS,false,false,false,false,RAW_ADJUSTED_PAIR,4a795c1fff33ecda34ec73ee4a988646b91a5f09dc9a9d1c0204260640dd9b63,MISSING_OUTCOME,2
2,PAIRED_ANALYTICAL_ARMS,false,false,false,false,RAW_ADJUSTED_PAIR,4a9b99574c0b1a57f6a6d28551f4e62231ddc1f1320a1a555f00fa49f439ffaf,MISSING_OUTCOME,2
2,PAIRED_ANALYTICAL_ARMS,false,false,false,false,RAW_ADJUSTED_PAIR,4b013e3a9138bd86ea75fbf0240e3bf4c7223717f9830b788858ecdc96c628dd,MISSING_OUTCOME,2
2,PAIRED_ANALYTICAL_ARMS,false,false,false,false,RAW_ADJUSTED_PAIR,4b2a67e0ece357d926495717d349e7f8f49070b8ef47f60c4f8ee22c81494664,MISSING_OUTCOME,2
2,PAIRED_ANALYTICAL_ARMS,false,false,false,false,RAW_ADJUSTED_PAIR,4b86ce0a1d8fe132530adb5c88fa48bc0332774d1dce7a27313a53cb44ff81d8,MISSING_OUTCOME,2
2,PAIRED_ANALYTICAL_ARMS,false,false,false,false,RAW_ADJUSTED_PAIR,4ba3211a5e877bdd9522d4a362766cdf9ca5c3350a4c9c9a17de3953b88859b0,MISSING_OUTCOME,2
2,PAIRED_ANALYTICAL_ARMS,false,false,false,false,RAW_ADJUSTED_PAIR,4bc0d99fa996391011ea87027f25d671c331a9889a8cd241d8d5b69a35369c33,MISSING_OUTCOME,2
2,PAIRED_ANALYTICAL_ARMS,false,false,false,false,RAW_ADJUSTED_PAIR,4bd981b241494475299a28e26372835dae2ff375c00835e5d607dff84fcef65e,NOT_ENTERED,3
2,PAIRED_ANALYTICAL_ARMS,false,false,false,false,RAW_ADJUSTED_PAIR,4c9f5fe30dbd5da485cab992fdc2c27263af5ac72b36e259c3fe83c668e25afd,MISSING_OUTCOME,2
2,PAIRED_ANALYTICAL_ARMS,false,false,false,false,RAW_ADJUSTED_PAIR,4cf4c409503cb1b167bb7219e9a28a56c73a7232bdd5f606862e9470969e357d,NOT_ENTERED,3
2,PAIRED_ANALYTICAL_ARMS,false,false,false,false,RAW_ADJUSTED_PAIR,4d04658787273996e71ded7e2d57f8b600a391f2c51df16104c3b2e03807a900,MISSING_OUTCOME,2
2,PAIRED_ANALYTICAL_ARMS,false,false,false,false,RAW_ADJUSTED_PAIR,4d313ce1d1fb356dcc03352168719e1bc394131b544e1b1d5f536917c9aaa29d,COMPLETED_COMPARABLE_OUTCOME,3
2,PAIRED_ANALYTICAL_ARMS,false,false,false,false,RAW_ADJUSTED_PAIR,4d779d015ef5345049a4f53686cc72cc8fc8ed33bf744d3159e1f418bb30391e,MISSING_OUTCOME,2
2,PAIRED_ANALYTICAL_ARMS,false,false,false,false,RAW_ADJUSTED_PAIR,4d7a1efc145d58e1626a022f1f4ecbbe4b1c560edef2d32665e6db55a6ba07e0,MISSING_OUTCOME,2
2,PAIRED_ANALYTICAL_ARMS,false,false,false,false,RAW_ADJUSTED_PAIR,4d7bccc08ae925fd7701457daded56a58f979bab25e8e32da07cfe541be2f6a9,MISSING_OUTCOME,2
2,PAIRED_ANALYTICAL_ARMS,false,false,false,false,RAW_ADJUSTED_PAIR,4dbe22d597aa519e85c7ef4d6ac066378fc793695aa38b02a63d689d0dcb5492,MISSING_OUTCOME,2
2,PAIRED_ANALYTICAL_ARMS,false,false,false,false,RAW_ADJUSTED_PAIR,4df7bbf6cce788afc95ac5218c613efe0711d9468c6a603ef784feee9a634f37,MISSING_OUTCOME,2
2,PAIRED_ANALYTICAL_ARMS,false,false,false,false,RAW_ADJUSTED_PAIR,4e0aeef8a5134e400bb6e2bd43d172e601d0f55ccf564e372444c98da550d254,MISSING_OUTCOME,2
2,PAIRED_ANALYTICAL_ARMS,false,false,false,false,RAW_ADJUSTED_PAIR,4e3cfcc0664b2513e408403dfacb9a6891b5aaa6a3445a0881c688471bca763c,MISSING_OUTCOME,2
2,PAIRED_ANALYTICAL_ARMS,false,false,false,false,RAW_ADJUSTED_PAIR,4ed3ccd2978ef4f921cb44a881948a9f87a9517e1253d31b3baaeff7b485dd0d,MISSING_OUTCOME,2
2,PAIRED_ANALYTICAL_ARMS,false,false,false,false,RAW_ADJUSTED_PAIR,4ed66cc3d50644529f461cbabb966af7d8f50f1276c0afc91b2dcc7c801561e7,MISSING_OUTCOME,2
2,PAIRED_ANALYTICAL_ARMS,false,false,false,false,RAW_ADJUSTED_PAIR,4f0611c765086099b8e53086ca0fb153289e3a1f5b232f3f15bc2820907cea05,MISSING_OUTCOME,2
2,PAIRED_ANALYTICAL_ARMS,false,false,false,false,RAW_ADJUSTED_PAIR,4f8ae69276e2cabb1b14cb13145a7dba9d5c83aff96fff307f236526e41d41d6,MISSING_OUTCOME,2
2,PAIRED_ANALYTICAL_ARMS,false,false,false,false,RAW_ADJUSTED_PAIR,4fc0d6ee46757f57097bbaa1f0e6cad5fd8ad96833ff7a9ed413e118f4c2dff5,MISSING_OUTCOME,2
2,PAIRED_ANALYTICAL_ARMS,false,false,false,false,RAW_ADJUSTED_PAIR,4ff8d4b7534d658efce7cc2233b3fbe6707a43582abdc297619f98bda4fbac57,MISSING_OUTCOME,2
2,PAIRED_ANALYTICAL_ARMS,false,false,false,false,RAW_ADJUSTED_PAIR,50129ec555a010ffa50975334d4995cab9d1e504b3c092bee115776b7dac262e,COMPLETED_COMPARABLE_OUTCOME,3
2,PAIRED_ANALYTICAL_ARMS,false,false,false,false,RAW_ADJUSTED_PAIR,505ba100d5e165aa9ad69137b34df9a29ba6f98ac8a9b488f29e6d36a9e1311e,MISSING_OUTCOME,2
2,PAIRED_ANALYTICAL_ARMS,false,false,false,false,RAW_ADJUSTED_PAIR,5078cf12df81651c803eadd8012bc19123f35beae2fabce5973d016772a1dacd,MISSING_OUTCOME,2
2,PAIRED_ANALYTICAL_ARMS,false,false,false,false,RAW_ADJUSTED_PAIR,50b1b21b0aaaef07c5021206258af69ad029f03ad3946234c6744849c4654bba,MISSING_OUTCOME,2
2,PAIRED_ANALYTICAL_ARMS,false,false,false,false,RAW_ADJUSTED_PAIR,510468763df38618c0c949ecd3bcdf0db3c26e66d48a8fa1d34d7fc50955548f,MISSING_OUTCOME,2
2,PAIRED_ANALYTICAL_ARMS,false,false,false,false,RAW_ADJUSTED_PAIR,5111e4ea159fb8101800d169112d42411b985d70c6e38f0a353420d655c4657c,MISSING_OUTCOME,2
2,PAIRED_ANALYTICAL_ARMS,false,false,false,false,RAW_ADJUSTED_PAIR,511dcbc82cebc72df067637fcd80377244cc397a6d6a7291ae0c3868981e1e6d,COMPLETED_COMPARABLE_OUTCOME,3
2,PAIRED_ANALYTICAL_ARMS,false,false,false,false,RAW_ADJUSTED_PAIR,512dceab6d063e472916deb67add0b8bc455e52433c87fca12b5688e01b842f4,MISSING_OUTCOME,2
2,PAIRED_ANALYTICAL_ARMS,false,false,false,false,RAW_ADJUSTED_PAIR,514063a28d24b6ce5d6cdf38da087d7f39d36adcd562e1ba670aa528c222dc25,MISSING_OUTCOME,2
2,PAIRED_ANALYTICAL_ARMS,false,false,false,false,RAW_ADJUSTED_PAIR,51503a8fd96650399060536f776fa3c64e8eba77b1e3767398f375a99d6bf3bd,MISSING_OUTCOME,2
2,PAIRED_ANALYTICAL_ARMS,false,false,false,false,RAW_ADJUSTED_PAIR,51be6b42e85322da36bac29de8d8a621adf3a0dfcf71fbccde4e02f7f4e8bc2f,MISSING_OUTCOME,2
2,PAIRED_ANALYTICAL_ARMS,false,false,false,false,RAW_ADJUSTED_PAIR,51fc5452ac8a805ca3c0d98656ef74785f3e9d36502502b10532083e91cccb05,MISSING_OUTCOME,2
2,PAIRED_ANALYTICAL_ARMS,false,false,false,false,RAW_ADJUSTED_PAIR,527321bdf654f5a493a17d3b486a5dc4543bad620f55286a97cb0c3a30f513a3,COMPLETED_COMPARABLE_OUTCOME,3
2,PAIRED_ANALYTICAL_ARMS,false,false,false,false,RAW_ADJUSTED_PAIR,52a10c01f42d17b4a3c20a5c14bcfa03e75567f6f257d03e41565438dae84a0f,MISSING_OUTCOME,2
2,PAIRED_ANALYTICAL_ARMS,false,false,false,false,RAW_ADJUSTED_PAIR,52e79e7e6c852f6436331d139cf15bf7580f47cf499eb70d1e5261c43c95b316,MISSING_OUTCOME,2
2,PAIRED_ANALYTICAL_ARMS,false,false,false,false,RAW_ADJUSTED_PAIR,535a50b2cfef9fca3d0788be4bee5ee44caabe2d6ebb088266525cea47049c0f,MISSING_OUTCOME,2
2,PAIRED_ANALYTICAL_ARMS,false,false,false,false,RAW_ADJUSTED_PAIR,5373c6a4f0d3f0b718e283cb5b21b28894a83fde4f56c162476a8c157b6c6744,MISSING_OUTCOME,2
2,PAIRED_ANALYTICAL_ARMS,false,false,false,false,RAW_ADJUSTED_PAIR,53855122952b9568bd0f10a3da25fa185ff5d33f7180d95154ac53a8677cc5d6,MISSING_OUTCOME,2
2,PAIRED_ANALYTICAL_ARMS,false,false,false,false,RAW_ADJUSTED_PAIR,53e8b41acea3ecf3e7f2141b55991957991c33d641221c4ccf4e5795d1e275be,PENDING_END_OF_DATA,3
2,PAIRED_ANALYTICAL_ARMS,false,false,false,false,RAW_ADJUSTED_PAIR,5406f9bc811cd2c72baf268ede8e080d54cef170e04a78e3b627d783feffafe0,MISSING_OUTCOME,2
2,PAIRED_ANALYTICAL_ARMS,false,false,false,false,RAW_ADJUSTED_PAIR,5477a3584c872b5e5209a19652ec06092d8464e466afeb8a739592dec4b487fb,MISSING_OUTCOME,2
2,PAIRED_ANALYTICAL_ARMS,false,false,false,false,RAW_ADJUSTED_PAIR,547978baa294626c0367abca983f7416d539fbf0f5955d0b06ea8cd76c991f61,MISSING_OUTCOME,2
2,PAIRED_ANALYTICAL_ARMS,false,false,false,false,RAW_ADJUSTED_PAIR,54887fa8dec83ea0dafaa6aae7dda32a4c30cf63550e67fb489a1ead31ef5e1a,MISSING_OUTCOME,2
2,PAIRED_ANALYTICAL_ARMS,false,false,false,false,RAW_ADJUSTED_PAIR,549bce53f20bfdaee76cf5d8a24b8a3b808d6b36cf9e249f0a151d62dd41d2a2,MISSING_OUTCOME,2
2,PAIRED_ANALYTICAL_ARMS,false,false,false,false,RAW_ADJUSTED_PAIR,54b4ec6ff428b85b42091679be7948b91af4b25f3cc756f2f47f8a44665b85a9,MISSING_OUTCOME,2
2,PAIRED_ANALYTICAL_ARMS,false,false,false,false,RAW_ADJUSTED_PAIR,54d6a386f4ee3d67e2033c7d0b9cf3a53636013cb85bc9058a06d9e232e460fb,MISSING_OUTCOME,2
2,PAIRED_ANALYTICAL_ARMS,false,false,false,false,RAW_ADJUSTED_PAIR,5506f568c60b0b35679a01a3587855307bace7a60acb52a5871a0238c321b814,MISSING_OUTCOME,2
2,PAIRED_ANALYTICAL_ARMS,false,false,false,false,RAW_ADJUSTED_PAIR,5545b9cb5badccf658edfeee9ac032fd51da081774fe76fe8cae0f92adbedc12,MISSING_OUTCOME,2
2,PAIRED_ANALYTICAL_ARMS,false,false,false,false,RAW_ADJUSTED_PAIR,554769a80ae91c6765f41b08ab4e4a0d8f450ea4bcb098dffd8a5501bd5c5b1a,MISSING_OUTCOME,2
2,PAIRED_ANALYTICAL_ARMS,false,false,false,false,RAW_ADJUSTED_PAIR,55619db7e454328a721771e673010c799040a41f5d32b05e1f6a38c37dd6bd77,MISSING_OUTCOME,2
2,PAIRED_ANALYTICAL_ARMS,false,false,false,false,RAW_ADJUSTED_PAIR,559543a282128eb1fda10b07f13ab7800d7c6b05111b6ee1986f5758477633ec,MISSING_OUTCOME,2
2,PAIRED_ANALYTICAL_ARMS,false,false,false,false,RAW_ADJUSTED_PAIR,55f34228c8a915de04a323758c768f42a1ffd503c69229a5a248723af313a1ff,MISSING_OUTCOME,2
2,PAIRED_ANALYTICAL_ARMS,false,false,false,false,RAW_ADJUSTED_PAIR,5607716f2335056599616b00d59ea2860a5d031b5d19fc1d294739e6b742438b,MISSING_OUTCOME,2
2,PAIRED_ANALYTICAL_ARMS,false,false,false,false,RAW_ADJUSTED_PAIR,567583cf8252e6a84ddb5977565d97e1a329f4e6fbcb931123a01d4b2f30ed83,MISSING_OUTCOME,2
2,PAIRED_ANALYTICAL_ARMS,false,false,false,false,RAW_ADJUSTED_PAIR,5768d6ed4a20b1c778940a6f16ca63fcbfac17fb07f0c2278f4c7c55719e9c3d,MISSING_OUTCOME,2
2,PAIRED_ANALYTICAL_ARMS,false,false,false,false,RAW_ADJUSTED_PAIR,577e73f26d2173b761bc0e47ff06f379db0222a715d2033fd0e636bee49fa1df,MISSING_OUTCOME,2
2,PAIRED_ANALYTICAL_ARMS,false,false,false,false,RAW_ADJUSTED_PAIR,57a50767c645e8885ec9657cabf01f9c9a3aa945debe9829b4be000231044a53,MISSING_OUTCOME,2
2,PAIRED_ANALYTICAL_ARMS,false,false,false,false,RAW_ADJUSTED_PAIR,57ddaa19f499c0975518fab6372222f78b72733c3cb4dac7242bbf7bf7b32332,MISSING_OUTCOME,2
2,PAIRED_ANALYTICAL_ARMS,false,false,false,false,RAW_ADJUSTED_PAIR,5850e184b30f4d3edabfa1432e75bd870b1dfdf80826732003b5ad72a3aa2cf6,MISSING_OUTCOME,2
2,PAIRED_ANALYTICAL_ARMS,false,false,false,false,RAW_ADJUSTED_PAIR,58a7373ea9fac26d090d9eaa1564291b52db506a8e8b7014cb173c19445b4fc4,MISSING_OUTCOME,2
2,PAIRED_ANALYTICAL_ARMS,false,false,false,false,RAW_ADJUSTED_PAIR,58cdb4f7171125e7ba1b458786546751e4be8c2cd8de32fcc3b6567d2be34245,MISSING_OUTCOME,2
2,PAIRED_ANALYTICAL_ARMS,false,false,false,false,RAW_ADJUSTED_PAIR,58daeeb7838f3053c9c7e34fc0cbed5f2e978dea316e166dfaacf42395c78523,MISSING_OUTCOME,2
2,PAIRED_ANALYTICAL_ARMS,false,false,false,false,RAW_ADJUSTED_PAIR,5948efd66bc04eeff9255fcaa78c8a687ad2f53d2408499d997855afe3db2799,MISSING_OUTCOME,2
2,PAIRED_ANALYTICAL_ARMS,false,false,false,false,RAW_ADJUSTED_PAIR,59abee85f696e9be707975b9b2cf7c25b09e35b5fadf309b13f2672fce59b9d6,MISSING_OUTCOME,2
2,PAIRED_ANALYTICAL_ARMS,false,false,false,false,RAW_ADJUSTED_PAIR,59e1519d15522e6a64f9d7ac1dc9efc79eb3d5e302954cd5eb76aa6d595c2d5d,MISSING_OUTCOME,2
2,PAIRED_ANALYTICAL_ARMS,false,false,false,false,RAW_ADJUSTED_PAIR,5a00a1c7837459d24c3106f6ec51ef12b05fcf4d4920a27dd8075e8d56e06b4d,MISSING_OUTCOME,2
2,PAIRED_ANALYTICAL_ARMS,false,false,false,false,RAW_ADJUSTED_PAIR,5a2bc7780ca46295995d1bb559da2491daa32c3f020a66e21b037eb641a5b93f,MISSING_OUTCOME,2
2,PAIRED_ANALYTICAL_ARMS,false,false,false,false,RAW_ADJUSTED_PAIR,5ae67b94ad1e86ff848cdcb9db53222c71f44946f8ce9796d2c29f843e5801c9,MISSING_OUTCOME,2
2,PAIRED_ANALYTICAL_ARMS,false,false,false,false,RAW_ADJUSTED_PAIR,5aec033ee3656d751fe0ca7e2e699b182e001f5be7d2ac5569fbabeebc186c42,MISSING_OUTCOME,2
2,PAIRED_ANALYTICAL_ARMS,false,false,false,false,RAW_ADJUSTED_PAIR,5b5ab674f82b1e889138a5a91b8cac0e87e054c5babcf58127232b7f02d23cf4,MISSING_OUTCOME,2
2,PAIRED_ANALYTICAL_ARMS,false,false,false,false,RAW_ADJUSTED_PAIR,5b75cd897be24eb9b43dbc78c78b58b8fa192f70668029e54d33848c7dfcf05c,COMPLETED_COMPARABLE_OUTCOME,3
2,PAIRED_ANALYTICAL_ARMS,false,false,false,false,RAW_ADJUSTED_PAIR,5b83e4e010ecdeea0b66fa91b75db256cba170d2a4adcdcfc99871fbebb2d85a,NOT_ENTERED,3
2,PAIRED_ANALYTICAL_ARMS,false,false,false,false,RAW_ADJUSTED_PAIR,5b8b1e550411db6936f8525a539c933d00797143396a71ad991dce733eb8aa1c,MISSING_OUTCOME,2
2,PAIRED_ANALYTICAL_ARMS,false,false,false,false,RAW_ADJUSTED_PAIR,5b9f64e1e796514ae8ec58c85c8d2197408b72695183674b3efa32b8ccd18789,MISSING_OUTCOME,2
2,PAIRED_ANALYTICAL_ARMS,false,false,false,false,RAW_ADJUSTED_PAIR,5bfae3f851be478b35c96ce4d26b3e4e2a537e3342f8406d866393784868111c,MISSING_OUTCOME,2
2,PAIRED_ANALYTICAL_ARMS,false,false,false,false,RAW_ADJUSTED_PAIR,5c1294d081097722fa321334fed386ba2124104d93b93d4e8b4d1da67b40dbb2,NOT_ENTERED,3
2,PAIRED_ANALYTICAL_ARMS,false,false,false,false,RAW_ADJUSTED_PAIR,5c657eedb460dc6ca0cd93a201799be3e57b43cfec38a8f8955c6cee99f4e90a,MISSING_OUTCOME,2
2,PAIRED_ANALYTICAL_ARMS,false,false,false,false,RAW_ADJUSTED_PAIR,5ce77a5609d01c79a71c74b9a856857b206feece5aa31939afd15c807fcc72b2,MISSING_OUTCOME,2
2,PAIRED_ANALYTICAL_ARMS,false,false,false,false,RAW_ADJUSTED_PAIR,5d0cbc17aaa5988ecae0fcd7d9361905e8bf6ae707a0483cfae0ba0bbc0f20aa,MISSING_OUTCOME,2
2,PAIRED_ANALYTICAL_ARMS,false,false,false,false,RAW_ADJUSTED_PAIR,5d68099e00470f7923f2704ee48369f63ddc3094650734ec4c33cfb3bd2ead3c,MISSING_OUTCOME,2
2,PAIRED_ANALYTICAL_ARMS,false,false,false,false,RAW_ADJUSTED_PAIR,5d6b623237e28e17f1b6154e32d5e451b15645725c16ed1475feba9fc170adaa,MISSING_OUTCOME,2
2,PAIRED_ANALYTICAL_ARMS,false,false,false,false,RAW_ADJUSTED_PAIR,5db77ad10d127f4c599ddba828eea41660612a1de488e2f5d70f9e86e4e28151,MISSING_OUTCOME,2
2,PAIRED_ANALYTICAL_ARMS,false,false,false,false,RAW_ADJUSTED_PAIR,5dd74dc4abec1f8fb0ebf59f57df12553445274e308066c6019fbb73dfdad652,MISSING_OUTCOME,2
2,PAIRED_ANALYTICAL_ARMS,false,false,false,false,RAW_ADJUSTED_PAIR,5df8e7cf85f6202cd54d78766bf9374f6821a4934dd0b27102cf216a6625d267,MISSING_OUTCOME,2
2,PAIRED_ANALYTICAL_ARMS,false,false,false,false,RAW_ADJUSTED_PAIR,5e109be8451ac2bc77fd3466dd3061a1c53fa344ecc7791efe465340a87fe68b,MISSING_OUTCOME,2
2,PAIRED_ANALYTICAL_ARMS,false,false,false,false,RAW_ADJUSTED_PAIR,5e25add397029697918e0e7247321a6ccf7b48d92a2bffcee681fc90e6e43c9e,MISSING_OUTCOME,2
2,PAIRED_ANALYTICAL_ARMS,false,false,false,false,RAW_ADJUSTED_PAIR,5e402c056b714c43b5634c86d01eec00402f40160774e55f516bd7068332c0e5,MISSING_OUTCOME,2
2,PAIRED_ANALYTICAL_ARMS,false,false,false,false,RAW_ADJUSTED_PAIR,5e4d7031e27ae53e044cde1e511175fb7b5557499205d849a2f382ffec8dd220,MISSING_OUTCOME,2
2,PAIRED_ANALYTICAL_ARMS,false,false,false,false,RAW_ADJUSTED_PAIR,5e553a8e6e4b263b0cb20617167ca748fca6e63867946f8366c8d8e5e503851e,MISSING_OUTCOME,2
2,PAIRED_ANALYTICAL_ARMS,false,false,false,false,RAW_ADJUSTED_PAIR,5e61ee1bc909518c34fe812af63937399faccaa651c06aeeca83eea7a8f7f9b1,MISSING_OUTCOME,2
2,PAIRED_ANALYTICAL_ARMS,false,false,false,false,RAW_ADJUSTED_PAIR,5ea9c4753ead85e89c391ddf633fe3142898dc477648c7019b3b2e6fcc1517ce,MISSING_OUTCOME,2
2,PAIRED_ANALYTICAL_ARMS,false,false,false,false,RAW_ADJUSTED_PAIR,5ecadd6472cd2b0073605a390417350c236cfd4f664b23ccb5271a6680187981,MISSING_OUTCOME,2
2,PAIRED_ANALYTICAL_ARMS,false,false,false,false,RAW_ADJUSTED_PAIR,5f51ca2947dea3b50e5086ae999ac36c219e6d0849bcde650ba9c5de59674b4b,NOT_ENTERED,3
2,PAIRED_ANALYTICAL_ARMS,false,false,false,false,RAW_ADJUSTED_PAIR,5f746347373abfa39a0b8dcdce0875abe472ddb6fd5af14f8b613a512208c278,MISSING_OUTCOME,2
2,PAIRED_ANALYTICAL_ARMS,false,false,false,false,RAW_ADJUSTED_PAIR,602e92c1f48c37e9dd5c66376b07a437106e1c36526351b261c27f78cd31273e,MISSING_OUTCOME,2
2,PAIRED_ANALYTICAL_ARMS,false,false,false,false,RAW_ADJUSTED_PAIR,602f8286df94c07bce0b88623fc1af62fee4f8007432de7f46f70102f2355f60,MISSING_OUTCOME,2
2,PAIRED_ANALYTICAL_ARMS,false,false,false,false,RAW_ADJUSTED_PAIR,607abebaa2a2ff8aef878fc12e0a5ec4f537dae86a6f4f02a6cac7f35ad280a2,MISSING_OUTCOME,2
2,PAIRED_ANALYTICAL_ARMS,false,false,false,false,RAW_ADJUSTED_PAIR,608fcab37c94e8d9f2ac28831bd0b0285dfafe6c7b7cc4fffbe785e1c31d4f27,MISSING_OUTCOME,2
2,PAIRED_ANALYTICAL_ARMS,false,false,false,false,RAW_ADJUSTED_PAIR,609ea5c2097f2b3613ee003fdf199a89b9d027a31e8f5b3ed71e3eb60aa58520,MISSING_OUTCOME,2
2,PAIRED_ANALYTICAL_ARMS,false,false,false,false,RAW_ADJUSTED_PAIR,612c04eeeaa54b1ecb2d31c5188dab344d351c626475c399ab41d6024808f47f,MISSING_OUTCOME,2
2,PAIRED_ANALYTICAL_ARMS,false,false,false,false,RAW_ADJUSTED_PAIR,6156d000152dcdde9e3a45e5480cc0596b22b0b3cf1570b2c148cb210304c4a8,MISSING_OUTCOME,2
2,PAIRED_ANALYTICAL_ARMS,false,false,false,false,RAW_ADJUSTED_PAIR,61844de8bd9b75dbd0fae608f6d88fd8015841c81e8e548204a168ccddd72b84,MISSING_OUTCOME,2
2,PAIRED_ANALYTICAL_ARMS,false,false,false,false,RAW_ADJUSTED_PAIR,6190f302bb1bc363ce71825e6260d64c32ca3ff387f4efb28f39e0e24067b323,MISSING_OUTCOME,2
2,PAIRED_ANALYTICAL_ARMS,false,false,false,false,RAW_ADJUSTED_PAIR,621a6c033091f654cba9581ab668bc34629e0aa627ccd2f2cc27b85d19fabc47,MISSING_OUTCOME,2
2,PAIRED_ANALYTICAL_ARMS,false,false,false,false,RAW_ADJUSTED_PAIR,628a56659a2db3a73db336c632dbe93adf7eb96d33e066188b882166e5b7ea49,MISSING_OUTCOME,2
2,PAIRED_ANALYTICAL_ARMS,false,false,false,false,RAW_ADJUSTED_PAIR,6388dffd38561b6d3ec1dec94717d78c021c00cc2b87d364e7db733f202efe09,COMPLETED_COMPARABLE_OUTCOME,3
2,PAIRED_ANALYTICAL_ARMS,false,false,false,false,RAW_ADJUSTED_PAIR,63a40fabb0880a739c5cfa8db8550266f5aa803a2c2d0fdf3626c27a13783053,MISSING_OUTCOME,2
2,PAIRED_ANALYTICAL_ARMS,false,false,false,false,RAW_ADJUSTED_PAIR,63bed52d02185ee00fa30414ed84b354d5673b29591fd28a4b600d147e1972f2,MISSING_OUTCOME,2
2,PAIRED_ANALYTICAL_ARMS,false,false,false,false,RAW_ADJUSTED_PAIR,63d2ed355fa736d926aff73ccdd593345d56f31aff5df3ff0c3ff6f5a4132d5e,MISSING_OUTCOME,2
2,PAIRED_ANALYTICAL_ARMS,false,false,false,false,RAW_ADJUSTED_PAIR,640884cbd744559dffa08605a1827b1c0e8a861c8951821de230a5f70e42ef11,MISSING_OUTCOME,2
2,PAIRED_ANALYTICAL_ARMS,false,false,false,false,RAW_ADJUSTED_PAIR,642ad5b1c6a6a1f65ca52dd566cb883e3a06e06be722703e3152886411f599e3,MISSING_OUTCOME,2
2,PAIRED_ANALYTICAL_ARMS,false,false,false,false,RAW_ADJUSTED_PAIR,642e4293b063e938903eeb6cb0a8c640ff102591cc5aaa6439113c301468fdcb,MISSING_OUTCOME,2
2,PAIRED_ANALYTICAL_ARMS,false,false,false,false,RAW_ADJUSTED_PAIR,6435db9e7280d1042af5817908f67439542ba9efac931ec152af39f96148e581,MISSING_OUTCOME,2
2,PAIRED_ANALYTICAL_ARMS,false,false,false,false,RAW_ADJUSTED_PAIR,6494039486f530254161dd97776b8505e084cd5a04556004e21a0242905afdec,MISSING_OUTCOME,2
2,PAIRED_ANALYTICAL_ARMS,false,false,false,false,RAW_ADJUSTED_PAIR,64be83c1acc5aaa06e944d8ac0e72dacd778f846ec43c27023e57e8a432b88c6,MISSING_OUTCOME,2
2,PAIRED_ANALYTICAL_ARMS,false,false,false,false,RAW_ADJUSTED_PAIR,65128f76f6c1bc6ad3df1a64a13f6ce13779660f35022e67cadf97ce566be5df,MISSING_OUTCOME,2
2,PAIRED_ANALYTICAL_ARMS,false,false,false,false,RAW_ADJUSTED_PAIR,652e9fc50b06fbcf0154f2909c2f0c30de7d5400816f7bb6db77e458f853c89c,MISSING_OUTCOME,2
2,PAIRED_ANALYTICAL_ARMS,false,false,false,false,RAW_ADJUSTED_PAIR,659cbfddc6f8811a061570485bd4d7b0017578273d58c726e8accfe3f5a262ac,MISSING_OUTCOME,2
2,PAIRED_ANALYTICAL_ARMS,false,false,false,false,RAW_ADJUSTED_PAIR,65ca7717d51d6f22ed75806af33d19cfc712b8087c0a0cad809b3867c01d17be,MISSING_OUTCOME,2
2,PAIRED_ANALYTICAL_ARMS,false,false,false,false,RAW_ADJUSTED_PAIR,6674cdfd3946a3a1262abe0f0b7cc60cc978060a6246f7969afa6775f4a9acf0,MISSING_OUTCOME,2
2,PAIRED_ANALYTICAL_ARMS,false,false,false,false,RAW_ADJUSTED_PAIR,66a748471f8335e602aa1a8c5b8c1135c5b956c8c1e52e34e3ee3e05ec528a4d,MISSING_OUTCOME,2
2,PAIRED_ANALYTICAL_ARMS,false,false,false,false,RAW_ADJUSTED_PAIR,66bc542147a2668719bb7e79283affa2ebc7378f59902a4beebd7e6dc359d6c6,MISSING_OUTCOME,2
2,PAIRED_ANALYTICAL_ARMS,false,false,false,false,RAW_ADJUSTED_PAIR,6753f6105c409393edc2e26f8460fc2cb56f1757e003a76536de7ab3fb074c76,MISSING_OUTCOME,2
2,PAIRED_ANALYTICAL_ARMS,false,false,false,false,RAW_ADJUSTED_PAIR,67937f2464d6f26295bb2a7a861f5651934be1f79dc3bc0251a288a9922cd6c1,MISSING_OUTCOME,2
2,PAIRED_ANALYTICAL_ARMS,false,false,false,false,RAW_ADJUSTED_PAIR,679a01394378066ecd183c0cb91840ee91b29eb6cf888b9ad37b894da3b2ce2d,MISSING_OUTCOME,2
2,PAIRED_ANALYTICAL_ARMS,false,false,false,false,RAW_ADJUSTED_PAIR,67ac8ed9d5c76d6253769b273e647cd9aeb5b411beeb4bc8f95fd0f0f1f902ad,MISSING_OUTCOME,2
2,PAIRED_ANALYTICAL_ARMS,false,false,false,false,RAW_ADJUSTED_PAIR,67b84cba81a4c803103a48910464c969721d6879008a319614246f27d67e3d55,MISSING_OUTCOME,2
2,PAIRED_ANALYTICAL_ARMS,false,false,false,false,RAW_ADJUSTED_PAIR,67c2bef2fca8cb190fa2579b90c09ddffc34990d07c1831169d3b5429e9071d2,MISSING_OUTCOME,2
2,PAIRED_ANALYTICAL_ARMS,false,false,false,false,RAW_ADJUSTED_PAIR,6801d7cfb96b304882ead144504b0c87b5dd8d731935cae9fec5c2d87c415968,MISSING_OUTCOME,2
2,PAIRED_ANALYTICAL_ARMS,false,false,false,false,RAW_ADJUSTED_PAIR,6809a112a28f3fafa23c5f8be699f6d9bae4b47590b7f538f840ee20ad232c79,MISSING_OUTCOME,2
2,PAIRED_ANALYTICAL_ARMS,false,false,false,false,RAW_ADJUSTED_PAIR,681442ecb0a1fbd9fc76d0f9e1ddf72e34a9bdc0008c5e2a94f149b062e01aec,MISSING_OUTCOME,2
2,PAIRED_ANALYTICAL_ARMS,false,false,false,false,RAW_ADJUSTED_PAIR,682049cdcdaed308cc19dc5b551ff99dab951350cc14c18864ae12ee0a770279,MISSING_OUTCOME,2
2,PAIRED_ANALYTICAL_ARMS,false,false,false,false,RAW_ADJUSTED_PAIR,6868854f3dc6b3a1ce68c92c6291545ae1f270ec8007ccdf4c5a34221b73e8d2,MISSING_OUTCOME,2
2,PAIRED_ANALYTICAL_ARMS,false,false,false,false,RAW_ADJUSTED_PAIR,68973f766b94953875b0136a20159a3149a6cc3abee75ec079892c69e559751a,MISSING_OUTCOME,2
2,PAIRED_ANALYTICAL_ARMS,false,false,false,false,RAW_ADJUSTED_PAIR,68a5b5b18904c90a43da03e010f3be1bb31ddb3a11daf9058c7ba3f1de65bcbc,MISSING_OUTCOME,2
2,PAIRED_ANALYTICAL_ARMS,false,false,false,false,RAW_ADJUSTED_PAIR,68bcfa1d0bfe40ffac5bf527948e27a3575becadaff480cb6e321eea3e700cdb,MISSING_OUTCOME,2
2,PAIRED_ANALYTICAL_ARMS,false,false,false,false,RAW_ADJUSTED_PAIR,6942bfbb4db8315e4ab56ed12c502e1b59085202a3205f943544cf7857a63997,MISSING_OUTCOME,2
2,PAIRED_ANALYTICAL_ARMS,false,false,false,false,RAW_ADJUSTED_PAIR,699b0dbc7a5360487e395561577b6a2e12412642309497d70b2b9c24059f1d74,MISSING_OUTCOME,2
2,PAIRED_ANALYTICAL_ARMS,false,false,false,false,RAW_ADJUSTED_PAIR,6a0dbe822c558929c978b240307d7cd0645caa6f46ad7d586772dbb53dc6503a,MISSING_OUTCOME,2
2,PAIRED_ANALYTICAL_ARMS,false,false,false,false,RAW_ADJUSTED_PAIR,6ab0697c9fd71e1951597b51fe3520dfab53bdf70fa4bb2a81cc96105dfabea1,MISSING_OUTCOME,2
2,PAIRED_ANALYTICAL_ARMS,false,false,false,false,RAW_ADJUSTED_PAIR,6af3271efba80232a4df840c2179fbf2d3eb9c65a423b9d4de4ad27264052d6c,MISSING_OUTCOME,2
2,PAIRED_ANALYTICAL_ARMS,false,false,false,false,RAW_ADJUSTED_PAIR,6b0ae07f90dacb0aa8f20872887912f2e1f7dae9cc30361a3879ebf903dccbee,MISSING_OUTCOME,2
2,PAIRED_ANALYTICAL_ARMS,false,false,false,false,RAW_ADJUSTED_PAIR,6b2112c597a654d20983c2bc28417a05a5106ed56f02c649b304051e48f15971,MISSING_OUTCOME,2
2,PAIRED_ANALYTICAL_ARMS,false,false,false,false,RAW_ADJUSTED_PAIR,6b3bfd87efa3e1e2f1ea2d00b1a6027e921c0329fe79fdcac7cea1f7558ac26b,MISSING_OUTCOME,2
2,PAIRED_ANALYTICAL_ARMS,false,false,false,false,RAW_ADJUSTED_PAIR,6b3cf4f32a98658f7576e42f23db7f7769da2989bc681579bb659a02951cad93,MISSING_OUTCOME,2
2,PAIRED_ANALYTICAL_ARMS,false,false,false,false,RAW_ADJUSTED_PAIR,6b5a54d4e40a5471225e62e2dad472fa190a667d171b58cc04a09feccf8dbad2,MISSING_OUTCOME,2
2,PAIRED_ANALYTICAL_ARMS,false,false,false,false,RAW_ADJUSTED_PAIR,6b9418104f37eb3822c2e45dd1ae807a9c4c712fc831dbf423538d39bbc49845,MISSING_OUTCOME,2
2,PAIRED_ANALYTICAL_ARMS,false,false,false,false,RAW_ADJUSTED_PAIR,6be88b6a77653e99d6fd8b60fa496b0675d034c4d31f4ea6a5a6823562861271,MISSING_OUTCOME,2
2,PAIRED_ANALYTICAL_ARMS,false,false,false,false,RAW_ADJUSTED_PAIR,6c09571c8444bb7c637a8302836f9330e2912c6b7477c97546f4c73389e237b6,MISSING_OUTCOME,2
2,PAIRED_ANALYTICAL_ARMS,false,false,false,false,RAW_ADJUSTED_PAIR,6c1d71f76aec2a5d655ce5dd6dc8577d91bdf6931d5b85cc00a6b21d0c6ae7d7,MISSING_OUTCOME,2
2,PAIRED_ANALYTICAL_ARMS,false,false,false,false,RAW_ADJUSTED_PAIR,6c6a5447a244d49c6978ff65f64e78882e28c4c38ebfafa690833f8afc77f918,MISSING_OUTCOME,2
2,PAIRED_ANALYTICAL_ARMS,false,false,false,false,RAW_ADJUSTED_PAIR,6ccd56fb8bce17109965f6ef2c49fd3e9050446718d3566a13ccd79cc3466dbf,MISSING_OUTCOME,2
2,PAIRED_ANALYTICAL_ARMS,false,false,false,false,RAW_ADJUSTED_PAIR,6cee2bd12b3b0de637c0992a31b35d1fa1c35e0d3a79bb6c75211a17409779c1,NOT_ENTERED,3
2,PAIRED_ANALYTICAL_ARMS,false,false,false,false,RAW_ADJUSTED_PAIR,6d5411e41836fb3278e790035d7def4922f547718fcace921d1f56d22ea5e412,MISSING_OUTCOME,2
2,PAIRED_ANALYTICAL_ARMS,false,false,false,false,RAW_ADJUSTED_PAIR,6d68326b675b08849365c3bec1fcf6a11ffe975028f09f00c3a97cde2f33f5ee,MISSING_OUTCOME,2
2,PAIRED_ANALYTICAL_ARMS,false,false,false,false,RAW_ADJUSTED_PAIR,6d6f9eeb5537edd1199ece9c2404d0ce653cfaadfa1eccf510e7b677b64dd34a,MISSING_OUTCOME,2
2,PAIRED_ANALYTICAL_ARMS,false,false,false,false,RAW_ADJUSTED_PAIR,6d9047ba1fe636b182f16dbe8f855c97559de7e627f468003f24d2f1c5054620,MISSING_OUTCOME,2
2,PAIRED_ANALYTICAL_ARMS,false,false,false,false,RAW_ADJUSTED_PAIR,6da9a8ad0b35ec30033489168e902c83a2bc540b7fd56164e2795e2934572cb0,COMPLETED_COMPARABLE_OUTCOME,3
2,PAIRED_ANALYTICAL_ARMS,false,false,false,false,RAW_ADJUSTED_PAIR,6dd2424cda4824d518694886833883ebc0dec5782dd1683227211563426ee9e7,MISSING_OUTCOME,2
2,PAIRED_ANALYTICAL_ARMS,false,false,false,false,RAW_ADJUSTED_PAIR,6de1c6144824a9cf1cb180b7d76e3f4ff665aae67a8362804dac0ef3647d2dfa,MISSING_OUTCOME,2
2,PAIRED_ANALYTICAL_ARMS,false,false,false,false,RAW_ADJUSTED_PAIR,6df4612468fd500c843836fc001b49d637d60d39bf969d16523528dd1e92062f,MISSING_OUTCOME,2
2,PAIRED_ANALYTICAL_ARMS,false,false,false,false,RAW_ADJUSTED_PAIR,6e318e85a5520ad0b6d2ec28b24f5d12aa86c035a006917b4c5fb3fe43c35444,MISSING_OUTCOME,2
2,PAIRED_ANALYTICAL_ARMS,false,false,false,false,RAW_ADJUSTED_PAIR,6e62c8a900e2ee55f3888d8941efa8de9ea5e9dcad78d768c57c6ca4f575e76e,MISSING_OUTCOME,2
2,PAIRED_ANALYTICAL_ARMS,false,false,false,false,RAW_ADJUSTED_PAIR,6e7c2513020ad190adbf847d5e963bed0412350b67f6ffc53d74b7a87d05f656,MISSING_OUTCOME,2
2,PAIRED_ANALYTICAL_ARMS,false,false,false,false,RAW_ADJUSTED_PAIR,6ea65f5da25ffd906ae06685a1c66d9acbc8d7ca7c99d153bb0d119f3d93974a,MISSING_OUTCOME,2
2,PAIRED_ANALYTICAL_ARMS,false,false,false,false,RAW_ADJUSTED_PAIR,6ebfafd355b55976b4da8f9c1aeb47aee88c55a94410b688c1494ebfc6a2ac3b,MISSING_OUTCOME,2
2,PAIRED_ANALYTICAL_ARMS,false,false,false,false,RAW_ADJUSTED_PAIR,6f1d22c1fefdd575c24fdda3a502aca035e3ab45da9cd836d56735ff9337fc5c,MISSING_OUTCOME,2
2,PAIRED_ANALYTICAL_ARMS,false,false,false,false,RAW_ADJUSTED_PAIR,6f3104c3e389d5a591ab891ff3f5f4c5db0b4bfcf844f15efe881bac642acdfe,MISSING_OUTCOME,2
2,PAIRED_ANALYTICAL_ARMS,false,false,false,false,RAW_ADJUSTED_PAIR,6f36122fb435280c77d896aa1de5f1ab89607d7c5af8c5fae9a65e52ed748b7a,MISSING_OUTCOME,2
2,PAIRED_ANALYTICAL_ARMS,false,false,false,false,RAW_ADJUSTED_PAIR,6f46156bca081c685bf3de924f10e5fd524ac431c1c98075332c2f7a87451171,MISSING_OUTCOME,2
2,PAIRED_ANALYTICAL_ARMS,false,false,false,false,RAW_ADJUSTED_PAIR,6f660b91872f584a0992c2d6ce70c512f15df6b43ef9e6d074abf88419853dfc,MISSING_OUTCOME,2
2,PAIRED_ANALYTICAL_ARMS,false,false,false,false,RAW_ADJUSTED_PAIR,6fa7d592888b31835a250e19701c9356b64f9884d175d87ca94e7c5a0c823106,MISSING_OUTCOME,2
2,PAIRED_ANALYTICAL_ARMS,false,false,false,false,RAW_ADJUSTED_PAIR,6fb5b32fac4657b7b368a0ac945519b25a00d0e7ac14c08ca51855951060fa92,MISSING_OUTCOME,2
2,PAIRED_ANALYTICAL_ARMS,false,false,false,false,RAW_ADJUSTED_PAIR,6fc5d3d6dc79f3ed7b6104de9dbb875a7cdee672333642e32c160ce45d9a906c,MISSING_OUTCOME,2
2,PAIRED_ANALYTICAL_ARMS,false,false,false,false,RAW_ADJUSTED_PAIR,7025c1ff27324f28067e899022f42877e615c5ccd92fe28c70c07c9cdbb6d6ef,NOT_ENTERED,3
2,PAIRED_ANALYTICAL_ARMS,false,false,false,false,RAW_ADJUSTED_PAIR,704fcab46c013c48a6a6ffb7ba4e7916d45949b4e832c7e71133161a9bf93895,MISSING_OUTCOME,2
2,PAIRED_ANALYTICAL_ARMS,false,false,false,false,RAW_ADJUSTED_PAIR,7058045120000243c571fcda53805310170b42cc98db210e429beadde63c314d,COMPLETED_COMPARABLE_OUTCOME,3
2,PAIRED_ANALYTICAL_ARMS,false,false,false,false,RAW_ADJUSTED_PAIR,7096d1a4dc4b60cb23957dbc907902b9ae173a57d781250d8c5c98e3940a0d65,MISSING_OUTCOME,2
2,PAIRED_ANALYTICAL_ARMS,false,false,false,false,RAW_ADJUSTED_PAIR,70a36f58edde19e2e78776fff00a8b1f4595463bfe6f9a7318abd67d6cfaf066,MISSING_OUTCOME,2
2,PAIRED_ANALYTICAL_ARMS,false,false,false,false,RAW_ADJUSTED_PAIR,70c5ac26e2ae8c9ffc520209a6dff1a991b1634a32f79d11d1638c5f8f2179f1,COMPLETED_COMPARABLE_OUTCOME,3
2,PAIRED_ANALYTICAL_ARMS,false,false,false,false,RAW_ADJUSTED_PAIR,70ca9cdc539bed380782913af1c9b2334f483f71dbf0738dd0c76de4fc85c571,MISSING_OUTCOME,2
2,PAIRED_ANALYTICAL_ARMS,false,false,false,false,RAW_ADJUSTED_PAIR,70eb5e46de8911ca438c7fcc8590aa369d8b0b9e6b9d96764274b1b9759911e2,MISSING_OUTCOME,2
2,PAIRED_ANALYTICAL_ARMS,false,false,false,false,RAW_ADJUSTED_PAIR,70ef54a8e4417fbf916476f23ec4dfb57cf69de605bc7adc99c1666a2f0930d9,COMPLETED_COMPARABLE_OUTCOME,3
2,PAIRED_ANALYTICAL_ARMS,false,false,false,false,RAW_ADJUSTED_PAIR,711c68aa6b83d297416d36a8474e6dfa13fe1af3c74dd4a655386536856ddd03,MISSING_OUTCOME,2
2,PAIRED_ANALYTICAL_ARMS,false,false,false,false,RAW_ADJUSTED_PAIR,71cb27ec47949016dc643ad602235118bd6c86c37a0980fe79c670df40d1adcc,MISSING_OUTCOME,2
2,PAIRED_ANALYTICAL_ARMS,false,false,false,false,RAW_ADJUSTED_PAIR,71cc529ad345250f302299a94eda12928562501d3e819e7db658d2a8ca7be4e7,MISSING_OUTCOME,2
2,PAIRED_ANALYTICAL_ARMS,false,false,false,false,RAW_ADJUSTED_PAIR,71d65e754ec2dd0157f13da014dd36f2884b6d7af28e8fc078274fa3c61feb12,MISSING_OUTCOME,2
2,PAIRED_ANALYTICAL_ARMS,false,false,false,false,RAW_ADJUSTED_PAIR,7227fbd315ccf06228b5b703af923d1ec23882b4008df7a5aadac62a705fb1b5,MISSING_OUTCOME,2
2,PAIRED_ANALYTICAL_ARMS,false,false,false,false,RAW_ADJUSTED_PAIR,7239d7281c611ddad58243e02df6922a5d85d0876024bf209be06a021dfe73a0,MISSING_OUTCOME,2
2,PAIRED_ANALYTICAL_ARMS,false,false,false,false,RAW_ADJUSTED_PAIR,72524bb90268617397b150d9adb64afa8a12538dbd823667f990a91a082cb24c,COMPLETED_COMPARABLE_OUTCOME,3
2,PAIRED_ANALYTICAL_ARMS,false,false,false,false,RAW_ADJUSTED_PAIR,72735a35ba864f77088969c48b3671e1b582e03daf49765e44d89569a2c5c050,NOT_ENTERED,3
2,PAIRED_ANALYTICAL_ARMS,false,false,false,false,RAW_ADJUSTED_PAIR,728b030eae28a99a0e1f5f9e230c053023de2ec46352759d2ba6544fbc11f602,MISSING_OUTCOME,2
2,PAIRED_ANALYTICAL_ARMS,false,false,false,false,RAW_ADJUSTED_PAIR,72ca504f0ed3d77b0079f49867e4041636a1f9003d2ea7b3e8dcb4c71eb6a710,MISSING_OUTCOME,2
2,PAIRED_ANALYTICAL_ARMS,false,false,false,false,RAW_ADJUSTED_PAIR,730ae2ade9a12ef3c62364731f6ceb1fac4c01b021cbbe04457389041668d9f4,NOT_ENTERED,3
2,PAIRED_ANALYTICAL_ARMS,false,false,false,false,RAW_ADJUSTED_PAIR,733b2e8693d919d2858d52df734e19a8c390cf613b1405e15fc301bc61a65277,MISSING_OUTCOME,2
2,PAIRED_ANALYTICAL_ARMS,false,false,false,false,RAW_ADJUSTED_PAIR,7362dfe6ac8a78293dbcf99655596b3df34c90906c3f7977492e3b2b3d8bc81c,MISSING_OUTCOME,2
2,PAIRED_ANALYTICAL_ARMS,false,false,false,false,RAW_ADJUSTED_PAIR,739b5eb287012b9d33de884d218a8eaf8227e8ac20e47e09aace5ab1fe18c094,MISSING_OUTCOME,2
2,PAIRED_ANALYTICAL_ARMS,false,false,false,false,RAW_ADJUSTED_PAIR,73af90b1820cdc4cd0efecce1c8602cce7cffadb89b2e3aee601057cddb94759,MISSING_OUTCOME,2
2,PAIRED_ANALYTICAL_ARMS,false,false,false,false,RAW_ADJUSTED_PAIR,73d5adf34c6fa172c901ccb94234b649b6b55250869a67cfad1d4160f7e40703,PENDING_END_OF_DATA,3
2,PAIRED_ANALYTICAL_ARMS,false,false,false,false,RAW_ADJUSTED_PAIR,73e279f8944c2354198a5e176d31be1a15664e52e9e91e2bd7bb0955444274a3,MISSING_OUTCOME,2
2,PAIRED_ANALYTICAL_ARMS,false,false,false,false,RAW_ADJUSTED_PAIR,73fba9ca305ff640a0c5c984613ef02b9c3763933562cb7a30641a8c0bf74676,MISSING_OUTCOME,2
2,PAIRED_ANALYTICAL_ARMS,false,false,false,false,RAW_ADJUSTED_PAIR,74366d66b3e443472ae59f53a68b19faa736cf756047b26468c9f35e46a53213,MISSING_OUTCOME,2
2,PAIRED_ANALYTICAL_ARMS,false,false,false,false,RAW_ADJUSTED_PAIR,743866f76211eabffb112fd94a2757f07012d53ca938edaf1a871a4cf68294c8,MISSING_OUTCOME,2
2,PAIRED_ANALYTICAL_ARMS,false,false,false,false,RAW_ADJUSTED_PAIR,7485d645e079e6d43895794016aa245e1dc482e6d0a6e3bba1b729a850edf4b2,MISSING_OUTCOME,2
2,PAIRED_ANALYTICAL_ARMS,false,false,false,false,RAW_ADJUSTED_PAIR,74bd0a429957a3e6901c8d7be48a74239a1397c5a82d26be202e8803218021b4,MISSING_OUTCOME,2
2,PAIRED_ANALYTICAL_ARMS,false,false,false,false,RAW_ADJUSTED_PAIR,74f0443ae0a2737698053189aa9da9075f20699fd7366059603f2f49bfe9a95f,MISSING_OUTCOME,2
2,PAIRED_ANALYTICAL_ARMS,false,false,false,false,RAW_ADJUSTED_PAIR,74fbd96c354d48b3165607fada63e65bdf87a5d4daa3f2ee9e4600ba336d6099,MISSING_OUTCOME,2
2,PAIRED_ANALYTICAL_ARMS,false,false,false,false,RAW_ADJUSTED_PAIR,74fd235d49a80626947d2b2e2d3322ebb1638d96888d8ffadc781c58074ac3bc,MISSING_OUTCOME,2
2,PAIRED_ANALYTICAL_ARMS,false,false,false,false,RAW_ADJUSTED_PAIR,7511ecd8df446a136b1d54fc6a70ff3cfdb6be12a519f9bb766b74b463a620ae,MISSING_OUTCOME,2
2,PAIRED_ANALYTICAL_ARMS,false,false,false,false,RAW_ADJUSTED_PAIR,7511f503e1d972fc5c2fff3f38c1ecd34b28d871889e6f08bde5a11f5adbc4ad,MISSING_OUTCOME,2
2,PAIRED_ANALYTICAL_ARMS,false,false,false,false,RAW_ADJUSTED_PAIR,7526f2af1de384462d07f2d30775cdef04b7ad820f8912b19f664078239fc065,MISSING_OUTCOME,2
2,PAIRED_ANALYTICAL_ARMS,false,false,false,false,RAW_ADJUSTED_PAIR,754819f4ee254878fc3e1d16b4f7ed52596d8a92591b53992b47d27e26f0f5c1,NOT_ENTERED,3
2,PAIRED_ANALYTICAL_ARMS,false,false,false,false,RAW_ADJUSTED_PAIR,759862c7563c472eadac3fc30018b5321b347bb3054eae6e604aea320852d858,MISSING_OUTCOME,2
2,PAIRED_ANALYTICAL_ARMS,false,false,false,false,RAW_ADJUSTED_PAIR,75aa3c3ab7e4db5bdf7e2946d313a7da6ea31126dd031152ef87465ce8bad0ab,MISSING_OUTCOME,2
2,PAIRED_ANALYTICAL_ARMS,false,false,false,false,RAW_ADJUSTED_PAIR,75b6aa9b547e4a1a63a03ea0abbd2896b93bcf025b2382ee55d6c7a4a33728c5,NOT_ENTERED,3
2,PAIRED_ANALYTICAL_ARMS,false,false,false,false,RAW_ADJUSTED_PAIR,75c2479da528b74e49588eba2814e5f45a8eeac56d47890891df2ee988f01a3b,MISSING_OUTCOME,2
2,PAIRED_ANALYTICAL_ARMS,false,false,false,false,RAW_ADJUSTED_PAIR,75d7fefa2dbf2dc7958612308814a8de3ca9414be763d34ecce2b8bb4fb9f7d1,MISSING_OUTCOME,2
2,PAIRED_ANALYTICAL_ARMS,false,false,false,false,RAW_ADJUSTED_PAIR,75fa7164b693497f6abb123ffced3b5d0c63bab203de85da2eac3695d815a4bd,MISSING_OUTCOME,2
2,PAIRED_ANALYTICAL_ARMS,false,false,false,false,RAW_ADJUSTED_PAIR,765f5c3ea419ab6bdb2ff8221330bf40b47c4da70ce6776bc14a1d1b915ffa5c,MISSING_OUTCOME,2
2,PAIRED_ANALYTICAL_ARMS,false,false,false,false,RAW_ADJUSTED_PAIR,772248d9d85176e15b3b65410561c8852cbe394b156e5826cbd266fd8bf0aa63,MISSING_OUTCOME,2
2,PAIRED_ANALYTICAL_ARMS,false,false,false,false,RAW_ADJUSTED_PAIR,774e55e4e795a76c6f97d781b08e2ea332fa2e4c37ba21c51256a194b8b17181,MISSING_OUTCOME,2
2,PAIRED_ANALYTICAL_ARMS,false,false,false,false,RAW_ADJUSTED_PAIR,775b60ae66874b1affaa07c62aa41e0481de1a7333f60f589d8a798914593ca0,MISSING_OUTCOME,2
2,PAIRED_ANALYTICAL_ARMS,false,false,false,false,RAW_ADJUSTED_PAIR,77d16cd6edeaa7858f829afeb53616a658fdc3267612e350df82608509badcd3,MISSING_OUTCOME,2
2,PAIRED_ANALYTICAL_ARMS,false,false,false,false,RAW_ADJUSTED_PAIR,77f79315b2038fe9e704ae9712fee3eee562df1ecc333b930225353d9df53ed5,MISSING_OUTCOME,2
2,PAIRED_ANALYTICAL_ARMS,false,false,false,false,RAW_ADJUSTED_PAIR,783ce389b97f2aeb73203a3bcbdd823f5f003fe77be9c59e4bb981e6b9b6b4b0,MISSING_OUTCOME,2
2,PAIRED_ANALYTICAL_ARMS,false,false,false,false,RAW_ADJUSTED_PAIR,783d17216312efc8451cc39cfc31faf60231289411343f95d7725bd30e207a29,MISSING_OUTCOME,2
2,PAIRED_ANALYTICAL_ARMS,false,false,false,false,RAW_ADJUSTED_PAIR,78a29298ab6074bb5b8b92376fdaa4d58f04c75a029af68969d53eecf2de95f7,MISSING_OUTCOME,2
2,PAIRED_ANALYTICAL_ARMS,false,false,false,false,RAW_ADJUSTED_PAIR,78da19bbd5170765888911c6cc009ca3959164041ee224f96173767bd4885c6d,MISSING_OUTCOME,2
2,PAIRED_ANALYTICAL_ARMS,false,false,false,false,RAW_ADJUSTED_PAIR,791ba6ce8146c1a545848f435cc27321a5dbeac244fcb2ea8f5fa336ecd15067,MISSING_OUTCOME,2
2,PAIRED_ANALYTICAL_ARMS,false,false,false,false,RAW_ADJUSTED_PAIR,7922681865fb2eb1d834006f880ce1da64abf56104ad8810f98a34d63e95f2a9,MISSING_OUTCOME,2
2,PAIRED_ANALYTICAL_ARMS,false,false,false,false,RAW_ADJUSTED_PAIR,795a25073a89f80a63d6f3623a3f1d3f2038f92c7f31242415ad0d5e9dca15a7,MISSING_OUTCOME,2
2,PAIRED_ANALYTICAL_ARMS,false,false,false,false,RAW_ADJUSTED_PAIR,79eecf1b751178459ef3e8e0f5a73da9c368dcb1223b01967195785116012b39,MISSING_OUTCOME,2
2,PAIRED_ANALYTICAL_ARMS,false,false,false,false,RAW_ADJUSTED_PAIR,7a3b877da2dcb29a5b82c241abe5932f9328ba189bed698873ae738c0986ec39,MISSING_OUTCOME,2
2,PAIRED_ANALYTICAL_ARMS,false,false,false,false,RAW_ADJUSTED_PAIR,7a402688f8a4f752effccab310a95bf004c664b18c8430f4f33211bb02760c8e,NOT_ENTERED,3
2,PAIRED_ANALYTICAL_ARMS,false,false,false,false,RAW_ADJUSTED_PAIR,7a413e640dab374202a133762a8f7e2ed031d698ddec8c3ae16773c73b8b11e2,MISSING_OUTCOME,2
2,PAIRED_ANALYTICAL_ARMS,false,false,false,false,RAW_ADJUSTED_PAIR,7a8eeabb5941df7819a72feb4eb7fee17a4d804ee4b77066adaf53d0e87565dc,MISSING_OUTCOME,2
2,PAIRED_ANALYTICAL_ARMS,false,false,false,false,RAW_ADJUSTED_PAIR,7b0248d15f5c75be20cfef54c074dbcaf22eed83661e04c571c61bb9e67f7ba7,MISSING_OUTCOME,2
2,PAIRED_ANALYTICAL_ARMS,false,false,false,false,RAW_ADJUSTED_PAIR,7b03d82f66a544ec5d72d8257ab55d555369c4337f595d4c69ec86ecd1229663,MISSING_OUTCOME,2
2,PAIRED_ANALYTICAL_ARMS,false,false,false,false,RAW_ADJUSTED_PAIR,7b04752bd3e5325b81649c2f194c0381959a3dd686d8309b6234d99d1fc09b48,MISSING_OUTCOME,2
2,PAIRED_ANALYTICAL_ARMS,false,false,false,false,RAW_ADJUSTED_PAIR,7b104b2db2647be82457bc6b08e2dffb7177bb29d112a982ba7445123b4577e1,COMPLETED_COMPARABLE_OUTCOME,3
2,PAIRED_ANALYTICAL_ARMS,false,false,false,false,RAW_ADJUSTED_PAIR,7b1da3bf9c7bf432c46583199e7e5314495e6976a72b9288ccf1ff078c777b31,MISSING_OUTCOME,2
2,PAIRED_ANALYTICAL_ARMS,false,false,false,false,RAW_ADJUSTED_PAIR,7b4a39b8079bec943ab6ac8a32c2ed7842d70ab204a14b7ad6489849be32a742,MISSING_OUTCOME,2
2,PAIRED_ANALYTICAL_ARMS,false,false,false,false,RAW_ADJUSTED_PAIR,7b928b61d02e55f5e26f6c6319a72a2dec6dfbf7b45345a410782718815eb1b3,MISSING_OUTCOME,2
2,PAIRED_ANALYTICAL_ARMS,false,false,false,false,RAW_ADJUSTED_PAIR,7c1cbde10d2f4736970308288c0472d78c61f8d1e87c3dfa64a4c5cad79c8bab,MISSING_OUTCOME,2
2,PAIRED_ANALYTICAL_ARMS,false,false,false,false,RAW_ADJUSTED_PAIR,7c63dbba5c06673a1298009a62d9de008a88629ac7b0886ed7928dab83d1b529,MISSING_OUTCOME,2
2,PAIRED_ANALYTICAL_ARMS,false,false,false,false,RAW_ADJUSTED_PAIR,7cd3875ba330db6492100ad9e668cf970f58510438b02f63b143d19b17bc301c,COMPLETED_COMPARABLE_OUTCOME,3
2,PAIRED_ANALYTICAL_ARMS,false,false,false,false,RAW_ADJUSTED_PAIR,7d3608f6168a64c4801189d83a48a0173b4f14fa29835cae38da8e583a34525a,MISSING_OUTCOME,2
2,PAIRED_ANALYTICAL_ARMS,false,false,false,false,RAW_ADJUSTED_PAIR,7d41c7ccb6c210a66b1a3683b2fc56d1f76adb1283876121ed08acd33c7f54a4,MISSING_OUTCOME,2
2,PAIRED_ANALYTICAL_ARMS,false,false,false,false,RAW_ADJUSTED_PAIR,7db9820a436245b61497ef94bbf9057f97bfea7b105bf0778ee976e235b2d983,MISSING_OUTCOME,2
2,PAIRED_ANALYTICAL_ARMS,false,false,false,false,RAW_ADJUSTED_PAIR,7dcc0a1c24671f8cbbda35889f5f34e2fea51648a4992b3142a2c9ac4a3d1eb5,MISSING_OUTCOME,2
2,PAIRED_ANALYTICAL_ARMS,false,false,false,false,RAW_ADJUSTED_PAIR,7dee05d8790178424d4189429cc8121ea322cf236e0bafa0ae610b5a2da75317,MISSING_OUTCOME,2
2,PAIRED_ANALYTICAL_ARMS,false,false,false,false,RAW_ADJUSTED_PAIR,7e24b943b80294c72911fe34c77cd8bdd7f9a099f2398e7c66260e99befdbb44,MISSING_OUTCOME,2
2,PAIRED_ANALYTICAL_ARMS,false,false,false,false,RAW_ADJUSTED_PAIR,7e4a05d3386059899b4d88c22b45e91a3665be4639825f0e8dfdf78c606d0ff1,MISSING_OUTCOME,2
2,PAIRED_ANALYTICAL_ARMS,false,false,false,false,RAW_ADJUSTED_PAIR,7e71e82a5f7b702aa231caf2a0517b7220983cf9f48161034b8b16a8d92f59c6,MISSING_OUTCOME,2
2,PAIRED_ANALYTICAL_ARMS,false,false,false,false,RAW_ADJUSTED_PAIR,7e7da7e963782189ec19ab50bc474af28f34a342de73af443cd9b70ca923ce3c,MISSING_OUTCOME,2
2,PAIRED_ANALYTICAL_ARMS,false,false,false,false,RAW_ADJUSTED_PAIR,7f3bf105198051a4813e70af69796c88edffb91a2df3c261316f28c863ca1e38,MISSING_OUTCOME,2
2,PAIRED_ANALYTICAL_ARMS,false,false,false,false,RAW_ADJUSTED_PAIR,7f544eecee9fc644dc74aa5086fba6a2d4ccc5829a3817e5c8da99e4458245a4,COMPLETED_COMPARABLE_OUTCOME,3
2,PAIRED_ANALYTICAL_ARMS,false,false,false,false,RAW_ADJUSTED_PAIR,7f5bd4e54065fa785b547873666b7e955f5a1ef18e26605bd8c67c51e767191f,MISSING_OUTCOME,2
2,PAIRED_ANALYTICAL_ARMS,false,false,false,false,RAW_ADJUSTED_PAIR,7f766dad959b0793cf098786b850d3272d17bd9a593d47d3cb0d9cfa9e3e810f,NOT_ENTERED,3
2,PAIRED_ANALYTICAL_ARMS,false,false,false,false,RAW_ADJUSTED_PAIR,7fd52f1dc11bbb2449d978d70cf66e953782cfd44624dcda02f3335bd2475e60,MISSING_OUTCOME,2
2,PAIRED_ANALYTICAL_ARMS,false,false,false,false,RAW_ADJUSTED_PAIR,800cb9c7755f63d592bd6f755efdd9449199f2a7c0034ef74d77d8db1e24ba72,MISSING_OUTCOME,2
2,PAIRED_ANALYTICAL_ARMS,false,false,false,false,RAW_ADJUSTED_PAIR,802c35e92a0a0fca59811bfbd95f6b1479d301ea228faf5ee6606991bc66bdc6,COMPLETED_COMPARABLE_OUTCOME,3
2,PAIRED_ANALYTICAL_ARMS,false,false,false,false,RAW_ADJUSTED_PAIR,80a68b845a5c6a7da33c29244ab666bff86b85270e6ee15e137991fdd6ed6654,MISSING_OUTCOME,2
2,PAIRED_ANALYTICAL_ARMS,false,false,false,false,RAW_ADJUSTED_PAIR,80bc11422cb5a3d28503295eecfe716ed01b8448580facb3f94f9238472f5b1f,MISSING_OUTCOME,2
2,PAIRED_ANALYTICAL_ARMS,false,false,false,false,RAW_ADJUSTED_PAIR,80dbc5f3e0a3929c91270bc9d2f1ddfe6aedfc38f3a2eb8d1a2fad7444bdf03b,MISSING_OUTCOME,2
2,PAIRED_ANALYTICAL_ARMS,false,false,false,false,RAW_ADJUSTED_PAIR,814fb6e8a9fbb9b4af8e719a9436b60861aa97d6cdf723de10ce7fbe65cabe95,NOT_ENTERED,3
2,PAIRED_ANALYTICAL_ARMS,false,false,false,false,RAW_ADJUSTED_PAIR,81e3bdc8e6ac9607d026ecdf24dbbd3da485b9b1d42f8e67a43c83e2a3e08944,MISSING_OUTCOME,2
2,PAIRED_ANALYTICAL_ARMS,false,false,false,false,RAW_ADJUSTED_PAIR,821c195b0d7a1be3c66e4e6dbe0b6d8d4a507a669b5676f92d785602dd303192,MISSING_OUTCOME,2
2,PAIRED_ANALYTICAL_ARMS,false,false,false,false,RAW_ADJUSTED_PAIR,821f45b1064de157632a57ffe1e5f31532dc8e2153eecc96a2ec5acd174568c7,MISSING_OUTCOME,2
2,PAIRED_ANALYTICAL_ARMS,false,false,false,false,RAW_ADJUSTED_PAIR,822e1cc1afc12ac2e5f9b54a36c679a1780b67a65933b30052ffcaabc553c435,MISSING_OUTCOME,2
2,PAIRED_ANALYTICAL_ARMS,false,false,false,false,RAW_ADJUSTED_PAIR,826945ef78540498f0db1c045a237428aa72edd53a172ac35e9d3906f2c74772,MISSING_OUTCOME,2
2,PAIRED_ANALYTICAL_ARMS,false,false,false,false,RAW_ADJUSTED_PAIR,82f4f5aba90ce6b61c052d5e0b0ecb9c0db1efcd33496aff33b201b50ca40478,MISSING_OUTCOME,2
2,PAIRED_ANALYTICAL_ARMS,false,false,false,false,RAW_ADJUSTED_PAIR,83c3998f9f200f0ece24662c68d2fac6f0445499e06032d091fd5f6421b55819,MISSING_OUTCOME,2
2,PAIRED_ANALYTICAL_ARMS,false,false,false,false,RAW_ADJUSTED_PAIR,83cdc771e05d90242f745ec7838de6c05ed3051236467f4950089a8693ba1287,MISSING_OUTCOME,2
2,PAIRED_ANALYTICAL_ARMS,false,false,false,false,RAW_ADJUSTED_PAIR,83e91cbaf8b08fc5a6a7a62c9414f54638bc267d6a3c46d147409fce9ddd51a6,MISSING_OUTCOME,2
2,PAIRED_ANALYTICAL_ARMS,false,false,false,false,RAW_ADJUSTED_PAIR,83f19c4244fd4b11b0fc9b2c104cf1ff5312d639ce069081a59258a40d18f5bd,COMPLETED_COMPARABLE_OUTCOME,3
2,PAIRED_ANALYTICAL_ARMS,false,false,false,false,RAW_ADJUSTED_PAIR,83f30401e7f69677501ef6a08537d53db053e976690402eed74cbd089eea3552,MISSING_OUTCOME,2
2,PAIRED_ANALYTICAL_ARMS,false,false,false,false,RAW_ADJUSTED_PAIR,8454c3781bae05b3ec2504e4228364de80e842adb49da6df3ba59571bf59abec,MISSING_OUTCOME,2
2,PAIRED_ANALYTICAL_ARMS,false,false,false,false,RAW_ADJUSTED_PAIR,8493b89f3fe4304fb608d62de8201c7664587121ef43d6ffad86c92cf8407bee,MISSING_OUTCOME,2
2,PAIRED_ANALYTICAL_ARMS,false,false,false,false,RAW_ADJUSTED_PAIR,84a7649a7315809272ab7c8d103c219db28320a7434df5af7d486cd2d614c800,MISSING_OUTCOME,2
2,PAIRED_ANALYTICAL_ARMS,false,false,false,false,RAW_ADJUSTED_PAIR,84fc39a9a4dc893ae74768b419af49c1477f7dc3ba32e1f9e4a92962a7bdb83d,MISSING_OUTCOME,2
2,PAIRED_ANALYTICAL_ARMS,false,false,false,false,RAW_ADJUSTED_PAIR,856350be344cdcca8be8b3cd5fd0ffcc9176962bcf45b93a5f1d6c81623362d5,MISSING_OUTCOME,2
2,PAIRED_ANALYTICAL_ARMS,false,false,false,false,RAW_ADJUSTED_PAIR,85b135f601c328b373b000e806691ea431e1e8a6fa0f8f43c6fe7e6119feeb0f,MISSING_OUTCOME,2
2,PAIRED_ANALYTICAL_ARMS,false,false,false,false,RAW_ADJUSTED_PAIR,85c1c01d3eb6ed7938335e66cce30da556938c567f4281cad39f6f5e69a3bd81,MISSING_OUTCOME,2
2,PAIRED_ANALYTICAL_ARMS,false,false,false,false,RAW_ADJUSTED_PAIR,85edc8275bc67714d8f4cf87252617ae8393a18db0c0351222cd347bc3ac0ba1,MISSING_OUTCOME,2
2,PAIRED_ANALYTICAL_ARMS,false,false,false,false,RAW_ADJUSTED_PAIR,86083254c1edf7705a8f89e538b0fbb5f43efd4ba56f65f487db721884c44dba,MISSING_OUTCOME,2
2,PAIRED_ANALYTICAL_ARMS,false,false,false,false,RAW_ADJUSTED_PAIR,863021b7c4c1431e83bc7abd5b8d177229f4d9b4ff05299ea1f2a4fbf73b098a,MISSING_OUTCOME,2
2,PAIRED_ANALYTICAL_ARMS,false,false,false,false,RAW_ADJUSTED_PAIR,86aa615533e9c9b9982287291b0313079a53be41f394a7e14c047ee956211b64,MISSING_OUTCOME,2
2,PAIRED_ANALYTICAL_ARMS,false,false,false,false,RAW_ADJUSTED_PAIR,86b720b1f40666f835a3fa7f7a1e7ec8f228cbe4b644e414463be38cfda89c7c,MISSING_OUTCOME,2
2,PAIRED_ANALYTICAL_ARMS,false,false,false,false,RAW_ADJUSTED_PAIR,86c323f4cb10343bf2c3f9d1a83b32d31881f048c225b9380038f28e98182c92,MISSING_OUTCOME,2
2,PAIRED_ANALYTICAL_ARMS,false,false,false,false,RAW_ADJUSTED_PAIR,87a238d96bd0d2f01d04d3cdbdb3fd1a99678eb9c675fe8ad12ec807cc353cc2,MISSING_OUTCOME,2
2,PAIRED_ANALYTICAL_ARMS,false,false,false,false,RAW_ADJUSTED_PAIR,87bb68f186a8c718c5e45cfb5b44bae5e3573c41eb3fec35f098b02bea5a68c2,MISSING_OUTCOME,2
2,PAIRED_ANALYTICAL_ARMS,false,false,false,false,RAW_ADJUSTED_PAIR,8812074343b860c730b2ee392b973e1dab13bb2f8f871ba004c9df33256301e8,MISSING_OUTCOME,2
2,PAIRED_ANALYTICAL_ARMS,false,false,false,false,RAW_ADJUSTED_PAIR,881a5a58d7014844c4f314fc6613222ed057169dc5f03c2b34bd1ad0f2c92b3a,MISSING_OUTCOME,2
2,PAIRED_ANALYTICAL_ARMS,false,false,false,false,RAW_ADJUSTED_PAIR,883811cefd08cb9593d3c28db9ca1575f1e15553b7089b82be47797d3f233eab,MISSING_OUTCOME,2
2,PAIRED_ANALYTICAL_ARMS,false,false,false,false,RAW_ADJUSTED_PAIR,883bf3738212eee86d9871e4b9f597f71bc750f9e276f542a5f99292f7f2d1fd,MISSING_OUTCOME,2
2,PAIRED_ANALYTICAL_ARMS,false,false,false,false,RAW_ADJUSTED_PAIR,8859b6785114051270781494e71d199024521afc78d1d05f607d9ad322772119,MISSING_OUTCOME,2
2,PAIRED_ANALYTICAL_ARMS,false,false,false,false,RAW_ADJUSTED_PAIR,885d94f5ae2cf59e81df285087818970d4a0bce2f2ff51e95498f78313732d58,MISSING_OUTCOME,2
2,PAIRED_ANALYTICAL_ARMS,false,false,false,false,RAW_ADJUSTED_PAIR,88801cf9e7a95bd144fcf21a1175b1d07d733a417e809e7c0b037c2751b0ba3b,MISSING_OUTCOME,2
2,PAIRED_ANALYTICAL_ARMS,false,false,false,false,RAW_ADJUSTED_PAIR,88a410806e78adfb5527eb5c0e0f99dcb86f77d74757c64486f62ca7638047d8,PENDING_END_OF_DATA,3
2,PAIRED_ANALYTICAL_ARMS,false,false,false,false,RAW_ADJUSTED_PAIR,88fa39bb69460c321d5faaeb1ddd0c90634f960a84c85a395ec9bbef5ec71211,COMPLETED_COMPARABLE_OUTCOME,3
2,PAIRED_ANALYTICAL_ARMS,false,false,false,false,RAW_ADJUSTED_PAIR,8913e131e9cf89d13c66934d6cc037f6bbf8a401a21d4afaf861f9244b41235f,MISSING_OUTCOME,2
2,PAIRED_ANALYTICAL_ARMS,false,false,false,false,RAW_ADJUSTED_PAIR,895edd8ffcd40db0539e8540e76da77639ce8b72f91157a0241844d1d47c1d6d,COMPLETED_COMPARABLE_OUTCOME,3
2,PAIRED_ANALYTICAL_ARMS,false,false,false,false,RAW_ADJUSTED_PAIR,8989fb5634f30cc3a16ded4ebaccde873d8a969b7033994f85254665de380a58,MISSING_OUTCOME,2
2,PAIRED_ANALYTICAL_ARMS,false,false,false,false,RAW_ADJUSTED_PAIR,89ce770e05f4704b849246117b681d4983086b8e6be3a736fbc3fdd260b312c1,MISSING_OUTCOME,2
2,PAIRED_ANALYTICAL_ARMS,false,false,false,false,RAW_ADJUSTED_PAIR,89d7942f5198a52b2a077dba34c2d0838cfaab0cb55b09677b126fe2bef2752a,MISSING_OUTCOME,2
2,PAIRED_ANALYTICAL_ARMS,false,false,false,false,RAW_ADJUSTED_PAIR,89f27c6e520d825d7a3260fb7fc18f4a027be70b90d065a1b0a14ae0d75619cd,MISSING_OUTCOME,2
2,PAIRED_ANALYTICAL_ARMS,false,false,false,false,RAW_ADJUSTED_PAIR,89f91d354536573e7503bb68895d649179fe555538bc43788b72209ae158d99a,MISSING_OUTCOME,2
2,PAIRED_ANALYTICAL_ARMS,false,false,false,false,RAW_ADJUSTED_PAIR,8a1ad58c57b13ea5980ae66b07caabd72a5e012fe217ed991f900b1e76ae3b2d,MISSING_OUTCOME,2
2,PAIRED_ANALYTICAL_ARMS,false,false,false,false,RAW_ADJUSTED_PAIR,8a2af36b5d5be36839e8ad616cb0f6c561456bed07c3aa17aee0bbbc91f05403,MISSING_OUTCOME,2
2,PAIRED_ANALYTICAL_ARMS,false,false,false,false,RAW_ADJUSTED_PAIR,8a4a263cd3926763f52bfff4ff35a1d96e0b607385ffcc34de8d10243ff4ab05,MISSING_OUTCOME,2
2,PAIRED_ANALYTICAL_ARMS,false,false,false,false,RAW_ADJUSTED_PAIR,8a664d63d2624b0f5c05867ebfcef95c07cb9a283accad92133fc947d622f963,MISSING_OUTCOME,2
2,PAIRED_ANALYTICAL_ARMS,false,false,false,false,RAW_ADJUSTED_PAIR,8a99d8c226cf767df1d6a1cdbc47d378563e9c3a1bc20760301cab80975417ee,MISSING_OUTCOME,2
2,PAIRED_ANALYTICAL_ARMS,false,false,false,false,RAW_ADJUSTED_PAIR,8abddf4aaf49b9c3fd3374055074b95c120d5dfd3dcfce3ee217addca25dbf1a,MISSING_OUTCOME,2
2,PAIRED_ANALYTICAL_ARMS,false,false,false,false,RAW_ADJUSTED_PAIR,8b0a1f8baf13df19bc80e79ca89f1fcf8744a756a39a24eb922eb23f96901be2,MISSING_OUTCOME,2
2,PAIRED_ANALYTICAL_ARMS,false,false,false,false,RAW_ADJUSTED_PAIR,8bbe3e8b00f1691385720ac7008688be3b9b2d4cf4aad33646ff9cc33352b689,MISSING_OUTCOME,2
2,PAIRED_ANALYTICAL_ARMS,false,false,false,false,RAW_ADJUSTED_PAIR,8bc85fe5c937063defd1d0a2037b2d3be034bdabbfbf7e341747a25c08274bf1,MISSING_OUTCOME,2
2,PAIRED_ANALYTICAL_ARMS,false,false,false,false,RAW_ADJUSTED_PAIR,8bfe524299af1e2c3ae7655de3d58a94e20e34fa39e2f22b0337c33a27902c86,MISSING_OUTCOME,2
2,PAIRED_ANALYTICAL_ARMS,false,false,false,false,RAW_ADJUSTED_PAIR,8c5d0c7831f13b58e2a4b91f23d2002a2ad62a29983d3ffb8a17c258f5af9ddc,MISSING_OUTCOME,2
2,PAIRED_ANALYTICAL_ARMS,false,false,false,false,RAW_ADJUSTED_PAIR,8c833d066fe747c44da924210e5d5642cfef5d2123ffdb2209bfa3073fbbacd2,PENDING_END_OF_DATA,3
2,PAIRED_ANALYTICAL_ARMS,false,false,false,false,RAW_ADJUSTED_PAIR,8c867e0fed99aeffe5f74a0e5ff34ee53259b22d0d9624131852361d79e1a14a,MISSING_OUTCOME,2
2,PAIRED_ANALYTICAL_ARMS,false,false,false,false,RAW_ADJUSTED_PAIR,8c8cdaf13695e9df8e8062ac5d277769f6b985cc58e96b48fb26a55dd68fe78f,MISSING_OUTCOME,2
2,PAIRED_ANALYTICAL_ARMS,false,false,false,false,RAW_ADJUSTED_PAIR,8ccc8bb8c99a789d6d8dedb3cf90e98cc60c4fa531d1e1bec3ddb416704092e9,MISSING_OUTCOME,2
2,PAIRED_ANALYTICAL_ARMS,false,false,false,false,RAW_ADJUSTED_PAIR,8d1ebd0522c9c7591faaa40c7210903d1e6dff43c6a497c2ec2b6a36c86c1e65,MISSING_OUTCOME,2
2,PAIRED_ANALYTICAL_ARMS,false,false,false,false,RAW_ADJUSTED_PAIR,8d3421be3d6e60c13daf4454fa5682b810362d426fb33134cc708272c5969daa,MISSING_OUTCOME,2
2,PAIRED_ANALYTICAL_ARMS,false,false,false,false,RAW_ADJUSTED_PAIR,8d4d9bad3bf5520e8f5eb053f9f2eb06c7874f8d5b51b3ffac3ab2fe48b1451e,MISSING_OUTCOME,2
2,PAIRED_ANALYTICAL_ARMS,false,false,false,false,RAW_ADJUSTED_PAIR,8d66bc50fb5e59592b133784a1b58cfa4a2a002b0ae463d49910146ceb447439,MISSING_OUTCOME,2
2,PAIRED_ANALYTICAL_ARMS,false,false,false,false,RAW_ADJUSTED_PAIR,8dd0039247bc6729838e10813f7cee506872581d5a2eb18cc66a0fb2b7233c61,MISSING_OUTCOME,2
2,PAIRED_ANALYTICAL_ARMS,false,false,false,false,RAW_ADJUSTED_PAIR,8dd86bcba61bf173e986c61ca0bbc253091a3016279beca0f323a73d4f485f9a,MISSING_OUTCOME,2
2,PAIRED_ANALYTICAL_ARMS,false,false,false,false,RAW_ADJUSTED_PAIR,8de9c5dcde04f61ab4dd8eccdc409ec9973b9309c4a4cbbb79c5427eb3fde261,MISSING_OUTCOME,2
2,PAIRED_ANALYTICAL_ARMS,false,false,false,false,RAW_ADJUSTED_PAIR,8e0c16804558d16689b7c5acc3642a2f80cb62c607067f7fcbfc347094bc7dc2,NOT_ENTERED,3
2,PAIRED_ANALYTICAL_ARMS,false,false,false,false,RAW_ADJUSTED_PAIR,8e52c9dc25c8adc6f2656b3f77c0a4c09cb538ed29d6a0a1ac253ccb78b1da97,MISSING_OUTCOME,2
2,PAIRED_ANALYTICAL_ARMS,false,false,false,false,RAW_ADJUSTED_PAIR,8ea19391e525e1053a94ac26b4a85b048341c3d8a5b88bdcff738581bd211643,MISSING_OUTCOME,2
2,PAIRED_ANALYTICAL_ARMS,false,false,false,false,RAW_ADJUSTED_PAIR,8edc582fc630c5ed127df873f2d219e42b60f97e09df51841b597ebcc5743d16,COMPLETED_COMPARABLE_OUTCOME,3
2,PAIRED_ANALYTICAL_ARMS,false,false,false,false,RAW_ADJUSTED_PAIR,8f45e796d0bf6f524dc0f8d2525062d03eb3c92fd11156f972952a96cc2a2c4b,MISSING_OUTCOME,2
2,PAIRED_ANALYTICAL_ARMS,false,false,false,false,RAW_ADJUSTED_PAIR,8fbc563bb5caab4d1e72228ccf11766aee93c719e9f373379f965ebf5cd26665,MISSING_OUTCOME,2
2,PAIRED_ANALYTICAL_ARMS,false,false,false,false,RAW_ADJUSTED_PAIR,8fc01534eaa2bcf8a5a0e63b5192735b402176ca6cf064d5824f218e35aa6cea,MISSING_OUTCOME,2
2,PAIRED_ANALYTICAL_ARMS,false,false,false,false,RAW_ADJUSTED_PAIR,8fd9d641781c92c3064ec0db67a056a54fdfea522883932df0f4cbe139fa8797,MISSING_OUTCOME,2
2,PAIRED_ANALYTICAL_ARMS,false,false,false,false,RAW_ADJUSTED_PAIR,9048ef968b6a7fbf52901c69a2cd7e6a23d3aafd2a6934c4332945bf43999612,MISSING_OUTCOME,2
2,PAIRED_ANALYTICAL_ARMS,false,false,false,false,RAW_ADJUSTED_PAIR,91374f4b410fa6960b218c9aac127355e457ccc6fd0194bd2e6806468bc5c90f,MISSING_OUTCOME,2
2,PAIRED_ANALYTICAL_ARMS,false,false,false,false,RAW_ADJUSTED_PAIR,9143c0a2803b19931a1a15c833d2804dedf73b7955fd9ee6fe3a7d9cf363606a,MISSING_OUTCOME,2
2,PAIRED_ANALYTICAL_ARMS,false,false,false,false,RAW_ADJUSTED_PAIR,916793a613bcaecc3643149c3c280bcd958f9717bdb3bff7792efd789b8fe801,MISSING_OUTCOME,2
2,PAIRED_ANALYTICAL_ARMS,false,false,false,false,RAW_ADJUSTED_PAIR,9221dc56efb06e7e2e5f35b18757322b22f58d0da53b762aa26a9ea8182369e5,MISSING_OUTCOME,2
2,PAIRED_ANALYTICAL_ARMS,false,false,false,false,RAW_ADJUSTED_PAIR,922cb8cd37e6099a6c96babf7b768e142d2cc4483372cd37cfdd9d397346e355,COMPLETED_COMPARABLE_OUTCOME,3
2,PAIRED_ANALYTICAL_ARMS,false,false,false,false,RAW_ADJUSTED_PAIR,922e616324fe87177b52dffc5ef735ba1143d64205aa5465e89820c5c8f37f55,MISSING_OUTCOME,2
2,PAIRED_ANALYTICAL_ARMS,false,false,false,false,RAW_ADJUSTED_PAIR,92699163df8bebe8e47cee3f84529f750af309cc5de4b18ee9f147ea1552227e,MISSING_OUTCOME,2
2,PAIRED_ANALYTICAL_ARMS,false,false,false,false,RAW_ADJUSTED_PAIR,9287b63d35acbe999deb6e6ed8d590f7cf6e765cd566aad021bbe3ca7098d80f,MISSING_OUTCOME,2
2,PAIRED_ANALYTICAL_ARMS,false,false,false,false,RAW_ADJUSTED_PAIR,92b8e3559490109172fb8b9c561efa6c508414b19e0432f058cafc01f6630d5e,MISSING_OUTCOME,2
2,PAIRED_ANALYTICAL_ARMS,false,false,false,false,RAW_ADJUSTED_PAIR,92d2413796b66c10e7c5a4d018340f8c128d2b7f1d1c9604c7c2f29a32e9048a,MISSING_OUTCOME,2
2,PAIRED_ANALYTICAL_ARMS,false,false,false,false,RAW_ADJUSTED_PAIR,92e9eac17a9af001c016352f02bc728e487d2244e8785fbb49691cfa7f748701,MISSING_OUTCOME,2
2,PAIRED_ANALYTICAL_ARMS,false,false,false,false,RAW_ADJUSTED_PAIR,92f547030950b4f71299e0788e9d365b3b05fed10c515802abe344d04aad0632,MISSING_OUTCOME,2
2,PAIRED_ANALYTICAL_ARMS,false,false,false,false,RAW_ADJUSTED_PAIR,9308545b579f5e0e56cb8646a18d8b4646f60f346a692d6ec9a43b7ec0864800,COMPLETED_COMPARABLE_OUTCOME,3
2,PAIRED_ANALYTICAL_ARMS,false,false,false,false,RAW_ADJUSTED_PAIR,93413bfed58232a91b765082bc52b88bc629137ba57a069a044b67938d324637,MISSING_OUTCOME,2
2,PAIRED_ANALYTICAL_ARMS,false,false,false,false,RAW_ADJUSTED_PAIR,935c531c5317d83404dea05e023a77c5fdb9f108a6d9fc6ce0c1da384e0bd5e3,MISSING_OUTCOME,2
2,PAIRED_ANALYTICAL_ARMS,false,false,false,false,RAW_ADJUSTED_PAIR,937f8a82a37baf856b069cfc1bb363de9c681bec82e1cd479355fd9e9963fa20,MISSING_OUTCOME,2
2,PAIRED_ANALYTICAL_ARMS,false,false,false,false,RAW_ADJUSTED_PAIR,93f3d5babdb66dc1b36260007af8a87918b641535340dbf36585f16c1a96ccf2,MISSING_OUTCOME,2
2,PAIRED_ANALYTICAL_ARMS,false,false,false,false,RAW_ADJUSTED_PAIR,943eddda60974424e63a631104713ce8ecae192cc554e8eb9dcece58300f6238,MISSING_OUTCOME,2
2,PAIRED_ANALYTICAL_ARMS,false,false,false,false,RAW_ADJUSTED_PAIR,9454e40d6e0a3c73da7631bda391af7b6861acacb4d523e303f28e0f777acedc,MISSING_OUTCOME,2
2,PAIRED_ANALYTICAL_ARMS,false,false,false,false,RAW_ADJUSTED_PAIR,9469ff6771aff23e598a4bec8a3bca0f4f15447eabb2d1ff0d861c64e292b00c,MISSING_OUTCOME,2
2,PAIRED_ANALYTICAL_ARMS,false,false,false,false,RAW_ADJUSTED_PAIR,957551677039237191e002e332505279b0cc0764b87038c1fa6c79d1675108e8,MISSING_OUTCOME,2
2,PAIRED_ANALYTICAL_ARMS,false,false,false,false,RAW_ADJUSTED_PAIR,959a3b9a4368ab9e57390c7dcdbad983ddf07e655fd04ae3f98a88a6618603f4,MISSING_OUTCOME,2
2,PAIRED_ANALYTICAL_ARMS,false,false,false,false,RAW_ADJUSTED_PAIR,959bf13ff099fe31995654591a45efcf92d763221dbb9292dfc93161311d1024,MISSING_OUTCOME,2
2,PAIRED_ANALYTICAL_ARMS,false,false,false,false,RAW_ADJUSTED_PAIR,959c4fdcfed5d8fc13f1a81da1c271d058accd97a363a4a22b025836bee88607,MISSING_OUTCOME,2
2,PAIRED_ANALYTICAL_ARMS,false,false,false,false,RAW_ADJUSTED_PAIR,95c2b903186cc2897ce3529f7c509f10b56740802404dac06e4e08d205315f05,MISSING_OUTCOME,2
2,PAIRED_ANALYTICAL_ARMS,false,false,false,false,RAW_ADJUSTED_PAIR,9628f18925cfecf8cb962429eef945632bc369603e15018d93c48099dbb368f6,MISSING_OUTCOME,2
2,PAIRED_ANALYTICAL_ARMS,false,false,false,false,RAW_ADJUSTED_PAIR,96443fd01c300d9ccf2be7388b473c514ce305cc7568280661b7b1071065a84a,MISSING_OUTCOME,2
2,PAIRED_ANALYTICAL_ARMS,false,false,false,false,RAW_ADJUSTED_PAIR,969441519845c676668d3efa8eec20400bdaa49289f551a248c052a121476629,MISSING_OUTCOME,2
2,PAIRED_ANALYTICAL_ARMS,false,false,false,false,RAW_ADJUSTED_PAIR,96a817864fdb7cd6401c44fd5fcc8ae7521716b544ea1a579ae8e7c5060a2dea,MISSING_OUTCOME,2
2,PAIRED_ANALYTICAL_ARMS,false,false,false,false,RAW_ADJUSTED_PAIR,96b8f786c7b3acc14ce5ca86fbf852dc1739362c2ad30f44bccdb624d9bc6952,NOT_ENTERED,3
2,PAIRED_ANALYTICAL_ARMS,false,false,false,false,RAW_ADJUSTED_PAIR,96c7e26643c692cd7cef7f8bb6355a589a17baa293551ae79284c4737346e1f0,MISSING_OUTCOME,2
2,PAIRED_ANALYTICAL_ARMS,false,false,false,false,RAW_ADJUSTED_PAIR,96e5e58f2d56bd202617785a9d901816cec09a34ae0d192bd3270d41e221ba30,MISSING_OUTCOME,2
2,PAIRED_ANALYTICAL_ARMS,false,false,false,false,RAW_ADJUSTED_PAIR,975763517c37989751f45092f2b8b0bfe1b8189216a2930ae705fd4c04ceb918,MISSING_OUTCOME,2
2,PAIRED_ANALYTICAL_ARMS,false,false,false,false,RAW_ADJUSTED_PAIR,975bb97ff0367a2c68091e07383f5a1d45b297e8fbb9d329d5f913747c07c648,MISSING_OUTCOME,2
2,PAIRED_ANALYTICAL_ARMS,false,false,false,false,RAW_ADJUSTED_PAIR,9767a126f534f728c7b2870fd0df1793ecc22258dd4c5506b646ecef4baedf8a,MISSING_OUTCOME,2
2,PAIRED_ANALYTICAL_ARMS,false,false,false,false,RAW_ADJUSTED_PAIR,9767e7eb8bae71e273f86ce15c4404385a177775b98701e610e38e0152cade76,MISSING_OUTCOME,2
2,PAIRED_ANALYTICAL_ARMS,false,false,false,false,RAW_ADJUSTED_PAIR,979160fc4b745f916cfa93dab7b3ddda3043f65853419ad650f5074067e64245,MISSING_OUTCOME,2
2,PAIRED_ANALYTICAL_ARMS,false,false,false,false,RAW_ADJUSTED_PAIR,97d37861234405998522b9fec3339b1c44ebe6c5603db6fd598c00f506259d31,MISSING_OUTCOME,2
2,PAIRED_ANALYTICAL_ARMS,false,false,false,false,RAW_ADJUSTED_PAIR,97d614491d0bcc50808904374dfaad73ae9a7c4016d8d3ed987d8fe144d0e1f6,MISSING_OUTCOME,2
2,PAIRED_ANALYTICAL_ARMS,false,false,false,false,RAW_ADJUSTED_PAIR,9819a13fc28c29f6ca55b3193a4373311049e86cdbef66686adba8f0744a93cc,MISSING_OUTCOME,2
2,PAIRED_ANALYTICAL_ARMS,false,false,false,false,RAW_ADJUSTED_PAIR,9831544145fd971ee2704240b2e1de762c5867fbcce1ebf718008edb32e49b02,MISSING_OUTCOME,2
2,PAIRED_ANALYTICAL_ARMS,false,false,false,false,RAW_ADJUSTED_PAIR,987a8698a01c76b0f458efbc98ab473e1e6b81184da63e33875703c671d594e1,MISSING_OUTCOME,2
2,PAIRED_ANALYTICAL_ARMS,false,false,false,false,RAW_ADJUSTED_PAIR,98ade49c2985cd38d62f901c55a58ad9e056cafc57e30424bbfb7513f5ec8776,MISSING_OUTCOME,2
2,PAIRED_ANALYTICAL_ARMS,false,false,false,false,RAW_ADJUSTED_PAIR,98f19f33d52da8cf95d1047acb45e7d95b9929b9d77f06847eee186777552909,MISSING_OUTCOME,2
2,PAIRED_ANALYTICAL_ARMS,false,false,false,false,RAW_ADJUSTED_PAIR,995643c81dba15b258dea27ec9b1d16e9fd6e868bb32a566f40e762b0fc43a9d,MISSING_OUTCOME,2
2,PAIRED_ANALYTICAL_ARMS,false,false,false,false,RAW_ADJUSTED_PAIR,99722f714c9a701bef901b3d8d498258fde91426cb5a221e3717bcc6425b5c42,MISSING_OUTCOME,2
2,PAIRED_ANALYTICAL_ARMS,false,false,false,false,RAW_ADJUSTED_PAIR,99c3b3ba76bd1ade8f98dd3eceb9567793b9cc4fb90eedf5713faefabb6cfce5,MISSING_OUTCOME,2
2,PAIRED_ANALYTICAL_ARMS,false,false,false,false,RAW_ADJUSTED_PAIR,99f605ebd8ed4d01b0df1995e065329876a3b85f02e629a68f35a1ff73f209f3,MISSING_OUTCOME,2
2,PAIRED_ANALYTICAL_ARMS,false,false,false,false,RAW_ADJUSTED_PAIR,99fcdb92e7f75cad2d7446a9c8941d6a5bd1c1ead4c38cb9f268039c3889d01e,MISSING_OUTCOME,2
2,PAIRED_ANALYTICAL_ARMS,false,false,false,false,RAW_ADJUSTED_PAIR,9a05499aa4283d147ee216655ccf0095028383761ae75b675dc29658da678681,MISSING_OUTCOME,2
2,PAIRED_ANALYTICAL_ARMS,false,false,false,false,RAW_ADJUSTED_PAIR,9a3ab462d7f3e42010e74145b825f9370fa71cc97c519ad41713c6c707332d93,MISSING_OUTCOME,2
2,PAIRED_ANALYTICAL_ARMS,false,false,false,false,RAW_ADJUSTED_PAIR,9a6f258f0c23a789355d33c707db9d3b3fb8cf5249649903bb8db01b6edec97c,MISSING_OUTCOME,2
2,PAIRED_ANALYTICAL_ARMS,false,false,false,false,RAW_ADJUSTED_PAIR,9a6fad3613a20b0962a0a25271ecd2f9625ca16d951bcb69bae75e602ee62114,MISSING_OUTCOME,2
2,PAIRED_ANALYTICAL_ARMS,false,false,false,false,RAW_ADJUSTED_PAIR,9aca27d4ada86581c65ac2fb3d378c8f11af752862ee5a3da00b4532c6a775b7,MISSING_OUTCOME,2
2,PAIRED_ANALYTICAL_ARMS,false,false,false,false,RAW_ADJUSTED_PAIR,9af62085dc5c316f90fed6feee0866bafd73c46b1ce27496b8b295358ef4ff09,MISSING_OUTCOME,2
2,PAIRED_ANALYTICAL_ARMS,false,false,false,false,RAW_ADJUSTED_PAIR,9aff2c4dd16b007775b10ef734e2daffdf2fea836014784c56633dd6f45a32c5,MISSING_OUTCOME,2
2,PAIRED_ANALYTICAL_ARMS,false,false,false,false,RAW_ADJUSTED_PAIR,9b21f3793bd5e20c040054e30877def53813c27167133f28785176320339621b,MISSING_OUTCOME,2
2,PAIRED_ANALYTICAL_ARMS,false,false,false,false,RAW_ADJUSTED_PAIR,9b4bc2cef888b9191eece9ad9aa17e1a07b242bb4528ffc50074e9d9e60f2979,MISSING_OUTCOME,2
2,PAIRED_ANALYTICAL_ARMS,false,false,false,false,RAW_ADJUSTED_PAIR,9b58e79391f2622de4db3be6bb03fc208c5fb74125ce18c7bee63690a5ccf250,MISSING_OUTCOME,2
2,PAIRED_ANALYTICAL_ARMS,false,false,false,false,RAW_ADJUSTED_PAIR,9bb32042068f6e518b22ad0813d6de4dc797a63fc1f86970eb7c9f043aaf26c3,MISSING_OUTCOME,2
2,PAIRED_ANALYTICAL_ARMS,false,false,false,false,RAW_ADJUSTED_PAIR,9bd832ee0fc9e2eccdbd4272e158a41a6907ec7e2155bb6fcde80e0e89926d1e,MISSING_OUTCOME,2
2,PAIRED_ANALYTICAL_ARMS,false,false,false,false,RAW_ADJUSTED_PAIR,9be9a4d2af67e970ab271996f3ffb583328d672bf42af68e1606466367991cfa,MISSING_OUTCOME,2
2,PAIRED_ANALYTICAL_ARMS,false,false,false,false,RAW_ADJUSTED_PAIR,9c0ed715d2886fd37463c857a57946e3657c9f5083a54054242e9129c178a93e,MISSING_OUTCOME,2
2,PAIRED_ANALYTICAL_ARMS,false,false,false,false,RAW_ADJUSTED_PAIR,9c27923aa8803169baa5577e87e5dcd640ad641c753d440145ef1aa0f706438e,COMPLETED_COMPARABLE_OUTCOME,3
2,PAIRED_ANALYTICAL_ARMS,false,false,false,false,RAW_ADJUSTED_PAIR,9c3bd987165f310fab9796add1e1c35e1cac8bdbbdf1a354c0b329fda5ee14d3,MISSING_OUTCOME,2
2,PAIRED_ANALYTICAL_ARMS,false,false,false,false,RAW_ADJUSTED_PAIR,9c7b22a21e0310941afee56325736ae69c4af568ea2ddc2354f6161da824ea9a,MISSING_OUTCOME,2
2,PAIRED_ANALYTICAL_ARMS,false,false,false,false,RAW_ADJUSTED_PAIR,9d0594e4c3e750e6e240cbf3c65348e69be4ae57421df9c227c03a98c8922dfc,MISSING_OUTCOME,2
2,PAIRED_ANALYTICAL_ARMS,false,false,false,false,RAW_ADJUSTED_PAIR,9d3d977a89bceb399336ce1156bdc13ba37f0b74d5d84066bea2ea3361390afd,MISSING_OUTCOME,2
2,PAIRED_ANALYTICAL_ARMS,false,false,false,false,RAW_ADJUSTED_PAIR,9d6ba4a7ff15ba330e9ab98655076be02974801f396a82e252f7fce74c532b7f,MISSING_OUTCOME,2
2,PAIRED_ANALYTICAL_ARMS,false,false,false,false,RAW_ADJUSTED_PAIR,9db7f2e669d6181f86f9f972552fdb73d61ad9b9c689c57d6698900155b3a890,MISSING_OUTCOME,2
2,PAIRED_ANALYTICAL_ARMS,false,false,false,false,RAW_ADJUSTED_PAIR,9db8307b247ada3de6ecdf019d5184e4d11e5a7b5c6d8218e1b8e2a14efa781d,MISSING_OUTCOME,2
2,PAIRED_ANALYTICAL_ARMS,false,false,false,false,RAW_ADJUSTED_PAIR,9dc61b98f8904795794588686ad8cbdf85388dec139add0a15576a1f4d12a0cc,MISSING_OUTCOME,2
2,PAIRED_ANALYTICAL_ARMS,false,false,false,false,RAW_ADJUSTED_PAIR,9dc92f4cc21d008e28552d9869ba94fee37d4267ddd1380f388d4b86e305522c,COMPLETED_COMPARABLE_OUTCOME,3
2,PAIRED_ANALYTICAL_ARMS,false,false,false,false,RAW_ADJUSTED_PAIR,9dc9786a00ae40b00669d94a4838afe797b179d9298fa79cfb95883aa1e896a3,MISSING_OUTCOME,2
2,PAIRED_ANALYTICAL_ARMS,false,false,false,false,RAW_ADJUSTED_PAIR,9dd779746292b1957aa570faa106d845058d792fb4d2dd806f9d95d34b23c557,MISSING_OUTCOME,2
2,PAIRED_ANALYTICAL_ARMS,false,false,false,false,RAW_ADJUSTED_PAIR,9eba0dba762d1390b781782f3e98537f081dc33bb2c76de3b5efd7f18eb51d99,MISSING_OUTCOME,2
2,PAIRED_ANALYTICAL_ARMS,false,false,false,false,RAW_ADJUSTED_PAIR,9ef1c2cc94a36a7ebb9f19023a7ec35d42bb6182fd34f20cf3a95a7d2c7e9e12,COMPLETED_COMPARABLE_OUTCOME,3
2,PAIRED_ANALYTICAL_ARMS,false,false,false,false,RAW_ADJUSTED_PAIR,9efdb4208a7a5e0da416df1039bb2df5644ac5823b31d1001e50656ea7eca0cb,MISSING_OUTCOME,2
2,PAIRED_ANALYTICAL_ARMS,false,false,false,false,RAW_ADJUSTED_PAIR,9f1462df05d2bb24fb48e4baf6a54f7994d4f8442eb9e81f612e0cc633754a64,MISSING_OUTCOME,2
2,PAIRED_ANALYTICAL_ARMS,false,false,false,false,RAW_ADJUSTED_PAIR,9f19b66528b73ab0873f223a0e6318013501c60c49e42f536cb87449f9503190,MISSING_OUTCOME,2
2,PAIRED_ANALYTICAL_ARMS,false,false,false,false,RAW_ADJUSTED_PAIR,9f1d29a5fc87d8fb5f7f9674ff7e1948cb528a0fef8c9a14963ea4cb1f6cd424,MISSING_OUTCOME,2
2,PAIRED_ANALYTICAL_ARMS,false,false,false,false,RAW_ADJUSTED_PAIR,9f3c94996ac793f1528913d984543be1eba5e8adcbedc4cb0c7bc6e48757f40a,MISSING_OUTCOME,2
2,PAIRED_ANALYTICAL_ARMS,false,false,false,false,RAW_ADJUSTED_PAIR,9f6aa17be3ceed0baa2124139864fe6642072400b28ba839e7bf22bb57d94ac8,MISSING_OUTCOME,2
2,PAIRED_ANALYTICAL_ARMS,false,false,false,false,RAW_ADJUSTED_PAIR,9fb970ea632e81b8f1f492d2dfb1ead06fdac698364727320fb248eb6813503f,MISSING_OUTCOME,2
2,PAIRED_ANALYTICAL_ARMS,false,false,false,false,RAW_ADJUSTED_PAIR,9fdcf8e771c5c4a961a8ea63208d8d06650aa4f44b4e5272d1cbcf4790da2b41,COMPLETED_COMPARABLE_OUTCOME,3
2,PAIRED_ANALYTICAL_ARMS,false,false,false,false,RAW_ADJUSTED_PAIR,9ffb6507a460287b08d30413f000d0e438ed1f07a3cd666dba6ffaed552e63dd,MISSING_OUTCOME,2
2,PAIRED_ANALYTICAL_ARMS,false,false,false,false,RAW_ADJUSTED_PAIR,a06ada2859315e0129fcdd72bfd7b0f1e3da8ff6594665aaf0a306359383b260,MISSING_OUTCOME,2
2,PAIRED_ANALYTICAL_ARMS,false,false,false,false,RAW_ADJUSTED_PAIR,a0a2c9b8ab95010a153e9f80354f478388894e954e810167ea27bb82448b6f9d,COMPLETED_COMPARABLE_OUTCOME,3
2,PAIRED_ANALYTICAL_ARMS,false,false,false,false,RAW_ADJUSTED_PAIR,a0c835d6750cf4f1ed13f263ce683beec1db8fd8de9fd52fee78cc1c6f4e3f0b,MISSING_OUTCOME,2
2,PAIRED_ANALYTICAL_ARMS,false,false,false,false,RAW_ADJUSTED_PAIR,a0cc8b6e324a041308c8dc83502a71319887343706048ba673ff2b4877908838,MISSING_OUTCOME,2
2,PAIRED_ANALYTICAL_ARMS,false,false,false,false,RAW_ADJUSTED_PAIR,a245f2ed7436abdb1901d51e7679dc93e1ee93979aa4debfd24c9a1b534202de,MISSING_OUTCOME,2
2,PAIRED_ANALYTICAL_ARMS,false,false,false,false,RAW_ADJUSTED_PAIR,a250dd6a0d3d25d5d776d8916feb759c270689c00ba2a48cb18e057586422267,MISSING_OUTCOME,2
2,PAIRED_ANALYTICAL_ARMS,false,false,false,false,RAW_ADJUSTED_PAIR,a254309b9a705261a9694cbd76b46d53b4219f0827cd0eb99ac3d14e690049f5,MISSING_OUTCOME,2
2,PAIRED_ANALYTICAL_ARMS,false,false,false,false,RAW_ADJUSTED_PAIR,a2649472edeba1538996405f75dac2381cde1bf76a603ea84c64c1ea4ca365e6,MISSING_OUTCOME,2
2,PAIRED_ANALYTICAL_ARMS,false,false,false,false,RAW_ADJUSTED_PAIR,a293717a8e54359e0791cd96134b542f4b0b86768f4de7876a8796c1d0bd7052,MISSING_OUTCOME,2
2,PAIRED_ANALYTICAL_ARMS,false,false,false,false,RAW_ADJUSTED_PAIR,a29c3a72c0f69f364e15a58103be01b757b010e967d3615f3280c977197c99d4,MISSING_OUTCOME,2
2,PAIRED_ANALYTICAL_ARMS,false,false,false,false,RAW_ADJUSTED_PAIR,a2e99bc7ac32179a7ca64d79c0d9eb76062ab3a58e6ba12b552dcc2259c71dae,MISSING_OUTCOME,2
2,PAIRED_ANALYTICAL_ARMS,false,false,false,false,RAW_ADJUSTED_PAIR,a2fc6da46c79dd41ae07ab71ed715ccfcdd487b8c3970ce3e71c0e9e17da99bb,MISSING_OUTCOME,2
2,PAIRED_ANALYTICAL_ARMS,false,false,false,false,RAW_ADJUSTED_PAIR,a32dee842783da590d28be57888262444b5af59b14499a1ef6c871e7a127c283,COMPLETED_COMPARABLE_OUTCOME,3
2,PAIRED_ANALYTICAL_ARMS,false,false,false,false,RAW_ADJUSTED_PAIR,a32e21dc71a39cfb81b6b85765678f179053a9322ae6b5594823f4f73e2b63ad,MISSING_OUTCOME,2
2,PAIRED_ANALYTICAL_ARMS,false,false,false,false,RAW_ADJUSTED_PAIR,a3453d8048b19f1ae3f497b88ab945446ce4184ae478ee8be55353df1484da82,MISSING_OUTCOME,2
2,PAIRED_ANALYTICAL_ARMS,false,false,false,false,RAW_ADJUSTED_PAIR,a3d32ad96c3aa99e8a2d1fda35664526d54fe27312f701dc58a81498ee3abfae,MISSING_OUTCOME,2
2,PAIRED_ANALYTICAL_ARMS,false,false,false,false,RAW_ADJUSTED_PAIR,a3f880366bb43bf9b7f8cc65f3652871a481131358e1e8201d61914309b0b294,MISSING_OUTCOME,2
2,PAIRED_ANALYTICAL_ARMS,false,false,false,false,RAW_ADJUSTED_PAIR,a49fce5e26a89347c85bafc50edbb68f0107cdb38f75b0684e17e3d2fd70ed97,MISSING_OUTCOME,2
2,PAIRED_ANALYTICAL_ARMS,false,false,false,false,RAW_ADJUSTED_PAIR,a4c715a5fad16f8a6660e4780d031c30f0c19ea23416dd04b7c54a91221429ad,MISSING_OUTCOME,2
2,PAIRED_ANALYTICAL_ARMS,false,false,false,false,RAW_ADJUSTED_PAIR,a4cf9534ae2b80be3b481f901877c356bb1eaae9e130f6fd171942e1a52bfdf7,MISSING_OUTCOME,2
2,PAIRED_ANALYTICAL_ARMS,false,false,false,false,RAW_ADJUSTED_PAIR,a4fa69fa5ce6b844a3ac2ff44ed99b624c79fe78905cb1b30e988ea3848b7536,MISSING_OUTCOME,2
2,PAIRED_ANALYTICAL_ARMS,false,false,false,false,RAW_ADJUSTED_PAIR,a5141c43dcbdaedf3580508f5fed8a0edd84d046319987d7d086f1410970cc28,MISSING_OUTCOME,2
2,PAIRED_ANALYTICAL_ARMS,false,false,false,false,RAW_ADJUSTED_PAIR,a518b06284384c6e00c4c8a9fbb23343910036947cdf285b01ae884184a3dad3,MISSING_OUTCOME,2
2,PAIRED_ANALYTICAL_ARMS,false,false,false,false,RAW_ADJUSTED_PAIR,a55cc55bfa1219db83b25624c514459fa9329b156d63544057a9e98b3d6d1d15,MISSING_OUTCOME,2
2,PAIRED_ANALYTICAL_ARMS,false,false,false,false,RAW_ADJUSTED_PAIR,a582f7f56ec8db1fbd0ebbac65bb28b2a5bd52d8ba67b481cca372e4f87edba4,MISSING_OUTCOME,2
2,PAIRED_ANALYTICAL_ARMS,false,false,false,false,RAW_ADJUSTED_PAIR,a586ed26f57341100639344474cdd86350031ae8bba61a52479a5fbbfbcd43bd,MISSING_OUTCOME,2
2,PAIRED_ANALYTICAL_ARMS,false,false,false,false,RAW_ADJUSTED_PAIR,a5d45cac04261d3b4b81bbcf95904f08d855fe071f7b449f01befafcd05b3b95,MISSING_OUTCOME,2
2,PAIRED_ANALYTICAL_ARMS,false,false,false,false,RAW_ADJUSTED_PAIR,a5e0ee7d066ab3dc57692ca8290cf99f6751fcd318017f5caecba6fc3398a8a1,MISSING_OUTCOME,2
2,PAIRED_ANALYTICAL_ARMS,false,false,false,false,RAW_ADJUSTED_PAIR,a5e924847d26a27e87272e65d3ccbb19ab26597b40bd62f126f7ea08ff8bff22,MISSING_OUTCOME,2
2,PAIRED_ANALYTICAL_ARMS,false,false,false,false,RAW_ADJUSTED_PAIR,a5f53c13a627c5004672c4af1c6821136ebec317654ab34ad7ddce1b9fb2774b,MISSING_OUTCOME,2
2,PAIRED_ANALYTICAL_ARMS,false,false,false,false,RAW_ADJUSTED_PAIR,a5ff7c02b5571ee5d1a5402025e9b86a8884b6068809dfbf5257137d481f3f5b,MISSING_OUTCOME,2
2,PAIRED_ANALYTICAL_ARMS,false,false,false,false,RAW_ADJUSTED_PAIR,a605a8291fc4539d24b5fcda513f7014ba64287853eeafc6f0de4fe6e6fac6a4,MISSING_OUTCOME,2
2,PAIRED_ANALYTICAL_ARMS,false,false,false,false,RAW_ADJUSTED_PAIR,a60beae80e49af6aec50b45f8c712c5b7d26098d7656550e180b2548bdd8c289,MISSING_OUTCOME,2
2,PAIRED_ANALYTICAL_ARMS,false,false,false,false,RAW_ADJUSTED_PAIR,a615ccde7769eec88a0a54214a413c8affc71a7abcdafea7ce553d62d7816a3f,COMPLETED_COMPARABLE_OUTCOME,3
2,PAIRED_ANALYTICAL_ARMS,false,false,false,false,RAW_ADJUSTED_PAIR,a6267f0975e3316be0404ddd016a043102e859bc1241b1424ae3f69da2473c72,MISSING_OUTCOME,2
2,PAIRED_ANALYTICAL_ARMS,false,false,false,false,RAW_ADJUSTED_PAIR,a629c6bdf6d18a31e4563100ef428f809df6e8ecc401728ba29304fe59759071,COMPLETED_COMPARABLE_OUTCOME,3
2,PAIRED_ANALYTICAL_ARMS,false,false,false,false,RAW_ADJUSTED_PAIR,a6727d181b2448c022f362fb8057dfff2c95d8322798834db9ada7542d0924e1,MISSING_OUTCOME,2
2,PAIRED_ANALYTICAL_ARMS,false,false,false,false,RAW_ADJUSTED_PAIR,a675dfe7a1d5e281c0c005d17f00af6e399e7e192b148f8b955ee7eeb19c8a3d,MISSING_OUTCOME,2
2,PAIRED_ANALYTICAL_ARMS,false,false,false,false,RAW_ADJUSTED_PAIR,a683492e9710ab4d4d561ca7ac7514ee219114d79e4ce6370123edf90bf85bc3,MISSING_OUTCOME,2
2,PAIRED_ANALYTICAL_ARMS,false,false,false,false,RAW_ADJUSTED_PAIR,a6b125fc5ba2c0bcf2b07e7384ef1ba36e04d66fb1107a24e438137523e5a350,MISSING_OUTCOME,2
2,PAIRED_ANALYTICAL_ARMS,false,false,false,false,RAW_ADJUSTED_PAIR,a6bce03dc20880229364538ee74e67be0691f02611cb37f9db0180abbf10ba4c,PENDING_END_OF_DATA,3
2,PAIRED_ANALYTICAL_ARMS,false,false,false,false,RAW_ADJUSTED_PAIR,a6e6c6132c0b1b0b16c7df194711bbd644cc4a2b221a250a00212349be277ed3,MISSING_OUTCOME,2
2,PAIRED_ANALYTICAL_ARMS,false,false,false,false,RAW_ADJUSTED_PAIR,a6f70ba9aa221ac7257d8524b82d7d92410ad3ac130b226c90a23567ac160ddc,MISSING_OUTCOME,2
2,PAIRED_ANALYTICAL_ARMS,false,false,false,false,RAW_ADJUSTED_PAIR,a732302628bde0d36d8324b563b8f51822b2a1ef949fc0cdf71e4b843112dd5f,MISSING_OUTCOME,2
2,PAIRED_ANALYTICAL_ARMS,false,false,false,false,RAW_ADJUSTED_PAIR,a745b93c3cbdb61da01fa49fe8bc82b3aa5ba8a92371d10ad4a590873bd3b227,COMPLETED_COMPARABLE_OUTCOME,3
2,PAIRED_ANALYTICAL_ARMS,false,false,false,false,RAW_ADJUSTED_PAIR,a78a3770fcc4d7d18f36cb038e5fa53c25ecbdffc7bcb33c66708175b03ed76c,MISSING_OUTCOME,2
2,PAIRED_ANALYTICAL_ARMS,false,false,false,false,RAW_ADJUSTED_PAIR,a78cb09c0f8047d49aa5600bdabf39a5613906452d1df140dba3774e1d331db6,MISSING_OUTCOME,2
2,PAIRED_ANALYTICAL_ARMS,false,false,false,false,RAW_ADJUSTED_PAIR,a7b5a2f550263c7a534aa426ee829f7616db29d249fcb4db1a14baa7b1438b37,MISSING_OUTCOME,2
2,PAIRED_ANALYTICAL_ARMS,false,false,false,false,RAW_ADJUSTED_PAIR,a7ed417bfad527148d8f29561c70e56559c60cdac6ad663f45db059ed99827ac,MISSING_OUTCOME,2
2,PAIRED_ANALYTICAL_ARMS,false,false,false,false,RAW_ADJUSTED_PAIR,a82474b5fdda18f3f12a1ce51492f32421f0bbfdf93b3dfd681480851ae36e44,MISSING_OUTCOME,2
2,PAIRED_ANALYTICAL_ARMS,false,false,false,false,RAW_ADJUSTED_PAIR,a831199588e22009b74e20c25787caea22143366c22dc2ec63dda8ac59413375,MISSING_OUTCOME,2
2,PAIRED_ANALYTICAL_ARMS,false,false,false,false,RAW_ADJUSTED_PAIR,a835eb581577ad46b0f250fb46475b423c7a320ed42b17f2d24794c79a31311d,MISSING_OUTCOME,2
2,PAIRED_ANALYTICAL_ARMS,false,false,false,false,RAW_ADJUSTED_PAIR,a83dd4d4f7c3d8204b45d3f0071473077c55f8e0a00b87c1904ac153c1b9e0de,MISSING_OUTCOME,2
2,PAIRED_ANALYTICAL_ARMS,false,false,false,false,RAW_ADJUSTED_PAIR,a85bfac4b588c92761a173c4780fa56b17df32211e2ceb41b967ebc84ea39843,MISSING_OUTCOME,2
2,PAIRED_ANALYTICAL_ARMS,false,false,false,false,RAW_ADJUSTED_PAIR,a8f58758e3f154de5735ba7468b83a5154e53253df485b1efb0b25d5eefefc24,MISSING_OUTCOME,2
2,PAIRED_ANALYTICAL_ARMS,false,false,false,false,RAW_ADJUSTED_PAIR,a905b8289a9ef10bcafa5fce64fb2854e371e9018251f60e1e50e705800b3e28,MISSING_OUTCOME,2
2,PAIRED_ANALYTICAL_ARMS,false,false,false,false,RAW_ADJUSTED_PAIR,a93a7acf168696d4e4ae7b6de501f10bf532d499a350dbee7a56b792f08507a5,MISSING_OUTCOME,2
2,PAIRED_ANALYTICAL_ARMS,false,false,false,false,RAW_ADJUSTED_PAIR,a98cabc270beed4babf63fc24f3d006104d8c560476ef8db4bc6841187efccab,COMPLETED_COMPARABLE_OUTCOME,3
2,PAIRED_ANALYTICAL_ARMS,false,false,false,false,RAW_ADJUSTED_PAIR,a991255163208eb3607bfd9a5f51b397659157d8f2d72745a9eb26302249ef5c,MISSING_OUTCOME,2
2,PAIRED_ANALYTICAL_ARMS,false,false,false,false,RAW_ADJUSTED_PAIR,a99211d1877e8c1062f653af6f1c73c1540523c0b65874a6ff6b38bb1af48803,NOT_ENTERED,3
2,PAIRED_ANALYTICAL_ARMS,false,false,false,false,RAW_ADJUSTED_PAIR,a99b0439af156fc2870b5215d5f94514504b922f1100091f0328fc47902d1c16,NOT_ENTERED,3
2,PAIRED_ANALYTICAL_ARMS,false,false,false,false,RAW_ADJUSTED_PAIR,aa01e2e11dc5ad5d0e905999c0317b7b1181f088ac5d5a537195aa462e3bc9eb,MISSING_OUTCOME,2
2,PAIRED_ANALYTICAL_ARMS,false,false,false,false,RAW_ADJUSTED_PAIR,aa48ae31903c5a38d18bbe935ceef55b54bbc3fd1218c525112dffc6edaf83e6,MISSING_OUTCOME,2
2,PAIRED_ANALYTICAL_ARMS,false,false,false,false,RAW_ADJUSTED_PAIR,aabcf527b545f7fb6377406c5d040d6a427de3274e91ac9c545172241bf01c47,MISSING_OUTCOME,2
2,PAIRED_ANALYTICAL_ARMS,false,false,false,false,RAW_ADJUSTED_PAIR,ab0ef59aa20ff1bb77b74e37d075f4982174c616892fc38f718a7badf2f955a2,MISSING_OUTCOME,2
2,PAIRED_ANALYTICAL_ARMS,false,false,false,false,RAW_ADJUSTED_PAIR,ab1f330cfb15320e14e45953bc26e65528c20f9d395049ac55cb048a1895a702,MISSING_OUTCOME,2
2,PAIRED_ANALYTICAL_ARMS,false,false,false,false,RAW_ADJUSTED_PAIR,ab237a654782cf8342fdf0bc5ec675c73036e78c7044a1ae7ed2f04a8741d9d4,MISSING_OUTCOME,2
2,PAIRED_ANALYTICAL_ARMS,false,false,false,false,RAW_ADJUSTED_PAIR,ab23d765e5c471f7e88f936d4268271978c2f303194f97540c8dbce85c8bddbd,MISSING_OUTCOME,2
2,PAIRED_ANALYTICAL_ARMS,false,false,false,false,RAW_ADJUSTED_PAIR,ab651c61b386fca1578a8ce9bb687f3e818deb21b25215cf498d0345b64a5285,MISSING_OUTCOME,2
2,PAIRED_ANALYTICAL_ARMS,false,false,false,false,RAW_ADJUSTED_PAIR,ab6bd3d26dca5d10abda88b25e1a517c3ccb1cdec1280c888c03b96fa1657b44,MISSING_OUTCOME,2
2,PAIRED_ANALYTICAL_ARMS,false,false,false,false,RAW_ADJUSTED_PAIR,ab8ed6b2e1dc9d6618df04d1e68777112622f82cbc3ef12c3aab18c9fc8d3c5f,MISSING_OUTCOME,2
2,PAIRED_ANALYTICAL_ARMS,false,false,false,false,RAW_ADJUSTED_PAIR,abfec5167a5f3b2a59b01b0df6523847d54cf561f0d217466554b17906587ca9,MISSING_OUTCOME,2
2,PAIRED_ANALYTICAL_ARMS,false,false,false,false,RAW_ADJUSTED_PAIR,abff23ea7d08fd659b663d2e6061c371a3b4992bcdeac9defd8bd4d100bf3e28,MISSING_OUTCOME,2
2,PAIRED_ANALYTICAL_ARMS,false,false,false,false,RAW_ADJUSTED_PAIR,ac281d2c2e3fec1c1b3dcd284b3ad267605da5a574dba2a7a3a69c7d040bf87a,MISSING_OUTCOME,2
2,PAIRED_ANALYTICAL_ARMS,false,false,false,false,RAW_ADJUSTED_PAIR,acb87905dc5ee830dabb91a53127781ad678b423b0ba0aec9531039b17dd3168,MISSING_OUTCOME,2
2,PAIRED_ANALYTICAL_ARMS,false,false,false,false,RAW_ADJUSTED_PAIR,ad087397c47544bae6fc2f446c135562313cf7e349052567967db5ed23374329,MISSING_OUTCOME,2
2,PAIRED_ANALYTICAL_ARMS,false,false,false,false,RAW_ADJUSTED_PAIR,ad0a6fe1a67540089f3a3219469843ae3202555e3eb6bab28b107aa6e323c06f,NOT_ENTERED,3
2,PAIRED_ANALYTICAL_ARMS,false,false,false,false,RAW_ADJUSTED_PAIR,ad152a003cb9b50d0ecac64f421c9d7cfdebd09a77a56a3d1cf835bca555cf30,MISSING_OUTCOME,2
2,PAIRED_ANALYTICAL_ARMS,false,false,false,false,RAW_ADJUSTED_PAIR,ad279d1e1d144a76a3e96ffd303c7d6ccef76ce71bc32ca71c04e684741da494,MISSING_OUTCOME,2
2,PAIRED_ANALYTICAL_ARMS,false,false,false,false,RAW_ADJUSTED_PAIR,ad34aac668a91480101499d18c2f8826678e1a32a5528d0a51d8bcaa8009ac3a,MISSING_OUTCOME,2
2,PAIRED_ANALYTICAL_ARMS,false,false,false,false,RAW_ADJUSTED_PAIR,ad5e909a6c95068cc27d2c7f79118364df218f51d21a19be7e872d2aac24a87b,COMPLETED_COMPARABLE_OUTCOME,3
2,PAIRED_ANALYTICAL_ARMS,false,false,false,false,RAW_ADJUSTED_PAIR,ad61c44ebcd8aee8c7148ca78a30a50c00d910c27933a2edf9d54bb92dff6d40,MISSING_OUTCOME,2
2,PAIRED_ANALYTICAL_ARMS,false,false,false,false,RAW_ADJUSTED_PAIR,ad6b0214045d8231b9ccbbac0ef0ce73c58420f2ed84373d322ee11b5f84ca90,MISSING_OUTCOME,2
2,PAIRED_ANALYTICAL_ARMS,false,false,false,false,RAW_ADJUSTED_PAIR,ad8af38807d656996c33afdc41bf97ad54957f01b88239ea022cc80d2401d698,MISSING_OUTCOME,2
2,PAIRED_ANALYTICAL_ARMS,false,false,false,false,RAW_ADJUSTED_PAIR,adc30df4aab96c14b78cbe3ad17fcdd94607c550b16dda90998d53f69005b947,MISSING_OUTCOME,2
2,PAIRED_ANALYTICAL_ARMS,false,false,false,false,RAW_ADJUSTED_PAIR,adce0c9c82834fa6478e1600006abcb494b5b8374f67f5558fce242ab66af3e6,MISSING_OUTCOME,2
2,PAIRED_ANALYTICAL_ARMS,false,false,false,false,RAW_ADJUSTED_PAIR,ade379b7bf790c77c6300ae84b8655c85a4fcceb9c466976b79b34632b276e79,MISSING_OUTCOME,2
2,PAIRED_ANALYTICAL_ARMS,false,false,false,false,RAW_ADJUSTED_PAIR,ae745ee7417ab2aad20a3ebfc622fdb774da0fd3b88a1f3e946b16f7e4edab3e,MISSING_OUTCOME,2
2,PAIRED_ANALYTICAL_ARMS,false,false,false,false,RAW_ADJUSTED_PAIR,ae9659b4e77d65a5eafd3cae3cc0535a1c3d70663e3a5eca34f436a9c4204e63,MISSING_OUTCOME,2
2,PAIRED_ANALYTICAL_ARMS,false,false,false,false,RAW_ADJUSTED_PAIR,af16606ca7bc7318454196be86edafc5e6d97969322fb6f187ff0757f62dc63e,MISSING_OUTCOME,2
2,PAIRED_ANALYTICAL_ARMS,false,false,false,false,RAW_ADJUSTED_PAIR,af427262df6bd3a61d1a9383000b91a5368712708fa9f9ebd3089e6fd9424dd3,MISSING_OUTCOME,2
2,PAIRED_ANALYTICAL_ARMS,false,false,false,false,RAW_ADJUSTED_PAIR,af4f641e3b4feb2824b2ad0059d6d08988a2f3dee432b8d5e5e9f2ee2afba901,MISSING_OUTCOME,2
2,PAIRED_ANALYTICAL_ARMS,false,false,false,false,RAW_ADJUSTED_PAIR,af621afa3d7175e0cad83358e14e2a903f6ac7a76656fbb6934eb3511339a39e,MISSING_OUTCOME,2
2,PAIRED_ANALYTICAL_ARMS,false,false,false,false,RAW_ADJUSTED_PAIR,af79536b28de2de754d72e81ee5bd981db4a623ec321c364a7a9695d4b2b4f0f,COMPLETED_COMPARABLE_OUTCOME,3
2,PAIRED_ANALYTICAL_ARMS,false,false,false,false,RAW_ADJUSTED_PAIR,afcdcacaa6cb9559ad10c5a745ac1c4336368fd8b183629d41802070b6595a0f,NOT_ENTERED,3
2,PAIRED_ANALYTICAL_ARMS,false,false,false,false,RAW_ADJUSTED_PAIR,b0365f3acce6a2c13d1c7c8101c4e2534b904212fa12852c7c79930cf397cfd8,COMPLETED_COMPARABLE_OUTCOME,3
2,PAIRED_ANALYTICAL_ARMS,false,false,false,false,RAW_ADJUSTED_PAIR,b097d47a0314e04a1f06a40e38d2eb35a7d40d6c09897dab6f00ee3070c37499,MISSING_OUTCOME,2
2,PAIRED_ANALYTICAL_ARMS,false,false,false,false,RAW_ADJUSTED_PAIR,b09d2e7c4e19ab6ba27fbe63b67308dd275e2484eb8bf706d011ba1117f6fee7,MISSING_OUTCOME,2
2,PAIRED_ANALYTICAL_ARMS,false,false,false,false,RAW_ADJUSTED_PAIR,b0b2e0294ab1a40cc62b8fd7e5579b7832d07b0fbbfbf1cbca64353b770bb7ad,COMPLETED_COMPARABLE_OUTCOME,3
2,PAIRED_ANALYTICAL_ARMS,false,false,false,false,RAW_ADJUSTED_PAIR,b0d8ad884a50834ff58da4e11503347b786444debdb7d78c11425530bc317940,NOT_ENTERED,3
2,PAIRED_ANALYTICAL_ARMS,false,false,false,false,RAW_ADJUSTED_PAIR,b1075cbb253fa917471b748de23aea4713caa699f4be6fd171f40569842e9ce0,MISSING_OUTCOME,2
2,PAIRED_ANALYTICAL_ARMS,false,false,false,false,RAW_ADJUSTED_PAIR,b10feed0aa2242c7b182f1dfdcc7119043c7426685443995d8c54f6a97e88a0e,MISSING_OUTCOME,2
2,PAIRED_ANALYTICAL_ARMS,false,false,false,false,RAW_ADJUSTED_PAIR,b122588c63c3f536ad7892837819074a17d1452dfb57242cbc1de2ed297f5db3,MISSING_OUTCOME,2
2,PAIRED_ANALYTICAL_ARMS,false,false,false,false,RAW_ADJUSTED_PAIR,b12a33e805d25951a7df38a772ecdbe05ee3417e2510f9d93268587f554275b6,MISSING_OUTCOME,2
2,PAIRED_ANALYTICAL_ARMS,false,false,false,false,RAW_ADJUSTED_PAIR,b14a44e5edb9288cc071834e4affa5c319434296b641ae259b81394395665c50,MISSING_OUTCOME,2
2,PAIRED_ANALYTICAL_ARMS,false,false,false,false,RAW_ADJUSTED_PAIR,b17599b085bfd0431ccb7398871b0550ade4c49f2c945cc063bf48dc416d4d2a,MISSING_OUTCOME,2
2,PAIRED_ANALYTICAL_ARMS,false,false,false,false,RAW_ADJUSTED_PAIR,b1a00972d7c1030f5e2a1a04b319270353f08d9c24250006523c26bd99b7b941,MISSING_OUTCOME,2
2,PAIRED_ANALYTICAL_ARMS,false,false,false,false,RAW_ADJUSTED_PAIR,b1a04a237d7abae29c9289d6ac38c1e01f9b8fa4487bf17b64f5bdc9b4cef07c,MISSING_OUTCOME,2
2,PAIRED_ANALYTICAL_ARMS,false,false,false,false,RAW_ADJUSTED_PAIR,b1f918730585b0f14d609f693140021a2023363360dc17573de63cc72d70cb92,MISSING_OUTCOME,2
2,PAIRED_ANALYTICAL_ARMS,false,false,false,false,RAW_ADJUSTED_PAIR,b209c6566f5206a94fc37ffff4fe0acffc59b6e8755f5e379755035745cc924e,COMPLETED_COMPARABLE_OUTCOME,3
2,PAIRED_ANALYTICAL_ARMS,false,false,false,false,RAW_ADJUSTED_PAIR,b20bf3fd03b2b6c18d18cac6228e4911063a0a43a9fdc6d90ed03f0cddc2d1f0,MISSING_OUTCOME,2
2,PAIRED_ANALYTICAL_ARMS,false,false,false,false,RAW_ADJUSTED_PAIR,b2336f7230bf6936f13f28cdfa36588eebf93c318a6e933648f5a19054fce243,MISSING_OUTCOME,2
2,PAIRED_ANALYTICAL_ARMS,false,false,false,false,RAW_ADJUSTED_PAIR,b27564f6bbb10e13f2339d86961f1b940335e40b49e91774041b436524e70918,MISSING_OUTCOME,2
2,PAIRED_ANALYTICAL_ARMS,false,false,false,false,RAW_ADJUSTED_PAIR,b2da762f175019eb5c6fdf6ffceb572f02d6118a0e2ac91aa09f38e608624523,MISSING_OUTCOME,2
2,PAIRED_ANALYTICAL_ARMS,false,false,false,false,RAW_ADJUSTED_PAIR,b303c50cdf69392323323edee83bbde4d13dbe8439456d660915eeb363904828,MISSING_OUTCOME,2
2,PAIRED_ANALYTICAL_ARMS,false,false,false,false,RAW_ADJUSTED_PAIR,b37d81bc6ae02f844b28c3c1063dfc833b3d8becaad4ce52f6927a2e34309304,MISSING_OUTCOME,2
2,PAIRED_ANALYTICAL_ARMS,false,false,false,false,RAW_ADJUSTED_PAIR,b388d44c66f9e04b888d3ce5b7c99ab31b4b226fae7a0f36b3dbd39566d9cfda,NOT_ENTERED,3
2,PAIRED_ANALYTICAL_ARMS,false,false,false,false,RAW_ADJUSTED_PAIR,b39931454c1aa863ca004618f2cfa78e491a04a07d1b8ad4f5cfa8d7b3886262,MISSING_OUTCOME,2
2,PAIRED_ANALYTICAL_ARMS,false,false,false,false,RAW_ADJUSTED_PAIR,b3dcf75b867af221821d05c24300d1e1af38e0bd80d767f883abd3998ae3f188,MISSING_OUTCOME,2
2,PAIRED_ANALYTICAL_ARMS,false,false,false,false,RAW_ADJUSTED_PAIR,b476e10a19ef6dd5f126a151e4fa18e2f89100d03d4dd96874e1a7fa40e42ec4,MISSING_OUTCOME,2
2,PAIRED_ANALYTICAL_ARMS,false,false,false,false,RAW_ADJUSTED_PAIR,b48d030fbe0ba2232132454ca03b941bc3fa15d79839e9c1d5b31c24d1ef3ec2,MISSING_OUTCOME,2
2,PAIRED_ANALYTICAL_ARMS,false,false,false,false,RAW_ADJUSTED_PAIR,b4ab526917429eaedd288d73446a6afa589be47f4ffb750faee6b644d7db1354,MISSING_OUTCOME,2
2,PAIRED_ANALYTICAL_ARMS,false,false,false,false,RAW_ADJUSTED_PAIR,b4e046410e0bbe51a704fd6556f092da66c0195359642fc0e88f43af3b4a0070,MISSING_OUTCOME,2
2,PAIRED_ANALYTICAL_ARMS,false,false,false,false,RAW_ADJUSTED_PAIR,b5016f340333cbb527e405dba806de74d3a6edb879437a68b362fb4b20d0cf4a,MISSING_OUTCOME,2
2,PAIRED_ANALYTICAL_ARMS,false,false,false,false,RAW_ADJUSTED_PAIR,b53ca0a554de1dfc65f9352f699e0e182ddd8ecab733473d1dda461b75e0f8d0,MISSING_OUTCOME,2
2,PAIRED_ANALYTICAL_ARMS,false,false,false,false,RAW_ADJUSTED_PAIR,b56374c20cfaa39acb45690b2db09f44577e3290d77ce1c8439cc866b0fa0a12,MISSING_OUTCOME,2
2,PAIRED_ANALYTICAL_ARMS,false,false,false,false,RAW_ADJUSTED_PAIR,b5852bf9768519deff201ecea27ef902f551546c7d91f80f9f2e4586e21a7fa8,COMPLETED_COMPARABLE_OUTCOME,3
2,PAIRED_ANALYTICAL_ARMS,false,false,false,false,RAW_ADJUSTED_PAIR,b616c996e0c9e7823374032c9f0bee49bf885d68f87de04bf20badeedcb29077,MISSING_OUTCOME,2
2,PAIRED_ANALYTICAL_ARMS,false,false,false,false,RAW_ADJUSTED_PAIR,b6419721ced15b1c015eb96368f5062c5fca6aa32fba4bbbe9e552b85111c06e,MISSING_OUTCOME,2
2,PAIRED_ANALYTICAL_ARMS,false,false,false,false,RAW_ADJUSTED_PAIR,b6924df6f430845d7cb46ff61264c81c73fab4bbbdc26dd93d209b861a24efbb,MISSING_OUTCOME,2
2,PAIRED_ANALYTICAL_ARMS,false,false,false,false,RAW_ADJUSTED_PAIR,b6a40230087b8e40807f873aaf1ae708fd03104be1b9a8c772ff779e54921322,MISSING_OUTCOME,2
2,PAIRED_ANALYTICAL_ARMS,false,false,false,false,RAW_ADJUSTED_PAIR,b6daba12e7d19e41829af4cd9c4124d8ccf39564b4aef78de1fac263bcf4f348,MISSING_OUTCOME,2
2,PAIRED_ANALYTICAL_ARMS,false,false,false,false,RAW_ADJUSTED_PAIR,b6f9f35f114a8825e9cf8df92af7e361417887f795595d20c52470e6ca2e7ad2,COMPLETED_COMPARABLE_OUTCOME,3
2,PAIRED_ANALYTICAL_ARMS,false,false,false,false,RAW_ADJUSTED_PAIR,b776d18648c915e9a163da36a96d82341e10a4cd263835b1892094c2c3a5a4ef,MISSING_OUTCOME,2
2,PAIRED_ANALYTICAL_ARMS,false,false,false,false,RAW_ADJUSTED_PAIR,b77f17d67fc3d2d7889c163b80cb292da5617b10b867239b6cade6266daa7c5a,MISSING_OUTCOME,2
2,PAIRED_ANALYTICAL_ARMS,false,false,false,false,RAW_ADJUSTED_PAIR,b7c3bf1e7dc4cd7c28de3ee8c558129bce03625cf1f46d62ad4f6562b5c876fb,MISSING_OUTCOME,2
2,PAIRED_ANALYTICAL_ARMS,false,false,false,false,RAW_ADJUSTED_PAIR,b7ee4021b98a61ffc3979efff4156094c7f933a6da97a223322b318d34f23e06,MISSING_OUTCOME,2
2,PAIRED_ANALYTICAL_ARMS,false,false,false,false,RAW_ADJUSTED_PAIR,b83bd72647b3f532d746bb56f0d8f648330ee48a592ce87a1eb165306c372ed7,MISSING_OUTCOME,2
2,PAIRED_ANALYTICAL_ARMS,false,false,false,false,RAW_ADJUSTED_PAIR,b86a3b5a3c1ad9d15892026de6490863d5f0f6b7b0dc063fbc6de083b7bb1e46,MISSING_OUTCOME,2
2,PAIRED_ANALYTICAL_ARMS,false,false,false,false,RAW_ADJUSTED_PAIR,b8da826d5c2e53dcd07a64c7f03c2754b85ef4f10ff8be00acad7bb8775c048f,MISSING_OUTCOME,2
2,PAIRED_ANALYTICAL_ARMS,false,false,false,false,RAW_ADJUSTED_PAIR,b8e107fee6529a40efd5c5afd3e55312b4aadc242299f7265cd399dff2d1e929,MISSING_OUTCOME,2
2,PAIRED_ANALYTICAL_ARMS,false,false,false,false,RAW_ADJUSTED_PAIR,b91f87825a376e0f5d515096ccb3111f9e03f611d9197e660201f2ce1cc64402,MISSING_OUTCOME,2
2,PAIRED_ANALYTICAL_ARMS,false,false,false,false,RAW_ADJUSTED_PAIR,b9497d9b42df218eb052edad4f266e9ef33d32c0ca200dd4c8d5c2818fb45d75,NOT_ENTERED,3
2,PAIRED_ANALYTICAL_ARMS,false,false,false,false,RAW_ADJUSTED_PAIR,b9607ed3a08fc09688f0c4a0578ad38da881c39c329070762fa246f64d7a49bf,MISSING_OUTCOME,2
2,PAIRED_ANALYTICAL_ARMS,false,false,false,false,RAW_ADJUSTED_PAIR,b96a34cce9ba59f8ce9bad41a89cd8870fc88bade02986282d1d44d0c01da171,MISSING_OUTCOME,2
2,PAIRED_ANALYTICAL_ARMS,false,false,false,false,RAW_ADJUSTED_PAIR,b9e9eeac06f3986cffe9673826719a3bbbd916583926a5cdc03458d78a79a0fc,MISSING_OUTCOME,2
2,PAIRED_ANALYTICAL_ARMS,false,false,false,false,RAW_ADJUSTED_PAIR,ba3137bb939335c5d1e942606c21631cee5ca971ffed45ec744bbcec948295cb,MISSING_OUTCOME,2
2,PAIRED_ANALYTICAL_ARMS,false,false,false,false,RAW_ADJUSTED_PAIR,ba3a020e6861994f3df024bce41cad4665fb3008cf904ede4f512f81906fab18,MISSING_OUTCOME,2
2,PAIRED_ANALYTICAL_ARMS,false,false,false,false,RAW_ADJUSTED_PAIR,ba439ed432dcc647ec7d7423bbd69f82868f09c819b5dc43b9835cc5cbdbb030,MISSING_OUTCOME,2
2,PAIRED_ANALYTICAL_ARMS,false,false,false,false,RAW_ADJUSTED_PAIR,ba5fadea219d2a31dd5d04b4aa0413511456a55f8ff5e5d3364f652b3ac953e9,MISSING_OUTCOME,2
2,PAIRED_ANALYTICAL_ARMS,false,false,false,false,RAW_ADJUSTED_PAIR,ba63c91bae3c25a7b522bc11b6f0de3da3f50a816ef740cdf9aef82ea483d921,MISSING_OUTCOME,2
2,PAIRED_ANALYTICAL_ARMS,false,false,false,false,RAW_ADJUSTED_PAIR,ba94fbe5516e8902c204f76d829ee4bd3ef1ef63b263f10ea1eda25fb973cfc3,MISSING_OUTCOME,2
2,PAIRED_ANALYTICAL_ARMS,false,false,false,false,RAW_ADJUSTED_PAIR,bb0a68fa2aadf751254fcacbd3ceac706666852a77e566fa398b069731afae21,MISSING_OUTCOME,2
2,PAIRED_ANALYTICAL_ARMS,false,false,false,false,RAW_ADJUSTED_PAIR,bb4abbbc0b1a10f701dd89bfa36c13314abb6ebb07c99fce47c2ff5c668856ae,MISSING_OUTCOME,2
2,PAIRED_ANALYTICAL_ARMS,false,false,false,false,RAW_ADJUSTED_PAIR,bc229160d93b9654445b17bfc73d475dca834cfec8dbed62a86a05719d75b4a3,MISSING_OUTCOME,2
2,PAIRED_ANALYTICAL_ARMS,false,false,false,false,RAW_ADJUSTED_PAIR,bc627ad97cd3713411af990b7faca8e6b1f9775cf0a2c3a2622b2bd847418635,MISSING_OUTCOME,2
2,PAIRED_ANALYTICAL_ARMS,false,false,false,false,RAW_ADJUSTED_PAIR,bc80dac58b5d550dbbd052ab2faa416c8fcea920f62e3ec2c3fb9f321015a476,MISSING_OUTCOME,2
2,PAIRED_ANALYTICAL_ARMS,false,false,false,false,RAW_ADJUSTED_PAIR,bccc9f1220a3806b002feea6ed558ad04141c466162fae7205ce245f609a59a1,MISSING_OUTCOME,2
2,PAIRED_ANALYTICAL_ARMS,false,false,false,false,RAW_ADJUSTED_PAIR,bd330aa2bba8e9ee459356b01fca073c96f4634143cc87a02f4c34b4ca311124,MISSING_OUTCOME,2
2,PAIRED_ANALYTICAL_ARMS,false,false,false,false,RAW_ADJUSTED_PAIR,bd43621c8ea7fc2ca0d8115a4f1ae49c4824c31550a9a7384cd787571e32d99f,MISSING_OUTCOME,2
2,PAIRED_ANALYTICAL_ARMS,false,false,false,false,RAW_ADJUSTED_PAIR,bd5bcaa855801504cb66c61a3bd963700ad142ebbd720c6d1f16f3ce9eb02426,NOT_ENTERED,3
2,PAIRED_ANALYTICAL_ARMS,false,false,false,false,RAW_ADJUSTED_PAIR,bd6f553cdd047e949b14b26d4dc9e225033b36e607f6022eb745e9036593fe2c,MISSING_OUTCOME,2
2,PAIRED_ANALYTICAL_ARMS,false,false,false,false,RAW_ADJUSTED_PAIR,be4dcc88d6f67dc60d7d92772ce6e5774975b79dd343c403d3e543638e69680b,MISSING_OUTCOME,2
2,PAIRED_ANALYTICAL_ARMS,false,false,false,false,RAW_ADJUSTED_PAIR,be576dec9c3dc64b552b7faf4083b5a6e377818462b4fe2a3d5b923374285ec3,MISSING_OUTCOME,2
2,PAIRED_ANALYTICAL_ARMS,false,false,false,false,RAW_ADJUSTED_PAIR,becfd24bbd1445c5bd9d2390dcac02fad2f8aae5bf55ab0233bc5539fa56fb59,MISSING_OUTCOME,2
2,PAIRED_ANALYTICAL_ARMS,false,false,false,false,RAW_ADJUSTED_PAIR,bed07b84490f9b283f6000fe72c2e255994f98c3d64eecd46adf25c7a82a7648,COMPLETED_COMPARABLE_OUTCOME,3
2,PAIRED_ANALYTICAL_ARMS,false,false,false,false,RAW_ADJUSTED_PAIR,bee90ea21ccd966062874b37f602aa4fef552cfd4b341f5b745796271a7b9742,MISSING_OUTCOME,2
2,PAIRED_ANALYTICAL_ARMS,false,false,false,false,RAW_ADJUSTED_PAIR,bf2f5ffcf42bb2160d3f68862688576334f74f7cfc3ddd72e4152d55fd0bb4d3,MISSING_OUTCOME,2
2,PAIRED_ANALYTICAL_ARMS,false,false,false,false,RAW_ADJUSTED_PAIR,bf405259a5507921423abe5c3e599ee75daf8d826fa1124065d7b663e627a9d6,NOT_ENTERED,3
2,PAIRED_ANALYTICAL_ARMS,false,false,false,false,RAW_ADJUSTED_PAIR,bf835d211ac2e9f0fb1a03fc6dab01fd828725f1e803e0c3410dbce7a4783db2,MISSING_OUTCOME,2
2,PAIRED_ANALYTICAL_ARMS,false,false,false,false,RAW_ADJUSTED_PAIR,bfde2be89acb82bb69e5da9cfca8201dbab4400abe9abc96d56f24c094f4164c,MISSING_OUTCOME,2
2,PAIRED_ANALYTICAL_ARMS,false,false,false,false,RAW_ADJUSTED_PAIR,bfeb35b13cfbf7fb9fabbdff7b40b8fa35e8028e94b63570a3b76090f4c9cbf9,MISSING_OUTCOME,2
2,PAIRED_ANALYTICAL_ARMS,false,false,false,false,RAW_ADJUSTED_PAIR,c021c317f93c4ce5acbadd696a5e0ab939ad6beda54a9967873ae6e8708ca14c,MISSING_OUTCOME,2
2,PAIRED_ANALYTICAL_ARMS,false,false,false,false,RAW_ADJUSTED_PAIR,c07fe769cdc4bdad53441a719d0b796c2fb025422718b6822c6853ada3e42555,MISSING_OUTCOME,2
2,PAIRED_ANALYTICAL_ARMS,false,false,false,false,RAW_ADJUSTED_PAIR,c0858d0069043034fd6113f85761c56db3c3a791de8ac130b7691b714f64fe5a,COMPLETED_COMPARABLE_OUTCOME,3
2,PAIRED_ANALYTICAL_ARMS,false,false,false,false,RAW_ADJUSTED_PAIR,c087126f52100d1cde3ddf983000c0e27dd2cc2331e116afdec815cbbb1ab791,MISSING_OUTCOME,2
2,PAIRED_ANALYTICAL_ARMS,false,false,false,false,RAW_ADJUSTED_PAIR,c08aaec16476670c5903f5f8d5ef284a69120c102f6de5ac9218e3cbaaf4416c,MISSING_OUTCOME,2
2,PAIRED_ANALYTICAL_ARMS,false,false,false,false,RAW_ADJUSTED_PAIR,c09ce601304451152327464cf3b5d6696ac0e163c239e5da3bec0fa135c8019e,MISSING_OUTCOME,2
2,PAIRED_ANALYTICAL_ARMS,false,false,false,false,RAW_ADJUSTED_PAIR,c0a02b6b7dc67fa500ed4bba188f2308a154dc70ebf7a74867faaed8b05909c3,MISSING_OUTCOME,2
2,PAIRED_ANALYTICAL_ARMS,false,false,false,false,RAW_ADJUSTED_PAIR,c14f40df1df3cf9119b2dfb1d10e3edd8bd5d139aa6fbc4d32e55c36fc202093,MISSING_OUTCOME,2
2,PAIRED_ANALYTICAL_ARMS,false,false,false,false,RAW_ADJUSTED_PAIR,c1512519709b3be47ee8bcb3c9db1f0e43425d48893647aaa5481b335a68bcda,COMPLETED_COMPARABLE_OUTCOME,3
2,PAIRED_ANALYTICAL_ARMS,false,false,false,false,RAW_ADJUSTED_PAIR,c165361bd05e7ad7dcc5ae2fe5f0e73014ee86951eaee5bc1d2e129755790ea6,MISSING_OUTCOME,2
2,PAIRED_ANALYTICAL_ARMS,false,false,false,false,RAW_ADJUSTED_PAIR,c166ffe020d1eeb6d94c3e2eac3d6501a4ad54981aa3fb45108e79345b9e2149,MISSING_OUTCOME,2
2,PAIRED_ANALYTICAL_ARMS,false,false,false,false,RAW_ADJUSTED_PAIR,c1807c4c801bd99a720cda70c9733a8b5d6f930d343d82a29d725ef65e1176ba,MISSING_OUTCOME,2
2,PAIRED_ANALYTICAL_ARMS,false,false,false,false,RAW_ADJUSTED_PAIR,c1d1d0c54063b8fc431a4af8bd158d0fb78f5184910aa22ccd870ed405d29608,MISSING_OUTCOME,2
2,PAIRED_ANALYTICAL_ARMS,false,false,false,false,RAW_ADJUSTED_PAIR,c1f6e686ae8ae66d0455e3f0d68cc2c39c279c69d3231543dbe183fa82f2eadc,MISSING_OUTCOME,2
2,PAIRED_ANALYTICAL_ARMS,false,false,false,false,RAW_ADJUSTED_PAIR,c2200c9e21202d4c4db09513397cedca0036a7c186207376c1f1ad8a5bc3609f,MISSING_OUTCOME,2
2,PAIRED_ANALYTICAL_ARMS,false,false,false,false,RAW_ADJUSTED_PAIR,c2464c597b3ba759c4647f32e7a2bdcf60278380702e945e1e0c3dd0e78acc6c,MISSING_OUTCOME,2
2,PAIRED_ANALYTICAL_ARMS,false,false,false,false,RAW_ADJUSTED_PAIR,c25eae30901d82dd9bb9db40db1a9bfe528af93e1fcc48406f59a551c89a1acf,MISSING_OUTCOME,2
2,PAIRED_ANALYTICAL_ARMS,false,false,false,false,RAW_ADJUSTED_PAIR,c2c42e40b1c6c9661e1f6892addf820b11b6392e411ca2b12a25db07fde57534,MISSING_OUTCOME,2
2,PAIRED_ANALYTICAL_ARMS,false,false,false,false,RAW_ADJUSTED_PAIR,c3416ba3f46edf37c77b16069939523f2482de22e35a0ed4d48e49e824efe130,MISSING_OUTCOME,2
2,PAIRED_ANALYTICAL_ARMS,false,false,false,false,RAW_ADJUSTED_PAIR,c3a91dea63e3f42b64e45de4adebc9d3312fd641b17c5ba1f7d9702e920d5603,MISSING_OUTCOME,2
2,PAIRED_ANALYTICAL_ARMS,false,false,false,false,RAW_ADJUSTED_PAIR,c40c521edd5dcc69b1bf2e2c4e62fb5b959e0a86db6f9549e7e50c4e4fafa154,MISSING_OUTCOME,2
2,PAIRED_ANALYTICAL_ARMS,false,false,false,false,RAW_ADJUSTED_PAIR,c4130f044023c28775b38f18fff7f784c3324d2a653875f1bcd5acb2e0262196,MISSING_OUTCOME,2
2,PAIRED_ANALYTICAL_ARMS,false,false,false,false,RAW_ADJUSTED_PAIR,c4277695e49d3e1eb00794a58efe8418d08662346c43234623c8eed232416328,MISSING_OUTCOME,2
2,PAIRED_ANALYTICAL_ARMS,false,false,false,false,RAW_ADJUSTED_PAIR,c48d4f07bc50c98a03a1229891c3c2fb83bc417b86ea1fbd3d92b58ba5b0a1b8,MISSING_OUTCOME,2
2,PAIRED_ANALYTICAL_ARMS,false,false,false,false,RAW_ADJUSTED_PAIR,c4d7fe9277b1288d071ca7a0a80a341d44ac86368852976fcf9ef7bc611127c6,MISSING_OUTCOME,2
2,PAIRED_ANALYTICAL_ARMS,false,false,false,false,RAW_ADJUSTED_PAIR,c507713b4303300e418d118a3f17b911de4f98508e986ae8b0fb689186cd676d,COMPLETED_COMPARABLE_OUTCOME,3
2,PAIRED_ANALYTICAL_ARMS,false,false,false,false,RAW_ADJUSTED_PAIR,c52707759bfbc2192cb21cd93f004391e4770b3d7404c4c76022f2ee7e28c362,MISSING_OUTCOME,2
2,PAIRED_ANALYTICAL_ARMS,false,false,false,false,RAW_ADJUSTED_PAIR,c53395b4b3c562657011169c380adcdd77b5544e61f4ba2e177ed92988fa5a70,MISSING_OUTCOME,2
2,PAIRED_ANALYTICAL_ARMS,false,false,false,false,RAW_ADJUSTED_PAIR,c54f4e25395bf0bc4eb6c4daa1c3d7ed736d25fbc0aa6e0b0e9dbc2ac5b96033,MISSING_OUTCOME,2
2,PAIRED_ANALYTICAL_ARMS,false,false,false,false,RAW_ADJUSTED_PAIR,c5727d447699142f64760c02f2038691cc257cebdc5f74f5721353c457cd52a7,MISSING_OUTCOME,2
2,PAIRED_ANALYTICAL_ARMS,false,false,false,false,RAW_ADJUSTED_PAIR,c5b617df827ac18d8906f460e5778a01faf66bdbd184bc65e500f134f88bca6e,MISSING_OUTCOME,2
2,PAIRED_ANALYTICAL_ARMS,false,false,false,false,RAW_ADJUSTED_PAIR,c5cce5010641861519a275441f68aec4c9151955c781737127ca46098b0f40a6,MISSING_OUTCOME,2
2,PAIRED_ANALYTICAL_ARMS,false,false,false,false,RAW_ADJUSTED_PAIR,c63f8cb9c624c3f72357733ed27f0546c5dd9ed823f43f3c12b434a7eebaa00f,NOT_ENTERED,3
2,PAIRED_ANALYTICAL_ARMS,false,false,false,false,RAW_ADJUSTED_PAIR,c687754bb72165aee997a99b5f8942a4bb106082c44d76aa5710c7be88777322,MISSING_OUTCOME,2
2,PAIRED_ANALYTICAL_ARMS,false,false,false,false,RAW_ADJUSTED_PAIR,c691ad640c4fc79020f5046905162a179f2f3ffc294dd959638c516e3c77555a,MISSING_OUTCOME,2
2,PAIRED_ANALYTICAL_ARMS,false,false,false,false,RAW_ADJUSTED_PAIR,c715d6b8ee3ad0396723a9f55f3a9fbbc7731a644d733fd5968b51723d3aa93a,MISSING_OUTCOME,2
2,PAIRED_ANALYTICAL_ARMS,false,false,false,false,RAW_ADJUSTED_PAIR,c730338e097ad8f616e029afee71194a12873254b5cab7cc6324eecf534c8af4,MISSING_OUTCOME,2
2,PAIRED_ANALYTICAL_ARMS,false,false,false,false,RAW_ADJUSTED_PAIR,c77b370446a267e7929dcae50362eded1ed2ad7a08f2c440d8a991c54ade6d2d,MISSING_OUTCOME,2
2,PAIRED_ANALYTICAL_ARMS,false,false,false,false,RAW_ADJUSTED_PAIR,c7d5b0ccd840deb46c20230f45d5d9e6c8c2a41b32f6bec3c352cc300b310a76,MISSING_OUTCOME,2
2,PAIRED_ANALYTICAL_ARMS,false,false,false,false,RAW_ADJUSTED_PAIR,c81eb778663922155f03267456914b89c4aad23d3ef40b9ebaf7f8aca5dc24f0,MISSING_OUTCOME,2
2,PAIRED_ANALYTICAL_ARMS,false,false,false,false,RAW_ADJUSTED_PAIR,c838a0a2b5258fa21dfd92db6974b95852b0f58ec0747759c708b5394ac4e3a7,MISSING_OUTCOME,2
2,PAIRED_ANALYTICAL_ARMS,false,false,false,false,RAW_ADJUSTED_PAIR,c885eac7d33d30f47f1b5714a28619410261ed27a7401c18c695330a0f5890cb,PENDING_END_OF_DATA,3
2,PAIRED_ANALYTICAL_ARMS,false,false,false,false,RAW_ADJUSTED_PAIR,c899cdd9ffe6120dd528a62541b5d49bee349755bfbdf5f54150bbf9402d62c2,MISSING_OUTCOME,2
2,PAIRED_ANALYTICAL_ARMS,false,false,false,false,RAW_ADJUSTED_PAIR,c8d6a7d535268fab9ad617c576bbdecc6656c01b7f1e2536124875e0bf225286,MISSING_OUTCOME,2
2,PAIRED_ANALYTICAL_ARMS,false,false,false,false,RAW_ADJUSTED_PAIR,c8d74e4258d258384db25ec666908e0c1ee98b6f45e9aa89cd05e6be1ba964e4,MISSING_OUTCOME,2
2,PAIRED_ANALYTICAL_ARMS,false,false,false,false,RAW_ADJUSTED_PAIR,c9066df0bccd1a9bcc44f8f0d24bf7a0ca6b5be097b370ddbbff694bde9ef61f,MISSING_OUTCOME,2
2,PAIRED_ANALYTICAL_ARMS,false,false,false,false,RAW_ADJUSTED_PAIR,c915c0b5b19e57c31c802d65b8980f504c58e781639ff3b2780a736eb2ea6544,MISSING_OUTCOME,2
2,PAIRED_ANALYTICAL_ARMS,false,false,false,false,RAW_ADJUSTED_PAIR,c953d4bdb5f8b429cfacf91efda03058e94ae6730af1131576e5c7e208f0d247,MISSING_OUTCOME,2
2,PAIRED_ANALYTICAL_ARMS,false,false,false,false,RAW_ADJUSTED_PAIR,c9a18b84ebae121004ddd6e55b043d61fc561ec895a9ca8287aea598dfe83c1a,MISSING_OUTCOME,2
2,PAIRED_ANALYTICAL_ARMS,false,false,false,false,RAW_ADJUSTED_PAIR,c9ac3b781637e6c9d7e6d0703430ac0ec1cc07ead8434320b01b92ff561f6817,MISSING_OUTCOME,2
2,PAIRED_ANALYTICAL_ARMS,false,false,false,false,RAW_ADJUSTED_PAIR,ca0af8dfd126b2cfe58d699500ef404bdee1530b09079473797840e52fee955c,NOT_ENTERED,3
2,PAIRED_ANALYTICAL_ARMS,false,false,false,false,RAW_ADJUSTED_PAIR,ca2dbabb50e35c41ccb9d6d2faac9a1fd51c8bfc0eccba2e9a7a7412bfc9ed19,MISSING_OUTCOME,2
2,PAIRED_ANALYTICAL_ARMS,false,false,false,false,RAW_ADJUSTED_PAIR,ca3355d74ebb69f1a95d02bf8480b2b8f5ece715e5ab79392a08d06c7ccf2942,COMPLETED_COMPARABLE_OUTCOME,3
2,PAIRED_ANALYTICAL_ARMS,false,false,false,false,RAW_ADJUSTED_PAIR,ca4219a71e581a1bd840e2c9b824807018c5ad921365ab7f069f60f81e44694d,MISSING_OUTCOME,2
2,PAIRED_ANALYTICAL_ARMS,false,false,false,false,RAW_ADJUSTED_PAIR,ca5424388be70dd19ef6950350b174bda3328319a29d04db68c766c821eb8805,MISSING_OUTCOME,2
2,PAIRED_ANALYTICAL_ARMS,false,false,false,false,RAW_ADJUSTED_PAIR,ca796c72ac46b9c90656be535853f73fb15ed87b67d34cce8f6d2ceb7e063f12,MISSING_OUTCOME,2
2,PAIRED_ANALYTICAL_ARMS,false,false,false,false,RAW_ADJUSTED_PAIR,cabade916f626a7805b9ceb24c9ae686242b323ae8c25e45662a54ba6c84ad8a,MISSING_OUTCOME,2
2,PAIRED_ANALYTICAL_ARMS,false,false,false,false,RAW_ADJUSTED_PAIR,cace8dfd62c87a7c0f12711c644379862393d4ebc0483f26d306ee8e3f12ba33,MISSING_OUTCOME,2
2,PAIRED_ANALYTICAL_ARMS,false,false,false,false,RAW_ADJUSTED_PAIR,cb0a8077b142453ccb5006b27176c12a9ac1e6613e4b275c74e07bf438b01b6e,MISSING_OUTCOME,2
2,PAIRED_ANALYTICAL_ARMS,false,false,false,false,RAW_ADJUSTED_PAIR,cb14a74ebc3fae72d356f000207bcdcd0d1f288c6107e4ba43351530f95b1f55,MISSING_OUTCOME,2
2,PAIRED_ANALYTICAL_ARMS,false,false,false,false,RAW_ADJUSTED_PAIR,cb4661dbc3d7211556ae36c6d679aa03907e9c681a77312ae148defbddae552d,MISSING_OUTCOME,2
2,PAIRED_ANALYTICAL_ARMS,false,false,false,false,RAW_ADJUSTED_PAIR,cb4d2c972cabd2d35ae6085ad45e4db41c0bb4a4c46a9c7df1a4c6a0e1778f7e,MISSING_OUTCOME,2
2,PAIRED_ANALYTICAL_ARMS,false,false,false,false,RAW_ADJUSTED_PAIR,cb4de1c0ee50ef827a17e6a086e7c0dc87162f195cd9d831a04ff48ee6f240a5,MISSING_OUTCOME,2
2,PAIRED_ANALYTICAL_ARMS,false,false,false,false,RAW_ADJUSTED_PAIR,cb95191d26f0e1fda7356e2ca49410885f0a39a0d28a029db93d153c13e364b7,MISSING_OUTCOME,2
2,PAIRED_ANALYTICAL_ARMS,false,false,false,false,RAW_ADJUSTED_PAIR,cbd40522319bc82c9b311c963ff80807cb29d5e36f912a40b11928e48388f432,MISSING_OUTCOME,2
2,PAIRED_ANALYTICAL_ARMS,false,false,false,false,RAW_ADJUSTED_PAIR,cbd7389de03b0b27faa5bd4c5d83c93ec9537df44b2ac91decf5360e08971ed5,MISSING_OUTCOME,2
2,PAIRED_ANALYTICAL_ARMS,false,false,false,false,RAW_ADJUSTED_PAIR,cc0ccd57fb84a964a217cc6d9e10a5e300098709b73fd22f97fa063221c3155f,MISSING_OUTCOME,2
2,PAIRED_ANALYTICAL_ARMS,false,false,false,false,RAW_ADJUSTED_PAIR,cc3a79b24e6f6f113062808fcfe0e4da55f3860475ff9ad209e7b4aeb843229a,MISSING_OUTCOME,2
2,PAIRED_ANALYTICAL_ARMS,false,false,false,false,RAW_ADJUSTED_PAIR,cc55f2b6ff2aeb2918d8cf94dfd5de83ae46a263e935bc6c13f4804dfcac00f8,MISSING_OUTCOME,2
2,PAIRED_ANALYTICAL_ARMS,false,false,false,false,RAW_ADJUSTED_PAIR,cc58703b54ba6358b1e99ea04b6b77bdf0c2589da7aa19e5b83c4e6d9e18c241,MISSING_OUTCOME,2
2,PAIRED_ANALYTICAL_ARMS,false,false,false,false,RAW_ADJUSTED_PAIR,cc7e2642242038a0bafe64326221b3a716a1faf08f6c0511ccaa1fd80920ce7c,MISSING_OUTCOME,2
2,PAIRED_ANALYTICAL_ARMS,false,false,false,false,RAW_ADJUSTED_PAIR,cc8fdb5a8a11ad866311da78478479e08d8e464d82f713ecde057db4f0ecb052,MISSING_OUTCOME,2
2,PAIRED_ANALYTICAL_ARMS,false,false,false,false,RAW_ADJUSTED_PAIR,ccc387b1cfa7343e8a63aeb9d7a60c7b333729af367db725768cd1b5b2204d97,MISSING_OUTCOME,2
2,PAIRED_ANALYTICAL_ARMS,false,false,false,false,RAW_ADJUSTED_PAIR,cd15e681ed138363669c20f4a2d4260e16a1b2a1f0161aaa2e5bc55d150e23d5,MISSING_OUTCOME,2
2,PAIRED_ANALYTICAL_ARMS,false,false,false,false,RAW_ADJUSTED_PAIR,cd33576118038ef2c9f26c8daebadbcfe8dd9588b7cda1c8f03d350402ade7e3,MISSING_OUTCOME,2
2,PAIRED_ANALYTICAL_ARMS,false,false,false,false,RAW_ADJUSTED_PAIR,cd46bd5c0b880796da7e1b1d31899c3baf6a28df8f1ab25e28aafbb777a12b89,MISSING_OUTCOME,2
2,PAIRED_ANALYTICAL_ARMS,false,false,false,false,RAW_ADJUSTED_PAIR,cd6522e31decfbf6b17d38f4973bee946394beae2cbac8d09451f6b6803c743e,MISSING_OUTCOME,2
2,PAIRED_ANALYTICAL_ARMS,false,false,false,false,RAW_ADJUSTED_PAIR,cd85ad01f1de9d26a18e027684b0432f4d8096821b55729e0e7d02cc0c53a301,NOT_ENTERED,3
2,PAIRED_ANALYTICAL_ARMS,false,false,false,false,RAW_ADJUSTED_PAIR,cd9eaa7db6e098c18cdd436d42d4df0415b49ac5c563642475886bae34eb66f5,MISSING_OUTCOME,2
2,PAIRED_ANALYTICAL_ARMS,false,false,false,false,RAW_ADJUSTED_PAIR,cda1086ff98c53ed3b931ba3066d19de149c94a69997adaf48aa18761744099a,MISSING_OUTCOME,2
2,PAIRED_ANALYTICAL_ARMS,false,false,false,false,RAW_ADJUSTED_PAIR,cdeac0385a3d74d688bcd63c8365cc32b7257383a6e8962a0e52d4d2e6515673,MISSING_OUTCOME,2
2,PAIRED_ANALYTICAL_ARMS,false,false,false,false,RAW_ADJUSTED_PAIR,ce0c1f2fd1b6e1c8cc4d76c27838ac55e9636747387bad44a7bba21f03728714,NOT_ENTERED,3
2,PAIRED_ANALYTICAL_ARMS,false,false,false,false,RAW_ADJUSTED_PAIR,cea2d3b84f75376d1a8a7f9b2e2e75d0ca6fcb389d6b87efb9904d32667cb573,MISSING_OUTCOME,2
2,PAIRED_ANALYTICAL_ARMS,false,false,false,false,RAW_ADJUSTED_PAIR,ced82b75ecb3fa1f144657b5cd7e4679ea16eb0ee04495adf5161fc8df1261ef,MISSING_OUTCOME,2
2,PAIRED_ANALYTICAL_ARMS,false,false,false,false,RAW_ADJUSTED_PAIR,cef843dddef4134f2fc6832ebb28a12d0a29163558e6786de7af54a16015631a,NOT_ENTERED,3
2,PAIRED_ANALYTICAL_ARMS,false,false,false,false,RAW_ADJUSTED_PAIR,cf3c691379e96681adedf030931bb4ae43491b023b5b63ae8f79cc41495f5ebe,MISSING_OUTCOME,2
2,PAIRED_ANALYTICAL_ARMS,false,false,false,false,RAW_ADJUSTED_PAIR,cf5bc791b947bb21c5654f3d1c97e0317afe185dfc236fa46c048242e20d52b4,MISSING_OUTCOME,2
2,PAIRED_ANALYTICAL_ARMS,false,false,false,false,RAW_ADJUSTED_PAIR,cf96c1d9d9373fc6698731a344c698907660121d01bc9dbca04a30f7edbe11e6,MISSING_OUTCOME,2
2,PAIRED_ANALYTICAL_ARMS,false,false,false,false,RAW_ADJUSTED_PAIR,cf991560ff710f6de741c53f576892b9f2388ffebb583a7ac9832bacdd276cc7,MISSING_OUTCOME,2
2,PAIRED_ANALYTICAL_ARMS,false,false,false,false,RAW_ADJUSTED_PAIR,cfa23f2f3cc4d90add1929d1f0b1390b082b4c5df4b5d5d60d00dbc5e7459daa,MISSING_OUTCOME,2
2,PAIRED_ANALYTICAL_ARMS,false,false,false,false,RAW_ADJUSTED_PAIR,cfc35f83c647f62885be15c03ce8c2a0e3226b598eaea90d69799f010905baa8,MISSING_OUTCOME,2
2,PAIRED_ANALYTICAL_ARMS,false,false,false,false,RAW_ADJUSTED_PAIR,cfc6d1c99e78ff9b7f4a37328bbfda8650cd030e95301540d752d03bccbd1a44,MISSING_OUTCOME,2
2,PAIRED_ANALYTICAL_ARMS,false,false,false,false,RAW_ADJUSTED_PAIR,cffc01391bab940a1545ae5b94fd7487f9a1cdc5d1c898a01f25cbea9cb0a6db,PENDING_END_OF_DATA,3
2,PAIRED_ANALYTICAL_ARMS,false,false,false,false,RAW_ADJUSTED_PAIR,d02c8a4f85e967745bfb046970cbcc8868a3be31314f51d4197bae3697df9dfe,MISSING_OUTCOME,2
2,PAIRED_ANALYTICAL_ARMS,false,false,false,false,RAW_ADJUSTED_PAIR,d03d121d5c927d967fdb4bc368e7c00858aa0a5174de78b3275daf4ac7820829,MISSING_OUTCOME,2
2,PAIRED_ANALYTICAL_ARMS,false,false,false,false,RAW_ADJUSTED_PAIR,d0448118e989ea51e396ccf9b69dd033a73bc82f127f5d3f32accc1bdc06fd5e,MISSING_OUTCOME,2
2,PAIRED_ANALYTICAL_ARMS,false,false,false,false,RAW_ADJUSTED_PAIR,d08314d7675a329694dd6ec16da5781b85646230523a3e672c0316978a11132a,MISSING_OUTCOME,2
2,PAIRED_ANALYTICAL_ARMS,false,false,false,false,RAW_ADJUSTED_PAIR,d0a8793dfcc4e0cb6758ed97df63802d043a003db0ef941029147c0eebbb9376,MISSING_OUTCOME,2
2,PAIRED_ANALYTICAL_ARMS,false,false,false,false,RAW_ADJUSTED_PAIR,d10a8246acad5c560d9c3f76f12fa2c2c656ff4908cca6d5f912e1c4feeb9b60,MISSING_OUTCOME,2
2,PAIRED_ANALYTICAL_ARMS,false,false,false,false,RAW_ADJUSTED_PAIR,d149a633d89ebe0de5cb7d94b352ee4420d3f3e2e6c968b51989f984ea8fb215,PENDING_END_OF_DATA,3
2,PAIRED_ANALYTICAL_ARMS,false,false,false,false,RAW_ADJUSTED_PAIR,d15bac68a643008e4e5c27973675672aa59124f535bbfa34427ebdf0a077d03f,MISSING_OUTCOME,2
2,PAIRED_ANALYTICAL_ARMS,false,false,false,false,RAW_ADJUSTED_PAIR,d1abc385cd742afbf18f6324bc684fca5659384dcf0e8ceb562bff254866abec,MISSING_OUTCOME,2
2,PAIRED_ANALYTICAL_ARMS,false,false,false,false,RAW_ADJUSTED_PAIR,d2043c6f1877252bcef66599c904a252f9c6a8a9fc9c9050bb47bf5fae156f48,MISSING_OUTCOME,2
2,PAIRED_ANALYTICAL_ARMS,false,false,false,false,RAW_ADJUSTED_PAIR,d25a4926012e560b691970d8b0fe30a3ce562d292e7b72f14d8b2c9e71c5bf92,MISSING_OUTCOME,2
2,PAIRED_ANALYTICAL_ARMS,false,false,false,false,RAW_ADJUSTED_PAIR,d2c542dc76c680be13b252cee15bfeaa1732498c945903cf0724055fa86937df,MISSING_OUTCOME,2
2,PAIRED_ANALYTICAL_ARMS,false,false,false,false,RAW_ADJUSTED_PAIR,d2cf65bed430f1b451ebfd25cdb999e83af98ea651802942f1da2f241ea1e86f,COMPLETED_COMPARABLE_OUTCOME,3
2,PAIRED_ANALYTICAL_ARMS,false,false,false,false,RAW_ADJUSTED_PAIR,d300d313987a7329f361bcee6a84de966d73d8a13de3b3a57e94bb2c1842a564,MISSING_OUTCOME,2
2,PAIRED_ANALYTICAL_ARMS,false,false,false,false,RAW_ADJUSTED_PAIR,d362525886757d775bfb232a271248c431a3e17a8bd3b70e6202da63291d8226,MISSING_OUTCOME,2
2,PAIRED_ANALYTICAL_ARMS,false,false,false,false,RAW_ADJUSTED_PAIR,d38aa559f29519fe63d3bb50b3f33048859d52a4f37e3c9b50400e9a44a7659a,MISSING_OUTCOME,2
2,PAIRED_ANALYTICAL_ARMS,false,false,false,false,RAW_ADJUSTED_PAIR,d3d07e99c009a69e986320d77497285686d492aeba381a957f557aadef486460,MISSING_OUTCOME,2
2,PAIRED_ANALYTICAL_ARMS,false,false,false,false,RAW_ADJUSTED_PAIR,d42997c6c4a6b202d0230b3b478f26d7c289c6b1cc3c13fd0b80ae2c298c1d58,MISSING_OUTCOME,2
2,PAIRED_ANALYTICAL_ARMS,false,false,false,false,RAW_ADJUSTED_PAIR,d4d983d907e4983c586214e5c1d4e23eae8ce32656b145548055bcc1cba241e2,MISSING_OUTCOME,2
2,PAIRED_ANALYTICAL_ARMS,false,false,false,false,RAW_ADJUSTED_PAIR,d4eeb85e2e789995b26c18dccb156cc32dd5d519650553e23760f19b3e9a2302,MISSING_OUTCOME,2
2,PAIRED_ANALYTICAL_ARMS,false,false,false,false,RAW_ADJUSTED_PAIR,d513d1ba9f9eec3843f7c805b176b45797f85d30001935085d8692a2ff8ae3d1,MISSING_OUTCOME,2
2,PAIRED_ANALYTICAL_ARMS,false,false,false,false,RAW_ADJUSTED_PAIR,d52883b23b6c1fa888985a5568038268fd84544a3ad36803f4e3fbf8ed080bbe,MISSING_OUTCOME,2
2,PAIRED_ANALYTICAL_ARMS,false,false,false,false,RAW_ADJUSTED_PAIR,d52e08c625526397a10487b46ac9308904802e184f8bd02d00cd6858dbf84c29,MISSING_OUTCOME,2
2,PAIRED_ANALYTICAL_ARMS,false,false,false,false,RAW_ADJUSTED_PAIR,d5561ab6eca828fb3b32c28fa5a48112a46e66be136d0567ac7bb82a8c9d55d5,MISSING_OUTCOME,2
2,PAIRED_ANALYTICAL_ARMS,false,false,false,false,RAW_ADJUSTED_PAIR,d5b34b6757aa38249761a9ff779f9851d6b2abbf62d4cb5dbb5e2f06c07bac6c,MISSING_OUTCOME,2
2,PAIRED_ANALYTICAL_ARMS,false,false,false,false,RAW_ADJUSTED_PAIR,d5b74052756c38da62432de45115fb3e0750dfe13178d3cc9624415e2ec7459f,MISSING_OUTCOME,2
2,PAIRED_ANALYTICAL_ARMS,false,false,false,false,RAW_ADJUSTED_PAIR,d5d00d1073ab561a1d8f4de884eed787ee36f27f5919533bb5040f2db6993697,MISSING_OUTCOME,2
2,PAIRED_ANALYTICAL_ARMS,false,false,false,false,RAW_ADJUSTED_PAIR,d6ab224a1fd9292d7c4ddd3511c279c38d320b0fc2d9f62e110c6b362acee3dd,COMPLETED_COMPARABLE_OUTCOME,3
2,PAIRED_ANALYTICAL_ARMS,false,false,false,false,RAW_ADJUSTED_PAIR,d6d6e2041c89a53bc6fe45282cdcbac8a42f3a53f9a3e99853c730fd9c9514d1,MISSING_OUTCOME,2
2,PAIRED_ANALYTICAL_ARMS,false,false,false,false,RAW_ADJUSTED_PAIR,d6e7df6fa6373e13d5635821f21e0f6e6303430e470a39902025c8d79ed53c27,MISSING_OUTCOME,2
2,PAIRED_ANALYTICAL_ARMS,false,false,false,false,RAW_ADJUSTED_PAIR,d6e7fd1735e05719285a12937cbc42015d46afd6e33efecddc7fe7c069959b01,MISSING_OUTCOME,2
2,PAIRED_ANALYTICAL_ARMS,false,false,false,false,RAW_ADJUSTED_PAIR,d71cd3908692fc958aac72face4b507700817878b18b998fafc4623ee662980d,MISSING_OUTCOME,2
2,PAIRED_ANALYTICAL_ARMS,false,false,false,false,RAW_ADJUSTED_PAIR,d757d80194e55b4e08f15a8bbfddf99c2fdafed7cf88657ed8d2eecbb2e42b5e,MISSING_OUTCOME,2
2,PAIRED_ANALYTICAL_ARMS,false,false,false,false,RAW_ADJUSTED_PAIR,d75d051cc361484edf4fbedd05e6125ab8176a78a81762509ee9dd942742c62b,MISSING_OUTCOME,2
2,PAIRED_ANALYTICAL_ARMS,false,false,false,false,RAW_ADJUSTED_PAIR,d77f8f6c7c7be5d5d8f57298cfdc75e4f0732e1d6096aad94ef75749989900a3,MISSING_OUTCOME,2
2,PAIRED_ANALYTICAL_ARMS,false,false,false,false,RAW_ADJUSTED_PAIR,d89a27c3000d7582804218cb5bb39201f228743610ef1f3c787cdf835058e5e0,MISSING_OUTCOME,2
2,PAIRED_ANALYTICAL_ARMS,false,false,false,false,RAW_ADJUSTED_PAIR,d8a121b14c4e88d5de3e7867053890875cd8f10fa9b5ffc90c031ae36097bfc8,COMPLETED_COMPARABLE_OUTCOME,3
2,PAIRED_ANALYTICAL_ARMS,false,false,false,false,RAW_ADJUSTED_PAIR,d8b2ca4eb07078787c9878252d5e14aeae5f13db26eac2952b6657eb03abd219,MISSING_OUTCOME,2
2,PAIRED_ANALYTICAL_ARMS,false,false,false,false,RAW_ADJUSTED_PAIR,d8c496888208b520df6f8bc469bf2246adc76dbcc32fd1c804afd7de49bfe68e,MISSING_OUTCOME,2
2,PAIRED_ANALYTICAL_ARMS,false,false,false,false,RAW_ADJUSTED_PAIR,d8ceb7e9d2e750665b41f76b823958fb37946f4cdf95256831466c4aa643fd60,MISSING_OUTCOME,2
2,PAIRED_ANALYTICAL_ARMS,false,false,false,false,RAW_ADJUSTED_PAIR,d8e67642507ea69d0d12fedbfb506ba39f4b45419fcfef9e7897f1bc6f6a4454,MISSING_OUTCOME,2
2,PAIRED_ANALYTICAL_ARMS,false,false,false,false,RAW_ADJUSTED_PAIR,d963451c7412d02973492de1293ba4568caa8dacb92e55857fcae86d183bd3bb,PENDING_END_OF_DATA,3
2,PAIRED_ANALYTICAL_ARMS,false,false,false,false,RAW_ADJUSTED_PAIR,da393a217c6b07dc29e06226ab575676cfbb42caefcbc845b28f36018627db33,MISSING_OUTCOME,2
2,PAIRED_ANALYTICAL_ARMS,false,false,false,false,RAW_ADJUSTED_PAIR,da5368ed5a757b21994d12001a7f85431eec9fa58518f2ced1e5e6b45cc175f6,COMPLETED_COMPARABLE_OUTCOME,3
2,PAIRED_ANALYTICAL_ARMS,false,false,false,false,RAW_ADJUSTED_PAIR,da704a75dbde8da5d3a27f17f1966a4851b27bd5d707eb2018f7fa4b1b101951,MISSING_OUTCOME,2
2,PAIRED_ANALYTICAL_ARMS,false,false,false,false,RAW_ADJUSTED_PAIR,daafd127ddf7ea83f41bf04fc7f95493fa722116c8116de7e38911943909eb68,NOT_ENTERED,3
2,PAIRED_ANALYTICAL_ARMS,false,false,false,false,RAW_ADJUSTED_PAIR,dabc3335d32dbbd4c8c50bcd81c0dbcaa6addf844a4ada0bbf52e75f1f7f84ca,MISSING_OUTCOME,2
2,PAIRED_ANALYTICAL_ARMS,false,false,false,false,RAW_ADJUSTED_PAIR,dace9f19b927a612e6c9b6a1762694c3f71f72e6fd22447be52ecda5b07c01dc,MISSING_OUTCOME,2
2,PAIRED_ANALYTICAL_ARMS,false,false,false,false,RAW_ADJUSTED_PAIR,dae0b7670e5a2d0b4ec973f3293b8b33947c9935f9f452b85d3a5f59cbe3a461,MISSING_OUTCOME,2
2,PAIRED_ANALYTICAL_ARMS,false,false,false,false,RAW_ADJUSTED_PAIR,daecec2ef50bea7a586fde4184edcacf5de26b6fc0be924a1f28073565571af5,NOT_ENTERED,3
2,PAIRED_ANALYTICAL_ARMS,false,false,false,false,RAW_ADJUSTED_PAIR,db3b89e7a3f9854137c02dcc3ba9837fc6d87f174763ba9f7090e31dc4718a4b,MISSING_OUTCOME,2
2,PAIRED_ANALYTICAL_ARMS,false,false,false,false,RAW_ADJUSTED_PAIR,db8921b9f0b5f769c11ba57f9a8df4ec6404662f689589e7b5bd2826964e50cb,MISSING_OUTCOME,2
2,PAIRED_ANALYTICAL_ARMS,false,false,false,false,RAW_ADJUSTED_PAIR,db8b5e977bedddf63e9c77511c44a1add3d25118f8d786287e26f2b801da16b3,MISSING_OUTCOME,2
2,PAIRED_ANALYTICAL_ARMS,false,false,false,false,RAW_ADJUSTED_PAIR,dbe84674e95e4af04064ff2815e377c450ef65db514be6524ac226defea1c9ec,MISSING_OUTCOME,2
2,PAIRED_ANALYTICAL_ARMS,false,false,false,false,RAW_ADJUSTED_PAIR,dc025a1f0524318789c779bccf7dc7c8544be915d1866e4ea6a53360ff750b6e,MISSING_OUTCOME,2
2,PAIRED_ANALYTICAL_ARMS,false,false,false,false,RAW_ADJUSTED_PAIR,dc23932519834052f8f75186341bd10491e53d955596c5e980731d3594b9eab9,COMPLETED_COMPARABLE_OUTCOME,3
2,PAIRED_ANALYTICAL_ARMS,false,false,false,false,RAW_ADJUSTED_PAIR,dc6327c370b459da80d5e6770516ca9d7640e572946c9ef51c9c6d2c41d5cc14,MISSING_OUTCOME,2
2,PAIRED_ANALYTICAL_ARMS,false,false,false,false,RAW_ADJUSTED_PAIR,dcc89c17de121fd1006463c3b3e101559c7bee84bdfb156fbef33f7fb78013e7,MISSING_OUTCOME,2
2,PAIRED_ANALYTICAL_ARMS,false,false,false,false,RAW_ADJUSTED_PAIR,dd067e064911ebb75f76d6aaa28846c20e8e2716e49714ac774ab30caaeda876,MISSING_OUTCOME,2
2,PAIRED_ANALYTICAL_ARMS,false,false,false,false,RAW_ADJUSTED_PAIR,dd7740cdf1b7d3b86da687761763c03777228659c0551867b1dad7dfbe92ca59,MISSING_OUTCOME,2
2,PAIRED_ANALYTICAL_ARMS,false,false,false,false,RAW_ADJUSTED_PAIR,ddbe54e0881dfa797776445e30870eb68cf3a98f5fae4742740bbe8dea3dc5d3,MISSING_OUTCOME,2
2,PAIRED_ANALYTICAL_ARMS,false,false,false,false,RAW_ADJUSTED_PAIR,ddc015638d9a3c119084a58c1e46eef73ccf211fd78d3fa06fd0d07468fc7bd8,COMPLETED_COMPARABLE_OUTCOME,3
2,PAIRED_ANALYTICAL_ARMS,false,false,false,false,RAW_ADJUSTED_PAIR,ddc22fc0fb8655f2f7f6000d6120deb4e553280aaf5d123e2a6d97582c96e999,PENDING_END_OF_DATA,3
2,PAIRED_ANALYTICAL_ARMS,false,false,false,false,RAW_ADJUSTED_PAIR,ddcbbe05297605efd63d8aed2ffaa16d304af2f62a1a81809be4519d67ca993a,MISSING_OUTCOME,2
2,PAIRED_ANALYTICAL_ARMS,false,false,false,false,RAW_ADJUSTED_PAIR,dddc61e6fdfab3f578aa50ce9617b8fad21579829f0286847cad2d2dc81faf97,PENDING_END_OF_DATA,3
2,PAIRED_ANALYTICAL_ARMS,false,false,false,false,RAW_ADJUSTED_PAIR,de7c132c5eeff7225ff37204e8647ed75b43b5edec8bfa08f8bc5e73e5ce2644,MISSING_OUTCOME,2
2,PAIRED_ANALYTICAL_ARMS,false,false,false,false,RAW_ADJUSTED_PAIR,dea9873445809cab24c1d2dced0007d1362d9cd2a140653a120ad339e9d73065,MISSING_OUTCOME,2
2,PAIRED_ANALYTICAL_ARMS,false,false,false,false,RAW_ADJUSTED_PAIR,dee8c43447044db5a6a55fd04042ebb605dc213a46d57b981b0a12db0fc87aa9,NOT_ENTERED,3
2,PAIRED_ANALYTICAL_ARMS,false,false,false,false,RAW_ADJUSTED_PAIR,def8bead6032ea50bbd09e2e0cf622fee78d9b5991bd7e8bea2b0626d5b965e3,MISSING_OUTCOME,2
2,PAIRED_ANALYTICAL_ARMS,false,false,false,false,RAW_ADJUSTED_PAIR,defb0e95757b7a3197da004517d6aecadba93c690af5a181a810305e7edf6f33,MISSING_OUTCOME,2
2,PAIRED_ANALYTICAL_ARMS,false,false,false,false,RAW_ADJUSTED_PAIR,defc516786235530628bf3cf39f08251a1afff9ce73c90cbfff8270bda7ec041,MISSING_OUTCOME,2
2,PAIRED_ANALYTICAL_ARMS,false,false,false,false,RAW_ADJUSTED_PAIR,df631df1e5204e30c518259a4d5c523cc9953ab5c4c4f2a912d49ca630a203c2,NOT_ENTERED,3
2,PAIRED_ANALYTICAL_ARMS,false,false,false,false,RAW_ADJUSTED_PAIR,df6988c47642360b5da1755655cc1caadb530b02f9d48ca0712525235a06ac60,MISSING_OUTCOME,2
2,PAIRED_ANALYTICAL_ARMS,false,false,false,false,RAW_ADJUSTED_PAIR,dfda2a41accc7f93e9b47fe71492042d4cb700ab76810cc8c3da2050138fd3f0,MISSING_OUTCOME,2
2,PAIRED_ANALYTICAL_ARMS,false,false,false,false,RAW_ADJUSTED_PAIR,e059d6506e6d56bb35ce43d3c6c28aa9762a4bde2225077f856e844873c7d16c,MISSING_OUTCOME,2
2,PAIRED_ANALYTICAL_ARMS,false,false,false,false,RAW_ADJUSTED_PAIR,e07ce9a8bf312fdf5caa3195972b33c67589df7c5ce34a6bb16a94d72d3125bd,MISSING_OUTCOME,2
2,PAIRED_ANALYTICAL_ARMS,false,false,false,false,RAW_ADJUSTED_PAIR,e0a68fa0af23886a05b8ac9895a2c15d950d2cdb8db0ab694d35e7eb6583baf2,MISSING_OUTCOME,2
2,PAIRED_ANALYTICAL_ARMS,false,false,false,false,RAW_ADJUSTED_PAIR,e1b7d73a95abd745d52f4308c405c438490545d5814d73401cd5bf5346840dea,MISSING_OUTCOME,2
2,PAIRED_ANALYTICAL_ARMS,false,false,false,false,RAW_ADJUSTED_PAIR,e1f7bee53ff28ba2d3559b75ecf1b1c3858f47db9722a797ec9919ef508f286d,COMPLETED_COMPARABLE_OUTCOME,3
2,PAIRED_ANALYTICAL_ARMS,false,false,false,false,RAW_ADJUSTED_PAIR,e1f86fd29b44e7405a7841e37efad1e7c3a1e11035b39381bf2a6c84a75c7445,MISSING_OUTCOME,2
2,PAIRED_ANALYTICAL_ARMS,false,false,false,false,RAW_ADJUSTED_PAIR,e22ac16c6d977e9c38664e92ab73255ef6b4ce6efa136be575f74fb87ba6e7a9,MISSING_OUTCOME,2
2,PAIRED_ANALYTICAL_ARMS,false,false,false,false,RAW_ADJUSTED_PAIR,e251d07d65b13f5a14cb60bea6396e90f222427cdb723a2ca4aff30122b01b96,MISSING_OUTCOME,2
2,PAIRED_ANALYTICAL_ARMS,false,false,false,false,RAW_ADJUSTED_PAIR,e26543f39979068eefba55cb3d2e1d032149cd0c56fc7544096d735b6edc74e2,MISSING_OUTCOME,2
2,PAIRED_ANALYTICAL_ARMS,false,false,false,false,RAW_ADJUSTED_PAIR,e29da2638b7d8437186d3f2e1a0229b3cb563e3111cbda4462a2cc62c054102e,MISSING_OUTCOME,2
2,PAIRED_ANALYTICAL_ARMS,false,false,false,false,RAW_ADJUSTED_PAIR,e2def77d5de04e22b1a4f1f830c9a5c3c7516399282c95d45ac1abe1cd1e0063,MISSING_OUTCOME,2
2,PAIRED_ANALYTICAL_ARMS,false,false,false,false,RAW_ADJUSTED_PAIR,e329d4ccf3707b10a2646bd382edbcb30434a2644beb17af0113300ce28b6c60,MISSING_OUTCOME,2
2,PAIRED_ANALYTICAL_ARMS,false,false,false,false,RAW_ADJUSTED_PAIR,e32c3c29a884375b00f7dcefda849956eff493ea19473b3d688713a264e5f106,MISSING_OUTCOME,2
2,PAIRED_ANALYTICAL_ARMS,false,false,false,false,RAW_ADJUSTED_PAIR,e37663e30db744fbf933e6485f5806f33325005c8765aaafbd5ab2e1f6ec0dfa,MISSING_OUTCOME,2
2,PAIRED_ANALYTICAL_ARMS,false,false,false,false,RAW_ADJUSTED_PAIR,e3786b28810e89fbae71c9ba6c5b2f2983a40411f365e0151554e7e99b852c6d,MISSING_OUTCOME,2
2,PAIRED_ANALYTICAL_ARMS,false,false,false,false,RAW_ADJUSTED_PAIR,e37c69ebc1e1939b83799e36f71c48b25170d9f126b2f5bdf67911cb956d20af,MISSING_OUTCOME,2
2,PAIRED_ANALYTICAL_ARMS,false,false,false,false,RAW_ADJUSTED_PAIR,e385b18d7864d8ab7da8afc7392fe7ec52826536968f6aeb6f4918abcebff38e,MISSING_OUTCOME,2
2,PAIRED_ANALYTICAL_ARMS,false,false,false,false,RAW_ADJUSTED_PAIR,e3a38250c18faf030a1bde5c6ea9bd5f91936804515bcea218d6fc6bb97d136b,MISSING_OUTCOME,2
2,PAIRED_ANALYTICAL_ARMS,false,false,false,false,RAW_ADJUSTED_PAIR,e3c7a38ce109e7a5993b08de293bc95e6f8c6b5ea83caed9a3a9c3c2f18efe13,MISSING_OUTCOME,2
2,PAIRED_ANALYTICAL_ARMS,false,false,false,false,RAW_ADJUSTED_PAIR,e43ebbc9876a180512f54850ffce95e286744bbf5383411b2ef0df08e39d08c6,MISSING_OUTCOME,2
2,PAIRED_ANALYTICAL_ARMS,false,false,false,false,RAW_ADJUSTED_PAIR,e455ef7901c89daebf6bae5d33de6c15240884ec27c56891946e69033552b88e,MISSING_OUTCOME,2
2,PAIRED_ANALYTICAL_ARMS,false,false,false,false,RAW_ADJUSTED_PAIR,e46d3adc965f593170e94c3ce759c93e4d376080f7a91e092060892b1a47770a,MISSING_OUTCOME,2
2,PAIRED_ANALYTICAL_ARMS,false,false,false,false,RAW_ADJUSTED_PAIR,e4a22e4ebd80495ce97a5ba372a551eeeee2e587fec159c2a670a9856b5aab02,COMPLETED_COMPARABLE_OUTCOME,3
2,PAIRED_ANALYTICAL_ARMS,false,false,false,false,RAW_ADJUSTED_PAIR,e4b4255b0be4a730ee995d0fec9100200c05cc9d4e7c8c76d0ddc2207f07ff5c,MISSING_OUTCOME,2
2,PAIRED_ANALYTICAL_ARMS,false,false,false,false,RAW_ADJUSTED_PAIR,e4d4d40075c010e1558fb2156601ecd591aa04e15a46453871bc717cefc5018c,COMPLETED_COMPARABLE_OUTCOME,3
2,PAIRED_ANALYTICAL_ARMS,false,false,false,false,RAW_ADJUSTED_PAIR,e53149b6c07e615e65bf965259360c85f541d58a7ba777625b2a21b6048f7682,COMPLETED_COMPARABLE_OUTCOME,3
2,PAIRED_ANALYTICAL_ARMS,false,false,false,false,RAW_ADJUSTED_PAIR,e58620bfe5cecc46165f55cf2482ff73e0349e167ffe7078cc07f3247cb28e2b,MISSING_OUTCOME,2
2,PAIRED_ANALYTICAL_ARMS,false,false,false,false,RAW_ADJUSTED_PAIR,e5a0fef1bf7dd2c2b31e32db5468416bf08f57ab5b00167353e93833f04610e1,MISSING_OUTCOME,2
2,PAIRED_ANALYTICAL_ARMS,false,false,false,false,RAW_ADJUSTED_PAIR,e5b6488613710fa72467e9ca5e37a851ab3e691df67f8e8b068794bfef9bd41e,MISSING_OUTCOME,2
2,PAIRED_ANALYTICAL_ARMS,false,false,false,false,RAW_ADJUSTED_PAIR,e5e16b57ef72c130ab76a535c7aba858ca435465ba678ffe0ec81199cbb19a1b,COMPLETED_COMPARABLE_OUTCOME,3
2,PAIRED_ANALYTICAL_ARMS,false,false,false,false,RAW_ADJUSTED_PAIR,e5e78058115dcbcd15aeaf7d9438cb920ab8bcc9e3ee39fb47d57efb975cbbc6,MISSING_OUTCOME,2
2,PAIRED_ANALYTICAL_ARMS,false,false,false,false,RAW_ADJUSTED_PAIR,e5f57755033a4f76e0c5fb1d3b27e955f29c71cce7ba2dcba01777cd94d1b69a,MISSING_OUTCOME,2
2,PAIRED_ANALYTICAL_ARMS,false,false,false,false,RAW_ADJUSTED_PAIR,e6232091d7cf2850cbfc0a40711054b720acd6258c1e43d90d16dc3f90adde08,MISSING_OUTCOME,2
2,PAIRED_ANALYTICAL_ARMS,false,false,false,false,RAW_ADJUSTED_PAIR,e66a0deda24824695e932196a3e2d437846a27f3cef3e7d7d35df938cef65352,NOT_ENTERED,3
2,PAIRED_ANALYTICAL_ARMS,false,false,false,false,RAW_ADJUSTED_PAIR,e689ab35feda2aedf4fa7a0df8ee3577aca1942833ac72e8ca21af6aedae6fc7,MISSING_OUTCOME,2
2,PAIRED_ANALYTICAL_ARMS,false,false,false,false,RAW_ADJUSTED_PAIR,e68cf37ed956d3830f2e17fc11318e24d3246490301a1315662e93e210c69bc5,MISSING_OUTCOME,2
2,PAIRED_ANALYTICAL_ARMS,false,false,false,false,RAW_ADJUSTED_PAIR,e6e5de53f93b15d713834afbf6a00b67bce55d77a22f2e610b5def77644efe32,NOT_ENTERED,3
2,PAIRED_ANALYTICAL_ARMS,false,false,false,false,RAW_ADJUSTED_PAIR,e7a7c32d6dcead3722da86b650c77869f9bfdec1ae5ca87e650cef0473002ff8,MISSING_OUTCOME,2
2,PAIRED_ANALYTICAL_ARMS,false,false,false,false,RAW_ADJUSTED_PAIR,e7b6263a80a3d6b4c4893e11e4143649e21adc527bda54962b9ca18b274b7014,COMPLETED_COMPARABLE_OUTCOME,3
2,PAIRED_ANALYTICAL_ARMS,false,false,false,false,RAW_ADJUSTED_PAIR,e7f659e3abe86695bd4f0f03721d2b404273d312a634d16189c6060d90b28bd1,MISSING_OUTCOME,2
2,PAIRED_ANALYTICAL_ARMS,false,false,false,false,RAW_ADJUSTED_PAIR,e86b26b2fb427e71c70500ba08dc0fde4d654e533ce8ad41340d0cccb18e7f5e,MISSING_OUTCOME,2
2,PAIRED_ANALYTICAL_ARMS,false,false,false,false,RAW_ADJUSTED_PAIR,e8c8d9253ee2a5c6e9516a271a944fd38735b807e6070cf03495564ddec059cd,MISSING_OUTCOME,2
2,PAIRED_ANALYTICAL_ARMS,false,false,false,false,RAW_ADJUSTED_PAIR,e8d2eb1e7c33e119c8ae7bfb91b22861fb165a45f346eda10576026af878919f,MISSING_OUTCOME,2
2,PAIRED_ANALYTICAL_ARMS,false,false,false,false,RAW_ADJUSTED_PAIR,e8e90bf9b40ce7511d417797b6bc147c8c1b24aa33cb25eaa5cd836abb6347a7,MISSING_OUTCOME,2
2,PAIRED_ANALYTICAL_ARMS,false,false,false,false,RAW_ADJUSTED_PAIR,e90082fbb73794104e334403bdd9cfe212b17197597474e615a36eeb6f813489,MISSING_OUTCOME,2
2,PAIRED_ANALYTICAL_ARMS,false,false,false,false,RAW_ADJUSTED_PAIR,e9286d7e5433dcc88924b94d7b7392998d2ba304155a2df790d720ba081926a2,MISSING_OUTCOME,2
2,PAIRED_ANALYTICAL_ARMS,false,false,false,false,RAW_ADJUSTED_PAIR,e9e128ac3688ed0dcdedb3a62d0337fbd7ce1408ac94eb16c1f46f5eb499b150,MISSING_OUTCOME,2
2,PAIRED_ANALYTICAL_ARMS,false,false,false,false,RAW_ADJUSTED_PAIR,e9e4be2cdb05463a38a8ebaae50b67d2245d78540eb7ed2d330527f9e7e89c2d,MISSING_OUTCOME,2
2,PAIRED_ANALYTICAL_ARMS,false,false,false,false,RAW_ADJUSTED_PAIR,e9ed28c3829276c25d937bb3d4da3b775c7784714375027b455dfc0d50035f61,MISSING_OUTCOME,2
2,PAIRED_ANALYTICAL_ARMS,false,false,false,false,RAW_ADJUSTED_PAIR,e9ff15358f04d9d1db6794d0d14330b7f9db65b3c5b0e2a5c78fd19564fa905e,MISSING_OUTCOME,2
2,PAIRED_ANALYTICAL_ARMS,false,false,false,false,RAW_ADJUSTED_PAIR,ea1bee91087e6d523ebf468d13486461ff4a94d1d6c3fafc3be4cf529b56c9af,MISSING_OUTCOME,2
2,PAIRED_ANALYTICAL_ARMS,false,false,false,false,RAW_ADJUSTED_PAIR,ea4476f5738a6672072b70e45fb4ca3b01332bc37240759f4498dba3ae24420d,MISSING_OUTCOME,2
2,PAIRED_ANALYTICAL_ARMS,false,false,false,false,RAW_ADJUSTED_PAIR,ea59dc32e51446d804f226a69d354440b6b6382d701a90d3c8294206aa08926e,MISSING_OUTCOME,2
2,PAIRED_ANALYTICAL_ARMS,false,false,false,false,RAW_ADJUSTED_PAIR,ea628f4d4120500aa4eb5b296f2493cee59010655ca31132350bf22a2572fead,COMPLETED_COMPARABLE_OUTCOME,3
2,PAIRED_ANALYTICAL_ARMS,false,false,false,false,RAW_ADJUSTED_PAIR,ea6aa4cee58582453d294144e6e71b4b3d4b8cc95d7550e954bb6adb8ee099bb,MISSING_OUTCOME,2
2,PAIRED_ANALYTICAL_ARMS,false,false,false,false,RAW_ADJUSTED_PAIR,ea8a9aecda864740c6025f0e1e50358bfc509d2a0b7e13b18ec0f3b72b326dfa,MISSING_OUTCOME,2
2,PAIRED_ANALYTICAL_ARMS,false,false,false,false,RAW_ADJUSTED_PAIR,eaa8a5aad979073d82c321d4d7f687ccdf0122247f186b9a3d4b5d9b2c8613bc,MISSING_OUTCOME,2
2,PAIRED_ANALYTICAL_ARMS,false,false,false,false,RAW_ADJUSTED_PAIR,eaa93dc9442ad8cb0c14cfffcac4833b101853ddfdb8bb4d061442f35c5900c0,MISSING_OUTCOME,2
2,PAIRED_ANALYTICAL_ARMS,false,false,false,false,RAW_ADJUSTED_PAIR,eb0fabb8acd2241e34dd2defff251707b0f38ac944935d1e2f43e63309d6e58a,MISSING_OUTCOME,2
2,PAIRED_ANALYTICAL_ARMS,false,false,false,false,RAW_ADJUSTED_PAIR,eb4ae06811b6927903320ccd6be14f54dac37503eaa046086f76048a6e4f922b,MISSING_OUTCOME,2
2,PAIRED_ANALYTICAL_ARMS,false,false,false,false,RAW_ADJUSTED_PAIR,eb50ed704d226421ef76f19d70ae4f6dfdd5ff4198723d809e90bf90ab229c80,MISSING_OUTCOME,2
2,PAIRED_ANALYTICAL_ARMS,false,false,false,false,RAW_ADJUSTED_PAIR,eb87e77c84a41b93660e93e60fa23a5e28f15f2f21e773d1e14c5b7786002206,COMPLETED_COMPARABLE_OUTCOME,3
2,PAIRED_ANALYTICAL_ARMS,false,false,false,false,RAW_ADJUSTED_PAIR,eba76bfaf68dcd4d01fee8709210113d3fddfd23902f80490e926981231e15e7,MISSING_OUTCOME,2
2,PAIRED_ANALYTICAL_ARMS,false,false,false,false,RAW_ADJUSTED_PAIR,ec03b13e374e7f742dc784a6ed5a71d00a46e3ee478b6fda711dd5a27334bf11,MISSING_OUTCOME,2
2,PAIRED_ANALYTICAL_ARMS,false,false,false,false,RAW_ADJUSTED_PAIR,ec0d06a13781df5b770b909690b7476c895342f5aa741636effc6321ecf3008b,MISSING_OUTCOME,2
2,PAIRED_ANALYTICAL_ARMS,false,false,false,false,RAW_ADJUSTED_PAIR,ec3f8b69a30b335c9f78ccff1663d28d4402eb2939155d90f5df95033ce9901c,MISSING_OUTCOME,2
2,PAIRED_ANALYTICAL_ARMS,false,false,false,false,RAW_ADJUSTED_PAIR,ec444ebea0407d3076aa88d3b272fcd737c8dcc86a15552fc2397a83116c7793,MISSING_OUTCOME,2
2,PAIRED_ANALYTICAL_ARMS,false,false,false,false,RAW_ADJUSTED_PAIR,ec7330c5caf2edf2918b86c407319e19fe76dd493bd19b7246bd021cb9324772,MISSING_OUTCOME,2
2,PAIRED_ANALYTICAL_ARMS,false,false,false,false,RAW_ADJUSTED_PAIR,eca86bfca6ad900b7616609b1ccd84f902b32b8ea6a2c449b070716c8326f80d,MISSING_OUTCOME,2
2,PAIRED_ANALYTICAL_ARMS,false,false,false,false,RAW_ADJUSTED_PAIR,ecef39b4e62affa02a1dae5740ab836a0b272a1f4728fb2d38f15eb654a6c20f,MISSING_OUTCOME,2
2,PAIRED_ANALYTICAL_ARMS,false,false,false,false,RAW_ADJUSTED_PAIR,ed14f5222d59e36750f88b99666a9de716aeb934381372d97502eefdfd26f79b,MISSING_OUTCOME,2
2,PAIRED_ANALYTICAL_ARMS,false,false,false,false,RAW_ADJUSTED_PAIR,ed3b0be605f00826d61068f1dd42ccf84cb5bdb26712d982bf3b9cdbea23f646,MISSING_OUTCOME,2
2,PAIRED_ANALYTICAL_ARMS,false,false,false,false,RAW_ADJUSTED_PAIR,ed505f2a0daa1291dba8e535aabb849c902bf4e3dcf7185f59b4ad12a39ea3f6,MISSING_OUTCOME,2
2,PAIRED_ANALYTICAL_ARMS,false,false,false,false,RAW_ADJUSTED_PAIR,ed6e9db5a4abb15bf24fc076df399549e2ea3415dfb9276458795b6cdcf72ef2,MISSING_OUTCOME,2
2,PAIRED_ANALYTICAL_ARMS,false,false,false,false,RAW_ADJUSTED_PAIR,ee07b4571b1dee0d19a9a4266b9e058029d5a669efaf89137c55ad9820ca6cc5,MISSING_OUTCOME,2
2,PAIRED_ANALYTICAL_ARMS,false,false,false,false,RAW_ADJUSTED_PAIR,ee3cdd43829c5e5605c7b4f99db823a642f56444744fa0f596c0109854d45a79,MISSING_OUTCOME,2
2,PAIRED_ANALYTICAL_ARMS,false,false,false,false,RAW_ADJUSTED_PAIR,ee625f18c2122552ce785456a688ba1f146bdcab4f3263da2f6e73bb0b8643b7,MISSING_OUTCOME,2
2,PAIRED_ANALYTICAL_ARMS,false,false,false,false,RAW_ADJUSTED_PAIR,ee688ce638466aba47ebd48392d2f23d8844d4ef24092a8d53b0ef89c20037e6,MISSING_OUTCOME,2
2,PAIRED_ANALYTICAL_ARMS,false,false,false,false,RAW_ADJUSTED_PAIR,eec1c3e1fff9a635b96033ccaa171b99d3404d7c99da2e0cdaa9e5c414688c6d,MISSING_OUTCOME,2
2,PAIRED_ANALYTICAL_ARMS,false,false,false,false,RAW_ADJUSTED_PAIR,eed3e920f5c6af5010255344578dbcf73b57e88e9a409267b4c28c7b69a8b11f,COMPLETED_COMPARABLE_OUTCOME,3
2,PAIRED_ANALYTICAL_ARMS,false,false,false,false,RAW_ADJUSTED_PAIR,ef3baefc32c1eb63dbb4e67d7d4b71bf2ba80f525f4fd78dcffea68b42c3801c,MISSING_OUTCOME,2
2,PAIRED_ANALYTICAL_ARMS,false,false,false,false,RAW_ADJUSTED_PAIR,ef48c03dba8df12edaa5111b14e1c5d37310d556c1080f624421827a77238901,MISSING_OUTCOME,2
2,PAIRED_ANALYTICAL_ARMS,false,false,false,false,RAW_ADJUSTED_PAIR,ef637f90a48f7e3491d670281af9051a62f74bd995879815ad4c70ca6340e141,MISSING_OUTCOME,2
2,PAIRED_ANALYTICAL_ARMS,false,false,false,false,RAW_ADJUSTED_PAIR,ef8efc719f310f7cf9fb54662673120b4f4684ab86da0b9920f9c33b922b9dc7,MISSING_OUTCOME,2
2,PAIRED_ANALYTICAL_ARMS,false,false,false,false,RAW_ADJUSTED_PAIR,ef976765aecd8ab45af47f77cc90e84c4469bf1361e9469c7f8cdbfc3a4d35c0,MISSING_OUTCOME,2
2,PAIRED_ANALYTICAL_ARMS,false,false,false,false,RAW_ADJUSTED_PAIR,efca9cd13353b69409c1aaedb4d23169b54189dce3a9f906c3129f205292af03,MISSING_OUTCOME,2
2,PAIRED_ANALYTICAL_ARMS,false,false,false,false,RAW_ADJUSTED_PAIR,f0191d2807a9a5127be9b17784d3a85ad0c1460c548b292934a748cd30b1f9e9,MISSING_OUTCOME,2
2,PAIRED_ANALYTICAL_ARMS,false,false,false,false,RAW_ADJUSTED_PAIR,f033c24edd766fdcbe9e8423ea37cb3a701f2cecd126d625d5a8519f62f45e82,MISSING_OUTCOME,2
2,PAIRED_ANALYTICAL_ARMS,false,false,false,false,RAW_ADJUSTED_PAIR,f0bbb7cb47f830d5cc2a5e692ddfb8cfd8b3d9a29331a1ad7d20f79983f094dd,MISSING_OUTCOME,2
2,PAIRED_ANALYTICAL_ARMS,false,false,false,false,RAW_ADJUSTED_PAIR,f0c3bdb2103ca8affc6e7b6723e66edeb89bc5c146ae52ee596a7cfc5e7352aa,MISSING_OUTCOME,2
2,PAIRED_ANALYTICAL_ARMS,false,false,false,false,RAW_ADJUSTED_PAIR,f0d91587045d7c5b1e0e7d93aed1748f72309202678467211d8f673f9e86bd43,NOT_ENTERED,3
2,PAIRED_ANALYTICAL_ARMS,false,false,false,false,RAW_ADJUSTED_PAIR,f0f5e842cb75b65d4e7645f71b33efdcaa453be438942c80b1466583901cc955,MISSING_OUTCOME,2
2,PAIRED_ANALYTICAL_ARMS,false,false,false,false,RAW_ADJUSTED_PAIR,f1104160e4bf043c6884ae6c487475ce5d2fbf36be2f4210814385c34fd657cd,MISSING_OUTCOME,2
2,PAIRED_ANALYTICAL_ARMS,false,false,false,false,RAW_ADJUSTED_PAIR,f115d10c72845e9f17e146a29f343a2b5faacf8fc361cd1d9aed75477b2aa5a3,MISSING_OUTCOME,2
2,PAIRED_ANALYTICAL_ARMS,false,false,false,false,RAW_ADJUSTED_PAIR,f16633f7ec1c7561ad1bd300a74385f4dc7005709c770fa2a8dc1fd36eca2516,MISSING_OUTCOME,2
2,PAIRED_ANALYTICAL_ARMS,false,false,false,false,RAW_ADJUSTED_PAIR,f1bda2ec709c6bbb85a4971ae7e6e2383a70e75c5a671811107d8d1ecc1e62e9,MISSING_OUTCOME,2
2,PAIRED_ANALYTICAL_ARMS,false,false,false,false,RAW_ADJUSTED_PAIR,f1e296e18a66f459707f62a16018039e0f973515506fd429ab5619f0a723001a,NOT_ENTERED,3
2,PAIRED_ANALYTICAL_ARMS,false,false,false,false,RAW_ADJUSTED_PAIR,f1f60dcea13d9a2392882603ec598999b3bfa76c4e158291417a257a40fa197d,MISSING_OUTCOME,2
2,PAIRED_ANALYTICAL_ARMS,false,false,false,false,RAW_ADJUSTED_PAIR,f23cab117ceb353ddbe5a04cbb9caad0a5305c649cdc6e5f4210c2025d73bdac,MISSING_OUTCOME,2
2,PAIRED_ANALYTICAL_ARMS,false,false,false,false,RAW_ADJUSTED_PAIR,f25c502d3cfc8378ce733f06073b50dee37cabcdfb46af44831ba7187ee2ba16,MISSING_OUTCOME,2
2,PAIRED_ANALYTICAL_ARMS,false,false,false,false,RAW_ADJUSTED_PAIR,f2bae57f9544041ef02911df03ec782a6056a0b4a3874d9bc477ed1fd4040d41,MISSING_OUTCOME,2
2,PAIRED_ANALYTICAL_ARMS,false,false,false,false,RAW_ADJUSTED_PAIR,f2d4b5fa245a22d4880bab265a0a4aa6a0abfdfd9318044e4c14b2c4b7a9cf2b,MISSING_OUTCOME,2
2,PAIRED_ANALYTICAL_ARMS,false,false,false,false,RAW_ADJUSTED_PAIR,f2f678514198b9be78cf568319a698c30d8b57a451d30caa7e7a7d3ae3e3d037,MISSING_OUTCOME,2
2,PAIRED_ANALYTICAL_ARMS,false,false,false,false,RAW_ADJUSTED_PAIR,f3397c9badb13dc1bb79186cf782f696f739b58460681a8d90c0be4531c91efa,MISSING_OUTCOME,2
2,PAIRED_ANALYTICAL_ARMS,false,false,false,false,RAW_ADJUSTED_PAIR,f33dee7e21a966e08bed8c00ccb4f214828b5f10c9c1ecf927afb8decb127945,MISSING_OUTCOME,2
2,PAIRED_ANALYTICAL_ARMS,false,false,false,false,RAW_ADJUSTED_PAIR,f39d8b888d3098d335dd1a638d3daefe66442312569b18ab868dd7c59b299960,MISSING_OUTCOME,2
2,PAIRED_ANALYTICAL_ARMS,false,false,false,false,RAW_ADJUSTED_PAIR,f39e7b44805b9cfb03e24bdd387fa5a59f5c9cfeb9146e077b59c68885e8914a,MISSING_OUTCOME,2
2,PAIRED_ANALYTICAL_ARMS,false,false,false,false,RAW_ADJUSTED_PAIR,f3aaafab0b4dd74ae4e2ec56d529aeeaf75687b50de4ef3e110879e2770ac1e4,MISSING_OUTCOME,2
2,PAIRED_ANALYTICAL_ARMS,false,false,false,false,RAW_ADJUSTED_PAIR,f3ff40329f128ed9bf490cffe375f307919da68188a293149c48b689fefe58b8,MISSING_OUTCOME,2
2,PAIRED_ANALYTICAL_ARMS,false,false,false,false,RAW_ADJUSTED_PAIR,f423e34ff71153b5120798c40f91e8f36c855eb767770c1a464f8c33b4e7971d,COMPLETED_COMPARABLE_OUTCOME,3
2,PAIRED_ANALYTICAL_ARMS,false,false,false,false,RAW_ADJUSTED_PAIR,f43e721b64306ea1b5e1e8cbd3c4f69fbc7344e6eb3f6bfab5c7551dbe0c6570,PENDING_END_OF_DATA,3
2,PAIRED_ANALYTICAL_ARMS,false,false,false,false,RAW_ADJUSTED_PAIR,f477357176688ae7e076cd7c1ef8f6b769383188d587a4f5a79ec2e250fac824,MISSING_OUTCOME,2
2,PAIRED_ANALYTICAL_ARMS,false,false,false,false,RAW_ADJUSTED_PAIR,f4ded8b8a28dd4f4140712560aa5c5fe7aac70c29836b13b9ff116c0dc4047da,MISSING_OUTCOME,2
2,PAIRED_ANALYTICAL_ARMS,false,false,false,false,RAW_ADJUSTED_PAIR,f4ec5567e326c720c9bc6159bc8b474e375cf6ae029b1597f3ca166d2c91fda7,MISSING_OUTCOME,2
2,PAIRED_ANALYTICAL_ARMS,false,false,false,false,RAW_ADJUSTED_PAIR,f5151730901e615ad788dd48aa2d1648e6c075476195a88da71c9eb7aa7faa70,MISSING_OUTCOME,2
2,PAIRED_ANALYTICAL_ARMS,false,false,false,false,RAW_ADJUSTED_PAIR,f51bee755a3fb721d09e67821a7c2564b2f6aa8f381a7ff1ed745ed25dc5efad,MISSING_OUTCOME,2
2,PAIRED_ANALYTICAL_ARMS,false,false,false,false,RAW_ADJUSTED_PAIR,f572b0b95c28489da99dbf931deed41452e5dbd2447de37dd173eb45bff2208e,MISSING_OUTCOME,2
2,PAIRED_ANALYTICAL_ARMS,false,false,false,false,RAW_ADJUSTED_PAIR,f581697308e4053a3e4214df8bff49834f7d54106843b673a2a614ee5da02b86,MISSING_OUTCOME,2
2,PAIRED_ANALYTICAL_ARMS,false,false,false,false,RAW_ADJUSTED_PAIR,f5d97c27e72ac883c8b69d15cfa601cf4a3d119b7d76344dfa2fc991cceb055f,MISSING_OUTCOME,2
2,PAIRED_ANALYTICAL_ARMS,false,false,false,false,RAW_ADJUSTED_PAIR,f618760d7a9489a10d7f8764f04bfdae29b6efc4182b8db18401ce86093cf932,MISSING_OUTCOME,2
2,PAIRED_ANALYTICAL_ARMS,false,false,false,false,RAW_ADJUSTED_PAIR,f62208082485395ef28d422d06eb1e7374e02f80d2f6c10c533cd816577b9797,MISSING_OUTCOME,2
2,PAIRED_ANALYTICAL_ARMS,false,false,false,false,RAW_ADJUSTED_PAIR,f6ac7b541ad84db49907e1ba50bc200b4852b0c6daa46befc8a267ac2818e00f,MISSING_OUTCOME,2
2,PAIRED_ANALYTICAL_ARMS,false,false,false,false,RAW_ADJUSTED_PAIR,f6bf6b6d149b90e4e00cb0cc8eb783db119c1b338f08c1c6f83737dff60827f7,MISSING_OUTCOME,2
2,PAIRED_ANALYTICAL_ARMS,false,false,false,false,RAW_ADJUSTED_PAIR,f707ce88648c5396dc8eb6de07f4c93def96e2ec8e2b0d510d62711a60acab31,MISSING_OUTCOME,2
2,PAIRED_ANALYTICAL_ARMS,false,false,false,false,RAW_ADJUSTED_PAIR,f772460c9d99473fc0b7600d1dbcf47ecdbbadb1b5057d192a7eeb00d57a1fce,MISSING_OUTCOME,2
2,PAIRED_ANALYTICAL_ARMS,false,false,false,false,RAW_ADJUSTED_PAIR,f77e4e883e9afbee466ee2f410c66310e53d8d9c39d3a31cba8905307ed99ce3,MISSING_OUTCOME,2
2,PAIRED_ANALYTICAL_ARMS,false,false,false,false,RAW_ADJUSTED_PAIR,f7882dcbb12f1f9dc2dd387896f79adb78bfc85a5628a0b275aca24406a7c96a,MISSING_OUTCOME,2
2,PAIRED_ANALYTICAL_ARMS,false,false,false,false,RAW_ADJUSTED_PAIR,f7cbc7e0e47469e8a77b01e3254fa9b30cf9dafb2cbbcce4394c370b9cf13914,MISSING_OUTCOME,2
2,PAIRED_ANALYTICAL_ARMS,false,false,false,false,RAW_ADJUSTED_PAIR,f7e1b00d03e4581d9731242b7521a0c2d002ea5c00b08566d56794086dfb42e6,MISSING_OUTCOME,2
2,PAIRED_ANALYTICAL_ARMS,false,false,false,false,RAW_ADJUSTED_PAIR,f7e8e4623f191b4c4a818a5a995a095ced2df8dfa3614c3b8522d97c934c7429,MISSING_OUTCOME,2
2,PAIRED_ANALYTICAL_ARMS,false,false,false,false,RAW_ADJUSTED_PAIR,f8069d4c13f00a6afccc0cc10013d8c7b5210fe14cc52413fa384ad47a8c40df,MISSING_OUTCOME,2
2,PAIRED_ANALYTICAL_ARMS,false,false,false,false,RAW_ADJUSTED_PAIR,f84727d22910a754d2876ab99eeafdbf1756670e75ef43aa2f9a78b848595332,MISSING_OUTCOME,2
2,PAIRED_ANALYTICAL_ARMS,false,false,false,false,RAW_ADJUSTED_PAIR,f8487e6b4600157a11a8740d4cc81b3db0374b5e1eba27604d94d6ebd0b8360b,MISSING_OUTCOME,2
2,PAIRED_ANALYTICAL_ARMS,false,false,false,false,RAW_ADJUSTED_PAIR,f852307d072cb2fee8a4e7ecc3e90888d7dcb29d5762c95c3ecdb6f49df8a8ad,MISSING_OUTCOME,2
2,PAIRED_ANALYTICAL_ARMS,false,false,false,false,RAW_ADJUSTED_PAIR,f85501a73904a0327ac1c7e179ba66717fb79d9fbf5bb58d96cec75334fba99e,MISSING_OUTCOME,2
2,PAIRED_ANALYTICAL_ARMS,false,false,false,false,RAW_ADJUSTED_PAIR,f8732f46ca4881c8a07c58f20b0981a7387d09ea58d40bb7aa59f539fdced4b7,NOT_ENTERED,3
2,PAIRED_ANALYTICAL_ARMS,false,false,false,false,RAW_ADJUSTED_PAIR,f8740f209a8ad05017e07a43163fc1a10da7bc0cb0b90fe7a362253759c7fa16,MISSING_OUTCOME,2
2,PAIRED_ANALYTICAL_ARMS,false,false,false,false,RAW_ADJUSTED_PAIR,f8c5cd13d4042be7e4c94e8e780f34e2c4367db216270ebcf7bbc9c530fbe43d,MISSING_OUTCOME,2
2,PAIRED_ANALYTICAL_ARMS,false,false,false,false,RAW_ADJUSTED_PAIR,f8cf4f192bc6cca57e2bdb210a11f644bd8bef4304904029fcbb9163169f8bef,MISSING_OUTCOME,2
2,PAIRED_ANALYTICAL_ARMS,false,false,false,false,RAW_ADJUSTED_PAIR,f9097093b32a145f4ea49cd0cbde1b7d3a1dd717571bdf8cb448bccbd9837eec,MISSING_OUTCOME,2
2,PAIRED_ANALYTICAL_ARMS,false,false,false,false,RAW_ADJUSTED_PAIR,f914d1751ac7441e8c6f9ce5c20e1cfd489e52f646faa82164254c4cfd252ec7,MISSING_OUTCOME,2
2,PAIRED_ANALYTICAL_ARMS,false,false,false,false,RAW_ADJUSTED_PAIR,f93b5c58fe6b6c260f7d9799b6ecaafabb9972dc7e4cb9dd4c8d2890973b2577,MISSING_OUTCOME,2
2,PAIRED_ANALYTICAL_ARMS,false,false,false,false,RAW_ADJUSTED_PAIR,f950a6c382d3b421a489bbe073a60c91f40449854a70738aa412158223f37090,MISSING_OUTCOME,2
2,PAIRED_ANALYTICAL_ARMS,false,false,false,false,RAW_ADJUSTED_PAIR,f97b9d0a7ff812dbdb058e6e212d7a100bede2fff9b2ca0f98f62fd243d601ee,MISSING_OUTCOME,2
2,PAIRED_ANALYTICAL_ARMS,false,false,false,false,RAW_ADJUSTED_PAIR,f99b1e2f834e6f06dfc75bc6bf66f878e3d07feeaef625a5c4e8baea5bb039d3,MISSING_OUTCOME,2
2,PAIRED_ANALYTICAL_ARMS,false,false,false,false,RAW_ADJUSTED_PAIR,f9c62c27fa19ba31e5e26a59373aab2b64d5ba71c2df38d62ea35d2abddc2e5a,MISSING_OUTCOME,2
2,PAIRED_ANALYTICAL_ARMS,false,false,false,false,RAW_ADJUSTED_PAIR,f9cfef5f1736c7bacddd3924f6fe6f9743dc9ee2dd89ee18a35c19eeb951ff32,MISSING_OUTCOME,2
2,PAIRED_ANALYTICAL_ARMS,false,false,false,false,RAW_ADJUSTED_PAIR,f9ea617754d9c0c5242e4308bf5ee5e3f5137800e70624c63e0be37a6deed7f4,MISSING_OUTCOME,2
2,PAIRED_ANALYTICAL_ARMS,false,false,false,false,RAW_ADJUSTED_PAIR,fa1a40358247130ce19379a6b1e76e6018d4305436430639e289123194da4fc2,MISSING_OUTCOME,2
2,PAIRED_ANALYTICAL_ARMS,false,false,false,false,RAW_ADJUSTED_PAIR,fa4b65c42994b227200a4d23626c4a338ae3a446d9b3377cc9b0535562513da0,MISSING_OUTCOME,2
2,PAIRED_ANALYTICAL_ARMS,false,false,false,false,RAW_ADJUSTED_PAIR,fa6a68cf2ae4b0eafda4f00861f341f463b5a3476b16093d717a29c86ce9814e,MISSING_OUTCOME,2
2,PAIRED_ANALYTICAL_ARMS,false,false,false,false,RAW_ADJUSTED_PAIR,fb03a4e7ea7429d28540014e765f68621b98b55df7b99ee400adfdab15cdcac4,MISSING_OUTCOME,2
2,PAIRED_ANALYTICAL_ARMS,false,false,false,false,RAW_ADJUSTED_PAIR,fb60b6e58b22f165f437a362156262dc81399d8cb50dbc426ed9e0f74fa44edd,MISSING_OUTCOME,2
2,PAIRED_ANALYTICAL_ARMS,false,false,false,false,RAW_ADJUSTED_PAIR,fb7286970d453cda4f3c713f0a077915392f0c4eb94f8592bb6142a29ebee8f3,MISSING_OUTCOME,2
2,PAIRED_ANALYTICAL_ARMS,false,false,false,false,RAW_ADJUSTED_PAIR,fb9ec845344eedef70c3a5b7126279584c25aa156fbd788bd05525e8716ac6d5,MISSING_OUTCOME,2
2,PAIRED_ANALYTICAL_ARMS,false,false,false,false,RAW_ADJUSTED_PAIR,fba6d479b359cdce7825413803bda0ac6e8f76eb9a38403fe35b37d177519cbd,MISSING_OUTCOME,2
2,PAIRED_ANALYTICAL_ARMS,false,false,false,false,RAW_ADJUSTED_PAIR,fbf8127032c09997767173e19c8696e4b7bea75d70b4afbd8c63193b8a0dd6ee,MISSING_OUTCOME,2
2,PAIRED_ANALYTICAL_ARMS,false,false,false,false,RAW_ADJUSTED_PAIR,fbfc9c021cb3319d67dab0d0a63ba9ea5b4a909d5e28cea44060604d75e88339,MISSING_OUTCOME,2
2,PAIRED_ANALYTICAL_ARMS,false,false,false,false,RAW_ADJUSTED_PAIR,fc515913da3bceaac2075cac58217e336873b7df0a9e5311678d747b49852d56,MISSING_OUTCOME,2
2,PAIRED_ANALYTICAL_ARMS,false,false,false,false,RAW_ADJUSTED_PAIR,fc5efb267b0e7cf4189609473e059439a30cc4ee5b230af3a40d96ebaddccbb8,MISSING_OUTCOME,2
2,PAIRED_ANALYTICAL_ARMS,false,false,false,false,RAW_ADJUSTED_PAIR,fc6d252c78d41138e90c6f07c0138b87ccf3d30b15501a58830b2959ddcd2af4,MISSING_OUTCOME,2
2,PAIRED_ANALYTICAL_ARMS,false,false,false,false,RAW_ADJUSTED_PAIR,fc79aaa96155df9b253a6d512eb1df4fb5930d8c9cdc590e63ea4d38f18063b6,MISSING_OUTCOME,2
2,PAIRED_ANALYTICAL_ARMS,false,false,false,false,RAW_ADJUSTED_PAIR,fc82fc09306948bc8c1f5736af4d030874f5ef76104d074934c849c10c155745,MISSING_OUTCOME,2
2,PAIRED_ANALYTICAL_ARMS,false,false,false,false,RAW_ADJUSTED_PAIR,fcc6cb9d7200467af3bbb9606be1485d1d1f1496e59b8b5e07cb393ef8130eb1,MISSING_OUTCOME,2
2,PAIRED_ANALYTICAL_ARMS,false,false,false,false,RAW_ADJUSTED_PAIR,fccd1da5eb7a9de1441d908aecd0d46922f3faa6eea1a1e804e13d0a9ac6282a,MISSING_OUTCOME,2
2,PAIRED_ANALYTICAL_ARMS,false,false,false,false,RAW_ADJUSTED_PAIR,fcda27c5f927341bf5d5c23d09f89000921802914c3e3120fdf534cee8510418,MISSING_OUTCOME,2
2,PAIRED_ANALYTICAL_ARMS,false,false,false,false,RAW_ADJUSTED_PAIR,fd27bc04f3a1b634b14c0675e2895855aac0334a83087e7c4e4984379889c8d9,MISSING_OUTCOME,2
2,PAIRED_ANALYTICAL_ARMS,false,false,false,false,RAW_ADJUSTED_PAIR,fd9a75b6506a7d2e719070deded4cceb57da5b6412a872af0db4bf9dabdf0537,MISSING_OUTCOME,2
2,PAIRED_ANALYTICAL_ARMS,false,false,false,false,RAW_ADJUSTED_PAIR,fdc67b9d4a82577799ddc30623b631c8e58eb5514a0eff7a46713b1a25fd9d3e,MISSING_OUTCOME,2
2,PAIRED_ANALYTICAL_ARMS,false,false,false,false,RAW_ADJUSTED_PAIR,fe32c6fe540d2dbee317eb72b8432d41fc73e6c9eae010f1093f99979aaaeafd,MISSING_OUTCOME,2
2,PAIRED_ANALYTICAL_ARMS,false,false,false,false,RAW_ADJUSTED_PAIR,fe4495788c2f15ffe546cb6a2377d16cb8035e11deebb7c8e4ab9d907d52f81a,MISSING_OUTCOME,2
2,PAIRED_ANALYTICAL_ARMS,false,false,false,false,RAW_ADJUSTED_PAIR,fe836288fbd8a1e3d521ee41a0f44ae21468e2fa6bb00b1435af29e15c602a74,MISSING_OUTCOME,2
2,PAIRED_ANALYTICAL_ARMS,false,false,false,false,RAW_ADJUSTED_PAIR,fe8cc7a1f205845e78e7914322acafdf614504173cd167c64a984dcaa965a944,MISSING_OUTCOME,2
2,PAIRED_ANALYTICAL_ARMS,false,false,false,false,RAW_ADJUSTED_PAIR,fee2317e4d1fcf3333512af51f02ca86c117e701ac5f28898e37c95786b1571a,MISSING_OUTCOME,2
2,PAIRED_ANALYTICAL_ARMS,false,false,false,false,RAW_ADJUSTED_PAIR,ff25f30d89cfbe03d6add50a74e1e147ad0aa153b6bbf9920e92df8ef0392ed3,NOT_ENTERED,3
2,PAIRED_ANALYTICAL_ARMS,false,false,false,false,RAW_ADJUSTED_PAIR,ff6acf4111751208ec42bbf90dbc48c2ff6c063095d4210a754ffdc97e6f1438,MISSING_OUTCOME,2
2,PAIRED_ANALYTICAL_ARMS,false,false,false,false,RAW_ADJUSTED_PAIR,ff775bfc3167cdc8796166def5daa58e7955dbd7d15240e71a15a62e0bbc944a,MISSING_OUTCOME,2
2,PAIRED_ANALYTICAL_ARMS,false,false,false,false,RAW_ADJUSTED_PAIR,ff7c2a254491a5e1476c90d3d17cd64dc086000763b2504d252a2c00c17a6710,MISSING_OUTCOME,2
2,PAIRED_ANALYTICAL_ARMS,false,false,false,false,RAW_ADJUSTED_PAIR,ffd93f74ac1b03b8814f42025131517ca16e14db27a487d55eac5332ed9ffce2,NOT_ENTERED,3
2,PAIRED_ANALYTICAL_ARMS,false,false,false,false,RAW_ADJUSTED_PAIR,ffee3a7445c6ec0e5f3a61a5a99d4bfa26147d1e705647c42bb6cf5b06f85913,MISSING_OUTCOME,2
2,PAIRED_ANALYTICAL_ARMS,false,false,false,false,RAW_ADJUSTED_PAIR,fff5c516103353e525946c360201fd4f2063edf45c63e3398eb39b8753922a14,MISSING_OUTCOME,2
