admitted,candidate_arm_ids,dsi005_snapshot_available,economic_candidate_id,exclusion_reason,materialisation_method,newly_admitted,newly_materialised,price_views,prior_dsi004_classification,recommendation_date,symbol
false,0009fc5f4c6286c75b88012abf9cb2b14bc3fb9fe4009653ccbac8c70d610615|1049860150db186850dca309036c0ba66a1b03ba73765bdc802a883b2057ce8b,false,a250dd6a0d3d25d5d776d8916feb759c270689c00ba2a48cb18e057586422267,COMPLETE_FROZEN_INPUTS_UNAVAILABLE,NONE,false,false,ADJUSTED|RAW,REQUIRED_INPUT_UNAVAILABLE,2026-06-16,NHPC
false,00141a418d665a11d8f6ae40d11384bcd04b0446ac7a5b4a39d7810bb4b5a8b9|403b4ac09b11e393ee3f2e9a7e283a89b2371d79ae3e97e436c4fb20b0d41415,false,13b1c6d14117c80bc6688c312778fdaa783f5b83c288e6447f7b074f2d801f1e,COMPLETE_FROZEN_INPUTS_UNAVAILABLE,NONE,false,false,ADJUSTED|RAW,REQUIRED_INPUT_UNAVAILABLE,2026-06-29,YESBANK
false,002dae96a0e890c7c7424521bdbd8d2110fdd9724031ea893b6f091bba8fe6b2|4256934675a4a22f9f152629740d981fafb1465209cc035a7c3ce1b712890844,false,037c3fc899dbf43f63c4e7d86dd1f3d7057f1b420ea98057e91ccb37c185851c,COMPLETE_FROZEN_INPUTS_UNAVAILABLE,NONE,false,false,ADJUSTED|RAW,REQUIRED_INPUT_UNAVAILABLE,2026-01-01,HINDCOPPER
false,0036a016da5e336f86791538bf2c5658e6361b78ee3cebeaed9aa05f1056a9fb|d92302f19d872a888ffc2f65eddb85658a3b9c5edd7e40c27a0094e236c24fd9,false,368a7f1a943dee3eaa3f6e60be2f3a0fdd51ae760c7fc843f4624a524c814f68,COMPLETE_FROZEN_INPUTS_UNAVAILABLE,NONE,false,false,ADJUSTED|RAW,REQUIRED_INPUT_UNAVAILABLE,2026-03-09,HDFCBANK
false,007ab0df57645d512c2030a2624a974c21b6507458c7795cd05589679c3fe93c|d5069665630b12030b44241f18fffea5073bdc416e680ab7359f5f327bfbe392,false,dea9873445809cab24c1d2dced0007d1362d9cd2a140653a120ad339e9d73065,COMPLETE_FROZEN_INPUTS_UNAVAILABLE,NONE,false,false,ADJUSTED|RAW,REQUIRED_INPUT_UNAVAILABLE,2026-01-27,KARURVYSYA
false,0095d30c2aed52bad12919ac884de981d413a3bb067eee3b32c6f3a55b5a0a5b|b2e46b4f17cbaad07f91648d4bfe486256dda55c16141b42b9dd1d5878b2eb51,false,2fec2282518671049280638ac8952a417ee08805a30e3daef9fcb9971ae5871b,COMPLETE_FROZEN_INPUTS_UNAVAILABLE,NONE,false,false,ADJUSTED|RAW,REQUIRED_INPUT_UNAVAILABLE,2026-02-17,TATAGOLD
false,00a649482898873d2fc9b37093a6a6d48da2133455ea17d318aa8570edc73809|f5cf4ef1d1dea3908eb5ada8ba21cdddb6ea76d0729feb41bd81894a50c56091,false,e3c7a38ce109e7a5993b08de293bc95e6f8c6b5ea83caed9a3a9c3c2f18efe13,COMPLETE_FROZEN_INPUTS_UNAVAILABLE,NONE,false,false,ADJUSTED|RAW,REQUIRED_INPUT_UNAVAILABLE,2026-05-18,SILVERBEES
false,00a967a626ee64da18bfe2ac7ff5d7551f304cad83eb6b371c0f5d75805c8d45|efa73feefe5c66a4f231bb46822f3e171fe555d1fcb622eceabc6c5de003a48b,false,ad61c44ebcd8aee8c7148ca78a30a50c00d910c27933a2edf9d54bb92dff6d40,COMPLETE_FROZEN_INPUTS_UNAVAILABLE,NONE,false,false,ADJUSTED|RAW,REQUIRED_INPUT_UNAVAILABLE,2026-02-16,GMRAIRPORT
false,00b7bcc4b926e93401359ae4878f0c0f29320a80d9880d5f24c5a4ec8f70286e|7e3b9d32733dc8a05c813a1138d5cb58d91b7d50c6d007a24aa18bed432af2ff,false,23b0638f6bbf08c369d5fd01f54d55667c5fed892f912427007f629000e98251,COMPLETE_FROZEN_INPUTS_UNAVAILABLE,NONE,false,false,ADJUSTED|RAW,REQUIRED_INPUT_UNAVAILABLE,2026-07-03,BUTTERFLY
false,00bac472a94ad71a66e4713aea6ffecc9fc905e215453ec287ed0f885ff3a974|49962b6cabc9cc289f1b1c63cae47bfe42d26652da1461fb9463b9acc0ef8d5c,false,5b5ab674f82b1e889138a5a91b8cac0e87e054c5babcf58127232b7f02d23cf4,COMPLETE_FROZEN_INPUTS_UNAVAILABLE,NONE,false,false,ADJUSTED|RAW,REQUIRED_INPUT_UNAVAILABLE,2026-06-23,OLAELEC
false,00d866569baa5050124d33a258c75f6421c813704041bc9bf583db6ae491f162|77d2e5902b4eee71197a9d68b52cff39c776f5867f443f59b2fa9041f38ff33c,false,f0c3bdb2103ca8affc6e7b6723e66edeb89bc5c146ae52ee596a7cfc5e7352aa,COMPLETE_FROZEN_INPUTS_UNAVAILABLE,NONE,false,false,ADJUSTED|RAW,REQUIRED_INPUT_UNAVAILABLE,2026-04-27,TATSILV
false,00e2d210a605da891c202cff25f91f43621f9b23a6e09a658809b1a0d76139f0|61e8c316a1dc5439bc0e1be23c084a3adb4d55372f3f6be6bb5883dc9533e52c,false,c899cdd9ffe6120dd528a62541b5d49bee349755bfbdf5f54150bbf9402d62c2,COMPLETE_FROZEN_INPUTS_UNAVAILABLE,NONE,false,false,ADJUSTED|RAW,REQUIRED_INPUT_UNAVAILABLE,2026-07-10,SAGILITY
false,00f06b5769e9518151f30db65af7a3454b649827b4b2ab5d98bd3dda794fa0ad|1c2d792ed3fd99d7a2ad6ab57d32834767941d00eb0db3e7bb4cfb38368fbdee,false,7b104b2db2647be82457bc6b08e2dffb7177bb29d112a982ba7445123b4577e1,COMPLETE_FROZEN_INPUTS_UNAVAILABLE,NONE,false,false,ADJUSTED|RAW,REQUIRED_INPUT_UNAVAILABLE,2026-06-16,MMTC
false,00fb8aa550b8a20d5201ad431c7237abef3f1e37e527b23b78ce0fe74c65e653|f5bf3bc867ce64e867c9dac4455a282d6380d52d976e8a24520ce0e6e9fb0bf0,false,400d0f57dc992171c2dc6a50b2e8229899c80d32ddfb52f3849a17722f878ddf,COMPLETE_FROZEN_INPUTS_UNAVAILABLE,NONE,false,false,ADJUSTED|RAW,REQUIRED_INPUT_UNAVAILABLE,2026-05-20,FCL
false,011b7e30da38e9d97d11ac0e938dfdeef8b16259eba9058d5e45b35a78c07af0|fdb44a189ad3b75aa8870d12924a227ff8ac7e95f4535efa2143cec2e30c71ac,false,b14a44e5edb9288cc071834e4affa5c319434296b641ae259b81394395665c50,COMPLETE_FROZEN_INPUTS_UNAVAILABLE,NONE,false,false,ADJUSTED|RAW,REQUIRED_INPUT_UNAVAILABLE,2026-05-12,OIL
false,0122102180e78304f8c5c3430d4760e594b4e6109489b2187c115b47843ce0db|9c377e50456087b5b0574bade5dec70fe049f8b63345a6255b604f432452af78,false,5bfae3f851be478b35c96ce4d26b3e4e2a537e3342f8406d866393784868111c,COMPLETE_FROZEN_INPUTS_UNAVAILABLE,NONE,false,false,ADJUSTED|RAW,REQUIRED_INPUT_UNAVAILABLE,2026-03-16,ADANIPOWER
false,0172f93e17855553f6ed1b14e4ad040aa51d4fc90b3eb660e161ea2c742f9a9c|f124840c1952084cd1995755c281bd6e0cd2f8c41db21c16e4135ee971b4de96,false,e9286d7e5433dcc88924b94d7b7392998d2ba304155a2df790d720ba081926a2,COMPLETE_FROZEN_INPUTS_UNAVAILABLE,NONE,false,false,ADJUSTED|RAW,REQUIRED_INPUT_UNAVAILABLE,2026-03-23,YESBANK
false,0178c291d4df872d5698b06f92e8b84aee97eab88ab31abdb9cf948e570ef2b7|ab87865f059b657255b31d161bb9ead5c1ef920012ee276910dc7bda6540043c,false,dddc61e6fdfab3f578aa50ce9617b8fad21579829f0286847cad2d2dc81faf97,COMPLETE_FROZEN_INPUTS_UNAVAILABLE,NONE,false,false,ADJUSTED|RAW,REQUIRED_INPUT_UNAVAILABLE,2026-07-06,MOTISONS
false,018cf41fd7c47d3b74f846f0534f963b9106bd4aab099067276734119b27b29a|44a30d8cf5d4916d60cee2b8a0411c762673dd9d507313c067a15fe48b622e83,false,6de1c6144824a9cf1cb180b7d76e3f4ff665aae67a8362804dac0ef3647d2dfa,COMPLETE_FROZEN_INPUTS_UNAVAILABLE,NONE,false,false,ADJUSTED|RAW,REQUIRED_INPUT_UNAVAILABLE,2026-06-03,YESBANK
false,01b3d680a1e0743d3faf956375d754eb2540689c3d53972788586dc2f8c5ccc8|f8113404aae1d2978b894ef083c250e4a9ead98a27c13cc334d7d9a0f92cf31a,false,4f8ae69276e2cabb1b14cb13145a7dba9d5c83aff96fff307f236526e41d41d6,COMPLETE_FROZEN_INPUTS_UNAVAILABLE,NONE,false,false,ADJUSTED|RAW,REQUIRED_INPUT_UNAVAILABLE,2026-02-26,TATAGOLD
false,01d269abeac201febc1e39be450dbfda759b761155a874cc242370f4faf88d62|bbee6fda75018dca70176459fbdd4a1161072a199f08153a43524dc4382cd554,false,b209c6566f5206a94fc37ffff4fe0acffc59b6e8755f5e379755035745cc924e,COMPLETE_FROZEN_INPUTS_UNAVAILABLE,NONE,false,false,ADJUSTED|RAW,REQUIRED_INPUT_UNAVAILABLE,2026-06-02,IFCI
false,01f8b2395ec5e3d05702911d34efc5603d2ad8a89782532e9a69395e829dfc45|9c54064c0767516a97df68c8a23a9d1cc9bf9298e618ced62921150e3210cdba,false,f7cbc7e0e47469e8a77b01e3254fa9b30cf9dafb2cbbcce4394c370b9cf13914,COMPLETE_FROZEN_INPUTS_UNAVAILABLE,NONE,false,false,ADJUSTED|RAW,REQUIRED_INPUT_UNAVAILABLE,2026-05-15,NAZARA
false,01fbdb1b75d01dcfba827b78160c57d0ced9e82451892395e0ba2385e8f23056|699bfed8a8d360a4a3f54dc63fd39b039bb5c432c87384adc183757c7c375c07,false,fccd1da5eb7a9de1441d908aecd0d46922f3faa6eea1a1e804e13d0a9ac6282a,COMPLETE_FROZEN_INPUTS_UNAVAILABLE,NONE,false,false,ADJUSTED|RAW,REQUIRED_INPUT_UNAVAILABLE,2026-01-02,SILVERBEES
false,022a4614887f38d9c81de3d5792af0c1c95da16cd1d9aa5c7d2beb6c28e73925|25971b99a6adc81dac7013be3020c633368c2b45acbae5822e1aff3c12cefb1f,false,6801d7cfb96b304882ead144504b0c87b5dd8d731935cae9fec5c2d87c415968,COMPLETE_FROZEN_INPUTS_UNAVAILABLE,NONE,false,false,ADJUSTED|RAW,REQUIRED_INPUT_UNAVAILABLE,2026-02-12,GOLDBEES
false,023a65d7caad8fe8c2114b9fde4f90abf5fb7f9c36e1293df3753a69e7296af9|073486b27faf124cbc4bb761e3be2b4879b88eb2d0f0c0ac6c53828faebed420,false,795a25073a89f80a63d6f3623a3f1d3f2038f92c7f31242415ad0d5e9dca15a7,COMPLETE_FROZEN_INPUTS_UNAVAILABLE,NONE,false,false,ADJUSTED|RAW,REQUIRED_INPUT_UNAVAILABLE,2026-05-11,TATAGOLD
false,02418feb87fd30d4dbc4e073f89ecb88e339a3ed12e9bb05df68555ffb17cf11|f6ed845fc68defa926ca4297a60e425b2d2bf944a77230e13b04fedc5565f8ad,false,800cb9c7755f63d592bd6f755efdd9449199f2a7c0034ef74d77d8db1e24ba72,COMPLETE_FROZEN_INPUTS_UNAVAILABLE,NONE,false,false,ADJUSTED|RAW,REQUIRED_INPUT_UNAVAILABLE,2026-03-19,FINKURVE
false,02b1b4b1160ccda6c432161df68c93326ef15795114658dd0f8387b699c50e8d|daf6d568f7989c7b93fe37d2c82018a817090d15fc4369e29025fe6879e0f067,false,4f0611c765086099b8e53086ca0fb153289e3a1f5b232f3f15bc2820907cea05,COMPLETE_FROZEN_INPUTS_UNAVAILABLE,NONE,false,false,ADJUSTED|RAW,REQUIRED_INPUT_UNAVAILABLE,2026-05-13,SILVERBEES
false,02b3f7e3d0ee90f680b3e2306004e119e576500c34e0f940b0a51b60f31abb4c|67a8697eeebf6393ac60a0b29ab0dfea21e9821bebb4146956311e6e880d0a40,false,e1f7bee53ff28ba2d3559b75ecf1b1c3858f47db9722a797ec9919ef508f286d,COMPLETE_FROZEN_INPUTS_UNAVAILABLE,NONE,false,false,ADJUSTED|RAW,REQUIRED_INPUT_UNAVAILABLE,2026-01-07,IEX
false,02d54958b1b83f7f142cab1d53918cf39c01b353d5b3e4acac02d05b1708b7b3|66f0c2c533bb813f6679912bbdc485760f40eaec3f58c5b89f50d64edfee006e,false,c507713b4303300e418d118a3f17b911de4f98508e986ae8b0fb689186cd676d,COMPLETE_FROZEN_INPUTS_UNAVAILABLE,NONE,false,false,ADJUSTED|RAW,REQUIRED_INPUT_UNAVAILABLE,2026-01-21,GOLDBEES
false,02dfe2ff2e9d3ee12d960c2d9b51c01d3ba5f79b4c0788d73cce2aa15b4b5137|21c068c09a1f34dfd67713a4f721ba537de1a56959f8844792db76f4a2adedf3,false,4824a6f7caa135b243963ee66b2044a11eaeea1c23ae62ddfe9122cd85eb5ae8,COMPLETE_FROZEN_INPUTS_UNAVAILABLE,NONE,false,false,ADJUSTED|RAW,REQUIRED_INPUT_UNAVAILABLE,2026-04-24,TATAGOLD
false,0307945a1bb18843e4db347cacec322125d3e835c7f1ed20aefca8ada503c4e2|c7f7efe3cae6b883beb8e00b032539663a235c98bd8d94785a81b0e3f39ab2ce,false,96e5e58f2d56bd202617785a9d901816cec09a34ae0d192bd3270d41e221ba30,COMPLETE_FROZEN_INPUTS_UNAVAILABLE,NONE,false,false,ADJUSTED|RAW,REQUIRED_INPUT_UNAVAILABLE,2026-06-11,YESBANK
false,03236df53bcbe79e955f17daefafde54559efb5df6b3aaba9ef99e3c54215b54|f307eadc426720a64c94d7d3005c19abcb828eb602cfef7dedeca709e0d4b77b,false,bb0a68fa2aadf751254fcacbd3ceac706666852a77e566fa398b069731afae21,COMPLETE_FROZEN_INPUTS_UNAVAILABLE,NONE,false,false,ADJUSTED|RAW,REQUIRED_INPUT_UNAVAILABLE,2026-06-05,CANBK
false,03398cb2ef7cfee46186b997bc2070dd4699b464f02730ab231897bebeda9bd8|e60e162957b2bd4a5805cd8631b7e4fc81c79b1cdbadbf93db05c92309ef493b,false,8989fb5634f30cc3a16ded4ebaccde873d8a969b7033994f85254665de380a58,COMPLETE_FROZEN_INPUTS_UNAVAILABLE,NONE,false,false,ADJUSTED|RAW,REQUIRED_INPUT_UNAVAILABLE,2026-02-09,YESBANK
false,0346f91dda94689be8118d2d778833896365e053a5bcfda5da52fb7dc5ec55cf|0e75f9fd843f58db922c6310f531218684cfa77a70bf21d593f7158f7a596fb5,false,dae0b7670e5a2d0b4ec973f3293b8b33947c9935f9f452b85d3a5f59cbe3a461,COMPLETE_FROZEN_INPUTS_UNAVAILABLE,NONE,false,false,ADJUSTED|RAW,REQUIRED_INPUT_UNAVAILABLE,2026-01-08,GOLDBEES
false,0383e4fc37e53827ca0f6756790ace9edb1b236001da9e3474e728e051d6d9e2|dc5b5baf619d645b8bd1298f0207071f623c2ea54d4a75d1a62eed189abda101,false,a683492e9710ab4d4d561ca7ac7514ee219114d79e4ce6370123edf90bf85bc3,COMPLETE_FROZEN_INPUTS_UNAVAILABLE,NONE,false,false,ADJUSTED|RAW,REQUIRED_INPUT_UNAVAILABLE,2026-06-22,YESBANK
false,03c07e8bdd0957de8ac0dda4a24045b83b7891776d90b0dd87ac75857f19709d|eddd7c417a7c4ee23fc502798a6c1e99da87dd5f122c4437ecf7fd53bf47840a,false,0d2e89048146a8e846f62bb22d449c34598a573b3f99a0a9c119e7ba5605ba78,COMPLETE_FROZEN_INPUTS_UNAVAILABLE,NONE,false,false,ADJUSTED|RAW,REQUIRED_INPUT_UNAVAILABLE,2026-05-29,YESBANK
false,03d53025f41e7b43d6650de5646502ced265c47cb845915eafe02e3fe93659f8|5c7179e10bdc4a7ff45b71bef991384cdb4f81ce4870b5cb0047ea9a9e3d7f2b,false,ea59dc32e51446d804f226a69d354440b6b6382d701a90d3c8294206aa08926e,COMPLETE_FROZEN_INPUTS_UNAVAILABLE,NONE,false,false,ADJUSTED|RAW,REQUIRED_INPUT_UNAVAILABLE,2026-01-09,IEX
false,03f36a1e8ad70d82c3c0dbf42641e22f93027b991e922635e3275251e83376d9|9c27d78fe7dc1b94fdfae0578b1230272f275ff7162f441517bdc799d1d7a3bb,false,d15bac68a643008e4e5c27973675672aa59124f535bbfa34427ebdf0a077d03f,COMPLETE_FROZEN_INPUTS_UNAVAILABLE,NONE,false,false,ADJUSTED|RAW,REQUIRED_INPUT_UNAVAILABLE,2026-02-18,TATASTEEL
false,040fc85b99ef88a734a423e76130d47cf3a61da032362e2f3017e9c7410d0205|ad714662005d61bc4334a10cb910425c0f3525a8f9c93d9e644afd018a2e62b1,false,9ffb6507a460287b08d30413f000d0e438ed1f07a3cd666dba6ffaed552e63dd,COMPLETE_FROZEN_INPUTS_UNAVAILABLE,NONE,false,false,ADJUSTED|RAW,REQUIRED_INPUT_UNAVAILABLE,2026-05-15,YESBANK
false,04439bd51d332f52040db50505998d5be08a9a760fb3415efbb0833e6f980bb1|9f9cac20f449825cb6bdd00b551487dc26601fec47eb21f97388111680cd3b20,false,6d6f9eeb5537edd1199ece9c2404d0ce653cfaadfa1eccf510e7b677b64dd34a,COMPLETE_FROZEN_INPUTS_UNAVAILABLE,NONE,false,false,ADJUSTED|RAW,REQUIRED_INPUT_UNAVAILABLE,2026-04-09,PRECWIRE
false,04551dbb6b3aa1c241cd37fd6f38d77afbcb15c74392769b28f9a10cfd37ef3c|53825a5e20be80ef01fd4cb7cdb719f9d504255496c0f561f3a53f9a45818b7e,false,b37d81bc6ae02f844b28c3c1063dfc833b3d8becaad4ce52f6927a2e34309304,COMPLETE_FROZEN_INPUTS_UNAVAILABLE,NONE,false,false,ADJUSTED|RAW,REQUIRED_INPUT_UNAVAILABLE,2026-07-09,RADHIKAJWE
false,04730f1c975503e29f286f7ae923046d47976043d88c32dc4284da878530aee4|da5c8ed1427e099fb49493ee7f845c3f0714b4d8174593d5bd86e668954380cf,false,cd85ad01f1de9d26a18e027684b0432f4d8096821b55729e0e7d02cc0c53a301,COMPLETE_FROZEN_INPUTS_UNAVAILABLE,NONE,false,false,ADJUSTED|RAW,REQUIRED_INPUT_UNAVAILABLE,2026-02-04,TATAGOLD
false,0478f93e32513268008bbf2f71bbb81ff2e04e1d93a0bfa4b29df360e4a9326c|8ac7e53e29fe0d646329b241bc37c4882623854b3f8e56dac2fb3def8770b323,false,12c6e183805f2c35078a23fddeab42877bef97205122c686e82b3437fd6db077,COMPLETE_FROZEN_INPUTS_UNAVAILABLE,NONE,false,false,ADJUSTED|RAW,REQUIRED_INPUT_UNAVAILABLE,2026-06-19,MEESHO
false,04a428ba6c2db5c5d3a00b02a5b35671f58d8ada7a1d5a77bb63b2e4a56b00e1|c3b818dbbd5abbf8f2a7a4939b0db38203412412828078451fc7c7b304b92b6a,false,a98cabc270beed4babf63fc24f3d006104d8c560476ef8db4bc6841187efccab,COMPLETE_FROZEN_INPUTS_UNAVAILABLE,NONE,false,false,ADJUSTED|RAW,REQUIRED_INPUT_UNAVAILABLE,2026-01-21,TATAGOLD
false,04cba270cdf3c2f93162b43b85b48c8c6917e96a1aca108a34f055488cf63ce8|ebca5243c78cb17ac0c9addf9a67c9b278d793fb8fb547e8f3137030b43dcfd8,false,a4fa69fa5ce6b844a3ac2ff44ed99b624c79fe78905cb1b30e988ea3848b7536,COMPLETE_FROZEN_INPUTS_UNAVAILABLE,NONE,false,false,ADJUSTED|RAW,REQUIRED_INPUT_UNAVAILABLE,2026-07-13,TATASTEEL
false,04ec254997098113ea35714affeac3ead8661dad2195b78f8b2e26e87c6ec457|bc3158e04cf4ad98120724164c7c39d1e376c98cabc308c815d297bf9a38c549,false,fa6a68cf2ae4b0eafda4f00861f341f463b5a3476b16093d717a29c86ce9814e,COMPLETE_FROZEN_INPUTS_UNAVAILABLE,NONE,false,false,ADJUSTED|RAW,REQUIRED_INPUT_UNAVAILABLE,2026-06-16,OLAELEC
false,04f2f667f77ee449aa19047cbaf37fab0d7eef1e3a308ec1ce038fc5df2834de|0da7d9784cb9bb7adcaa63cf55219a5d5a50438e9466717a91caee570b2d7537,false,1cceda7336f16b48b8576ce0ee16ca9b29d5a389de68f763f7e0cb4c54952b65,COMPLETE_FROZEN_INPUTS_UNAVAILABLE,NONE,false,false,ADJUSTED|RAW,REQUIRED_INPUT_UNAVAILABLE,2026-02-06,SAIL
false,05168f456ca295460678dbeb37bc3197546969efe0b76737e0f8ed92de812f96|710ace88236baf879b31342b8dfefda9ea2ff348a8d891fbdd07fea187e37a7e,false,9287b63d35acbe999deb6e6ed8d590f7cf6e765cd566aad021bbe3ca7098d80f,COMPLETE_FROZEN_INPUTS_UNAVAILABLE,NONE,false,false,ADJUSTED|RAW,REQUIRED_INPUT_UNAVAILABLE,2026-07-07,JIOFIN
false,051e2d38fce9ad85020ee5161ecabda696686a9bb9fa6e3b5d134e154c589866|882f3dcd3fd9ad972972194a085734a335a9326058f27670a5816a246e3cfdd2,false,d5b74052756c38da62432de45115fb3e0750dfe13178d3cc9624415e2ec7459f,COMPLETE_FROZEN_INPUTS_UNAVAILABLE,NONE,false,false,ADJUSTED|RAW,REQUIRED_INPUT_UNAVAILABLE,2026-06-09,GTLINFRA
false,05712be40452b62bc4200543baaa78a41f9b16b4e1c7c30527afb4d42c93c8c3|316925081a1f567bf425734e1a7a827f4672ab32a75fced0f0540a5b9907b4f4,false,57a50767c645e8885ec9657cabf01f9c9a3aa945debe9829b4be000231044a53,COMPLETE_FROZEN_INPUTS_UNAVAILABLE,NONE,false,false,ADJUSTED|RAW,REQUIRED_INPUT_UNAVAILABLE,2026-03-11,RPOWER
false,05742f58d5631b892cbff28992d013abbc4c16408acca6dac04cece6ad1b129e|ad0509d9a8fd6bebc4a3f635053be5304093ad0e3456af269d02957d4c93d265,false,642ad5b1c6a6a1f65ca52dd566cb883e3a06e06be722703e3152886411f599e3,COMPLETE_FROZEN_INPUTS_UNAVAILABLE,NONE,false,false,ADJUSTED|RAW,REQUIRED_INPUT_UNAVAILABLE,2026-03-05,TATASTEEL
false,057782fd0ab0abf9c9232ca7cc9c7d3b38c74efc7f6a31c769600cc03d0d6765|c3cd0568760c35ad956a800cfe00bbc2854dc21d5db7f1410df566f6da56c975,false,84fc39a9a4dc893ae74768b419af49c1477f7dc3ba32e1f9e4a92962a7bdb83d,COMPLETE_FROZEN_INPUTS_UNAVAILABLE,NONE,false,false,ADJUSTED|RAW,REQUIRED_INPUT_UNAVAILABLE,2026-03-18,ETERNAL
false,0583a4db380a418a47a38727d15bfe9d6b888ea881753fd0926992d24c8c5e64|cf6bc4ea9e5beb63b679c643e5d89b326c45be7c6b92dbc4deccf25070effb32,false,eca86bfca6ad900b7616609b1ccd84f902b32b8ea6a2c449b070716c8326f80d,COMPLETE_FROZEN_INPUTS_UNAVAILABLE,NONE,false,false,ADJUSTED|RAW,REQUIRED_INPUT_UNAVAILABLE,2026-03-11,GOLDBEES
false,0591c5f8035a8c13ca54f804cf6927f1eb26e1d17a4efb702d9144b6c7ea24dd|c4a10c7ba0eee2febe632ad2fee8f46516e4c7b09a7508e28f7ac8c64e6ad55d,false,0982a5b97b05d916eff88c6b19052d2728847eea7173105d59360d4e8176fb12,COMPLETE_FROZEN_INPUTS_UNAVAILABLE,NONE,false,false,ADJUSTED|RAW,REQUIRED_INPUT_UNAVAILABLE,2026-07-16,MOTHERSON
false,05b25f8628f5e167fabf9e1bc28b534c39707d367cf2ba92c81f2802ae2a097b|7641c066ea5ef7b7275b85b498e3d89c91a54d77ed13f8beec2974bbb8c7b728,false,f84727d22910a754d2876ab99eeafdbf1756670e75ef43aa2f9a78b848595332,COMPLETE_FROZEN_INPUTS_UNAVAILABLE,NONE,false,false,ADJUSTED|RAW,REQUIRED_INPUT_UNAVAILABLE,2026-01-02,FILATFASH
false,05c75eb0abfe720cd1d34c2c9f2ee7bcbcba6888f99e58ce41a698bf6b2e9763|2c6599a716befa6206b70d610fe9eba8aae0b914b8933254eeff8fbbfb32ab66,false,f85501a73904a0327ac1c7e179ba66717fb79d9fbf5bb58d96cec75334fba99e,COMPLETE_FROZEN_INPUTS_UNAVAILABLE,NONE,false,false,ADJUSTED|RAW,REQUIRED_INPUT_UNAVAILABLE,2026-06-12,GOLDBEES
false,05d3e248623e6fdd6c19ef4489176867ef157a97715dc92e1559c88d51ab2a25|ac1dc7fb0796176c0359a718bebf44c3521f6a7361d07b3aacda5c869cd2d74d,false,189b18edb9ab447b6db7d481b1c9c2db11a889bf6c377c91636713fbc73e2773,COMPLETE_FROZEN_INPUTS_UNAVAILABLE,NONE,false,false,ADJUSTED|RAW,REQUIRED_INPUT_UNAVAILABLE,2026-02-17,ITC
false,05d7a8f03a334d07e9f5f3609b9abee3eb68252174816487203502aedc77a5ec|d8eebfe508fe998e398e73ee454babdf7b3fa01a31404cbf5da5df6d854e5921,false,922cb8cd37e6099a6c96babf7b768e142d2cc4483372cd37cfdd9d397346e355,COMPLETE_FROZEN_INPUTS_UNAVAILABLE,NONE,false,false,ADJUSTED|RAW,REQUIRED_INPUT_UNAVAILABLE,2026-05-04,MEESHO
false,05f7bd2ffb883908d694d6c1b9bdf7defc78d6e190857e809d6da48ca4ef24ee|4a3300342861dff0aed8d80aea65a18c8dc631079554e2c64b4132d81baa18eb,false,becfd24bbd1445c5bd9d2390dcac02fad2f8aae5bf55ab0233bc5539fa56fb59,COMPLETE_FROZEN_INPUTS_UNAVAILABLE,NONE,false,false,ADJUSTED|RAW,REQUIRED_INPUT_UNAVAILABLE,2026-03-25,FILATFASH
false,05fad570f021307733587195ebe31d0c9626ed897cddedd21436d5b6ca1eadad|96a16e0e42cf66d5ea5772e9f813b78d6fe529cd16008831641dcbe81535d49a,false,fa4b65c42994b227200a4d23626c4a338ae3a446d9b3377cc9b0535562513da0,COMPLETE_FROZEN_INPUTS_UNAVAILABLE,NONE,false,false,ADJUSTED|RAW,REQUIRED_INPUT_UNAVAILABLE,2026-06-11,JPPOWER
false,060c5af4c869fd48ba6a2f2f053ae308df725a5588f7e93faf58a15e0d1cd7b3|f917c49432698048cb16348215f0d241de72688cfd3fb3db789906976489e173,false,3341f1d74ec5b4743034499f190509cf2ac09a7ce35096b25c447246c12f4b7c,COMPLETE_FROZEN_INPUTS_UNAVAILABLE,NONE,false,false,ADJUSTED|RAW,REQUIRED_INPUT_UNAVAILABLE,2026-02-19,TATAGOLD
false,06131b185ddb7273eceacf939ceecc5607a3c736bf0ffa75e9db6059f89f8e5d|c293fc7ec3404a1e39d4f1cd2334c535f6f3ae7a1db3dc088dc4be489fa48bdf,false,27f5483374b00b098c634da59ad450095a2632fb78a7c448718fcdab4d6c8ccc,COMPLETE_FROZEN_INPUTS_UNAVAILABLE,NONE,false,false,ADJUSTED|RAW,REQUIRED_INPUT_UNAVAILABLE,2026-03-13,IFCI
false,06177253a39fd18ae4688edcc3ff583275ec95cc1eca3641cdb2e1bd484f72a4|d33a8856dc8113ccb88d8b8d0e0508969ed8cb09ed31f808ace2dc2e97dfeabe,false,ae9659b4e77d65a5eafd3cae3cc0535a1c3d70663e3a5eca34f436a9c4204e63,COMPLETE_FROZEN_INPUTS_UNAVAILABLE,NONE,false,false,ADJUSTED|RAW,REQUIRED_INPUT_UNAVAILABLE,2026-03-13,LIQUIDCASE
false,066afc08122a8f6d857e71cf87b810d73118315497ec7b2007c90f17233b2941|a2e26178d4251cd19f2b84b376ae0fe058d10ce417cf120f14bba04b8219d252,false,6fa7d592888b31835a250e19701c9356b64f9884d175d87ca94e7c5a0c823106,COMPLETE_FROZEN_INPUTS_UNAVAILABLE,NONE,false,false,ADJUSTED|RAW,REQUIRED_INPUT_UNAVAILABLE,2026-07-09,MAPMYINDIA
false,066f2b36ec1a3c5578eae0eb0db324dae99a95bf745c0ab0af00682947a9da2f|d878df6060772367c3abf95333cc27fd79bd29cb2c8fca54a0adcedc15c864e3,false,f9cfef5f1736c7bacddd3924f6fe6f9743dc9ee2dd89ee18a35c19eeb951ff32,COMPLETE_FROZEN_INPUTS_UNAVAILABLE,NONE,false,false,ADJUSTED|RAW,REQUIRED_INPUT_UNAVAILABLE,2026-07-03,SUMICHEM
false,067fea7ecbe62c6d53f0521c15cbadad0585a49f3bed0d04308b5ff4e1b80d75|3e46afb5a05a1c1dceee1f11b1be31d3c7452fff624177a99a94328ffe498832,false,e58620bfe5cecc46165f55cf2482ff73e0349e167ffe7078cc07f3247cb28e2b,COMPLETE_FROZEN_INPUTS_UNAVAILABLE,NONE,false,false,ADJUSTED|RAW,REQUIRED_INPUT_UNAVAILABLE,2026-07-09,SWIGGY
false,06a33fe397d5c7a1518cadd2412bac2f8ccf45c1a678d0377edb8113eb28483e|6ce88c6d08a3a7a352790e86bb017184b07a094dbb1070999569b7047e78dd4e,false,ef3baefc32c1eb63dbb4e67d7d4b71bf2ba80f525f4fd78dcffea68b42c3801c,COMPLETE_FROZEN_INPUTS_UNAVAILABLE,NONE,false,false,ADJUSTED|RAW,REQUIRED_INPUT_UNAVAILABLE,2026-04-15,TATAGOLD
false,06a9d01a83d1ab81dd5b7a2db379e179b90359f892be64751ec5809b349b65dd|ed75a599a65c0de0f50a45398f9210f297d6082d210a5eff25c7a6790f0cb309,false,1f07184aa8eee0154ded948e16d23c0710446e2eeb5c34e2ddb3bd62f39c4a95,COMPLETE_FROZEN_INPUTS_UNAVAILABLE,NONE,false,false,ADJUSTED|RAW,REQUIRED_INPUT_UNAVAILABLE,2026-04-06,LIQUIDCASE
false,06bfe88887585db5fe2f1653defac8204f9e2da2c8804941d0e88c0aedd7d48b|633b88363dd73e48e2e0ade7a82e66f2cd6b8dff226c20e94ff84a5653f6c5f3,false,35cf2dd6844fd0cfea4d00fa0fdee34491b41229c43dfa313d2a64dd6d609357,COMPLETE_FROZEN_INPUTS_UNAVAILABLE,NONE,false,false,ADJUSTED|RAW,REQUIRED_INPUT_UNAVAILABLE,2026-02-26,YESBANK
false,06c67c69b52db07d5d5e73df49e0d75542742d1b8fce8bd1a74792fd2fc651cb|8dd5332c202dc7f12cc3beea7009d6f7bcf4d58fee06e0de525027232130bf8d,false,24a64052c90b8af3119bb1182a6aa806a34987cefaf15895d5ee1855489b38c1,COMPLETE_FROZEN_INPUTS_UNAVAILABLE,NONE,false,false,ADJUSTED|RAW,REQUIRED_INPUT_UNAVAILABLE,2026-05-15,APOLLOPIPE
false,06cccb8298c88748d295b144824a7a74c91162be74a60412341eebac519a5028|28aa608053473f7e46ae96a015e22157fbbf2bcc4ba65869630bdf6b978a2813,false,a6267f0975e3316be0404ddd016a043102e859bc1241b1424ae3f69da2473c72,COMPLETE_FROZEN_INPUTS_UNAVAILABLE,NONE,false,false,ADJUSTED|RAW,REQUIRED_INPUT_UNAVAILABLE,2026-05-13,TATAGOLD
false,06ea708143bc552d7a540839fc4fe0a034121bbc385f7d6fb5df250f8d9283f2|a39977daf19e8984aa5bbc7a01ea5dbd69c96e7a18584a61e6a823a56391fb9b,false,452fe227f2d4aa0cf7ab357e829c4482dc0d76620eaa7ad1f22b836338d70a78,COMPLETE_FROZEN_INPUTS_UNAVAILABLE,NONE,false,false,ADJUSTED|RAW,REQUIRED_INPUT_UNAVAILABLE,2026-05-27,JINDALSAW
false,06f090a08c12e101f6924e08fb240975856ac2d97d4a759b1cd5eee383090fbd|ed1a45e7fc3908e0de0d42d8184a4cb6eaeb89017bcda7307a17bd3d84c72191,false,c087126f52100d1cde3ddf983000c0e27dd2cc2331e116afdec815cbbb1ab791,COMPLETE_FROZEN_INPUTS_UNAVAILABLE,NONE,false,false,ADJUSTED|RAW,REQUIRED_INPUT_UNAVAILABLE,2026-03-16,YESBANK
false,06f405370dc54c31238f300060231c2df593106ae3dbf5143b2f7db3043235d6|b5516afbe5c8d1ce0061d2ed3bed4532014f9156deae99de8f164f4bc217bfe9,false,e7f659e3abe86695bd4f0f03721d2b404273d312a634d16189c6060d90b28bd1,COMPLETE_FROZEN_INPUTS_UNAVAILABLE,NONE,false,false,ADJUSTED|RAW,REQUIRED_INPUT_UNAVAILABLE,2026-07-15,OLAELEC
false,070b53046eaa023e66be23e166a7b96a1ba6343eed4f8ad17cb0a9bbfb32903d|1782ebd97e49e4a218899aa822cd2f80b1d2d7f031ba10ddd9df80de4c2b017a,false,15440e8e20c05fb8e79677eb901b85e21251c0f643ae45b87cec0ac2151da178,COMPLETE_FROZEN_INPUTS_UNAVAILABLE,NONE,false,false,ADJUSTED|RAW,REQUIRED_INPUT_UNAVAILABLE,2026-03-13,ICICIBANK
false,073ce6c1a3f077b84dfa26ef5dcc6f61f4294c20ea5909619d0b80a08935e8c5|aa845e5d3a20120da48b34e0dca1705c3c41c4bd1e1dec87dfdb6604eb3e860a,false,d3d07e99c009a69e986320d77497285686d492aeba381a957f557aadef486460,COMPLETE_FROZEN_INPUTS_UNAVAILABLE,NONE,false,false,ADJUSTED|RAW,REQUIRED_INPUT_UNAVAILABLE,2026-07-02,TATSILV
false,075229bef621f76dfa76fea1aab5763956f2593a8f22e612ca894bb253aaadf1|91ef1e24ca0b35b9b7d08d6726c4a73effaa8c56015b9a6448edb9158304558d,false,5b83e4e010ecdeea0b66fa91b75db256cba170d2a4adcdcfc99871fbebb2d85a,COMPLETE_FROZEN_INPUTS_UNAVAILABLE,NONE,false,false,ADJUSTED|RAW,REQUIRED_INPUT_UNAVAILABLE,2026-01-13,SILVERBEES
false,07716f89a2e0c9bdaeea472f56aa6747dbe3238f6619cd42e326d31946c75cd8|ee9ab32323051d31ad72ed7780c1b4463b4655e34705814d6121e680516d7bde,false,dcc89c17de121fd1006463c3b3e101559c7bee84bdfb156fbef33f7fb78013e7,COMPLETE_FROZEN_INPUTS_UNAVAILABLE,NONE,false,false,ADJUSTED|RAW,REQUIRED_INPUT_UNAVAILABLE,2026-06-18,TATASTEEL
false,07867e83143234a02d1693a4568bbbbb449e1d2b6419abe77d5fc05c13be5e25|7923b52cc952774de2cab3110e0f39eb630d9caaeb4a153bc09a30b153fd40b1,false,b0b2e0294ab1a40cc62b8fd7e5579b7832d07b0fbbfbf1cbca64353b770bb7ad,COMPLETE_FROZEN_INPUTS_UNAVAILABLE,NONE,false,false,ADJUSTED|RAW,REQUIRED_INPUT_UNAVAILABLE,2026-05-04,HFCL
false,078c12954bc9324b40dcd580393d593de9296b25cb5597d5733b72b180e9cc99|38b52afa29da9bbd1e076186ffdfcd17430769c835ac5bfcf5df8cf2f965e2f4,false,2034d24c25d9c2ff87973a46f04ef59abcfe4ee7bb8c3ef74e8cd409f4214284,COMPLETE_FROZEN_INPUTS_UNAVAILABLE,NONE,false,false,ADJUSTED|RAW,REQUIRED_INPUT_UNAVAILABLE,2026-01-05,LIQUIDCASE
false,07b163e4ff51002fbf8453081f776e5374cfb08c4cf611180c4de798e35d23dd|1a3d8ca4867e38f8e49b56f8267d910b97344dbaee828b55fd1f1fd92666be68,false,4dbe22d597aa519e85c7ef4d6ac066378fc793695aa38b02a63d689d0dcb5492,COMPLETE_FROZEN_INPUTS_UNAVAILABLE,NONE,false,false,ADJUSTED|RAW,REQUIRED_INPUT_UNAVAILABLE,2026-06-17,UCOBANK
false,07b93732e04fd782753443ec8c1050394453459a91ef1bf04016861f95cb62f7|4ab3bf1e03a1b176e51a4b74bcfc4be86cbf1706b23171f37a0c2d2df6eea494,false,eed3e920f5c6af5010255344578dbcf73b57e88e9a409267b4c28c7b69a8b11f,COMPLETE_FROZEN_INPUTS_UNAVAILABLE,NONE,false,false,ADJUSTED|RAW,REQUIRED_INPUT_UNAVAILABLE,2026-04-27,IRMENERGY
false,07dac6c63bdc99ed1ec5a00b02248caec1f4bc225d71283eb8032e57729cb6ac|d128f65af37b3c2d51bea9e40eb34a0c3fe2b930a3d5a756c04d499ca3f5f5eb,false,2247424ecad17beb1e6ec6b316633b0359092ddab06cbb00ccde9d8b6a26b3cc,COMPLETE_FROZEN_INPUTS_UNAVAILABLE,NONE,false,false,ADJUSTED|RAW,REQUIRED_INPUT_UNAVAILABLE,2026-06-25,YESBANK
false,07f1957f534176b7301db22ae894a8357453b2065915d9cd229eaec30e52d4a1|9d6f26124462bdf814f77720e758280fac863b30eb53fcec25d5b7f68d8dea35,false,ee07b4571b1dee0d19a9a4266b9e058029d5a669efaf89137c55ad9820ca6cc5,COMPLETE_FROZEN_INPUTS_UNAVAILABLE,NONE,false,false,ADJUSTED|RAW,REQUIRED_INPUT_UNAVAILABLE,2026-02-27,TATSILV
false,07fb1bc3105c2489e53c180b75c12f8570f34fd0417e9bde68278340dc13d89f|cbad3698285766a96de470ead25192ba554cba48337dc4f8a7344d2b887a07a3,false,a5d45cac04261d3b4b81bbcf95904f08d855fe071f7b449f01befafcd05b3b95,COMPLETE_FROZEN_INPUTS_UNAVAILABLE,NONE,false,false,ADJUSTED|RAW,REQUIRED_INPUT_UNAVAILABLE,2026-01-22,VIJIFIN
false,0814c024c427080ef3cdbe10c80bc4849ba3cc6d2c59f81e4ca9fb9c8fc2627b|79138504b3956be8fd146051f862a27bdbf2e6367244f029162a6a94da4129d8,false,3796e198afe28ad059c96830018e674d2e04f6b68aa53353e37cde7175b84283,COMPLETE_FROZEN_INPUTS_UNAVAILABLE,NONE,false,false,ADJUSTED|RAW,REQUIRED_INPUT_UNAVAILABLE,2026-05-21,JPPOWER
false,08286be92f36d77d3ac09280d890ffee8d7b44a41a3b2fbfd576812e4eeb262e|ce175fb3bb2d524b012d6702508e75e298bc5941efca1f0c14d77d00e28fbec8,false,e8d2eb1e7c33e119c8ae7bfb91b22861fb165a45f346eda10576026af878919f,COMPLETE_FROZEN_INPUTS_UNAVAILABLE,NONE,false,false,ADJUSTED|RAW,REQUIRED_INPUT_UNAVAILABLE,2026-07-13,ITBEES
false,08442caeeac88f71fe103a615527502e564421b730bce75505928461c24a475e|e40a0b8bf0658329b3f4f1c19e8b92cd54d174699d675190d1d68b7494f8e489,false,cd9eaa7db6e098c18cdd436d42d4df0415b49ac5c563642475886bae34eb66f5,COMPLETE_FROZEN_INPUTS_UNAVAILABLE,NONE,false,false,ADJUSTED|RAW,REQUIRED_INPUT_UNAVAILABLE,2026-03-24,BLS
false,0852f711286ea0ed99a80b200fbbf953bdc09c7715ed2151284a6f01af5887b9|4f0717969e2437df4891a49da808417a2b6e6ec38a01984f12d8cb4eb5670996,false,f4ded8b8a28dd4f4140712560aa5c5fe7aac70c29836b13b9ff116c0dc4047da,COMPLETE_FROZEN_INPUTS_UNAVAILABLE,NONE,false,false,ADJUSTED|RAW,REQUIRED_INPUT_UNAVAILABLE,2026-02-23,TATAGOLD
false,08911adea3dd21dab2b542f399a5cdd21718851f5a470e986bb942a292bc262a|7af31ba814e25c0d3e762034028f1901babd0522f92af87b81941b6ca5363e72,false,3499ec69cd279f68e1a663ae3c4b4c5bc7d6246276fa2bf41d196a9de4db10aa,COMPLETE_FROZEN_INPUTS_UNAVAILABLE,NONE,false,false,ADJUSTED|RAW,REQUIRED_INPUT_UNAVAILABLE,2026-02-03,TATAGOLD
false,089a94e6d743cf726b81a797c00f959fd3b513392008ff89c708e8b8848cd1b9|72e721ce08168b63594c9e78f2b57d771f6c98e153b0d0efc1353d1b43ab72c8,false,6d9047ba1fe636b182f16dbe8f855c97559de7e627f468003f24d2f1c5054620,COMPLETE_FROZEN_INPUTS_UNAVAILABLE,NONE,false,false,ADJUSTED|RAW,REQUIRED_INPUT_UNAVAILABLE,2026-07-13,OLAELEC
false,08a018c9930c8b32d063b333ccd4a0af6e16cad245817370f2e308fab6578a84|d4f38b4508486ffd003dcd1bba162b6df52966f37ad61914e1bfab1d483a7657,false,959a3b9a4368ab9e57390c7dcdbad983ddf07e655fd04ae3f98a88a6618603f4,COMPLETE_FROZEN_INPUTS_UNAVAILABLE,NONE,false,false,ADJUSTED|RAW,REQUIRED_INPUT_UNAVAILABLE,2026-02-26,ETERNAL
false,08b32322a8fc9cafffe076470a33c85c05f98ed8fc3604ddda24701b2c76b05c|4f8fbe2af159c38f5041a0bbd6f8509cc65630547d3029abd44445cd5e90824a,false,eb87e77c84a41b93660e93e60fa23a5e28f15f2f21e773d1e14c5b7786002206,COMPLETE_FROZEN_INPUTS_UNAVAILABLE,NONE,false,false,ADJUSTED|RAW,REQUIRED_INPUT_UNAVAILABLE,2026-01-13,DAVANGERE
false,08c13f3b0e5bfc79fed6dd63c33627ebc4e845fe50eb864523ee274867951566|53e6eabf957cd4d0e027f74793a6099d2b8d0dda8533ba4f3f63072c4b629fba,false,774e55e4e795a76c6f97d781b08e2ea332fa2e4c37ba21c51256a194b8b17181,COMPLETE_FROZEN_INPUTS_UNAVAILABLE,NONE,false,false,ADJUSTED|RAW,REQUIRED_INPUT_UNAVAILABLE,2026-04-01,OLAELEC
false,08ec09e8829b6fba0fd8c1f3e0c0a33e60d44aba6f93026e23e9bf0d22629e95|4f718f8a8c4a157cbd880f3c4b4bcfba5cb38e36300587b1c9a2b53484ea50ac,false,3fce704f0fa86b2473a4bd4c4d1171f18c3aadb9a278f95ab695e60e672471d3,COMPLETE_FROZEN_INPUTS_UNAVAILABLE,NONE,false,false,ADJUSTED|RAW,REQUIRED_INPUT_UNAVAILABLE,2026-05-07,GMRAIRPORT
false,090b05ae98db14fe409a306a0eec9e9cad83d709a0b9076a422c7f69500d019c|86c64a850f895e83c5d70c9787176bfa437e71c503f793d445072918b2510e8a,false,75aa3c3ab7e4db5bdf7e2946d313a7da6ea31126dd031152ef87465ce8bad0ab,COMPLETE_FROZEN_INPUTS_UNAVAILABLE,NONE,false,false,ADJUSTED|RAW,REQUIRED_INPUT_UNAVAILABLE,2026-01-30,RADAAN
false,09337adbf118de388c8f34db388cda873e6cd9f4d642597fe9fde8a34a8d6c9f|ef88ae7aa54e13fc6dcf5cfd997e8ea867ca0e1081a7fb10ec8037aea9aceeae,false,c07fe769cdc4bdad53441a719d0b796c2fb025422718b6822c6853ada3e42555,COMPLETE_FROZEN_INPUTS_UNAVAILABLE,NONE,false,false,ADJUSTED|RAW,REQUIRED_INPUT_UNAVAILABLE,2026-02-27,YESBANK
false,093d810e3dc91f67d288773aec587b3c354404b437a2c7abdd3dd512080ca8fa|4ac8912515f9464123cc07729df8935933a6d32da32fd84d2e8087fe7bc2b617,false,f8740f209a8ad05017e07a43163fc1a10da7bc0cb0b90fe7a362253759c7fa16,COMPLETE_FROZEN_INPUTS_UNAVAILABLE,NONE,false,false,ADJUSTED|RAW,REQUIRED_INPUT_UNAVAILABLE,2026-02-20,TATSILV
false,09637ff9ab8d5e7e63ecfffc94b69ad4980dc8649859649cfc8a5560f45de7e8|b86932d75c40e870b5b50f04263259ae61a39c828870dcf1b6eb7260b894f68c,false,b48d030fbe0ba2232132454ca03b941bc3fa15d79839e9c1d5b31c24d1ef3ec2,COMPLETE_FROZEN_INPUTS_UNAVAILABLE,NONE,false,false,ADJUSTED|RAW,REQUIRED_INPUT_UNAVAILABLE,2026-01-23,VIVIMEDLAB
false,096b60a4b29b87b0852040cbe2e8d093993492c1ceb4a8f6666a0ad4088efc43|bb0ea19883529a3b076e639bcb0c6ef881fb696c0d598cdcce2d11625131b938,false,c9066df0bccd1a9bcc44f8f0d24bf7a0ca6b5be097b370ddbbff694bde9ef61f,COMPLETE_FROZEN_INPUTS_UNAVAILABLE,NONE,false,false,ADJUSTED|RAW,REQUIRED_INPUT_UNAVAILABLE,2026-06-15,GOLDBEES
false,09757eb7d2444aec4a8eef5db106092bbe7749dff7fd72866100659e3e1119c2|baf19e8cbb255f061c8ec10d096cd7750245e242805c2c4d4b00933008d593ef,false,8abddf4aaf49b9c3fd3374055074b95c120d5dfd3dcfce3ee217addca25dbf1a,COMPLETE_FROZEN_INPUTS_UNAVAILABLE,NONE,false,false,ADJUSTED|RAW,REQUIRED_INPUT_UNAVAILABLE,2026-05-04,VEDL
false,099b3a27ae0f01ba093f8bcfa39d1b2d56e6a532f0aef1631b0813b6a8119daa|dda85b76a5cc6f9520fb193763535ac0f46feb1e5889c2bec5f0c9a146032e95,false,06b139ed51b349379715a5879ced1f19c391fc06331fd57ece7698cf800ad16b,COMPLETE_FROZEN_INPUTS_UNAVAILABLE,NONE,false,false,ADJUSTED|RAW,REQUIRED_INPUT_UNAVAILABLE,2026-06-23,VEDL
false,09a5d36e1599d1ba11084faee140b11ff9a96ba42095dde7b3c66965964d8b4e|85b5bd3aa2e9ddd736ccf039a25e0fbd7be69ad738feb971cf27e9c902cd2299,false,a905b8289a9ef10bcafa5fce64fb2854e371e9018251f60e1e50e705800b3e28,COMPLETE_FROZEN_INPUTS_UNAVAILABLE,NONE,false,false,ADJUSTED|RAW,REQUIRED_INPUT_UNAVAILABLE,2026-01-23,SILVERBEES
false,09b8447fef25ff034f8c1f12f502453028008caae95c51b1d3b319e0805cff07|f5419337bccc58ad8369c0b8e7b5f08bec9d2f3c3793a46bfe08877ec7b06882,false,1571fe66593b08c2008fd437b4a85ab5897cc86095701f51d40dc26e3e63f899,COMPLETE_FROZEN_INPUTS_UNAVAILABLE,NONE,false,false,ADJUSTED|RAW,REQUIRED_INPUT_UNAVAILABLE,2026-05-14,YESBANK
false,09ba57df0cc2422dd9091171f9d64b3b7de80dfbd7001e737201c077c9f9a23c|4f4c6d7b9e8435abffd7f66d7d3d9e4d53c345cd30dcee4cdd401338ce07e665,false,cb14a74ebc3fae72d356f000207bcdcd0d1f288c6107e4ba43351530f95b1f55,COMPLETE_FROZEN_INPUTS_UNAVAILABLE,NONE,false,false,ADJUSTED|RAW,REQUIRED_INPUT_UNAVAILABLE,2026-04-29,DEVYANI
false,09d91c8c5864f73986324d4004a2799266fa926053d1989f9d7c842e11d2c66f|d24bc2a212e7df312e85d43313dcb96e9e39f6916d6451aca4250ace7d079f00,false,ad087397c47544bae6fc2f446c135562313cf7e349052567967db5ed23374329,COMPLETE_FROZEN_INPUTS_UNAVAILABLE,NONE,false,false,ADJUSTED|RAW,REQUIRED_INPUT_UNAVAILABLE,2026-07-06,PCJEWELLER
false,0a1257ef7c45b50ee1cd39cc757e3307cd82b39f186d2383a886f0eecf52bd61|16373805fa8ada25db2275d4e13fccc9da8bc5307b2aa2d1b993cf768a381db8,false,a745b93c3cbdb61da01fa49fe8bc82b3aa5ba8a92371d10ad4a590873bd3b227,COMPLETE_FROZEN_INPUTS_UNAVAILABLE,NONE,false,false,ADJUSTED|RAW,REQUIRED_INPUT_UNAVAILABLE,2026-01-20,TATSILV
false,0a223c148ec41fc4ed3517e74ed08e726b8f609a9ac99a315905938bb1886e34|ff601c504d41ce4b5db8d156dc3df932e84c1005f7f691859b4abe98931bab25,false,b1075cbb253fa917471b748de23aea4713caa699f4be6fd171f40569842e9ce0,COMPLETE_FROZEN_INPUTS_UNAVAILABLE,NONE,false,false,ADJUSTED|RAW,REQUIRED_INPUT_UNAVAILABLE,2026-02-06,TATAGOLD
false,0a2a6a3fc30bc0d264908dab75bc6aa8f926b6503b6f599b5636b12645a8d612|db0370a53a8a6fd57e845a210feffc53ec62f37354ebfe76f91e7700821772d5,false,a582f7f56ec8db1fbd0ebbac65bb28b2a5bd52d8ba67b481cca372e4f87edba4,COMPLETE_FROZEN_INPUTS_UNAVAILABLE,NONE,false,false,ADJUSTED|RAW,REQUIRED_INPUT_UNAVAILABLE,2026-04-10,HFCL
false,0a2aac6efb4a96a8d4e51bb81fad36d34928731284a0ba2c9b35cad49868c1e5|a226f5c3b6c60a43a5dd1394a1c26536ddf63571f3ec772f041a1dc1ddbb69b9,false,41efcda85f898a74f51ff6273abf6111bea750fb61ee629de2a4c6aaf9876769,COMPLETE_FROZEN_INPUTS_UNAVAILABLE,NONE,false,false,ADJUSTED|RAW,REQUIRED_INPUT_UNAVAILABLE,2026-02-02,HINDZINC
false,0a33272b109404316f8f583e74a9870d0b94b290f8721ca232443a67adccaf0b|77741010ad4b3ebccb2b479fe21a24ec1ace54fd90fddb89a8aad6810cdfb7a0,false,7a8eeabb5941df7819a72feb4eb7fee17a4d804ee4b77066adaf53d0e87565dc,COMPLETE_FROZEN_INPUTS_UNAVAILABLE,NONE,false,false,ADJUSTED|RAW,REQUIRED_INPUT_UNAVAILABLE,2026-03-20,HDFCBANK
false,0a3a40ea7abf0fd654d6e18bc0aef1a0edc0cbaf1c9650fe41867371212561e2|e9c7bb473506db95c3db1b27b03967366903f3625b87220b8bad3d1e73f55a27,false,e5e16b57ef72c130ab76a535c7aba858ca435465ba678ffe0ec81199cbb19a1b,COMPLETE_FROZEN_INPUTS_UNAVAILABLE,NONE,false,false,ADJUSTED|RAW,REQUIRED_INPUT_UNAVAILABLE,2026-01-13,TATSILV
false,0a3de5ec9a1042272eae5ff111c5105b5077fccd553137806bfb883a69100fc3|2a392a78abf158cd2917ac320133525f2883140d28eb4108b8fc598811932b4b,false,da393a217c6b07dc29e06226ab575676cfbb42caefcbc845b28f36018627db33,COMPLETE_FROZEN_INPUTS_UNAVAILABLE,NONE,false,false,ADJUSTED|RAW,REQUIRED_INPUT_UNAVAILABLE,2026-03-10,HDFCBANK
false,0a4959352547e622bfb3fc14d274e087370ee1dbfd89d88c7fa37fa0f7232c52|103db8dcce455992fc983f9a37b6bd3e201acd0e91a6aae553a101520113dbd1,false,e2def77d5de04e22b1a4f1f830c9a5c3c7516399282c95d45ac1abe1cd1e0063,COMPLETE_FROZEN_INPUTS_UNAVAILABLE,NONE,false,false,ADJUSTED|RAW,REQUIRED_INPUT_UNAVAILABLE,2026-02-16,OLAELEC
false,0a5da113b9e53b641443c1648804a8cdcf672e129363eccf388f5806b84e9307|78c0763da00292d41a4ad88ffce59285d6d88e721ffc564aebded67d697f4313,false,7b03d82f66a544ec5d72d8257ab55d555369c4337f595d4c69ec86ecd1229663,COMPLETE_FROZEN_INPUTS_UNAVAILABLE,NONE,false,false,ADJUSTED|RAW,REQUIRED_INPUT_UNAVAILABLE,2026-06-02,NHPC
false,0a6801399ab0941106dfb86d28a15547592da80578d4c622691a1aa2d5204049|c526e55c6e9fe32608ea385b41d2beff7ba814dac053574a01cd3ff4534f9c26,false,1341853c60dd59c00c2ff038e1888628d6d014a118d3188418197c32ed841759,COMPLETE_FROZEN_INPUTS_UNAVAILABLE,NONE,false,false,ADJUSTED|RAW,REQUIRED_INPUT_UNAVAILABLE,2026-07-17,FINOPB
false,0a808e8d2750284033bb72f29ed30712c903ef2aad27ced70ba6dce44c913d4c|881b2025c22d09e169eaa755edc49ab79e2947ce603b7dafec4269dc37378da9,false,f8c5cd13d4042be7e4c94e8e780f34e2c4367db216270ebcf7bbc9c530fbe43d,COMPLETE_FROZEN_INPUTS_UNAVAILABLE,NONE,false,false,ADJUSTED|RAW,REQUIRED_INPUT_UNAVAILABLE,2026-03-13,ETERNAL
false,0a812beded7cd7d7a536ca6086bce50c29125e9f2da12efea11497c586b6997c|fe40af7d009e03cbe8143f337597a2063c678d9f9b9981c3f0756bbcb803893c,false,9c27923aa8803169baa5577e87e5dcd640ad641c753d440145ef1aa0f706438e,COMPLETE_FROZEN_INPUTS_UNAVAILABLE,NONE,false,false,ADJUSTED|RAW,REQUIRED_INPUT_UNAVAILABLE,2026-05-20,APOLLO
false,0aa2016e780e7d291615c72617507a01f6e922e71f58d40f28fa70fc3fce9f0a|2892580be1dbd5b68daab2993be53e1d104e545acf28221c1f9ac678a6971a80,false,642e4293b063e938903eeb6cb0a8c640ff102591cc5aaa6439113c301468fdcb,COMPLETE_FROZEN_INPUTS_UNAVAILABLE,NONE,false,false,ADJUSTED|RAW,REQUIRED_INPUT_UNAVAILABLE,2026-05-21,TATAGOLD
false,0ab3cd2a69e4590656206abfdfb72bdc74655c3acd0eeeef309156ca61738865|6959012d2e4c2c5f4ac09fbd8e9ce56f650a03894ac9b62be7816214d1f10401,false,e5e78058115dcbcd15aeaf7d9438cb920ab8bcc9e3ee39fb47d57efb975cbbc6,COMPLETE_FROZEN_INPUTS_UNAVAILABLE,NONE,false,false,ADJUSTED|RAW,REQUIRED_INPUT_UNAVAILABLE,2026-07-08,DPABHUSHAN
false,0ac0bcc03864741dbdc67b75115c53aceee7c49816846f9864360a7e1c4e2972|89ae50db26235a310903893c0934d8731da0ce136630b4c4b00ad219d76274f2,false,a5141c43dcbdaedf3580508f5fed8a0edd84d046319987d7d086f1410970cc28,COMPLETE_FROZEN_INPUTS_UNAVAILABLE,NONE,false,false,ADJUSTED|RAW,REQUIRED_INPUT_UNAVAILABLE,2026-01-21,YESBANK
false,0ae978edca8d2c075143c48fb1171df0c3a23bbe5e4bedca89aead8ab3ff3908|ef705459590a552a4ebd78cabed0e605ff7f4d567838874ef172352253df2a68,false,1cf0b04dc301fdd62aaeca50939db3966f08bf96e091cac032f873d750946a76,COMPLETE_FROZEN_INPUTS_UNAVAILABLE,NONE,false,false,ADJUSTED|RAW,REQUIRED_INPUT_UNAVAILABLE,2026-03-25,RPOWER
false,0b0bc18a910196769becbff32282cecd3822f2aa77e285e3252f119a5f099b62|a7dbaa2ff65e22b2f73b4f5d0e177e7d7a8667786fc8019372194d7321aa1a02,false,e6e5de53f93b15d713834afbf6a00b67bce55d77a22f2e610b5def77644efe32,COMPLETE_FROZEN_INPUTS_UNAVAILABLE,NONE,false,false,ADJUSTED|RAW,REQUIRED_INPUT_UNAVAILABLE,2026-01-07,YESBANK
false,0b33bbd952073e0e14cd84c5353231575cc2c38530eab267636917cf752f963b|bacac5dea64da9a76cd05371f4ba9d8a6aed7908104262594c496b10e75c501b,false,4d313ce1d1fb356dcc03352168719e1bc394131b544e1b1d5f536917c9aaa29d,COMPLETE_FROZEN_INPUTS_UNAVAILABLE,NONE,false,false,ADJUSTED|RAW,REQUIRED_INPUT_UNAVAILABLE,2026-04-29,BANDHANBNK
false,0b39164256bbb3fe64be7687be46c8e99a945ed066bc6efcdb0d4500af5bec75|97e44fff57b31e4e22cc23cd77cb6a07ccf6c36e4f06d4052b15797cdd92154b,false,652e9fc50b06fbcf0154f2909c2f0c30de7d5400816f7bb6db77e458f853c89c,COMPLETE_FROZEN_INPUTS_UNAVAILABLE,NONE,false,false,ADJUSTED|RAW,REQUIRED_INPUT_UNAVAILABLE,2026-06-02,HFCL
false,0b9cdb4c9d19871073796d8696cae7e90f02f1ef88048c0884ddfc8ab2bfe838|ec68e8231269cc44e108ae32ba8befadb92711c29e9856c4e5fa2003d067e316,false,275111e89b0ebb3fb3b6c18d58c27fb4f2d27182e5d0b0f04dce1eb03b9c714b,COMPLETE_FROZEN_INPUTS_UNAVAILABLE,NONE,false,false,ADJUSTED|RAW,REQUIRED_INPUT_UNAVAILABLE,2026-02-06,IDBI
false,0ba1ea921c8e4b25c16e452878ecc0826fe6f9e35e079ba50080e47ff7bcf18b|d1bfea5fed35cd3995f229ea3e48a2e516b1fdf938f363d3180d5a743b7975a6,false,186c140487ef24e6d08bfc4f80b6b6920aec6acee7f4196690e814ba597f43ee,COMPLETE_FROZEN_INPUTS_UNAVAILABLE,NONE,false,false,ADJUSTED|RAW,REQUIRED_INPUT_UNAVAILABLE,2026-04-06,HDFCBANK
false,0bcff1eb62731888226a0c228ce7d76c114e6a714462ab2c6236902f030630bd|495eebe32ab2b794fb8515232af4ea32679d51945c22b7988fa0812efaf66104,false,e4b4255b0be4a730ee995d0fec9100200c05cc9d4e7c8c76d0ddc2207f07ff5c,COMPLETE_FROZEN_INPUTS_UNAVAILABLE,NONE,false,false,ADJUSTED|RAW,REQUIRED_INPUT_UNAVAILABLE,2026-05-12,YESBANK
false,0bd1241aa23f4fe33da9566e9057ff3cdba82077f65a90a7b80a00b80a3ed6a6|4e5c5ed71044f4fb958bbdb28d1cbaf53b743169102532c7f8f9fc7eadf41a31,false,180cf71eaa5ac3ecfb2e7e72bcd86be430fc81a7568af004efca2ff2de7867e7,COMPLETE_FROZEN_INPUTS_UNAVAILABLE,NONE,false,false,ADJUSTED|RAW,REQUIRED_INPUT_UNAVAILABLE,2026-05-13,YESBANK
false,0bd883135c78f99b3c07451bfb1f7efc3f4d8edbbff508b302558a3a863989c9|45c7fb1782536b83baa5c291d89b23c61facce6e69cebea5a3d9c37b01544f3f,false,28ada798f578fd5f64b3b3e95268f65c0678ed10642e9a116af2f121b52f8725,COMPLETE_FROZEN_INPUTS_UNAVAILABLE,NONE,false,false,ADJUSTED|RAW,REQUIRED_INPUT_UNAVAILABLE,2026-03-10,TATSILV
false,0be742bc76ac71cf7be4464396ec899890a828c788d23b7928fd9fe019faf8a2|5b3ba8c8966d064632b0e7cca6e284df9ec869c47ccd1cf2a1d5ff824fcca6f9,false,d6d6e2041c89a53bc6fe45282cdcbac8a42f3a53f9a3e99853c730fd9c9514d1,COMPLETE_FROZEN_INPUTS_UNAVAILABLE,NONE,false,false,ADJUSTED|RAW,REQUIRED_INPUT_UNAVAILABLE,2026-02-19,EASEMYTRIP
false,0bee9ace63b0b9100da601116fda702040d37149d95d65e329b07963d73f4da6|26c6ef1b09c733a658417d79062cd15ac41bf624cffbc8f9ac8f08473c7ad04a,false,83e91cbaf8b08fc5a6a7a62c9414f54638bc267d6a3c46d147409fce9ddd51a6,COMPLETE_FROZEN_INPUTS_UNAVAILABLE,NONE,false,false,ADJUSTED|RAW,REQUIRED_INPUT_UNAVAILABLE,2026-04-10,LUXIND
false,0c12703fca7b7038173201d40250d490a37b834dfaebf256fd6a7b2bbf92995e|f2325c096bcf52e076df10512d06de59c5ee3094b6f7ec99f48d49c4fc221728,false,6ea65f5da25ffd906ae06685a1c66d9acbc8d7ca7c99d153bb0d119f3d93974a,COMPLETE_FROZEN_INPUTS_UNAVAILABLE,NONE,false,false,ADJUSTED|RAW,REQUIRED_INPUT_UNAVAILABLE,2026-05-18,TATAGOLD
false,0c12a6a55c8932063b76329be92a196b1e9a501596db4847d8bc26ecaceb208d|f41ea91a4e88adc0bb742fec94974d0917bbdfc1dadd2b9ead4e147772ac3a8a,false,44f4cec1d4a433704795af2b7de6142124a206378005f7800503062296534ec0,COMPLETE_FROZEN_INPUTS_UNAVAILABLE,NONE,false,false,ADJUSTED|RAW,REQUIRED_INPUT_UNAVAILABLE,2026-03-12,JPPOWER
false,0c30565ef12e883d2df4a180538750e270ac33aab5683043a39107a24f6cafc0|280c6a12ab8d852ec3e7a626985af2b1a7310e9ed398691efe71acb050efc1b2,false,9ef1c2cc94a36a7ebb9f19023a7ec35d42bb6182fd34f20cf3a95a7d2c7e9e12,COMPLETE_FROZEN_INPUTS_UNAVAILABLE,NONE,false,false,ADJUSTED|RAW,REQUIRED_INPUT_UNAVAILABLE,2026-05-13,SAIL
false,0c4be8676a12aec5e5eba0fcf975505a27ebacc63b92079330c708ba275c9b39|8eccd2a567ad2e059b83ca9744de9e62864861c7f16e7c3f3e9eddd381772ded,false,9db7f2e669d6181f86f9f972552fdb73d61ad9b9c689c57d6698900155b3a890,COMPLETE_FROZEN_INPUTS_UNAVAILABLE,NONE,false,false,ADJUSTED|RAW,REQUIRED_INPUT_UNAVAILABLE,2026-03-04,YESBANK
false,0c557c4fb1d8b7656b09101b7c7e6a8fddec3d0a473b409860ebfccd5cdd3891|3f9e5d47756d4f210d64cc42e0b54dc3a56274b699cbf6f5fa1f4d86ab69444e,false,547978baa294626c0367abca983f7416d539fbf0f5955d0b06ea8cd76c991f61,COMPLETE_FROZEN_INPUTS_UNAVAILABLE,NONE,false,false,ADJUSTED|RAW,REQUIRED_INPUT_UNAVAILABLE,2026-06-25,HDFCBANK
false,0c6684e2f71d37f111dcad2472546380d6c064362f6d4df393244ac95a3f1933|afdec70ef6cc275574ed9ac25cc06a2c177f63cbca2d6c52f7b5225085d04d59,false,8de9c5dcde04f61ab4dd8eccdc409ec9973b9309c4a4cbbb79c5427eb3fde261,COMPLETE_FROZEN_INPUTS_UNAVAILABLE,NONE,false,false,ADJUSTED|RAW,REQUIRED_INPUT_UNAVAILABLE,2026-06-12,HDFCBANK
false,0c768829dc3c87ae4fd6363eb98a382f2a6980debec428562f6b64ee52a2ca57|15062d7125db23855da5498efa9d0e2bd1a83df97bf34f33e995fc9da27cf846,false,608fcab37c94e8d9f2ac28831bd0b0285dfafe6c7b7cc4fffbe785e1c31d4f27,COMPLETE_FROZEN_INPUTS_UNAVAILABLE,NONE,false,false,ADJUSTED|RAW,REQUIRED_INPUT_UNAVAILABLE,2026-02-25,MAHABANK
false,0c7d0c2063f2268c539d875fa8a30d61754a5247e89b4e565579316e9ba8e945|79aa55a6671930633d48b49057d8b299b015f05ed6b88d2ab9175f998f845251,false,e46d3adc965f593170e94c3ce759c93e4d376080f7a91e092060892b1a47770a,COMPLETE_FROZEN_INPUTS_UNAVAILABLE,NONE,false,false,ADJUSTED|RAW,REQUIRED_INPUT_UNAVAILABLE,2026-02-02,SILVERBEES
false,0c8f0625e11d9ef1d664af90de10586ae02595860074061a01e5a72b74946766|7d0862f8ca4ad8e88ecc2f839993de0cb91c25f75f8ba051a1fac59bef349c31,false,58a7373ea9fac26d090d9eaa1564291b52db506a8e8b7014cb173c19445b4fc4,COMPLETE_FROZEN_INPUTS_UNAVAILABLE,NONE,false,false,ADJUSTED|RAW,REQUIRED_INPUT_UNAVAILABLE,2026-03-18,URBANCO
false,0ca670a3f28b4cf4a5df6c25cc1c5ce3e582164f0ef2757635abbe097b552b8d|952bf9fab7dfef1a2d1b9c7cc1818fb995eb742b278b10f46c568f8f7751da12,false,7239d7281c611ddad58243e02df6922a5d85d0876024bf209be06a021dfe73a0,COMPLETE_FROZEN_INPUTS_UNAVAILABLE,NONE,false,false,ADJUSTED|RAW,REQUIRED_INPUT_UNAVAILABLE,2026-01-19,JINDALSAW
false,0cdeb91b7859ffc51583528c6963924b48299cb58a05d63450e6fb4513221092|95fce95a83eddf680c3c480e02af758caa489cfc267e1d1ce2d1523dc5063f36,false,440c7178986575829b3de56d72a1d28c52116855d58c61a2927f30952edbb648,COMPLETE_FROZEN_INPUTS_UNAVAILABLE,NONE,false,false,ADJUSTED|RAW,REQUIRED_INPUT_UNAVAILABLE,2026-03-09,TATSILV
false,0cfe002cc45d443025df0992127ac2a7805b7bd2c5598c16ccf49f679c86e637|876e4e2d069c28577cfb73d6d04d92243e4d50c76857a54dffe528dd1972e773,false,c1512519709b3be47ee8bcb3c9db1f0e43425d48893647aaa5481b335a68bcda,COMPLETE_FROZEN_INPUTS_UNAVAILABLE,NONE,false,false,ADJUSTED|RAW,REQUIRED_INPUT_UNAVAILABLE,2026-01-20,TATAGOLD
false,0d30c377612b03cf3234b6fe241cf99debae5595f4d5e538b543e6fc22adbc32|14e36b307b9cde570e67bfb7ec2641e9792fc3bfe4413de6bf9e028d0d564b0e,false,cabade916f626a7805b9ceb24c9ae686242b323ae8c25e45662a54ba6c84ad8a,COMPLETE_FROZEN_INPUTS_UNAVAILABLE,NONE,false,false,ADJUSTED|RAW,REQUIRED_INPUT_UNAVAILABLE,2026-05-18,PNB
false,0d578e96477a0e244a2452e41ba5f9ce48a929ed7e8f76cd57a3b3911ddd7b0d|be67e5f8d7ed9b47df7d1487d48fde65376f45f853ce0a59d3c83e73bbfbed83,false,af621afa3d7175e0cad83358e14e2a903f6ac7a76656fbb6934eb3511339a39e,COMPLETE_FROZEN_INPUTS_UNAVAILABLE,NONE,false,false,ADJUSTED|RAW,REQUIRED_INPUT_UNAVAILABLE,2026-01-13,LIQUIDCASE
false,0d6a50c34c5bac1ec54766b275856eae3c3a6d744d4e0da2ad8863ddf43f8da4|34270385da0ea194862f127bfe8f4df4bf1eb62dc2f5fac3eb0137ee11c9e743,false,11c1fbd31fb77c1d76f51ba8d808506860d73ff042eec1221323194148d8e282,COMPLETE_FROZEN_INPUTS_UNAVAILABLE,NONE,false,false,ADJUSTED|RAW,REQUIRED_INPUT_UNAVAILABLE,2026-05-27,JPPOWER
false,0d6dba4bef3eaf20f8085932037b908ad2a3d26c741948f60c14223a0fa5259a|68f6163960e44c2990a3b769cbc6e4fe89da657db6fccddfd08fbcc733e7a218,false,70c5ac26e2ae8c9ffc520209a6dff1a991b1634a32f79d11d1638c5f8f2179f1,COMPLETE_FROZEN_INPUTS_UNAVAILABLE,NONE,false,false,ADJUSTED|RAW,REQUIRED_INPUT_UNAVAILABLE,2026-05-26,YESBANK
false,0d808d99e5e5cd530b4e64c7166bca641dfee77f2544a25c0eade9a2ddc2e9c2|539a7e985facc3bb34c34eca7ca2ecd9371106e2809f0010c305ba514f4cb455,false,adce0c9c82834fa6478e1600006abcb494b5b8374f67f5558fce242ab66af3e6,COMPLETE_FROZEN_INPUTS_UNAVAILABLE,NONE,false,false,ADJUSTED|RAW,REQUIRED_INPUT_UNAVAILABLE,2026-03-04,ETERNAL
false,0da2104dbc1459f89611fedf4cc3d509ad0170f18abca3f64469707dfa461095|1ae6c881033de8e14af7e25fc1ce96da400e5b344c8348150f083244b1bd92f7,false,58daeeb7838f3053c9c7e34fc0cbed5f2e978dea316e166dfaacf42395c78523,COMPLETE_FROZEN_INPUTS_UNAVAILABLE,NONE,false,false,ADJUSTED|RAW,REQUIRED_INPUT_UNAVAILABLE,2026-04-09,ITI
false,0db06960013b84dd03aa92c810342c7e92af7bf9ab19e151baf54e390f9693d0|9ca41920766ae8f88aa850e20e284c2cd92a49bc25e183a1cdb7f32b63a41a4e,false,35cbf0b9077ff4e0aa71374bb8fd33f26280d5589c42785d07fb4b104cf60b6b,COMPLETE_FROZEN_INPUTS_UNAVAILABLE,NONE,false,false,ADJUSTED|RAW,REQUIRED_INPUT_UNAVAILABLE,2026-03-30,SILVERBEES
false,0db80808f61ed6c84dae817aa4414bc81872c158bb30ebeca03a77905eb52fa5|f85c2f5621417e1b825dc0dc7ce137ff9bcbcce78716fb6444909e60c88fb0d6,false,92f547030950b4f71299e0788e9d365b3b05fed10c515802abe344d04aad0632,COMPLETE_FROZEN_INPUTS_UNAVAILABLE,NONE,false,false,ADJUSTED|RAW,REQUIRED_INPUT_UNAVAILABLE,2026-06-10,ATALREAL
false,0e1964d6623e7aa91be41d380f057f63f395253fc316561ee2656ab1582c61c3|e9c8fd9aec7fa1a4450265a361fd5f4d591ad2d3bd52e19f8373abc77fb5943c,false,621a6c033091f654cba9581ab668bc34629e0aa627ccd2f2cc27b85d19fabc47,COMPLETE_FROZEN_INPUTS_UNAVAILABLE,NONE,false,false,ADJUSTED|RAW,REQUIRED_INPUT_UNAVAILABLE,2026-07-14,TATSILV
false,0e7476da5d2192803a33a31b9d74f7dc65552c9b3306422bddb6a0abc1ed6d79|835482acae3366b3413e672e418f74fc5bcafdf28c5a00d7d2a4d43e811ec14c,false,efca9cd13353b69409c1aaedb4d23169b54189dce3a9f906c3129f205292af03,COMPLETE_FROZEN_INPUTS_UNAVAILABLE,NONE,false,false,ADJUSTED|RAW,REQUIRED_INPUT_UNAVAILABLE,2026-03-06,GOLDBEES
false,0e758f097106569c10181489e7ebadc1a74c0978574e4ea88d26bcb8f59a3d80|aa66953e3d5aa1930c20a1d1781aee2d5047b057f0b112cbc2d2e8b5ae4ce38c,false,679a01394378066ecd183c0cb91840ee91b29eb6cf888b9ad37b894da3b2ce2d,COMPLETE_FROZEN_INPUTS_UNAVAILABLE,NONE,false,false,ADJUSTED|RAW,REQUIRED_INPUT_UNAVAILABLE,2026-02-25,IDFCFIRSTB
false,0e9f427bf842710e26056bed62df5a8ed735bfe8232e73318ad63b21d479b0d0|4522e23c294c354c236ac03b9953191819b360bded93334063f54b5e2a8b38d4,false,10b5b6fb8b608f372cf0baef11056903af30eaca529ecdfb02531e2aacda50e6,COMPLETE_FROZEN_INPUTS_UNAVAILABLE,NONE,false,false,ADJUSTED|RAW,REQUIRED_INPUT_UNAVAILABLE,2026-04-28,ONGC
false,0eaf772f9030d04034f8b6e09cd019c5683a7ca500620b17f3e42f4f6d98375f|2cc9b0f060a0d6bc8bf4944a1af9c18cec1eff3fe81283d0e3033dfbc8509ac8,false,ba439ed432dcc647ec7d7423bbd69f82868f09c819b5dc43b9835cc5cbdbb030,COMPLETE_FROZEN_INPUTS_UNAVAILABLE,NONE,false,false,ADJUSTED|RAW,REQUIRED_INPUT_UNAVAILABLE,2026-07-16,PCJEWELLER
false,0eb27884bad98125a9423382e79c04f4ee3e8b1d1d03b8025bb2e71548198ea5|cac8e3c58d48f2f191e1457f668ca29c6a2c5a9dd7286c85f67c3ee13effb72d,false,9831544145fd971ee2704240b2e1de762c5867fbcce1ebf718008edb32e49b02,COMPLETE_FROZEN_INPUTS_UNAVAILABLE,NONE,false,false,ADJUSTED|RAW,REQUIRED_INPUT_UNAVAILABLE,2026-01-28,BEL
false,0ec05c21de82e1a5230355ce7b7b82946c13ac481ddc835793f7383c292e455a|c3be64f1341a42ea345cd03a6cf005cb2bdb21640417de7a6a6fc8ba851d26e9,false,09e6cd16ec96fb33b718d76a7e1a1167a3704a669cf30123dad15bde2d121d7e,COMPLETE_FROZEN_INPUTS_UNAVAILABLE,NONE,false,false,ADJUSTED|RAW,REQUIRED_INPUT_UNAVAILABLE,2026-01-22,MODTHREAD
false,0f4eb2dbf37ba081d4c8729b262393c2cdadd7ae60fbbe64eecc9b04a2c349f4|6c5664cd1ca7735b47cc8ac4264ea06e9a491804b6ceade46cb47267a861b298,false,26cce5900a99b27ab40f1a91bb4d631340a616f77e41613782a3665b8284ff65,COMPLETE_FROZEN_INPUTS_UNAVAILABLE,NONE,false,false,ADJUSTED|RAW,REQUIRED_INPUT_UNAVAILABLE,2026-04-16,ETERNAL
false,0f71ec88393367b0bdd0d4cd44c4a68f6bfe059e35bee677ca994351a543b644|f606e2e19b1c59ce6bc3fd2b68f8ee991819cab481f0bee12095f87316788344,false,0190ebb730e2634867b72299f09691b037788eb945e121809be22b55a856be05,COMPLETE_FROZEN_INPUTS_UNAVAILABLE,NONE,false,false,ADJUSTED|RAW,REQUIRED_INPUT_UNAVAILABLE,2026-04-13,GOLDBEES
false,0f767143b36d8128367cb547df72db21f85e06f059fd9c7fbabeb542607e8bf6|b3b91bc0a4e03fe0e7fee69c5bcc3e8b7504746b2d13d05a40548bef8da3843f,false,b5016f340333cbb527e405dba806de74d3a6edb879437a68b362fb4b20d0cf4a,COMPLETE_FROZEN_INPUTS_UNAVAILABLE,NONE,false,false,ADJUSTED|RAW,REQUIRED_INPUT_UNAVAILABLE,2026-03-20,JPPOWER
false,0f8410e28c4b5f2f589f59250afd73fb9027e1570ffcebd31749a78187f75ebe|67a472dabc01ab24d69efda477212724df39b60e0912bcbc92f729101c4bd8eb,false,b20bf3fd03b2b6c18d18cac6228e4911063a0a43a9fdc6d90ed03f0cddc2d1f0,COMPLETE_FROZEN_INPUTS_UNAVAILABLE,NONE,false,false,ADJUSTED|RAW,REQUIRED_INPUT_UNAVAILABLE,2026-07-20,PCJEWELLER
false,0f868ff0d57d9e350315f818fbfa4a9174c75c890329f23b0caae26148aaf6af|4f3234036229ecc0ee639b7cf311e6bb7b5fd4600b1d66539448e89284b890e3,false,b0365f3acce6a2c13d1c7c8101c4e2534b904212fa12852c7c79930cf397cfd8,COMPLETE_FROZEN_INPUTS_UNAVAILABLE,NONE,false,false,ADJUSTED|RAW,REQUIRED_INPUT_UNAVAILABLE,2026-05-18,FCL
false,0f99206c19675c438a0e1d2fd941f52cabbf417382107c93a2e49b3e2c7c4b2e|4e30a2a6b22987e4d7fedbcad4bb4b36213570bd29f981dd058e9fb30f4b8242,false,373933e404fe4bed05f5cfdf131630d8c74f025e2b63babdadd58a55334aef7c,COMPLETE_FROZEN_INPUTS_UNAVAILABLE,NONE,false,false,ADJUSTED|RAW,REQUIRED_INPUT_UNAVAILABLE,2026-02-17,YESBANK
false,0fff89519ccaf995c528bc90f5b2fbeaa5853abf8da89f0cc02d5f047e895f41|312cb6a846025177506064ec54905eac63d2980afea22bf43177f87b749e4ca5,false,8a664d63d2624b0f5c05867ebfcef95c07cb9a283accad92133fc947d622f963,COMPLETE_FROZEN_INPUTS_UNAVAILABLE,NONE,false,false,ADJUSTED|RAW,REQUIRED_INPUT_UNAVAILABLE,2026-03-16,IDBI
false,10063489b5e99e415dd60bb6327a7121131dabfc92f950c9e83f03c7e45d8474|88199b01bb669bf4d906154678d582ac0ac35a4036615eb28ecaf8f03070858b,false,609ea5c2097f2b3613ee003fdf199a89b9d027a31e8f5b3ed71e3eb60aa58520,COMPLETE_FROZEN_INPUTS_UNAVAILABLE,NONE,false,false,ADJUSTED|RAW,REQUIRED_INPUT_UNAVAILABLE,2026-05-20,IRB
false,100efac5b31826f0de48dbd3641c9c0aebef06c7971cf61d826e31cf83f9dc41|9b6d288a124bebc9dce79450f3596e4eea6142c325d2e3bb40587b8d02a74e35,false,a0cc8b6e324a041308c8dc83502a71319887343706048ba673ff2b4877908838,COMPLETE_FROZEN_INPUTS_UNAVAILABLE,NONE,false,false,ADJUSTED|RAW,REQUIRED_INPUT_UNAVAILABLE,2026-06-15,GTLINFRA
false,101dac1c1a166495e329fd5e743831877f696defb651d66e249044e96877a0d7|5ae50c93f1b059f37aea89fbf1f5635d9b36481b531b9bf67b8b8d880e8d84a5,false,ec03b13e374e7f742dc784a6ed5a71d00a46e3ee478b6fda711dd5a27334bf11,COMPLETE_FROZEN_INPUTS_UNAVAILABLE,NONE,false,false,ADJUSTED|RAW,REQUIRED_INPUT_UNAVAILABLE,2026-04-06,TATAGOLD
false,1052f35789cfdc0184fc39edb324bb1466d816908aeff985da99bf2b40356454|294ebd3abd0943bb29ca079e7133e4b9978ca2a7f8ee16b76be66ced9639b816,false,d52e08c625526397a10487b46ac9308904802e184f8bd02d00cd6858dbf84c29,COMPLETE_FROZEN_INPUTS_UNAVAILABLE,NONE,false,false,ADJUSTED|RAW,REQUIRED_INPUT_UNAVAILABLE,2026-04-09,STLTECH
false,1069a555c693b168c15e17a01daaef70212f47f53df3a8aad69f77d6bb908c7d|562825e571235c9802b2a5a3beaa31a74779a9fb4a99aa3fe5271c29c7d91dfc,false,cfc6d1c99e78ff9b7f4a37328bbfda8650cd030e95301540d752d03bccbd1a44,COMPLETE_FROZEN_INPUTS_UNAVAILABLE,NONE,false,false,ADJUSTED|RAW,REQUIRED_INPUT_UNAVAILABLE,2026-04-09,TATAGOLD
false,108d72e43bb98f585979b8c1c9be09e96656f5ae97998e06fcdfe1f8440cefd4|c7dee3caf50ca4a75945ab3778b7c2912b994166987d1593ca93a5b1efd2db77,false,6f3104c3e389d5a591ab891ff3f5f4c5db0b4bfcf844f15efe881bac642acdfe,COMPLETE_FROZEN_INPUTS_UNAVAILABLE,NONE,false,false,ADJUSTED|RAW,REQUIRED_INPUT_UNAVAILABLE,2026-07-09,PCJEWELLER
false,109c0354c24878667ba8fb45d65e6e32abc4f1949c74bc799e25146ae36c5c38|ac8a2f2509380a534f0e5b3c139c8d2cfb898cf54dcd51daa3843e25df7fb0cb,false,e7b6263a80a3d6b4c4893e11e4143649e21adc527bda54962b9ca18b274b7014,COMPLETE_FROZEN_INPUTS_UNAVAILABLE,NONE,false,false,ADJUSTED|RAW,REQUIRED_INPUT_UNAVAILABLE,2026-04-13,ADANIPOWER
false,10a23ca5cb75a2c9511e8d6c30936d32580a3b16f2369d931b5ac6f06b86138a|742cb2540464e2e10ee82ecd5b1122f28de53318a41a729e0ac329cce6e24f35,false,9c7b22a21e0310941afee56325736ae69c4af568ea2ddc2354f6161da824ea9a,COMPLETE_FROZEN_INPUTS_UNAVAILABLE,NONE,false,false,ADJUSTED|RAW,REQUIRED_INPUT_UNAVAILABLE,2026-02-20,FILATFASH
false,10be136a5c877a1de5e86468efbb5faa50ad131dda0b8bb4d778a266cf7be0e5|2989dab724fcb138da1d57a83120cf11feca3adb223aac0869e3029a0ca97422,false,def8bead6032ea50bbd09e2e0cf622fee78d9b5991bd7e8bea2b0626d5b965e3,COMPLETE_FROZEN_INPUTS_UNAVAILABLE,NONE,false,false,ADJUSTED|RAW,REQUIRED_INPUT_UNAVAILABLE,2026-07-17,FEDERALBNK
false,10f6292c0f6adbee24307e1b4df74a4665d41e2eef5864fa3b349dc991722762|51e728905fc306cc6b0bb8598bffe974cf3d5390f06de6391d823d7c64be3173,false,da5368ed5a757b21994d12001a7f85431eec9fa58518f2ced1e5e6b45cc175f6,COMPLETE_FROZEN_INPUTS_UNAVAILABLE,NONE,false,false,ADJUSTED|RAW,REQUIRED_INPUT_UNAVAILABLE,2026-06-16,YESBANK
false,1105a908793f6925efb7d5603f891e80fc585505b127abd83060f297d78e3427|e509c84306e9408e3b0d69b976b76189d53caaefaf2026f5e6d0ab0a48a81837,false,612c04eeeaa54b1ecb2d31c5188dab344d351c626475c399ab41d6024808f47f,COMPLETE_FROZEN_INPUTS_UNAVAILABLE,NONE,false,false,ADJUSTED|RAW,REQUIRED_INPUT_UNAVAILABLE,2026-07-13,UNIONBANK
false,11198fa3c86c0ab8c689e4d6d620c07e19b96cec92c6f550ff99fd993ff76855|4c681e2bfc4131cc5c1222600d44520113221c148a46e6292d3bd10fb1acd1cb,false,f9ea617754d9c0c5242e4308bf5ee5e3f5137800e70624c63e0be37a6deed7f4,COMPLETE_FROZEN_INPUTS_UNAVAILABLE,NONE,false,false,ADJUSTED|RAW,REQUIRED_INPUT_UNAVAILABLE,2026-01-01,YESBANK
false,1163b426712e3dad5da93a1c98325577876beb66981ff103e57b72c6fda4612d|34a5dc35a9df2696d916662f936b7333de230a0ac4c6607927f6519292aba9ca,false,535a50b2cfef9fca3d0788be4bee5ee44caabe2d6ebb088266525cea47049c0f,COMPLETE_FROZEN_INPUTS_UNAVAILABLE,NONE,false,false,ADJUSTED|RAW,REQUIRED_INPUT_UNAVAILABLE,2026-06-23,TATSILV
false,116f21f9799556853f6cd3036d42c971ab62095d6999e291dc14065fff8846d1|792da61001af57b12d2ff63ee80580a470e776c4d3e8fb9a73b68fd2a068bcd7,false,4490b9d5b0c85d0684f24e11cfade0754acf9c1d77fa914e41fa1427a6413f30,COMPLETE_FROZEN_INPUTS_UNAVAILABLE,NONE,false,false,ADJUSTED|RAW,REQUIRED_INPUT_UNAVAILABLE,2026-02-13,ENGINERSIN
false,1181bd35570054dff622dff8d57cfda6ce3bfc7d03270f68b242bd29b5531d18|bdd2cdd75a0bb90f56880521b6ec263fd98a2eda310f1a16784aad89c3c04408,false,71cc529ad345250f302299a94eda12928562501d3e819e7db658d2a8ca7be4e7,COMPLETE_FROZEN_INPUTS_UNAVAILABLE,NONE,false,false,ADJUSTED|RAW,REQUIRED_INPUT_UNAVAILABLE,2026-03-10,TATAGOLD
false,11b57d593f29597f5f23a23a1a7d3192cdfe08ef1f2da5b8d619cafc44e95ec9|11dc27edaafc6517e0607e58eea5839dd0226bbff179b2949ff69701f7c4e93d,false,6a0dbe822c558929c978b240307d7cd0645caa6f46ad7d586772dbb53dc6503a,COMPLETE_FROZEN_INPUTS_UNAVAILABLE,NONE,false,false,ADJUSTED|RAW,REQUIRED_INPUT_UNAVAILABLE,2026-04-16,GOLDBEES
false,11c068b28eb13003e60a52f41a4805d7d1f2df4205c236f6676db6c43741a4ca|596ebcbd3fcd4442e261314d210ed642b8cf36736ad39cf9155caba56e61376f,false,fdc67b9d4a82577799ddc30623b631c8e58eb5514a0eff7a46713b1a25fd9d3e,COMPLETE_FROZEN_INPUTS_UNAVAILABLE,NONE,false,false,ADJUSTED|RAW,REQUIRED_INPUT_UNAVAILABLE,2026-04-22,GROWW
false,11c0cdf51c2ed87968d9b8860521dc8890a4c262ffbb5a86b2d30179c65db84d|4d72d0e5d9fb8332dd7c26a240586d58cd628dc64be867c4ab60e37c2b7d54f1,false,8a4a263cd3926763f52bfff4ff35a1d96e0b607385ffcc34de8d10243ff4ab05,COMPLETE_FROZEN_INPUTS_UNAVAILABLE,NONE,false,false,ADJUSTED|RAW,REQUIRED_INPUT_UNAVAILABLE,2026-05-26,TATAGOLD
false,11ce51270007869c557bc6f08918c4886d50d31d4675f257f11d4534accb08ee|39d4d447cbe286d388172218bb283202a5cfdde5b480c216c50f1814cb0f3ab5,false,072716d3d7bd85846335ad25e991d42f2a8ef1aba03ba1366d8c0d323b6e81fb,COMPLETE_FROZEN_INPUTS_UNAVAILABLE,NONE,false,false,ADJUSTED|RAW,REQUIRED_INPUT_UNAVAILABLE,2026-01-05,PCJEWELLER
false,11d87f5f9b4af0ad1924766a067abf162e249eede0203f133721858517882491|f03b5ce57e073ab89dbe767679cde1c6ae91c2767f599938365f97d5355f6e10,false,f9097093b32a145f4ea49cd0cbde1b7d3a1dd717571bdf8cb448bccbd9837eec,COMPLETE_FROZEN_INPUTS_UNAVAILABLE,NONE,false,false,ADJUSTED|RAW,REQUIRED_INPUT_UNAVAILABLE,2026-02-20,CANBK
false,11e515f538e2b78b55c002e46e2ff08cd1d40c3069ede99429f162dc9a5e269f|9e63eb410058ffbd3522204b593190fcb90ae69b558d21f4c0f72d58ef7c297c,false,11778c68fa1b5d4720aa37db6feae252af0c57650ef8a3aa1a3ccd90849fa095,COMPLETE_FROZEN_INPUTS_UNAVAILABLE,NONE,false,false,ADJUSTED|RAW,REQUIRED_INPUT_UNAVAILABLE,2026-06-25,TATAGOLD
false,1215852d74b743dfc4044acff57b69f11f7ececf8aee57f642a7d57d5e4ac1e1|e279694fde3f3c61b24bfeef84f6582ed26d34967d3b2eadff49f2428be64d00,false,c7d5b0ccd840deb46c20230f45d5d9e6c8c2a41b32f6bec3c352cc300b310a76,COMPLETE_FROZEN_INPUTS_UNAVAILABLE,NONE,false,false,ADJUSTED|RAW,REQUIRED_INPUT_UNAVAILABLE,2026-02-18,AAREYDRUGS
false,124bd55a847e51da94ca94ebde3a9fde5a68203e293e7cb8f0e968b596e0c6b2|1853d1c4cac7a2d0d6960aebba3920811f5a571a708320443d4845d62562a8a3,false,7db9820a436245b61497ef94bbf9057f97bfea7b105bf0778ee976e235b2d983,COMPLETE_FROZEN_INPUTS_UNAVAILABLE,NONE,false,false,ADJUSTED|RAW,REQUIRED_INPUT_UNAVAILABLE,2026-04-27,RPOWER
false,125781f25d9a309180a5993022fa6d29e16b7b23ef6c42c1d00298635e9e4a9f|d4d54d711b84965d49bf003e75f6cc2d76683c9eb8e9b235048d37de84232f45,false,e37663e30db744fbf933e6485f5806f33325005c8765aaafbd5ab2e1f6ec0dfa,COMPLETE_FROZEN_INPUTS_UNAVAILABLE,NONE,false,false,ADJUSTED|RAW,REQUIRED_INPUT_UNAVAILABLE,2026-06-24,TATAGOLD
false,125ca955c311e597becfa4ffb17c88da4abb631a7b58426183a2a963a628247b|477a2266a4717a039c8a304c3f468949f6ee84176356b7f58b3c0fae480eaeff,false,3e507de0a46d976a7b197da3b266ef17e75b848c66d5386a4d6e9b2d545efe28,COMPLETE_FROZEN_INPUTS_UNAVAILABLE,NONE,false,false,ADJUSTED|RAW,REQUIRED_INPUT_UNAVAILABLE,2026-02-12,GROWW
false,125cb6747d9b6db708040d7ba5ff2c77edaf7a50ee65bc27f1a535cd940bd465|655c228fd2bf5c727dbb082f8ca001400119e0ecdea02d6b46f243e1156ba053,false,6388dffd38561b6d3ec1dec94717d78c021c00cc2b87d364e7db733f202efe09,COMPLETE_FROZEN_INPUTS_UNAVAILABLE,NONE,false,false,ADJUSTED|RAW,REQUIRED_INPUT_UNAVAILABLE,2026-01-19,SILVERBEES
false,12727a44a42070ce23290c2821c4c7bb8ce168d4b68dc3bd07874467e5e7e96f|15228375ab072a4bec85042ebd4459ffa8ea14d8bc761e743f0f249d2530d02e,false,3ff183b3fbcf4928d9a8231565b7958a54d1dce141a248fbb7f419e144460540,COMPLETE_FROZEN_INPUTS_UNAVAILABLE,NONE,false,false,ADJUSTED|RAW,REQUIRED_INPUT_UNAVAILABLE,2026-06-19,YESBANK
false,127adc4a7a26e5f206bb3ea9ccb60a22dc44620e10d4c292faa2715e030269cc|aa809ab27b77fbccb328115c3733ea6fcf0219f54b5215a78aaed455c7bf71de,false,ad152a003cb9b50d0ecac64f421c9d7cfdebd09a77a56a3d1cf835bca555cf30,COMPLETE_FROZEN_INPUTS_UNAVAILABLE,NONE,false,false,ADJUSTED|RAW,REQUIRED_INPUT_UNAVAILABLE,2026-05-06,RPOWER
false,1296b184ad9f821f84ab3865e2e55dda9533f1f78dc5b58dc228f2c2a453b46e|7a3cacbc597f71bb53aef764b7d98d15187eae1c035e8c2f18b6f9bb26ede825,false,72735a35ba864f77088969c48b3671e1b582e03daf49765e44d89569a2c5c050,COMPLETE_FROZEN_INPUTS_UNAVAILABLE,NONE,false,false,ADJUSTED|RAW,REQUIRED_INPUT_UNAVAILABLE,2026-02-10,TATASTEEL
false,12987846db495a15379a56a4de8173498fcc93aa6d7389617e799170b03b863e|c5490e6da7fa97a144beb24d7159bb369fc28e72ffc92a11224b6e6ddf1d2204,false,3bd2ec9239989e72058292a48e85ad7206e82f6e56d77ed9b33f0dab60ef1513,COMPLETE_FROZEN_INPUTS_UNAVAILABLE,NONE,false,false,ADJUSTED|RAW,REQUIRED_INPUT_UNAVAILABLE,2026-04-13,YESBANK
false,12992be403e4c814a05c690a6f7422849000ab761b1751ce90d63bbeb32eea3c|6b57ce91443462ae22426f7c359e8e9241e9b115b7bbae649d1919c7122cf26f,false,2238e3b92743be4167df1fdd90a5ff6fde8443983acaddd8ddb34ef588628e1e,COMPLETE_FROZEN_INPUTS_UNAVAILABLE,NONE,false,false,ADJUSTED|RAW,REQUIRED_INPUT_UNAVAILABLE,2026-07-03,NGLFINE
false,1299743b02fd52d6c2b2de28970bfd4f21cedbac33bbf0829b2c14861bf395c6|7345037bc6cb55ee224b28c091d0f8b764f19296cd2a00ced457aed57db17178,false,6942bfbb4db8315e4ab56ed12c502e1b59085202a3205f943544cf7857a63997,COMPLETE_FROZEN_INPUTS_UNAVAILABLE,NONE,false,false,ADJUSTED|RAW,REQUIRED_INPUT_UNAVAILABLE,2026-03-10,GOLDBEES
false,129aa1cc6bdfcb2cf8805d9a031d2fc9413091bf3a6de0ec5a640cdf5f95680e|68e103ed6224e16bd101276206145de12274475e3d1b65b09444f5e40e004972,false,9767a126f534f728c7b2870fd0df1793ecc22258dd4c5506b646ecef4baedf8a,COMPLETE_FROZEN_INPUTS_UNAVAILABLE,NONE,false,false,ADJUSTED|RAW,REQUIRED_INPUT_UNAVAILABLE,2026-06-08,GTLINFRA
false,129e6fe23ce499292977549f44420b1d5a3f21e4ad4bdd7392ed78dd272a3142|64d41f4465cbd27c28c71f508d5be44b11132baeff727b054ab99e9cc9b597d7,false,dd067e064911ebb75f76d6aaa28846c20e8e2716e49714ac774ab30caaeda876,COMPLETE_FROZEN_INPUTS_UNAVAILABLE,NONE,false,false,ADJUSTED|RAW,REQUIRED_INPUT_UNAVAILABLE,2026-06-03,JPPOWER
false,12aba8d79649e76b189e9e492f884a1509e657944cce03454613df254b8fe36a|53029a58cdab3bfc824b6bde7535b9d81bf126e29e3be87e2eddede856500e6d,false,cc55f2b6ff2aeb2918d8cf94dfd5de83ae46a263e935bc6c13f4804dfcac00f8,COMPLETE_FROZEN_INPUTS_UNAVAILABLE,NONE,false,false,ADJUSTED|RAW,REQUIRED_INPUT_UNAVAILABLE,2026-01-07,SILVERBEES
false,12c83baf66cf8a381c49a08ca977cfc9c894695c927bbb2d46fcb49857f3429a|f22788005bb05bcd31014896a2e4adeaae5f90b8e09d1b565b48790ef6750818,false,5607716f2335056599616b00d59ea2860a5d031b5d19fc1d294739e6b742438b,COMPLETE_FROZEN_INPUTS_UNAVAILABLE,NONE,false,false,ADJUSTED|RAW,REQUIRED_INPUT_UNAVAILABLE,2026-07-09,AZAD
false,12d063942b804985bc3a6f31d2f11e93fc337fd6380d9aa8471e406945de3c9b|bd81e3cc77ce3928a455e4d53e2258de375bc41d857ac8eb8f326b3a3a82d682,false,ce0c1f2fd1b6e1c8cc4d76c27838ac55e9636747387bad44a7bba21f03728714,COMPLETE_FROZEN_INPUTS_UNAVAILABLE,NONE,false,false,ADJUSTED|RAW,REQUIRED_INPUT_UNAVAILABLE,2026-04-08,GTLINFRA
false,12e7c77bb6e5aa8c90b0f2d5fcd75e01e8811b4d2f607d97acb98a978a4ed2f3|656b6c5992447954a33b2578ab41ecc94cc648e0c27e15d5dce2e4def2a6ac93,false,ad34aac668a91480101499d18c2f8826678e1a32a5528d0a51d8bcaa8009ac3a,COMPLETE_FROZEN_INPUTS_UNAVAILABLE,NONE,false,false,ADJUSTED|RAW,REQUIRED_INPUT_UNAVAILABLE,2026-02-24,PCJEWELLER
false,13017c8b207537009a168451b5e2788ed46635a9790aa8bd01e11ec8ba0f6652|27edbcef9e51ddca8c55b5821dbced1729abae458cd4bde51271f9cbbb10790e,false,12f16a7751dd3f1dc34d75257c97ccd17fc5b61cc37e7db3001c8dfd8e47ac9c,COMPLETE_FROZEN_INPUTS_UNAVAILABLE,NONE,false,false,ADJUSTED|RAW,REQUIRED_INPUT_UNAVAILABLE,2026-07-06,CUPID
false,132234df90c4567817110cbee83fb2e62620c6bc3d8b9c34bfb3c9b1a9105965|3547ab8697b50d0e5314caa94665bbc7da1a56b882dc484e4d35523415a95cbd,false,4348e73461fe66e1b99fcfae9785e5f1f9dcb97efba907b90aa39315de17cefc,COMPLETE_FROZEN_INPUTS_UNAVAILABLE,NONE,false,false,ADJUSTED|RAW,REQUIRED_INPUT_UNAVAILABLE,2026-05-13,GTLINFRA
false,133b0aeacfe5b7f0349adfc8dfaef28d36d11c12aefd2b7b5dffc6d1f1c1b079|da344320a1c33a324e469bbd0c813a4015a61c0ccbc6e2b30c97479524ce6b69,false,0e1130fa09efee18cad02ab762700be46196c664f7b275241094431b7639f8f5,COMPLETE_FROZEN_INPUTS_UNAVAILABLE,NONE,false,false,ADJUSTED|RAW,REQUIRED_INPUT_UNAVAILABLE,2026-04-23,YESBANK
false,135a4f21b62551189017a92259ff3de56df2af2e77279388af57b6303a8ebd7a|78ca62420ccaffc5cd881bd8c398059e60f3c2aefabb43aa96400c0f2861fa45,false,85b135f601c328b373b000e806691ea431e1e8a6fa0f8f43c6fe7e6119feeb0f,COMPLETE_FROZEN_INPUTS_UNAVAILABLE,NONE,false,false,ADJUSTED|RAW,REQUIRED_INPUT_UNAVAILABLE,2026-04-02,UJJIVANSFB
false,1368319ae728512bc977eeb3c3109e2ed550e6886174e8e2f9a00a215fd3a862|b0c7ebca452e1b642817a1d34962d86fcf7fbda1c011533fe0d8c22af354aae3,false,e8e90bf9b40ce7511d417797b6bc147c8c1b24aa33cb25eaa5cd836abb6347a7,COMPLETE_FROZEN_INPUTS_UNAVAILABLE,NONE,false,false,ADJUSTED|RAW,REQUIRED_INPUT_UNAVAILABLE,2026-04-01,TATSILV
false,1381540a0285d6c316b6e6acbed35a51431a8daceae6e1b39d033ace255c97a3|59aa38f3dd3bc6278f06560ad4a385c8cdab4c501e1a5cc5493f198ad8b1c4b5,false,d513d1ba9f9eec3843f7c805b176b45797f85d30001935085d8692a2ff8ae3d1,COMPLETE_FROZEN_INPUTS_UNAVAILABLE,NONE,false,false,ADJUSTED|RAW,REQUIRED_INPUT_UNAVAILABLE,2026-05-05,VEDL
false,13dec4f844e8a7a6313286ae06d1a86b7868b8a3a5792b32ef7d39fca6f0db34|d76331e2ad3f4b823c60dbafcff87aa13fc398805644141d59ce416e7a22ef84,false,885d94f5ae2cf59e81df285087818970d4a0bce2f2ff51e95498f78313732d58,COMPLETE_FROZEN_INPUTS_UNAVAILABLE,NONE,false,false,ADJUSTED|RAW,REQUIRED_INPUT_UNAVAILABLE,2026-01-09,DAVANGERE
false,1408cde49a85945c1803f806e16a66f588809bb74e4eccf5e672dddb5ca403a5|75cb0292d483a235ee23ee56551a2765f902fe1e89a44dfaa93430481d02f71c,false,f7882dcbb12f1f9dc2dd387896f79adb78bfc85a5628a0b275aca24406a7c96a,COMPLETE_FROZEN_INPUTS_UNAVAILABLE,NONE,false,false,ADJUSTED|RAW,REQUIRED_INPUT_UNAVAILABLE,2026-01-02,ITC
false,1410721ced5fd7c9e66b0c9a9da590d88ec7c987840f01c72529f39635050afd|ba533c13e9f105e91cca2a2b4cdb7f86aa44990859c8a0bd313388de04153549,false,4e3cfcc0664b2513e408403dfacb9a6891b5aaa6a3445a0881c688471bca763c,COMPLETE_FROZEN_INPUTS_UNAVAILABLE,NONE,false,false,ADJUSTED|RAW,REQUIRED_INPUT_UNAVAILABLE,2026-03-20,SAGILITY
false,143b7f02c6ea8e62ba2150910e48976a820704ab225414d347095ed0ca3d5c3f|5833d5fde06ae76b4d6c6c6f31412ef7e3b56c831d4b3bfb176a6a898e03bb7c,false,ad6b0214045d8231b9ccbbac0ef0ce73c58420f2ed84373d322ee11b5f84ca90,COMPLETE_FROZEN_INPUTS_UNAVAILABLE,NONE,false,false,ADJUSTED|RAW,REQUIRED_INPUT_UNAVAILABLE,2026-07-14,ADANIPOWER
false,1445fea5f8c9923c692198b0f38e18c3aa14038f684fada12ae11f85c64cefdd|91c7de2487271fe8f46826bc66a99fb97e0b06e21c3571f06817374839e2aa6a,false,c09ce601304451152327464cf3b5d6696ac0e163c239e5da3bec0fa135c8019e,COMPLETE_FROZEN_INPUTS_UNAVAILABLE,NONE,false,false,ADJUSTED|RAW,REQUIRED_INPUT_UNAVAILABLE,2026-02-26,IDFCFIRSTB
false,145a05be6174808a7503034d8870136ae27948ecc4fae457daafc3a6d21e75e9|4a6a238ccacbf924519464ca85954494b1a5641a133fcb758b89edf5db3b822f,false,204c35a8e205c215bba481ddbe6cf45354e2a41ee0fb94d94117fc821da1c8b2,COMPLETE_FROZEN_INPUTS_UNAVAILABLE,NONE,false,false,ADJUSTED|RAW,REQUIRED_INPUT_UNAVAILABLE,2026-05-15,WAKEFIT
false,14718e3113c1475791aa9e8b4fd314d07f38eaef8c10078a18b7af562d6d39da|f35c69d79ca3de6b2a63f707fab8835e1d068ec4952623d9d5272afe1e615083,false,168448e104a181b64c62fde69237d6636ec42b25db5311fe0c8141aec3890a14,COMPLETE_FROZEN_INPUTS_UNAVAILABLE,NONE,false,false,ADJUSTED|RAW,REQUIRED_INPUT_UNAVAILABLE,2026-06-30,ETERNAL
false,1483517c2fe604dbe7b163c0ece5aca3f7644f8a7cbc89e9f308e303b6234bfd|1e0ffab576e9fa02a98ed8ef1dcfef0a2e8a6346f0e215bead580bc344817d05,false,ca5424388be70dd19ef6950350b174bda3328319a29d04db68c766c821eb8805,COMPLETE_FROZEN_INPUTS_UNAVAILABLE,NONE,false,false,ADJUSTED|RAW,REQUIRED_INPUT_UNAVAILABLE,2026-01-12,SILVERBEES
false,14a11c24f9528eaa0ee0739b92b123988fd6bf766dd516e4f950755ad67e7d5a|5dc7eebc89fd9d488315a3faab246e2b760e3d24ab3b03df647f5c72dc9d565b,false,ab23d765e5c471f7e88f936d4268271978c2f303194f97540c8dbce85c8bddbd,COMPLETE_FROZEN_INPUTS_UNAVAILABLE,NONE,false,false,ADJUSTED|RAW,REQUIRED_INPUT_UNAVAILABLE,2026-04-07,PCJEWELLER
false,14c192dfd6e5c2d66b374cb6d950fffb9ac19e75e30011cf82bec0fd54cc627e|b5aa306a8f572f3f8e52ae0fda9064f86d7ad4cba9e3b96e29df9e9c80bdb624,false,d89a27c3000d7582804218cb5bb39201f228743610ef1f3c787cdf835058e5e0,COMPLETE_FROZEN_INPUTS_UNAVAILABLE,NONE,false,false,ADJUSTED|RAW,REQUIRED_INPUT_UNAVAILABLE,2026-03-12,TATSILV
false,14c80e8cd284dbdd7930eceafc640f3c67249a0c62fb931c2a5ac85b1bb3e76e|1ebb18cd3070bd9a0a2f460e834280c41eef1d6d4f0c843e8809e2696bec28b8,false,0cf9bbfcc87a30fb2bbf9b579b9e9393f8b1c754447d2ff583879daff7d1024d,COMPLETE_FROZEN_INPUTS_UNAVAILABLE,NONE,false,false,ADJUSTED|RAW,REQUIRED_INPUT_UNAVAILABLE,2026-06-19,TATSILV
false,14ca6e7f960780cebc54c6e4da8acca762c440176af94a26726508e764487a8a|6b23dcc242005dfb59fdc92ff4b7983de0abd8e1224f8308e901eba12e3cc931,false,821f45b1064de157632a57ffe1e5f31532dc8e2153eecc96a2ec5acd174568c7,COMPLETE_FROZEN_INPUTS_UNAVAILABLE,NONE,false,false,ADJUSTED|RAW,REQUIRED_INPUT_UNAVAILABLE,2026-02-13,SBIN
false,1516cdfa6490d92dacf97fda28051510e0c4a34eea5488b6b54c7377703f63dc|c5214959f238c60397e74c28dc263e9a4f7828f7cd203e0610dbc4739b81ae73,false,131a6ec01a8951f2ab21a098afa8eebb52ee11a624a59aca779621ee84e69a98,COMPLETE_FROZEN_INPUTS_UNAVAILABLE,NONE,false,false,ADJUSTED|RAW,REQUIRED_INPUT_UNAVAILABLE,2026-01-16,HDFCBANK
false,1522be0b30ae952595b64137ac036c6284d687314b71eacf76f9448de0a5619b|c9d4ce889c0ebe5605437095da0983ed12fb3051035c9b41f05af583369d77d0,false,8b0a1f8baf13df19bc80e79ca89f1fcf8744a756a39a24eb922eb23f96901be2,COMPLETE_FROZEN_INPUTS_UNAVAILABLE,NONE,false,false,ADJUSTED|RAW,REQUIRED_INPUT_UNAVAILABLE,2026-05-19,TATSILV
false,15347bbadc4cc9070be8392649ee2cd4b625c7bc90db29b0d9d305fc3e48509a|be532733105330a3c45699a8040e7c7c40a876b7ae34993d83904aae9373c0e7,false,59e1519d15522e6a64f9d7ac1dc9efc79eb3d5e302954cd5eb76aa6d595c2d5d,COMPLETE_FROZEN_INPUTS_UNAVAILABLE,NONE,false,false,ADJUSTED|RAW,REQUIRED_INPUT_UNAVAILABLE,2026-04-13,TATAGOLD
false,1545c1d585303742a527ab9f4d673b4f39797310c205e732adf0a36051188027|60b07b5e592ef540494c79ae85fa003fc8ca231b693cbb168450bb25f7900bd8,false,d75d051cc361484edf4fbedd05e6125ab8176a78a81762509ee9dd942742c62b,COMPLETE_FROZEN_INPUTS_UNAVAILABLE,NONE,false,false,ADJUSTED|RAW,REQUIRED_INPUT_UNAVAILABLE,2026-02-10,EDELWEISS
false,155f3ebf35ecd23cdf4c886c7760565d2e76c987198900ab8917dded1f2be1ac|982a6ee2fce4f8d34176a84ae8993a11d0b2ad3de0b52171d1c4aee833ae9037,false,975763517c37989751f45092f2b8b0bfe1b8189216a2930ae705fd4c04ceb918,COMPLETE_FROZEN_INPUTS_UNAVAILABLE,NONE,false,false,ADJUSTED|RAW,REQUIRED_INPUT_UNAVAILABLE,2026-06-23,JPPOWER
false,1570bf6859051b85f4c23b6a7343374f1fbbbc6f800a3bbbb589ede7609753c0|991372563056dabf17ba84493d0b2d2b97093dd5430ae746fd8b346179bcf408,false,a831199588e22009b74e20c25787caea22143366c22dc2ec63dda8ac59413375,COMPLETE_FROZEN_INPUTS_UNAVAILABLE,NONE,false,false,ADJUSTED|RAW,REQUIRED_INPUT_UNAVAILABLE,2026-06-16,MOTISONS
false,159a8301c6e506414fdd25aae8803ecc9e1b68c257abc7972cf57c18d7c8ce8f|207b83a404a5ca1d4a0e6b1c675248a7ab651c82e25359f4fd053ffe72a06bcf,false,22d0bfa90c6393a3041ea75c0ed6d5a380e0a79dbcab9d9e0b76d95f4c59bba5,COMPLETE_FROZEN_INPUTS_UNAVAILABLE,NONE,false,false,ADJUSTED|RAW,REQUIRED_INPUT_UNAVAILABLE,2026-02-12,TATAGOLD
false,159b46618038de2068f090a6dfdfd1331aeb83a427ef428f99add6ca72918a2c|5a6d45800c1b16fbe70a4e9487206798eab3e5fde11ec7fe6ba41b60ef58a629,false,4d7a1efc145d58e1626a022f1f4ecbbe4b1c560edef2d32665e6db55a6ba07e0,COMPLETE_FROZEN_INPUTS_UNAVAILABLE,NONE,false,false,ADJUSTED|RAW,REQUIRED_INPUT_UNAVAILABLE,2026-02-03,SETFGOLD
false,15bdc4916cd8424033711b9c9c99b0e31609f70e1f196ac401e7d584203fce43|7847b12f168309d749f3afdcfe70c43160221b8ad7d3fb996bb493e475d0713e,false,004d5f8deff6e2b7afaabb9b09104d19b2ff345221260ebbaaf2ef0a2700c595,COMPLETE_FROZEN_INPUTS_UNAVAILABLE,NONE,false,false,ADJUSTED|RAW,REQUIRED_INPUT_UNAVAILABLE,2026-04-09,HFCL
false,15c8d0555ad4fd3c6d68bb1cd539015525f6ec49ccd60b857f98910d95c0ff5b|df93354271ab380742510cd151f27c15bbfd9f7403961d567f7d10af59cae491,false,1af2a0d9f3938cd147c627489270289c9b9163b075b271ebecc067ff326b762c,COMPLETE_FROZEN_INPUTS_UNAVAILABLE,NONE,false,false,ADJUSTED|RAW,REQUIRED_INPUT_UNAVAILABLE,2026-06-01,PCJEWELLER
false,15d55008b798a5acf7aa4cd8ad13fe068a3a1626e052da583f100f04cb2b0743|77930acb716d721bbdb3f93b9b7b83f5778e97b45a168cf3717843475b3c4885,false,03a2161624865bca2b76045e0e223512d8cb2d02de9cd02b0a1c519a21ad3ce4,COMPLETE_FROZEN_INPUTS_UNAVAILABLE,NONE,false,false,ADJUSTED|RAW,REQUIRED_INPUT_UNAVAILABLE,2026-01-19,SILVERCASE
false,15e8a4b00c976819122d558026032a3626bc50fda7f136bc25438a3ace3275c9|89b29b944169b5a6dc36ead06af28a7225306c9f6d82490e54be0cbd810a54de,false,b1a04a237d7abae29c9289d6ac38c1e01f9b8fa4487bf17b64f5bdc9b4cef07c,COMPLETE_FROZEN_INPUTS_UNAVAILABLE,NONE,false,false,ADJUSTED|RAW,REQUIRED_INPUT_UNAVAILABLE,2026-02-26,TEJASNET
false,1609ff132b4ec8b6b643f3acd9e4b31aad0114f6dacf882fd4cf31132ce4719f|5e8a8d65c4dc7488846b963e703b148c4a08a7a0f915db3e4ab23ae195c5ff04,false,d6e7df6fa6373e13d5635821f21e0f6e6303430e470a39902025c8d79ed53c27,COMPLETE_FROZEN_INPUTS_UNAVAILABLE,NONE,false,false,ADJUSTED|RAW,REQUIRED_INPUT_UNAVAILABLE,2026-02-05,SILVERBEES
false,1620a890002db3e0e3f03304fe274a8e34be2ddf475d483435ec21c846e3c10f|b8a6ce8054ae78aca0ba691f7696d3c09c3f886c7d001aa0b9616df399599ab1,false,4394a5e5cf9518a2db07860a4ff2028829f3da18f4cab6b42749b155705ffa4f,COMPLETE_FROZEN_INPUTS_UNAVAILABLE,NONE,false,false,ADJUSTED|RAW,REQUIRED_INPUT_UNAVAILABLE,2026-04-20,YESBANK
false,162bef3d086d86949f1b3cc73b56a440368b32e1ba58037cce01da45ee805ee2|f0fcadc2694ce8cc6345fda872ed7a3389afeee061add1c0387bb6e9464defdf,false,5a00a1c7837459d24c3106f6ec51ef12b05fcf4d4920a27dd8075e8d56e06b4d,COMPLETE_FROZEN_INPUTS_UNAVAILABLE,NONE,false,false,ADJUSTED|RAW,REQUIRED_INPUT_UNAVAILABLE,2026-04-29,JPPOWER
false,1646792d3eb586e7f93298ef2cf464502a0306f5ff7e440d7e81bee0bdf8cb56|aa2efb775c7dd782a8bc37f0ec6d485a5b941fc92469fc5ff29779babfd5c502,false,5b8b1e550411db6936f8525a539c933d00797143396a71ad991dce733eb8aa1c,COMPLETE_FROZEN_INPUTS_UNAVAILABLE,NONE,false,false,ADJUSTED|RAW,REQUIRED_INPUT_UNAVAILABLE,2026-01-07,GROWW
false,164a073727f3f2e9fb602bc62e93cf338d983c60dbbfc8f4743260657439599a|8bab7c176cf644a083188dfebdcbfc9a6e03731c36c3186e62c8946b66deffca,false,7b04752bd3e5325b81649c2f194c0381959a3dd686d8309b6234d99d1fc09b48,COMPLETE_FROZEN_INPUTS_UNAVAILABLE,NONE,false,false,ADJUSTED|RAW,REQUIRED_INPUT_UNAVAILABLE,2026-02-24,TATAGOLD
false,16644f94f7ebe5b8d604633ec03e6c61a84a235778e4b5b495c0ba0c5d7673aa|8bf12591ebdc29c2410f9b084b084a9bbb5120f0f4ad4975231583e3a20926ac,false,822e1cc1afc12ac2e5f9b54a36c679a1780b67a65933b30052ffcaabc553c435,COMPLETE_FROZEN_INPUTS_UNAVAILABLE,NONE,false,false,ADJUSTED|RAW,REQUIRED_INPUT_UNAVAILABLE,2026-01-14,PNB
false,16bdb3f7ad7a51acf55d3bc9496dc189f9e8ec86271ffcf0391246c0461d957a|7f3d7df55e09cf067dca49e1370fa6efcc2ee3acf9b2efbf4b8b6bd0d3141108,false,fc79aaa96155df9b253a6d512eb1df4fb5930d8c9cdc590e63ea4d38f18063b6,COMPLETE_FROZEN_INPUTS_UNAVAILABLE,NONE,false,false,ADJUSTED|RAW,REQUIRED_INPUT_UNAVAILABLE,2026-04-24,HSCL
false,16f5865b2b415e96bb0b9f5b6f5c37ae4c933d031370cf89d42c8e6b7b62f0f8|4c72b515c219a425d408c8ae3e2ae39af43031a8cb6a0ce675afd4725c2b6ac7,false,70ef54a8e4417fbf916476f23ec4dfb57cf69de605bc7adc99c1666a2f0930d9,COMPLETE_FROZEN_INPUTS_UNAVAILABLE,NONE,false,false,ADJUSTED|RAW,REQUIRED_INPUT_UNAVAILABLE,2026-05-07,YESBANK
false,17072538fa13fe6ee0d00fcaae7366ae3b3a11645a1e3036b2f35160cf891049|3c04b563c4c9bc2e3204ab7f410a61c4fb50191435181e1c636cef51e8cf835d,false,99722f714c9a701bef901b3d8d498258fde91426cb5a221e3717bcc6425b5c42,COMPLETE_FROZEN_INPUTS_UNAVAILABLE,NONE,false,false,ADJUSTED|RAW,REQUIRED_INPUT_UNAVAILABLE,2026-05-25,JPPOWER
false,170e9495131dda5cc6a93b7e96d887ff292a3490ab84ac3e4d3fb5d42d6c0e04|5815e9898d2909c25c3f25925c6abfa9ca1aeed38036a4fceae99b2ccde49946,false,c25eae30901d82dd9bb9db40db1a9bfe528af93e1fcc48406f59a551c89a1acf,COMPLETE_FROZEN_INPUTS_UNAVAILABLE,NONE,false,false,ADJUSTED|RAW,REQUIRED_INPUT_UNAVAILABLE,2026-02-11,LIQUIDCASE
false,172ed1b029dd60210f6ef068c6972455f2eb55c40ea4b8c734e1d2227de546b2|1ce8ab7ba469cb067b986ff3d858b44970b845f6bd269c108f95e6e2fd6636ab,false,5768d6ed4a20b1c778940a6f16ca63fcbfac17fb07f0c2278f4c7c55719e9c3d,COMPLETE_FROZEN_INPUTS_UNAVAILABLE,NONE,false,false,ADJUSTED|RAW,REQUIRED_INPUT_UNAVAILABLE,2026-02-16,TATSILV
false,173a00c8ca80af083905a2e4c75b3cfdbfdb0786bca77b913c0573f65b7461c9|76e7254a8e1d0239713b673ca05b7ab0b65a658f3248c7cfd7d778367b7ca3b3,false,cbd7389de03b0b27faa5bd4c5d83c93ec9537df44b2ac91decf5360e08971ed5,COMPLETE_FROZEN_INPUTS_UNAVAILABLE,NONE,false,false,ADJUSTED|RAW,REQUIRED_INPUT_UNAVAILABLE,2026-03-30,IRB
false,1769f7ac18b024675a602c35f5b514e580e40a3e1476bde15b215338c80e95b9|482ae0465e5f0a9abbbda9ee2796ce89390c9f8394fc50d6bb2d9e9dea2b81f7,false,c4277695e49d3e1eb00794a58efe8418d08662346c43234623c8eed232416328,COMPLETE_FROZEN_INPUTS_UNAVAILABLE,NONE,false,false,ADJUSTED|RAW,REQUIRED_INPUT_UNAVAILABLE,2026-04-24,TATSILV
false,17aefd4d077a39f1c95124d0bb42c05f77546840378ff8369f960cb48747c40c|2806c200d1d242921e4ed3aabd900903678798890585d2f67691e00d917fc755,false,8bbe3e8b00f1691385720ac7008688be3b9b2d4cf4aad33646ff9cc33352b689,COMPLETE_FROZEN_INPUTS_UNAVAILABLE,NONE,false,false,ADJUSTED|RAW,REQUIRED_INPUT_UNAVAILABLE,2026-04-27,YESBANK
false,17af4a85f06f57e8ca785079fe4f0b32b9b37378626ac810e0d8a8d6cf2e511b|e59a246909b35279a820be9202537686195084ab1b5dfaa5ae2dec2ada12e23a,false,7e4a05d3386059899b4d88c22b45e91a3665be4639825f0e8dfdf78c606d0ff1,COMPLETE_FROZEN_INPUTS_UNAVAILABLE,NONE,false,false,ADJUSTED|RAW,REQUIRED_INPUT_UNAVAILABLE,2026-01-16,SILVERBEES
false,17c9591ee1620dc9707252a2378061a9e63d975ca04b8d3b42717dcd6374cc52|b00c22ec7786e8ede219453dc68179bef795dbde7e5a60319191cb96b962508c,false,c166ffe020d1eeb6d94c3e2eac3d6501a4ad54981aa3fb45108e79345b9e2149,COMPLETE_FROZEN_INPUTS_UNAVAILABLE,NONE,false,false,ADJUSTED|RAW,REQUIRED_INPUT_UNAVAILABLE,2026-07-14,JPPOWER
false,17cc275de9a91a00804251c422409449f6b83b1fda5c7973c849fa641af6a456|c37dfe91dc1cf82f4a15b0dab26b7189dd361d5502fa3f5ce77404dfb50b1f6d,false,cd15e681ed138363669c20f4a2d4260e16a1b2a1f0161aaa2e5bc55d150e23d5,COMPLETE_FROZEN_INPUTS_UNAVAILABLE,NONE,false,false,ADJUSTED|RAW,REQUIRED_INPUT_UNAVAILABLE,2026-06-16,ITBEES
false,17d5c3e2d11da86bc009a5a390c8b6367fdd9aa3086359aa6741e5e874601435|5dabe38279a713cad60842c2c0b9cd073b8aa5a47de062acabb65b214de058d5,false,24e5ab0da41c001126456c6a6a804f4b2fdef176e3bc576d0401d086b85820b2,COMPLETE_FROZEN_INPUTS_UNAVAILABLE,NONE,false,false,ADJUSTED|RAW,REQUIRED_INPUT_UNAVAILABLE,2026-03-09,LIQUIDCASE
false,17d68950bb8140a1d829d45e7ac2cd714996565bab9e034445e9cea981b0660f|3da556f6c572bbd71466cafa69d7bb40e3d14766676f5d1b2d7f9a91d5f1eb07,false,6f1d22c1fefdd575c24fdda3a502aca035e3ab45da9cd836d56735ff9337fc5c,COMPLETE_FROZEN_INPUTS_UNAVAILABLE,NONE,false,false,ADJUSTED|RAW,REQUIRED_INPUT_UNAVAILABLE,2026-02-19,YESBANK
false,17ddfd36bbb95c2db3553a03c1b1d20f09efb7dbb69c40e5521e4b4a90f68def|ea5c59fd1b0c62ef35d4d3f97cc7e427ffdf157957c9762faee8b5712aa1835a,false,cef843dddef4134f2fc6832ebb28a12d0a29163558e6786de7af54a16015631a,COMPLETE_FROZEN_INPUTS_UNAVAILABLE,NONE,false,false,ADJUSTED|RAW,REQUIRED_INPUT_UNAVAILABLE,2026-01-05,YESBANK
false,17e1cb90709f6ec0558fd0206485cb95a36c119311ab387fbbb288c939493f87|71d6b9f3ca6c673a413ad39e8a9a83a2a45282b93e9ccdcbb867d5d4557450a6,false,41c5047c704599a9a667a3e3cedee4b6e87dc6e3966c6cdbe44340a30dfc9c3e,COMPLETE_FROZEN_INPUTS_UNAVAILABLE,NONE,false,false,ADJUSTED|RAW,REQUIRED_INPUT_UNAVAILABLE,2026-01-07,GOLDBEES
false,17ea5207eac36b1e272e233ab650e831625cfd403be608f4947f937c062d1acd|c6539081e2d80752909fc6522f2a213cc4d1936a4aa1b97bd711be666fb88a9b,false,7a3b877da2dcb29a5b82c241abe5932f9328ba189bed698873ae738c0986ec39,COMPLETE_FROZEN_INPUTS_UNAVAILABLE,NONE,false,false,ADJUSTED|RAW,REQUIRED_INPUT_UNAVAILABLE,2026-02-23,TATSILV
false,17f39ed22cbf4f776a75228eb3222b7ce750691db59aa9cac3cbca941e841feb|d35dd38f9ccb5dc54ff3bbe58cbdb860babe603984ff74de61536e1436515ad0,false,139e55dfc50b902367ba9505bce214eaa064a93eea2732e928460ac01323db53,COMPLETE_FROZEN_INPUTS_UNAVAILABLE,NONE,false,false,ADJUSTED|RAW,REQUIRED_INPUT_UNAVAILABLE,2026-02-23,IDFCFIRSTB
false,17f3ee01e2ca899203a0bfc2fd0b29d58cc37e791f8df4bbd4d7432ad281ef5a|4ba71bbec950392715efcb9bfaf48140bec3e0e8ea7b4179c0cba4e22913474e,false,ea628f4d4120500aa4eb5b296f2493cee59010655ca31132350bf22a2572fead,COMPLETE_FROZEN_INPUTS_UNAVAILABLE,NONE,false,false,ADJUSTED|RAW,REQUIRED_INPUT_UNAVAILABLE,2026-01-16,TATSILV
false,17f9879f4b38f48c2c1c1839afa9283e6f01d0df49f64f71f1e47c903583bff4|d497eab998b81d3dc8e37217b4034c64dbd4e4869d71bcd24879030c7556061f,false,ed6e9db5a4abb15bf24fc076df399549e2ea3415dfb9276458795b6cdcf72ef2,COMPLETE_FROZEN_INPUTS_UNAVAILABLE,NONE,false,false,ADJUSTED|RAW,REQUIRED_INPUT_UNAVAILABLE,2026-05-27,FINCABLES
false,181833a8caa4c5761f9c17922937d522cae6139d0d08356b9c8c73240b4ea7dc|6683820f36d07716b70d4adf5dc7e69231edf1d8289f5c34860fa6d078237184,false,ec3f8b69a30b335c9f78ccff1663d28d4402eb2939155d90f5df95033ce9901c,COMPLETE_FROZEN_INPUTS_UNAVAILABLE,NONE,false,false,ADJUSTED|RAW,REQUIRED_INPUT_UNAVAILABLE,2026-04-23,TATSILV
false,183b00886693521a16b16d355e98fab4727e31926338823e79e883b970b73dcd|93df1439c0a2210958a9f0385632da83edcf212b761ee2e0c19f47c2394210c1,false,0d388b3fc0f4958890d952378d0fc5fc31fc56851e7f5105a590283212394ab3,COMPLETE_FROZEN_INPUTS_UNAVAILABLE,NONE,false,false,ADJUSTED|RAW,REQUIRED_INPUT_UNAVAILABLE,2026-02-04,YESBANK
false,18681982e3a3fc8f50b19aaedba19f6c378781f53331c56dad9cdcb8793fdb29|e0a1719b6a91a6d74c5f6731a1418dc30ad4ea374080cc71a3f19c5ae211f3c4,false,402f683f89f29997acdec12b8415a83c9394d945ffeb820a5b7b90ab676b042a,COMPLETE_FROZEN_INPUTS_UNAVAILABLE,NONE,false,false,ADJUSTED|RAW,REQUIRED_INPUT_UNAVAILABLE,2026-07-02,PCJEWELLER
false,186cf7db9f7fec5163b51bfcb2c0205406e14664d8e6417120219f6b6f3fd571|bd2bf94aed3002dfbc943d2046fc7647e36be4827f32502660bee097bd08496a,false,9048ef968b6a7fbf52901c69a2cd7e6a23d3aafd2a6934c4332945bf43999612,COMPLETE_FROZEN_INPUTS_UNAVAILABLE,NONE,false,false,ADJUSTED|RAW,REQUIRED_INPUT_UNAVAILABLE,2026-06-17,SOUTHBANK
false,18839d1221a0d49ec0beb65f62062eadf2b903b8b7c298fb6328a32ac848d2d2|fa9af916e7043defb9a65dd666a31e5d73332577731ddc8c5665cb1d101276ca,false,cb95191d26f0e1fda7356e2ca49410885f0a39a0d28a029db93d153c13e364b7,COMPLETE_FROZEN_INPUTS_UNAVAILABLE,NONE,false,false,ADJUSTED|RAW,REQUIRED_INPUT_UNAVAILABLE,2026-02-09,SILVERCASE
false,1896b584b77f4bae99f0b9142ec548b18ef65b6c425f0c4cabe6185393c18b67|ada3d4d2e8fb54ec85f10ca2433509998c11714f7057ada59751eaabef4de836,false,acb87905dc5ee830dabb91a53127781ad678b423b0ba0aec9531039b17dd3168,COMPLETE_FROZEN_INPUTS_UNAVAILABLE,NONE,false,false,ADJUSTED|RAW,REQUIRED_INPUT_UNAVAILABLE,2026-03-24,ETERNAL
false,18a806793a3e48aea35ee514f67ce75b8ab439f86cf28d207eae73c71ecd5c1f|4958dc4ec002aabe1635fbd7a16f5d4e0e6bb8ee502aa64c5e60e22d6fbacaee,false,9db8307b247ada3de6ecdf019d5184e4d11e5a7b5c6d8218e1b8e2a14efa781d,COMPLETE_FROZEN_INPUTS_UNAVAILABLE,NONE,false,false,ADJUSTED|RAW,REQUIRED_INPUT_UNAVAILABLE,2026-01-28,HINDCOPPER
false,18aafed4ba828ab513c9b1cd966c956983f811ef668ffc5861674c0762f477a0|6772298f415b51e6a0a49ab5e28709086de17001f742ba78806d97d535aea2d5,false,95c2b903186cc2897ce3529f7c509f10b56740802404dac06e4e08d205315f05,COMPLETE_FROZEN_INPUTS_UNAVAILABLE,NONE,false,false,ADJUSTED|RAW,REQUIRED_INPUT_UNAVAILABLE,2026-03-30,ETERNAL
false,18b4cbbc1964dc4a8f67501683c2e21163d6f3bafc36ee4af6901ea9f4b939aa|355f59f69c0e686a9577620a365fbf5bf57320c18e3203637076e81f30d723e5,false,5d68099e00470f7923f2704ee48369f63ddc3094650734ec4c33cfb3bd2ead3c,COMPLETE_FROZEN_INPUTS_UNAVAILABLE,NONE,false,false,ADJUSTED|RAW,REQUIRED_INPUT_UNAVAILABLE,2026-04-09,MONEYBOXX
false,18beb9568bae8b1514fb26779a120be2b8ad38630e005595d88c23b49b92657d|a90c447277a75d7785e5bb618710b252fb201d318528f509420dfaf8592417f4,false,a06ada2859315e0129fcdd72bfd7b0f1e3da8ff6594665aaf0a306359383b260,COMPLETE_FROZEN_INPUTS_UNAVAILABLE,NONE,false,false,ADJUSTED|RAW,REQUIRED_INPUT_UNAVAILABLE,2026-03-05,SILVERBEES
false,18f235770d771315bb649c0b36dd84a3ac510593cf12066a959808f70a1aa34f|d13d3e859718c26c9acd5764a32c912d3046f32d12a674c7f04019b110f1046b,false,ec7330c5caf2edf2918b86c407319e19fe76dd493bd19b7246bd021cb9324772,COMPLETE_FROZEN_INPUTS_UNAVAILABLE,NONE,false,false,ADJUSTED|RAW,REQUIRED_INPUT_UNAVAILABLE,2026-05-26,ITC
false,190c1d136110cf8f9c36b6e3c0745cf04ba64be2b98c799f4e220733d069113d|4d96f6bf22e794164a43bfce660677d45ce2e16b1e822c861361e4f2105f8c9f,false,3a44a1c0256d18eb7e39330f1138df1017c703bb907abed8dce4e4c6c28abc9a,COMPLETE_FROZEN_INPUTS_UNAVAILABLE,NONE,false,false,ADJUSTED|RAW,REQUIRED_INPUT_UNAVAILABLE,2026-06-11,TATSILV
false,1912188c706972325c4e35097d471fc38045e444864aa09d146d16590b60efa7|7f464e90fb42e79754c467d0ac59d2332e3201d9600b4548cd040a4162ebb92c,false,d149a633d89ebe0de5cb7d94b352ee4420d3f3e2e6c968b51989f984ea8fb215,COMPLETE_FROZEN_INPUTS_UNAVAILABLE,NONE,false,false,ADJUSTED|RAW,REQUIRED_INPUT_UNAVAILABLE,2026-07-20,PNB
false,19164485ad6afccc0eac7b748d9a0459770d6c1bf4a1d260b4ade3943afe246e|5b4054c03803d20de52f5f22bb8e1d40140a5e8701a6f94ac69a963d7301d8bf,false,957551677039237191e002e332505279b0cc0764b87038c1fa6c79d1675108e8,COMPLETE_FROZEN_INPUTS_UNAVAILABLE,NONE,false,false,ADJUSTED|RAW,REQUIRED_INPUT_UNAVAILABLE,2026-03-19,BUTTERFLY
false,19177a241a1cd1b462548ec0575925510e4cc4358633d4f00bba1857b3f9b33d|855fe1d0c2f8dfad0db393c9c626852fabe7fe7ccbdf5de4709e6395d2a23987,false,a245f2ed7436abdb1901d51e7679dc93e1ee93979aa4debfd24c9a1b534202de,COMPLETE_FROZEN_INPUTS_UNAVAILABLE,NONE,false,false,ADJUSTED|RAW,REQUIRED_INPUT_UNAVAILABLE,2026-05-29,AKZOINDIA
false,194ac02dc365a93d0d38e335f1f77ee09604d5855c5abf952a4d7ad416015723|a2797dd6d0c7a84da501c875edc7d561099c6d16640a1374120a59143729d574,false,87a238d96bd0d2f01d04d3cdbdb3fd1a99678eb9c675fe8ad12ec807cc353cc2,COMPLETE_FROZEN_INPUTS_UNAVAILABLE,NONE,false,false,ADJUSTED|RAW,REQUIRED_INPUT_UNAVAILABLE,2026-04-01,GTLINFRA
false,196f64ec49f001c6e4fba14072f3616602c9b0daeca052feee225d75908da2ef|8c8e4f753a6af999dc6e5d2e6a2fdaae896e20cb4f62eb5d248bb3a11028c5a3,false,32817fc0c9a7f921cff500202d1879b23224ffa7fde6b8027181c7f848a2e400,COMPLETE_FROZEN_INPUTS_UNAVAILABLE,NONE,false,false,ADJUSTED|RAW,REQUIRED_INPUT_UNAVAILABLE,2026-05-29,OLAELEC
false,197449de27bedced24cc5b917874e667848257d79cbc8b351bfd3c809968bb38|c178866bed6277da5a6e9c76398efbfb6481820d85a277879ce2b31da5547c35,false,0cc710963dfd28ab57a728cf022b865b70363254aef5ea2975a1909baada972e,COMPLETE_FROZEN_INPUTS_UNAVAILABLE,NONE,false,false,ADJUSTED|RAW,REQUIRED_INPUT_UNAVAILABLE,2026-06-22,TATAGOLD
false,19a534fdaa77a893fb3381ca1102a878f841ac1c0c20452f52f1238502f0bd5d|439a1086cbe9558a3dd7f52afc8e653df7860ac786709ebf1468ed56d5f8c322,false,f6bf6b6d149b90e4e00cb0cc8eb783db119c1b338f08c1c6f83737dff60827f7,COMPLETE_FROZEN_INPUTS_UNAVAILABLE,NONE,false,false,ADJUSTED|RAW,REQUIRED_INPUT_UNAVAILABLE,2026-01-09,IDFCFIRSTB
false,19c40161aa12e3f6a0c8aba13a86132afa9bfe004c1bf691050885dbbb8f8ec0|22d4cf7a70460f7eb86bb99d19aab2ad7495421e14aa5bb847c0e87e4f90efba,false,59abee85f696e9be707975b9b2cf7c25b09e35b5fadf309b13f2672fce59b9d6,COMPLETE_FROZEN_INPUTS_UNAVAILABLE,NONE,false,false,ADJUSTED|RAW,REQUIRED_INPUT_UNAVAILABLE,2026-03-11,FILATFASH
false,19ec7c55a8e208896db4935e2834663ba7bfd74065d442f0e3b456b886f55eed|5496a940fc8c32b7cd5ccadb042a345ad6a66faca91e45956e1028f3579267a5,false,5ce77a5609d01c79a71c74b9a856857b206feece5aa31939afd15c807fcc72b2,COMPLETE_FROZEN_INPUTS_UNAVAILABLE,NONE,false,false,ADJUSTED|RAW,REQUIRED_INPUT_UNAVAILABLE,2026-06-04,YESBANK
false,19eeef44ec465d097ce4b862215627aed5f710a4ba096006d3aba1550798a409|5708cd75fbbe90c8266247c1d45fc70b396812f1b2a187c92b095950b30e11bc,false,7dcc0a1c24671f8cbbda35889f5f34e2fea51648a4992b3142a2c9ac4a3d1eb5,COMPLETE_FROZEN_INPUTS_UNAVAILABLE,NONE,false,false,ADJUSTED|RAW,REQUIRED_INPUT_UNAVAILABLE,2026-06-08,LIQUIDCASE
false,1a0030b0276d400bda94f3765d0dcf3f8a3a71f63e41afd520fc885ce183be08|6fdf88c935461fe5e80024d895d86b44bd0686414284e8a25033852d74a96e5c,false,6e318e85a5520ad0b6d2ec28b24f5d12aa86c035a006917b4c5fb3fe43c35444,COMPLETE_FROZEN_INPUTS_UNAVAILABLE,NONE,false,false,ADJUSTED|RAW,REQUIRED_INPUT_UNAVAILABLE,2026-07-20,GMRAIRPORT
false,1a12c33a3c07a19595be65c82fec4624308d1134e3ff399ffec00e4f901f4af0|88e5c9a87e090d31e1c557c7a8be6070b617bf3071184939676eb3bf2af49036,false,09ae2b6a7f3ed8e7374362fe086cacde8a015d1c2ea036790cf39666d29d4927,COMPLETE_FROZEN_INPUTS_UNAVAILABLE,NONE,false,false,ADJUSTED|RAW,REQUIRED_INPUT_UNAVAILABLE,2026-01-30,GEMAROMA
false,1a5f1f9a9bdef0a591e6d3456a1223b149e76423e5317be1b35922b82c8495e1|cb1b9566c0b94111fd594900fee008c4f4b415db280a7fc5890f2c7d85e12be5,false,f2d4b5fa245a22d4880bab265a0a4aa6a0abfdfd9318044e4c14b2c4b7a9cf2b,COMPLETE_FROZEN_INPUTS_UNAVAILABLE,NONE,false,false,ADJUSTED|RAW,REQUIRED_INPUT_UNAVAILABLE,2026-03-06,FILATFASH
false,1a7a18f72705b516917c8d840f7edb1ec7248387a88f21cde17221af961efe74|b84611257b49fe48aaaa798ae5dee6fa23b04b79dcef4260e2efaf417c1b4b1b,false,e9ed28c3829276c25d937bb3d4da3b775c7784714375027b455dfc0d50035f61,COMPLETE_FROZEN_INPUTS_UNAVAILABLE,NONE,false,false,ADJUSTED|RAW,REQUIRED_INPUT_UNAVAILABLE,2026-03-25,TATAGOLD
false,1a7ec0e810a8cf622bc1b61af71487678d356086acccd0151189abf4274efd1d|cbc16d2bc00d8a101c0ca6dc2bfab4db5f95d579ca6aadc2c44c77ecc6711a27,false,07281a98089d8114a13213127ac247032d039bb8514264608c6edbdd60144706,COMPLETE_FROZEN_INPUTS_UNAVAILABLE,NONE,false,false,ADJUSTED|RAW,REQUIRED_INPUT_UNAVAILABLE,2026-04-08,RPOWER
false,1a896a0702be42b45bfac2b936c2e143c1363e1f98697652fab61cc5a01fa771|47c2694c04323a9d9acb25743a4b45c20a7b609d77f77ed36602fdd1583155d2,false,3261ebdf280cb7b6bcd17ec79504c1b31cd38e9379c73f97f7ca76bbf3b66fb6,COMPLETE_FROZEN_INPUTS_UNAVAILABLE,NONE,false,false,ADJUSTED|RAW,REQUIRED_INPUT_UNAVAILABLE,2026-05-19,FCL
false,1a910ed6058d150a3d18a1641cf3e3bb9c925836be05d778e0cdd37101eb5424|7dc2cf3600eb2474078a1358d8d2e75b64da347b01ea173d73abf485ba03568c,false,775b60ae66874b1affaa07c62aa41e0481de1a7333f60f589d8a798914593ca0,COMPLETE_FROZEN_INPUTS_UNAVAILABLE,NONE,false,false,ADJUSTED|RAW,REQUIRED_INPUT_UNAVAILABLE,2026-04-28,ADANIPOWER
false,1aa25c94521b9edbd041352d4f2434be0fc016c8e29fa254d4fa5572a24809ef|683a53810ab83d3190292f77ccca8808ccc9e608ff962a652493a868e0a31a4f,false,ba5fadea219d2a31dd5d04b4aa0413511456a55f8ff5e5d3364f652b3ac953e9,COMPLETE_FROZEN_INPUTS_UNAVAILABLE,NONE,false,false,ADJUSTED|RAW,REQUIRED_INPUT_UNAVAILABLE,2026-04-17,YESBANK
false,1aa6d2d2a9f4c9eaa42d2878690d4799324ccda28c7ffc08577af0538cb90c8c|23a7606091ea05bd52752a113bd7dca723b2a679cd0fd4c04539d9e790a413ce,false,92d2413796b66c10e7c5a4d018340f8c128d2b7f1d1c9604c7c2f29a32e9048a,COMPLETE_FROZEN_INPUTS_UNAVAILABLE,NONE,false,false,ADJUSTED|RAW,REQUIRED_INPUT_UNAVAILABLE,2026-01-07,HDFCBANK
false,1ab9feb97e9c7812ff4cd7fd1b6b1254dfb2a342519349f49f59d278d3142f25|90cb9cc1c06ea6c07c8c910f77294869d70e96f9024d02445905ea15caad3760,false,f9c62c27fa19ba31e5e26a59373aab2b64d5ba71c2df38d62ea35d2abddc2e5a,COMPLETE_FROZEN_INPUTS_UNAVAILABLE,NONE,false,false,ADJUSTED|RAW,REQUIRED_INPUT_UNAVAILABLE,2026-01-22,TATSILV
false,1abac40b330949c0e3a8c585cbc3874ecab12d7918f83afe0ccf5e482e0b421a|6295aa364fad1856215ef80728b58d51a87fa6d13d8cd9386bb54b37f23a1687,false,8fc01534eaa2bcf8a5a0e63b5192735b402176ca6cf064d5824f218e35aa6cea,COMPLETE_FROZEN_INPUTS_UNAVAILABLE,NONE,false,false,ADJUSTED|RAW,REQUIRED_INPUT_UNAVAILABLE,2026-06-15,SILVERBEES
false,1af3c04a04320cb490d8a68dc91d0027a7fb4c26cbef1af35f1c3aa6917b8422|86a616b3dc780d1ff286b6129da72325a5d97ca2f9e10507adab8bfa0ecc391e,false,b6419721ced15b1c015eb96368f5062c5fca6aa32fba4bbbe9e552b85111c06e,COMPLETE_FROZEN_INPUTS_UNAVAILABLE,NONE,false,false,ADJUSTED|RAW,REQUIRED_INPUT_UNAVAILABLE,2026-06-05,GTLINFRA
false,1af5b61033ab10c3308d4b0493293bcab2f8ce3e4a15cb319770c3448a55f2a4|36543cf6088017a76b3efa538e7f80e82aa9e2f01cc092b4f959027fbc39aa3b,false,091d76c92ea5ed28ca8b9e91db49bebfaba7d7b58f7a0469945f9d5ab8d58b87,COMPLETE_FROZEN_INPUTS_UNAVAILABLE,NONE,false,false,ADJUSTED|RAW,REQUIRED_INPUT_UNAVAILABLE,2026-02-12,BHEL
false,1af5cceeef6bab49342492df003daba0ae3ff4958543e179de4ecd645545d74f|852b0cde7e468cfd02fcc90095c9410883e27a80e051cd9e54ca7f3d4395f700,false,567583cf8252e6a84ddb5977565d97e1a329f4e6fbcb931123a01d4b2f30ed83,COMPLETE_FROZEN_INPUTS_UNAVAILABLE,NONE,false,false,ADJUSTED|RAW,REQUIRED_INPUT_UNAVAILABLE,2026-05-04,ETERNAL
false,1b0f34f0abdfcf9ad530f5c6240a56133164ae69557df7f628780054a8c8fc3f|677e46c5adcd71f1a4d0be961c52d12db0f3754288610509838e1dc904140b42,false,ffee3a7445c6ec0e5f3a61a5a99d4bfa26147d1e705647c42bb6cf5b06f85913,COMPLETE_FROZEN_INPUTS_UNAVAILABLE,NONE,false,false,ADJUSTED|RAW,REQUIRED_INPUT_UNAVAILABLE,2026-04-10,UNIMECH
false,1b2b2b8b8459c21ce4271bc5236f20f5a5179463a5488e2bebd3a38ec91e705b|cead2266bd944ec56a4a73ee26951526cdd3a35e405a1b17be534d3329bf47c7,false,80dbc5f3e0a3929c91270bc9d2f1ddfe6aedfc38f3a2eb8d1a2fad7444bdf03b,COMPLETE_FROZEN_INPUTS_UNAVAILABLE,NONE,false,false,ADJUSTED|RAW,REQUIRED_INPUT_UNAVAILABLE,2026-01-01,ASHOKLEY
false,1b35f99efa17609983758be02788eff10c68c41c182ed0a374799f0772575b5a|b3aa88cc74d6f1de70da3c16f0bf4092269f574d1e6c5f50f5dad9b987f46f90,false,473a7c604a69465c1cb0b3cce8b82a9669a04ee2c5e96bb7872b76194ad409fc,COMPLETE_FROZEN_INPUTS_UNAVAILABLE,NONE,false,false,ADJUSTED|RAW,REQUIRED_INPUT_UNAVAILABLE,2026-04-27,ADANIPOWER
false,1b67b9d026125e653917b4cb856de19e5e7e58c1184bf63b648be88e434743b3|2f5986f520e08daf3ac647524f73bc093a03cc166573ec61909c5eb0cab8a322,false,45b3b9fe57ab2dcdff7fc631e1cff29116c465277ac45d419dba50ba1e02ade2,COMPLETE_FROZEN_INPUTS_UNAVAILABLE,NONE,false,false,ADJUSTED|RAW,REQUIRED_INPUT_UNAVAILABLE,2026-04-30,HFCL
false,1b9703c90767800532c2e8f4c4ab3333ec96e5d9e6fe814fecd2672493b61fa9|939a13414ca71a54885fc3f70df6fdb8633c606d989e3f5e2a3eb8b06801cb2f,false,1dcb276b782c354167e13a14bf3faf2604ba996d677893a0520e53a78a2ddc24,COMPLETE_FROZEN_INPUTS_UNAVAILABLE,NONE,false,false,ADJUSTED|RAW,REQUIRED_INPUT_UNAVAILABLE,2026-04-01,HDFCBANK
false,1bbb7add0dc37374d31ef471c8b91e740d9ceffb537b04400c27f37fabadb0ba|89208f1ef3cbdcf0dc560ca8fdca2df537f1f19f17c2019d30498380fea95773,false,0542845fbbd78be88b7b09b3dc0c04def3e872798c2518cb86e48651ac2d5864,COMPLETE_FROZEN_INPUTS_UNAVAILABLE,NONE,false,false,ADJUSTED|RAW,REQUIRED_INPUT_UNAVAILABLE,2026-06-02,TATAGOLD
false,1bedea88324232b5bd03e4513795a5af8948e4d426c66a5bb2a23ace6de05346|4c1cfbd070573b66c4b1b52ac5e7f7b0dda7c2bac1aaeb29d9a7001bea1f1bf3,false,8c833d066fe747c44da924210e5d5642cfef5d2123ffdb2209bfa3073fbbacd2,COMPLETE_FROZEN_INPUTS_UNAVAILABLE,NONE,false,false,ADJUSTED|RAW,REQUIRED_INPUT_UNAVAILABLE,2026-07-15,PCJEWELLER
false,1c662cbb88606b72b00412cc29fd0540229c24429440d057f3edfd652d918539|72b96bd52a615c8540c151cf5a90d51f576a0f7a712bb313295f22a5ed2c303b,false,fba6d479b359cdce7825413803bda0ac6e8f76eb9a38403fe35b37d177519cbd,COMPLETE_FROZEN_INPUTS_UNAVAILABLE,NONE,false,false,ADJUSTED|RAW,REQUIRED_INPUT_UNAVAILABLE,2026-04-29,VEDL
false,1c6659fcb7c4467d5fb0f253740d840f2c7e05cbde20698a0bb3f2668a1a58cc|89c54afcf3299adf610e4bee04fa3ad3d6b21ba34db8e578016903347fb440aa,false,cfc35f83c647f62885be15c03ce8c2a0e3226b598eaea90d69799f010905baa8,COMPLETE_FROZEN_INPUTS_UNAVAILABLE,NONE,false,false,ADJUSTED|RAW,REQUIRED_INPUT_UNAVAILABLE,2026-06-24,WIPRO
false,1c89cff4efdaa8144118e953ae03c648772cb1be48488bfbe585c4efcaa95c88|e06216dbecfecf49d201e3534b17bac5ea1113041e71392734051d8774760395,false,6ccd56fb8bce17109965f6ef2c49fd3e9050446718d3566a13ccd79cc3466dbf,COMPLETE_FROZEN_INPUTS_UNAVAILABLE,NONE,false,false,ADJUSTED|RAW,REQUIRED_INPUT_UNAVAILABLE,2026-06-08,YESBANK
false,1c96b6a610cb84cf5849f94705abe941d3a8bfdf4e5bd0a55fd8e8089d369e60|6875773861dffcb037591c63daf0d432a0e629398f35c1abb576e6ceb43dfa58,false,ddbe54e0881dfa797776445e30870eb68cf3a98f5fae4742740bbe8dea3dc5d3,COMPLETE_FROZEN_INPUTS_UNAVAILABLE,NONE,false,false,ADJUSTED|RAW,REQUIRED_INPUT_UNAVAILABLE,2026-04-08,ASHOKLEY
false,1cc8eb740847532d5ead6f870b326d187cd66d25193bc688351b8a30fa03f519|d4b1d8cbd80823275f1d832f3b5cf8567bf183f32560e4de3821ab5ad602728c,false,126c71bcf5e78f9d1bbf7d4ccb9677a4cb6e6ff2da31c17b312635731df1cda2,COMPLETE_FROZEN_INPUTS_UNAVAILABLE,NONE,false,false,ADJUSTED|RAW,REQUIRED_INPUT_UNAVAILABLE,2026-01-20,SILVERBEES
false,1d0e4e5b1578c057138e34b9655d2d7cc0bb1f4b8bbf8c5d06492f5b7f248017|2dff262d32fa9f2e95684dfaec96142634f4f34831a23bb21f7a486962f1ad7f,false,5e553a8e6e4b263b0cb20617167ca748fca6e63867946f8366c8d8e5e503851e,COMPLETE_FROZEN_INPUTS_UNAVAILABLE,NONE,false,false,ADJUSTED|RAW,REQUIRED_INPUT_UNAVAILABLE,2026-04-10,YESBANK
false,1d1376a3b4480b26cab9e34c9c8b72a30446e9037841c0a5a6ac7ff4137781d3|66a9e0ae3812f7a3aea822ebf739c27b7fb9c3843e87c31c477b3ae3b34272c0,false,aa48ae31903c5a38d18bbe935ceef55b54bbc3fd1218c525112dffc6edaf83e6,COMPLETE_FROZEN_INPUTS_UNAVAILABLE,NONE,false,false,ADJUSTED|RAW,REQUIRED_INPUT_UNAVAILABLE,2026-01-13,MAHABANK
false,1d404223e142b785410c8525ab01cd0a1ef3856526009da6755ebf270ac40042|f39d1aea241133486620fe94165b3216038e45cb1d7788287236f66fa4bdae8d,false,e5f57755033a4f76e0c5fb1d3b27e955f29c71cce7ba2dcba01777cd94d1b69a,COMPLETE_FROZEN_INPUTS_UNAVAILABLE,NONE,false,false,ADJUSTED|RAW,REQUIRED_INPUT_UNAVAILABLE,2026-05-19,INFY
false,1d623686b96d2d8eb99a30c2d8eb1d30449868d9d5dc8cbfb6680aa77845a270|96d63ba9f5fb6877c576a8cbdde5609508daa0862df6b22b31c041fc2951bea1,false,e32c3c29a884375b00f7dcefda849956eff493ea19473b3d688713a264e5f106,COMPLETE_FROZEN_INPUTS_UNAVAILABLE,NONE,false,false,ADJUSTED|RAW,REQUIRED_INPUT_UNAVAILABLE,2026-01-20,JINDALSAW
false,1d6ee941db28c5ca7eedfd89047240e333ec7d11356a5c3dbaf573bf1f61077a|8ab2b42ce84b9e01c770af1478658db77dc7f13e4b138b89550faf3b5c09b486,false,34dd84c9a2424d4594cc35ad0e387ce31264057e32fc169efc17acddd02964ad,COMPLETE_FROZEN_INPUTS_UNAVAILABLE,NONE,false,false,ADJUSTED|RAW,REQUIRED_INPUT_UNAVAILABLE,2026-04-28,RPOWER
false,1d7eb4f0b9149514945223d08e6fea694a953d1e135f2510c38a794d95f70897|4628aa48de10a242f17c4168d044867adf2ac0ea76663d471b63c60e1920d474,false,2056583a3a977ae33c82bea7b8729eae2211d5e31ad32b89d10ef6ca4dec2ebe,COMPLETE_FROZEN_INPUTS_UNAVAILABLE,NONE,false,false,ADJUSTED|RAW,REQUIRED_INPUT_UNAVAILABLE,2026-01-14,MMTC
false,1d9e5359126396e2c76910b3072c564eb81a32dfa6a6af40a04475fef1a4a823|8cc976de1daf2b6241bc4ef4de6c5cb06f0bd5e2924d241264d9cb49b88a3591,false,d8b2ca4eb07078787c9878252d5e14aeae5f13db26eac2952b6657eb03abd219,COMPLETE_FROZEN_INPUTS_UNAVAILABLE,NONE,false,false,ADJUSTED|RAW,REQUIRED_INPUT_UNAVAILABLE,2026-05-27,ZEEL
false,1dbd6b6295b6e1afc1e781e645f3903aa00c0aec3be1964dd60eac83128b75bc|99c2407762206ffb8b8aef82657b06c0c2b0af66428660c0a500cb548af6d644,false,ef637f90a48f7e3491d670281af9051a62f74bd995879815ad4c70ca6340e141,COMPLETE_FROZEN_INPUTS_UNAVAILABLE,NONE,false,false,ADJUSTED|RAW,REQUIRED_INPUT_UNAVAILABLE,2026-01-12,TATAGOLD
false,1dc3c4eff5fabc684321a4b189b5c944daa208aee0b0a82a320bbeb40720c747|3882fb16e166c9e3e079a3a38d10d468ad49d9aac6e1b34aa7a824aae0a3fc3d,false,7511ecd8df446a136b1d54fc6a70ff3cfdb6be12a519f9bb766b74b463a620ae,COMPLETE_FROZEN_INPUTS_UNAVAILABLE,NONE,false,false,ADJUSTED|RAW,REQUIRED_INPUT_UNAVAILABLE,2026-04-02,OLAELEC
false,1dd5b3e35981dbe045baebb712983aa5e7cab085d62f2cd0be5058ac876e6b83|85317245500a4c65a00241e1b66a24417684848d15509f2e998837ba390d71d6,false,df6988c47642360b5da1755655cc1caadb530b02f9d48ca0712525235a06ac60,COMPLETE_FROZEN_INPUTS_UNAVAILABLE,NONE,false,false,ADJUSTED|RAW,REQUIRED_INPUT_UNAVAILABLE,2026-05-12,ONGC
false,1e16a7794e09beee113a6b5dc755d0d632c1a338fe96868430cd5fe6ef5ef6f5|3869d2390bc510ec090c88254ccbe0a81c1160839e253315d97280f6fae3da52,false,e07ce9a8bf312fdf5caa3195972b33c67589df7c5ce34a6bb16a94d72d3125bd,COMPLETE_FROZEN_INPUTS_UNAVAILABLE,NONE,false,false,ADJUSTED|RAW,REQUIRED_INPUT_UNAVAILABLE,2026-03-11,HFCL
false,1e1a4bcc66c9af4e6a021cdff10e4c86bd3f8b57ed2fd109a0e35a9cea0a9515|d1b39911072588d3f7e6518c2eff83595c3627053bab559d5cedf7a410c65c1e,false,1d4e09f0dcd519ee2d251b4399bbc1310b57ce101e4ae545cda7da28fda3d12f,COMPLETE_FROZEN_INPUTS_UNAVAILABLE,NONE,false,false,ADJUSTED|RAW,REQUIRED_INPUT_UNAVAILABLE,2026-06-24,TATSILV
false,1e1d987db1cb354b11072df133ce1fc088de670400201f9ff9b342c174e52f70|27794046d5d25211e5430f0d599fb6391da9c56209c082b3f1c5a35d02faac16,false,f4ec5567e326c720c9bc6159bc8b474e375cf6ae029b1597f3ca166d2c91fda7,COMPLETE_FROZEN_INPUTS_UNAVAILABLE,NONE,false,false,ADJUSTED|RAW,REQUIRED_INPUT_UNAVAILABLE,2026-02-27,REDINGTON
false,1e2cd555354bc6d2eaeb5e8a24922a9e380c010c7482b945e5274448709b967f|2dafe3f1e19e8f36c273ecada6d2ecaaf974a098d8f829c2a9bf0432bc3a70c2,false,28de58ab4a8ea822d09fb6963f82b86f56b99e3fc96d5ceee370f76f8f64b822,COMPLETE_FROZEN_INPUTS_UNAVAILABLE,NONE,false,false,ADJUSTED|RAW,REQUIRED_INPUT_UNAVAILABLE,2026-04-30,GOLDBEES
false,1e382939b7d2fe03d2fc6a48c7a4a01f22b2047d419b08f820e65f67a99ff913|9c90af2f3460b5b5291ca9df8b913e87a7f1452d3d176bd9f83dbb2f9f45991e,false,3b7358847b001c601d74363ea1781673d250d9841bb5601878f3c693cf39dedb,COMPLETE_FROZEN_INPUTS_UNAVAILABLE,NONE,false,false,ADJUSTED|RAW,REQUIRED_INPUT_UNAVAILABLE,2026-06-18,YESBANK
false,1e504bcb3d05bb0661a2b9c497c767fbd302a9654c36720ce50db480061c31f3|7cb853193d53effe1cc2e337324a79335b0ef7386d6204469ed7567c076edab5,false,af16606ca7bc7318454196be86edafc5e6d97969322fb6f187ff0757f62dc63e,COMPLETE_FROZEN_INPUTS_UNAVAILABLE,NONE,false,false,ADJUSTED|RAW,REQUIRED_INPUT_UNAVAILABLE,2026-02-05,TATAGOLD
false,1e81942028f0eb0dbdca27b50e4f0659c4f3c66e20ed19346a0fb34aa211e1f6|bcb42a278f02faa091605c07bfd13c2876d859b0e5d261e5ddade69782e9e432,false,30f05770fb210be0dee6eb2e3222770b12fd84f9f740c126ab9b5c649f9f5cb4,COMPLETE_FROZEN_INPUTS_UNAVAILABLE,NONE,false,false,ADJUSTED|RAW,REQUIRED_INPUT_UNAVAILABLE,2026-06-05,JPPOWER
false,1e93eec3a26aac751390f5899ee6508d4ddac41e57713e14858c02e82199b512|69fcf58a372185f4f01e53a712a9fdbb0d13da01f6881980f382756583ac4bc4,false,5e61ee1bc909518c34fe812af63937399faccaa651c06aeeca83eea7a8f7f9b1,COMPLETE_FROZEN_INPUTS_UNAVAILABLE,NONE,false,false,ADJUSTED|RAW,REQUIRED_INPUT_UNAVAILABLE,2026-05-06,TATAGOLD
false,1e9f33a4fe1c60984bfd6a19a31fa81f3893e293f1b39ae5312be86f20f53071|fcc5657f2fac880486739499ed4ce5e03f11ace6be5ff0f762849f18c0972de3,false,96b8f786c7b3acc14ce5ca86fbf852dc1739362c2ad30f44bccdb624d9bc6952,COMPLETE_FROZEN_INPUTS_UNAVAILABLE,NONE,false,false,ADJUSTED|RAW,REQUIRED_INPUT_UNAVAILABLE,2026-04-08,PCJEWELLER
false,1ea3162a728ed2318290fb0afdff8adaf8c01f0d560c8aa879e164cfc4028d32|698e1230f63063cb625dce293e7f7199e0cfe1deadd6f875c7affb854f0928e1,false,66a748471f8335e602aa1a8c5b8c1135c5b956c8c1e52e34e3ee3e05ec528a4d,COMPLETE_FROZEN_INPUTS_UNAVAILABLE,NONE,false,false,ADJUSTED|RAW,REQUIRED_INPUT_UNAVAILABLE,2026-03-23,JPPOWER
false,1eaf10f5eef59a58baeaf111d03c23080f862282fad833a45dbca60f40473125|d4e696c544a7a0f735d3def0fceedd2aa1de06bb6e94f395126947eed03ecdab,false,1ccff95e2f9b89f4868c62d02cd1feca113d3a153c4a2cd8120f76509528f0d3,COMPLETE_FROZEN_INPUTS_UNAVAILABLE,NONE,false,false,ADJUSTED|RAW,REQUIRED_INPUT_UNAVAILABLE,2026-04-13,NTPCGREEN
false,1edb900a158ecd03d7eb308e718f948a34d2ea9db6c24020a59c5c7801a6c73f|5afb2eb49224b25223a58ebf33189fabf9493f033cc7b93e08b0dd13edcc857e,false,a254309b9a705261a9694cbd76b46d53b4219f0827cd0eb99ac3d14e690049f5,COMPLETE_FROZEN_INPUTS_UNAVAILABLE,NONE,false,false,ADJUSTED|RAW,REQUIRED_INPUT_UNAVAILABLE,2026-05-14,DAVANGERE
false,1ee15d78f3c24fd16136ce9147018f6a58af759a7e1ca5fae9901eb4b3f307b4|ab24f85a60ee6dd12bea11d9b353446c6059d99dc9236012db506c1460a4ed18,false,45806e1bdfb9119ab3eca8d2d195f6125df66526d48e6e4c8e48a563040bedd5,COMPLETE_FROZEN_INPUTS_UNAVAILABLE,NONE,false,false,ADJUSTED|RAW,REQUIRED_INPUT_UNAVAILABLE,2026-03-17,MRPL
false,1f03f20223254126c57bc4a1a4d618e187a494e7cc828707613862ee2f23570e|e49f654cdda13528df890cb8850167b370f6967b5a3c9ff4019b9a64a40e3ee2,false,6e62c8a900e2ee55f3888d8941efa8de9ea5e9dcad78d768c57c6ca4f575e76e,COMPLETE_FROZEN_INPUTS_UNAVAILABLE,NONE,false,false,ADJUSTED|RAW,REQUIRED_INPUT_UNAVAILABLE,2026-06-09,PINELABS
false,1f17e311dcc8dcfe8f57c4ae2aad60117285902019d6c9451f60f61c7c3e3f4c|ee04fd17587f35e08910d1d83fcf6b782f9d5566252e07c183ccbe3939481b5b,false,11ccf0fca231412f1bbc5fea722c7def754137edd5f5af8935864cc2d05e5f8e,COMPLETE_FROZEN_INPUTS_UNAVAILABLE,NONE,false,false,ADJUSTED|RAW,REQUIRED_INPUT_UNAVAILABLE,2026-01-08,TATSILV
false,1f1a1dcd6ac587414f62c0dfa77d991025424816b5c30d32b6f20eaa62cacc37|ee84e7d0f16d2ff53ef32314d2771993e36613dede35f11d2bc67117bab434d5,false,f572b0b95c28489da99dbf931deed41452e5dbd2447de37dd173eb45bff2208e,COMPLETE_FROZEN_INPUTS_UNAVAILABLE,NONE,false,false,ADJUSTED|RAW,REQUIRED_INPUT_UNAVAILABLE,2026-01-19,TATAGOLD
false,1f3f582c965161b726bf1c1c1762396014f6e8909d51809fe8a9d94e0371b2b5|f8ead9f7525695a6d697c69c41459e89db1a8999266227a2aa31debe7ae5e878,false,31af70c2c656556c2b23deb5aed9ea96a1887228f0bc8723bb1bb732e44f0509,COMPLETE_FROZEN_INPUTS_UNAVAILABLE,NONE,false,false,ADJUSTED|RAW,REQUIRED_INPUT_UNAVAILABLE,2026-05-08,YESBANK
false,1f46c50e1bab797a83fbf7e278b0dd55c647eea042040bce4e4170f8c777b7fa|25f00f2303ee694ff3533bcd4180a837e5b92f7e61d2622c3f15f5d1da656f52,false,1e89bebbadb36c11bd99876accb9b9e6a5fccd433fe82fe75d562b0dfc400eb9,COMPLETE_FROZEN_INPUTS_UNAVAILABLE,NONE,false,false,ADJUSTED|RAW,REQUIRED_INPUT_UNAVAILABLE,2026-05-13,LIQUIDCASE
false,1f590a9273778a72a61833026261676befd5c0b65ad25c76386db06a00b1a6a7|6c03e2c160968362d6d525a968544b308028c1551501fe1c3680dfd209841dff,false,ad0a6fe1a67540089f3a3219469843ae3202555e3eb6bab28b107aa6e323c06f,COMPLETE_FROZEN_INPUTS_UNAVAILABLE,NONE,false,false,ADJUSTED|RAW,REQUIRED_INPUT_UNAVAILABLE,2026-04-09,OLAELEC
false,1f7473ef2b0eee6a915efd2aac478dcc6fcd8f3dca9b44e1faca66bd80c819a9|87c6f25c2ed3211df4be4cbd4f02d91d99d75f9684139a2f503133ec4d018290,false,6c6a5447a244d49c6978ff65f64e78882e28c4c38ebfafa690833f8afc77f918,COMPLETE_FROZEN_INPUTS_UNAVAILABLE,NONE,false,false,ADJUSTED|RAW,REQUIRED_INPUT_UNAVAILABLE,2026-04-01,ADANIPOWER
false,1fc90876ec768d7e84c72c95e7055cbd6de5b65c749db3934e73f5c403a273cd|a8f13b33e95e3d756a73bb30ba3bf819eb1e09e7b9f8d1f23bead12d38e86592,false,5d6b623237e28e17f1b6154e32d5e451b15645725c16ed1475feba9fc170adaa,COMPLETE_FROZEN_INPUTS_UNAVAILABLE,NONE,false,false,ADJUSTED|RAW,REQUIRED_INPUT_UNAVAILABLE,2026-07-13,UJJIVANSFB
false,1fd4c93abfe99c5a0b48c3da0413f757b0cb8533223dc37a1a585fc9be8e3569|7390fdd97550c373301f37dd3c47f2034631cd93eeb33ebf27a08cc2d34b2623,false,221808cf9faf526f96ca1c42c80bd52b7c8957b3e4c1f80274db3586700113ea,COMPLETE_FROZEN_INPUTS_UNAVAILABLE,NONE,false,false,ADJUSTED|RAW,REQUIRED_INPUT_UNAVAILABLE,2026-03-19,GUJALKALI
false,1ffe0909941ec64aabf80200ceec4ee71d55c6bdb2dc849d1c350b66d2102009|dc789616e3deb68d02879e8cc70e07c373d6809387882bc776b57d30055a2376,false,ca4219a71e581a1bd840e2c9b824807018c5ad921365ab7f069f60f81e44694d,COMPLETE_FROZEN_INPUTS_UNAVAILABLE,NONE,false,false,ADJUSTED|RAW,REQUIRED_INPUT_UNAVAILABLE,2026-03-02,ETERNAL
false,2004596c1d0c4048b48626df5a631c6833bf53ba328a9dc76982e08f3048cc13|c3d1122ba2e6351b11d5132a685e82135c1947206288b47197e5a3c96a02493e,false,200a4b32718db5381855bee8723809a5d730d9ff461d7050d2c324ace073f51e,COMPLETE_FROZEN_INPUTS_UNAVAILABLE,NONE,false,false,ADJUSTED|RAW,REQUIRED_INPUT_UNAVAILABLE,2026-06-18,BEL
false,200b2da1ef05833f26ec367ffb02253dc34f85ac9ad00ea9ec89042f50d61b0f|b0bdeef4aaa696742451a005d28a81d8133deec510cf50ea6cb54a2e785840b6,false,3a747788291b33da4a744ca0e34acdbcd901518ff7fc9e6fce7a49e686b6408e,COMPLETE_FROZEN_INPUTS_UNAVAILABLE,NONE,false,false,ADJUSTED|RAW,REQUIRED_INPUT_UNAVAILABLE,2026-03-11,TATAGOLD
false,20119cbc8fabb8f51444d49596961329b2e64db4796f4eb516b94439c4a16a5b|e6b36f53100d12c20ba980409ee4b2b3711bea6662fe7deb9c381c82a36b0b7d,false,43d68180a921b081f7b380209d9ce525fee24224f996c3ae08a25871eff2184b,COMPLETE_FROZEN_INPUTS_UNAVAILABLE,NONE,false,false,ADJUSTED|RAW,REQUIRED_INPUT_UNAVAILABLE,2026-02-24,TATASTEEL
false,202b856daed872be42faff28cc33f11de46d912bab790bd70aea8764ef396e9b|8c05c6d3867ccf2622c4a3fee3637095f14d8461ff84ebcb4b435d50aada32c2,false,fee2317e4d1fcf3333512af51f02ca86c117e701ac5f28898e37c95786b1571a,COMPLETE_FROZEN_INPUTS_UNAVAILABLE,NONE,false,false,ADJUSTED|RAW,REQUIRED_INPUT_UNAVAILABLE,2026-01-29,SILVERBEES
false,202f9a52733ca03441cda1165148c40386ef22a29bdf31f77d930e84f8e3243f|adfcbc68041906fa80592bf7c4653dd58386dfbf091277d9f9b878a74fc2d5dd,false,e86b26b2fb427e71c70500ba08dc0fde4d654e533ce8ad41340d0cccb18e7f5e,COMPLETE_FROZEN_INPUTS_UNAVAILABLE,NONE,false,false,ADJUSTED|RAW,REQUIRED_INPUT_UNAVAILABLE,2026-02-05,MAHESHWARI
false,204f26ddbc09076743c7795cb06514a3ced5a5a1104216d03842ac92c55fbac0|825d61977bf143c9b30aae36dbf91aa26b66a91f181769a7a9b416bbfe90299f,false,c5727d447699142f64760c02f2038691cc257cebdc5f74f5721353c457cd52a7,COMPLETE_FROZEN_INPUTS_UNAVAILABLE,NONE,false,false,ADJUSTED|RAW,REQUIRED_INPUT_UNAVAILABLE,2026-03-20,TATSILV
false,205730c7a586287320719520d220e453ff86bcad4193eb9cd2478c549f102bd5|8aefdad805804c15ff726d56692bdb65f6851da4f36aae3b26c821466e2cbe4d,false,492ac630313e1f67f9bf29dcfc24294268f9255018324b1f630d87267fbcecb1,COMPLETE_FROZEN_INPUTS_UNAVAILABLE,NONE,false,false,ADJUSTED|RAW,REQUIRED_INPUT_UNAVAILABLE,2026-02-24,GOLDBEES
false,205af00e152586fb2caf523a30202215250eee54691f2eb86a89d434f3d2d05c|d8e27b324a09b9946761229a4411d82115b4b91d4b937c0868152b5dcd62bfc4,false,406fbf4449dd94a26803e63344e7e90325fbf200081e3babb657c419f85240e7,COMPLETE_FROZEN_INPUTS_UNAVAILABLE,NONE,false,false,ADJUSTED|RAW,REQUIRED_INPUT_UNAVAILABLE,2026-02-25,TATSILV
false,2096263307039ca3a80f3f412bfbb29794ca36cfce921a5c514b3057ebe1fb0b|275d8c132b8b1d447c346823913cb1d01812b5e022ac9d4e100aff83f86a45b8,false,d08314d7675a329694dd6ec16da5781b85646230523a3e672c0316978a11132a,COMPLETE_FROZEN_INPUTS_UNAVAILABLE,NONE,false,false,ADJUSTED|RAW,REQUIRED_INPUT_UNAVAILABLE,2026-02-05,YESBANK
false,20b39399e50fb95eef0505e8bb175386e0031c62ce4d114e7ef91992882026ef|2d7d311622d9e130e3458ee6e15e8dd7edbafa9daded7813be8c901eaa3a5a86,false,9eba0dba762d1390b781782f3e98537f081dc33bb2c76de3b5efd7f18eb51d99,COMPLETE_FROZEN_INPUTS_UNAVAILABLE,NONE,false,false,ADJUSTED|RAW,REQUIRED_INPUT_UNAVAILABLE,2026-07-14,CUPID
false,20f22c2abe9a9a346111dfab492365b31e7ed3fc5818af3dc463cf07b054fe44|8ef568df6369b7e6ed75a4524d832bf435338c9e0644500b7e13f91b742eae18,false,86083254c1edf7705a8f89e538b0fbb5f43efd4ba56f65f487db721884c44dba,COMPLETE_FROZEN_INPUTS_UNAVAILABLE,NONE,false,false,ADJUSTED|RAW,REQUIRED_INPUT_UNAVAILABLE,2026-02-09,TATSILV
false,21070901708aea46299bc3638f7da3eaa59abdc32af3ed2ac1d18d19339e5bf3|64e861f790fa0cdd090392699e737b4cfc4f6a361d076409b4b533c1e6b4776d,false,a85bfac4b588c92761a173c4780fa56b17df32211e2ceb41b967ebc84ea39843,COMPLETE_FROZEN_INPUTS_UNAVAILABLE,NONE,false,false,ADJUSTED|RAW,REQUIRED_INPUT_UNAVAILABLE,2026-02-13,SILVERBEES
false,21126e7467f99c7eebae982fc8879fab294f0719fc62f719bf4fa80ccec825e3|4789fa81ab72fbfe1293785af01f4262c7217068edfffa5ebd426ffcde0d3e83,false,3c1596b95405d3227721b312f77748f38a57bde589c798770ba863d49f04aaef,COMPLETE_FROZEN_INPUTS_UNAVAILABLE,NONE,false,false,ADJUSTED|RAW,REQUIRED_INPUT_UNAVAILABLE,2026-06-23,ROTO
false,21235de75d5f8159b8150dee2bd43e416b8d4f9ad3854aff3e38d0ff749e9537|ceca841c027e68a8079e1549d63fd0cce60f06087595841e9adf5e9b27646e52,false,2121e190b6fb2b57395665db44f4c3a5ba5e7168fad53c9c5803248e5f3f4a24,COMPLETE_FROZEN_INPUTS_UNAVAILABLE,NONE,false,false,ADJUSTED|RAW,REQUIRED_INPUT_UNAVAILABLE,2026-04-27,IDFCFIRSTB
false,213e65ee1c3fc8a1accf11be9934e9528e78308b299e4257c362df6d35df945c|5156b38ae993eca61b944d7a237f3797eb6ea2f5cdb7203a6d0cff2c8ef036b0,false,bc80dac58b5d550dbbd052ab2faa416c8fcea920f62e3ec2c3fb9f321015a476,COMPLETE_FROZEN_INPUTS_UNAVAILABLE,NONE,false,false,ADJUSTED|RAW,REQUIRED_INPUT_UNAVAILABLE,2026-03-23,ETERNAL
false,214de8ad22d299af2d286f1402587662330bb9c4736caa28445cbeaafb1b3725|fbb2fed0785a7d6d0969dc4d8b9cc81a7a4ce69ca921e37b1efe9725afc90fe6,false,659cbfddc6f8811a061570485bd4d7b0017578273d58c726e8accfe3f5a262ac,COMPLETE_FROZEN_INPUTS_UNAVAILABLE,NONE,false,false,ADJUSTED|RAW,REQUIRED_INPUT_UNAVAILABLE,2026-07-10,GROWW
false,217f4228ab23b66dfbd1c4b831abaef951aa7d6426c6aeb9477fc28a8de35188|c5c7113134ac736eff3015f305310d62d04ea6e2986fab5237a15abfa0c7af7e,false,814fb6e8a9fbb9b4af8e719a9436b60861aa97d6cdf723de10ce7fbe65cabe95,COMPLETE_FROZEN_INPUTS_UNAVAILABLE,NONE,false,false,ADJUSTED|RAW,REQUIRED_INPUT_UNAVAILABLE,2026-01-29,GOLDBEES
false,218111d149b21f59b8a0900e2e4aa6540c09d3c1b62cb0b6f0c5363220ba7ca7|8fbaf580ce7415eaaebfcbe72e9c8d31e3874ef99a1098a6b9db54fa096339c3,false,e9e128ac3688ed0dcdedb3a62d0337fbd7ce1408ac94eb16c1f46f5eb499b150,COMPLETE_FROZEN_INPUTS_UNAVAILABLE,NONE,false,false,ADJUSTED|RAW,REQUIRED_INPUT_UNAVAILABLE,2026-06-02,WIPRO
false,21983905b00d62f651d97367a8c8b59edb6b7463e8285ca643a70313c4d9482a|cd7a65a9a367a390f094aeeec401a5d00ea5b74e639baf71ac34ed872d5fe6c9,false,e689ab35feda2aedf4fa7a0df8ee3577aca1942833ac72e8ca21af6aedae6fc7,COMPLETE_FROZEN_INPUTS_UNAVAILABLE,NONE,false,false,ADJUSTED|RAW,REQUIRED_INPUT_UNAVAILABLE,2026-01-14,ETERNAL
false,21988d52897c48d4bee3fec85a0aa397732eedda1fc44d56869785db186b0b19|2919ee385487d2e0a1638391389ef3f1c85f651241434f30ae2d279b109aa74f,false,fc6d252c78d41138e90c6f07c0138b87ccf3d30b15501a58830b2959ddcd2af4,COMPLETE_FROZEN_INPUTS_UNAVAILABLE,NONE,false,false,ADJUSTED|RAW,REQUIRED_INPUT_UNAVAILABLE,2026-06-03,TEJASNET
false,21c994597a0158b06659132a4b6b244d2d935cc7b6b79eae08cfb9313567496b|ac930af6461895c8ca17457e624cd3cef8a562953acf23c78dd39cde030ef144,false,9fb970ea632e81b8f1f492d2dfb1ead06fdac698364727320fb248eb6813503f,COMPLETE_FROZEN_INPUTS_UNAVAILABLE,NONE,false,false,ADJUSTED|RAW,REQUIRED_INPUT_UNAVAILABLE,2026-01-30,TATAGOLD
false,2233de4d75d1532de6964154eba78f81ba29e0f234c2695a5a568df151da9400|b46c90448468b1e80e58a85f2f8f6120014ba8873f446b0ee3ccf54228d95a6f,false,0e38f286138c2727643325c790cdd6336e473f17e4bd6ee9bdd24a9ab84990b4,COMPLETE_FROZEN_INPUTS_UNAVAILABLE,NONE,false,false,ADJUSTED|RAW,REQUIRED_INPUT_UNAVAILABLE,2026-05-11,GTLINFRA
false,2267712e38bb4bb43f65a0623a2d5498afd980b489ac7feb581715bc7f8866d8|a11937756a648e384a55ace2999772659fd0685e1e8805a16f821bad5e52f756,false,0e79275aec7a898b86a9ad04ae98d6b5efd940574977c4f737db78a13b238de1,COMPLETE_FROZEN_INPUTS_UNAVAILABLE,NONE,false,false,ADJUSTED|RAW,REQUIRED_INPUT_UNAVAILABLE,2026-01-06,TATASTEEL
false,22756c27a7f1f95301d6c03738fe7ce2c17ad141bec16c29d0cb32fed058fd91|d2eb9ed15420df412ccc742a909ed89b3d90d2a8d639891c8ef2e038dbaac737,false,d4d983d907e4983c586214e5c1d4e23eae8ce32656b145548055bcc1cba241e2,COMPLETE_FROZEN_INPUTS_UNAVAILABLE,NONE,false,false,ADJUSTED|RAW,REQUIRED_INPUT_UNAVAILABLE,2026-06-15,GROWW
false,22863a6bcfca0e9f1294a52a52efbea1b387d310d361fc5dc1b0b1960275d434|d9ac5f852263efc3b7ab301659e93cd522ef59c4851d64c18d28b3a9a2d4ac8c,false,73fba9ca305ff640a0c5c984613ef02b9c3763933562cb7a30641a8c0bf74676,COMPLETE_FROZEN_INPUTS_UNAVAILABLE,NONE,false,false,ADJUSTED|RAW,REQUIRED_INPUT_UNAVAILABLE,2026-01-09,OLAELEC
false,2289ec6a39c6f27cee097b834087a3274fa50a7d303744ad398d8de00d5562b5|c8dfea3a1e0412f3b0777198fcde7c2b330b5eb0bf3a9676edb17aa6096cdd09,false,fb9ec845344eedef70c3a5b7126279584c25aa156fbd788bd05525e8716ac6d5,COMPLETE_FROZEN_INPUTS_UNAVAILABLE,NONE,false,false,ADJUSTED|RAW,REQUIRED_INPUT_UNAVAILABLE,2026-04-28,TATAGOLD
false,22b8cc082bc62a867b83b09bd191e4de24f3ca518821c29aa48e1bebd98073a6|312d922a995eae639bb6160d870d050a3ccf765fe6bd20dfaeae1c0ce8faf928,false,9a3ab462d7f3e42010e74145b825f9370fa71cc97c519ad41713c6c707332d93,COMPLETE_FROZEN_INPUTS_UNAVAILABLE,NONE,false,false,ADJUSTED|RAW,REQUIRED_INPUT_UNAVAILABLE,2026-03-04,OLAELEC
false,22d88443298dd32cc63093f4f4c1061fc576408ab26ff2bb8c566f5d56804c00|a9d2967af2727d026731860200182fa81392d46a9b07f42b7d7212671c76dfa7,false,64be83c1acc5aaa06e944d8ac0e72dacd778f846ec43c27023e57e8a432b88c6,COMPLETE_FROZEN_INPUTS_UNAVAILABLE,NONE,false,false,ADJUSTED|RAW,REQUIRED_INPUT_UNAVAILABLE,2026-02-09,LIQUIDCASE
false,22e3584ff659ed131c330a56b0aa09b61148edbe6bcd0925081fe576a5afa557|5151af3caf7a6e003d1d33807b6c7530be8e73f3b6d1bd9aa3329f78a0d24862,false,cc7e2642242038a0bafe64326221b3a716a1faf08f6c0511ccaa1fd80920ce7c,COMPLETE_FROZEN_INPUTS_UNAVAILABLE,NONE,false,false,ADJUSTED|RAW,REQUIRED_INPUT_UNAVAILABLE,2026-01-06,TATSILV
false,230602dd9a94effef853afdd3ecfbb29e96b0a6c54687d39432c3609775b5297|fe49b37c2b2760fe94da7b43dab7957b1ff588472e5ba48783120c2b011e6a39,false,0c5aa3c0d259f47870c1ce85f6afdf2f1cf6ebbd91f359c3fe778319d4997442,COMPLETE_FROZEN_INPUTS_UNAVAILABLE,NONE,false,false,ADJUSTED|RAW,REQUIRED_INPUT_UNAVAILABLE,2026-04-07,OLAELEC
false,237f131dd8aece3054f727b92ffdfda73aaf3f21d6c6fcbb167d345bec68d330|87050106087fb1cfb940fecab76f8af3415e93c788964b2b768e6465a3c3a05e,false,75b6aa9b547e4a1a63a03ea0abbd2896b93bcf025b2382ee55d6c7a4a33728c5,COMPLETE_FROZEN_INPUTS_UNAVAILABLE,NONE,false,false,ADJUSTED|RAW,REQUIRED_INPUT_UNAVAILABLE,2026-05-15,JPPOWER
false,23def716f0efb9a4c1aec93858be05c965df4119b163159bd26941ab8fd427c5|76868f41a62dc829500551cba7c2e0a0bab398945345ead99d0bc2ad54810829,false,554769a80ae91c6765f41b08ab4e4a0d8f450ea4bcb098dffd8a5501bd5c5b1a,COMPLETE_FROZEN_INPUTS_UNAVAILABLE,NONE,false,false,ADJUSTED|RAW,REQUIRED_INPUT_UNAVAILABLE,2026-01-12,HINDCOPPER
false,24027cf64f714a2b4df5f1c360e48f6211cdc306a003a29cca03b735d1e36ac6|95e340430f62252d43c58c5351d8314bdf2c6b65875e4e776415b63889a1c77e,false,414534e6feef6292855b12005b7b878cef059593b4443875790200cf2cbaba72,COMPLETE_FROZEN_INPUTS_UNAVAILABLE,NONE,false,false,ADJUSTED|RAW,REQUIRED_INPUT_UNAVAILABLE,2026-04-01,TATAGOLD
false,24199591c93e3a4906976b6d9b7a085d8b4506f28311fce461d482064db3cde7|d9451a792fa3bf0b5c3b682f9d2609aa16982840b1e2d515271acc1ed22e46ff,false,3646c58462895fe6f816aa9d61fab008f1e5532df84638ff5b2541ca2a184bf8,COMPLETE_FROZEN_INPUTS_UNAVAILABLE,NONE,false,false,ADJUSTED|RAW,REQUIRED_INPUT_UNAVAILABLE,2026-03-23,SILVERBEES
false,241ab54ec957cf8a03fdf2fb3910100a47f8feb426d05bcd3002eb6cd3ea90f1|f49a79e2c9665b2238eeb21362a75a48e623a8412ef56f925dc1cd703876f2f2,false,f33dee7e21a966e08bed8c00ccb4f214828b5f10c9c1ecf927afb8decb127945,COMPLETE_FROZEN_INPUTS_UNAVAILABLE,NONE,false,false,ADJUSTED|RAW,REQUIRED_INPUT_UNAVAILABLE,2026-03-23,NOCIL
false,24326c3ea818263139887b10e6e0f273e28a98cefb991c758a2eeb834c639901|76713b4f87e160a22f7c925b5c2283d1e99fa759281697307060cdca7f2e86d1,false,cf3c691379e96681adedf030931bb4ae43491b023b5b63ae8f79cc41495f5ebe,COMPLETE_FROZEN_INPUTS_UNAVAILABLE,NONE,false,false,ADJUSTED|RAW,REQUIRED_INPUT_UNAVAILABLE,2026-07-15,FCL
false,243b6378737108ffe1adbe3b5e5ccdb64359aaa71c441fcd376f718c9b880b45|caf216ef961a846751168e5a628c0745c25eb5cc3d593066e95851f2cc3b82a2,false,57ddaa19f499c0975518fab6372222f78b72733c3cb4dac7242bbf7bf7b32332,COMPLETE_FROZEN_INPUTS_UNAVAILABLE,NONE,false,false,ADJUSTED|RAW,REQUIRED_INPUT_UNAVAILABLE,2026-02-27,IDFCFIRSTB
false,244ee45cf87bbcbe3c7418e1fb77e0788dc62e525ad7148058903085e938bbde|7874d4c46e1521be36befd18f27c13453b481c7f89674a23580c27092d13a079,false,70a36f58edde19e2e78776fff00a8b1f4595463bfe6f9a7318abd67d6cfaf066,COMPLETE_FROZEN_INPUTS_UNAVAILABLE,NONE,false,false,ADJUSTED|RAW,REQUIRED_INPUT_UNAVAILABLE,2026-05-18,YESBANK
false,2460bcb69de66d8ee08c03336fbaf1e8d657fd664b9ed2b00f2ad9a749358117|6cca126f35db2346ca2732beb48a5a3820938741af23e858e4cef989ceceb826,false,9dc9786a00ae40b00669d94a4838afe797b179d9298fa79cfb95883aa1e896a3,COMPLETE_FROZEN_INPUTS_UNAVAILABLE,NONE,false,false,ADJUSTED|RAW,REQUIRED_INPUT_UNAVAILABLE,2026-06-12,MMTC
false,24613f87ccf48812cd3385e8b1f3e592f88ac4697da1121080770ae200e7b9b0|b19cf5a3922d413e7ff3caea9ce0dbf823aa6da2e59e96c75e02725a29c01839,false,5545b9cb5badccf658edfeee9ac032fd51da081774fe76fe8cae0f92adbedc12,COMPLETE_FROZEN_INPUTS_UNAVAILABLE,NONE,false,false,ADJUSTED|RAW,REQUIRED_INPUT_UNAVAILABLE,2026-01-14,TATASTEEL
false,246e5aecf0d9da4f7c70de9b06d52fc172e664d2c8cc6c98891e75f381c4ce4e|2cd3c2abd3321b8e53b22d74b9d2f69d0ae825976ceb53600a15966fc59f5e74,false,7fd52f1dc11bbb2449d978d70cf66e953782cfd44624dcda02f3335bd2475e60,COMPLETE_FROZEN_INPUTS_UNAVAILABLE,NONE,false,false,ADJUSTED|RAW,REQUIRED_INPUT_UNAVAILABLE,2026-06-11,OLAELEC
false,247c2c5b9a52ce8c970568d71708320c3336b71173c82cba3b547c620901e0ac|65cfa8483e8b6265bbde718748a2b406777c0b6c5402e91cdd790795b7ced9c2,false,68bcfa1d0bfe40ffac5bf527948e27a3575becadaff480cb6e321eea3e700cdb,COMPLETE_FROZEN_INPUTS_UNAVAILABLE,NONE,false,false,ADJUSTED|RAW,REQUIRED_INPUT_UNAVAILABLE,2026-02-18,SILVERBEES
false,248420d84d6805298e1edcfbe16da3432990b0eb9538e8b307710f02d223f2f5|fc504cbef06da69964c00493e5c486172e05b889642dac9c57a7d9ac515afc7a,false,e4a22e4ebd80495ce97a5ba372a551eeeee2e587fec159c2a670a9856b5aab02,COMPLETE_FROZEN_INPUTS_UNAVAILABLE,NONE,false,false,ADJUSTED|RAW,REQUIRED_INPUT_UNAVAILABLE,2026-04-23,IRMENERGY
false,24b056bd064ae45b9b28a477158c1c503b8df8204103ef5793b76807c1dc73ac|63738d5960216cf8df682b509c278e548e0f74fe491e0f3bfa057dbc4519d0b1,false,2610d025508f6eb34f0306214931f60a1cc7c72c820959ddd7df6d1570e558b0,COMPLETE_FROZEN_INPUTS_UNAVAILABLE,NONE,false,false,ADJUSTED|RAW,REQUIRED_INPUT_UNAVAILABLE,2026-02-04,SILVERBEES
false,24b65da50405c211a96a2360d37a40ed4eecbdd608ec62c6421b5dd9f78f0418|3611474ebef9f0433d0dbb8e66c44d449a45f03d33f87b4d8e4f886606afa576,false,ee688ce638466aba47ebd48392d2f23d8844d4ef24092a8d53b0ef89c20037e6,COMPLETE_FROZEN_INPUTS_UNAVAILABLE,NONE,false,false,ADJUSTED|RAW,REQUIRED_INPUT_UNAVAILABLE,2026-01-27,SILVERCASE
false,24bb6a327c78d46694c34b2738cd47edcf057c7e8a019d3271bdc3a284c29005|be3d2c40abd6a6d0047dd2f02211281dcaefb5e6a1b0b224b7c6cb4db6d3337a,false,2042a10f0bd545662fa9a714942d32c494cf51095fbd4b2582df1bb1a9a741f2,COMPLETE_FROZEN_INPUTS_UNAVAILABLE,NONE,false,false,ADJUSTED|RAW,REQUIRED_INPUT_UNAVAILABLE,2026-02-18,TATSILV
false,24eb1511c6847d716e6b2051bffba5a784311877739f48f375593804aed93419|b8fe1ff59f19239f756f400276a581b95ce17f95bfbe69a20754e21d455a3df1,false,fbfc9c021cb3319d67dab0d0a63ba9ea5b4a909d5e28cea44060604d75e88339,COMPLETE_FROZEN_INPUTS_UNAVAILABLE,NONE,false,false,ADJUSTED|RAW,REQUIRED_INPUT_UNAVAILABLE,2026-02-18,TARIL
false,24eec66f6387c40950ae46b42428bee8e045a477b491bc70ca29a1faf8c7f2de|4d097511e34aef0d3d8c3ac0fa56b322523a44e59953622c031c3347e102d5ca,false,ca0af8dfd126b2cfe58d699500ef404bdee1530b09079473797840e52fee955c,COMPLETE_FROZEN_INPUTS_UNAVAILABLE,NONE,false,false,ADJUSTED|RAW,REQUIRED_INPUT_UNAVAILABLE,2026-02-10,ETERNAL
false,25311fd4df5599ca1252133f11dec6222af6a947c23c4977a8862d94294db0fe|e1c3f40d365e8292e412ede570ca9a1f2320191ce19ef4f02c1fe51c7a6f9518,false,8e0c16804558d16689b7c5acc3642a2f80cb62c607067f7fcbfc347094bc7dc2,COMPLETE_FROZEN_INPUTS_UNAVAILABLE,NONE,false,false,ADJUSTED|RAW,REQUIRED_INPUT_UNAVAILABLE,2026-04-15,RPOWER
false,25381010cd5f24f3b92e99c1f649416fdc5bd547d3d29382e450cf46599b1c32|44208bd3f24014bf1b033ae4cff204c51eed534ada22f142c0727f3a92d65bcb,false,6868854f3dc6b3a1ce68c92c6291545ae1f270ec8007ccdf4c5a34221b73e8d2,COMPLETE_FROZEN_INPUTS_UNAVAILABLE,NONE,false,false,ADJUSTED|RAW,REQUIRED_INPUT_UNAVAILABLE,2026-04-08,JPPOWER
false,254fece23923181ab41b643d413d4f38352d50a1e6d60aed49c9be9330b95c21|b23c5b589ddd02ef6e6409355b66cb576809f2e292511a75e2df6bb0d7ac4f19,false,7c63dbba5c06673a1298009a62d9de008a88629ac7b0886ed7928dab83d1b529,COMPLETE_FROZEN_INPUTS_UNAVAILABLE,NONE,false,false,ADJUSTED|RAW,REQUIRED_INPUT_UNAVAILABLE,2026-07-03,PCJEWELLER
false,2554495449464485bf0dbb8c4dd47cf0a81a4d3e71ed4c042ee4287bb761a233|5785bed23bc37d95568efc29e4645764a28e8db8e32bc6f2938a33b947cf7ca5,false,a6727d181b2448c022f362fb8057dfff2c95d8322798834db9ada7542d0924e1,COMPLETE_FROZEN_INPUTS_UNAVAILABLE,NONE,false,false,ADJUSTED|RAW,REQUIRED_INPUT_UNAVAILABLE,2026-07-03,YESBANK
false,256bad2a9d3d8176eb79633af02c695fb670e5c454aff257fd53fe3750700354|f45427369dbb77859f95bbaf2cf9d89159d53d841ad0f604dac82eb8322a33f8,false,75fa7164b693497f6abb123ffced3b5d0c63bab203de85da2eac3695d815a4bd,COMPLETE_FROZEN_INPUTS_UNAVAILABLE,NONE,false,false,ADJUSTED|RAW,REQUIRED_INPUT_UNAVAILABLE,2026-07-01,GOLDBEES
false,257c7118f22727bdd96821701dfe75d4eae5a45b0209c082cfc3b057e3ab95a0|33e595712296c542f4a37b9a8031e95ccd6e0cdf80d15d5ce580b12c06ca0967,false,f93b5c58fe6b6c260f7d9799b6ecaafabb9972dc7e4cb9dd4c8d2890973b2577,COMPLETE_FROZEN_INPUTS_UNAVAILABLE,NONE,false,false,ADJUSTED|RAW,REQUIRED_INPUT_UNAVAILABLE,2026-07-14,IDBI
false,2582085dd29d08c2584db320849a54081ef677c957a6d11dd826599dcc1ec8e5|2594bda504cf647d3c8a97556534dec6ee314369ac86291a1ed7f54d16e654be,false,b9e9eeac06f3986cffe9673826719a3bbbd916583926a5cdc03458d78a79a0fc,COMPLETE_FROZEN_INPUTS_UNAVAILABLE,NONE,false,false,ADJUSTED|RAW,REQUIRED_INPUT_UNAVAILABLE,2026-06-17,CENTRALBK
false,2596745ca7845aa1b2fa71bb5294d728078beddfc2e6bb5fd0e9b3e1b83340a3|ab0306c9eeb724e72a504cb4d7b1df798d5629d3c7cc9aa5866b2a2a718e3a30,false,dace9f19b927a612e6c9b6a1762694c3f71f72e6fd22447be52ecda5b07c01dc,COMPLETE_FROZEN_INPUTS_UNAVAILABLE,NONE,false,false,ADJUSTED|RAW,REQUIRED_INPUT_UNAVAILABLE,2026-01-12,GOLDBEES
false,25d552c644c36fd631ed2a686ff7e9a28159b5c6f66537578e99eca6b97f8a31|346d7d927b651d072cdebadeb7101cc924261c8b56d0478e13248eb0e3860afc,false,0b5cd99cc21eb03e239b7d173091b6e4fc649f742567d0595b46f438472d5fb6,COMPLETE_FROZEN_INPUTS_UNAVAILABLE,NONE,false,false,ADJUSTED|RAW,REQUIRED_INPUT_UNAVAILABLE,2026-03-24,YESBANK
false,25d864852669b313115d6be4ebb33b6bd134d9f90c5d6f5e51c4ef395d4af847|30401054bef39a0c83bfcc52eed32ac211f17128176d4e5861ed4d0471f28c18,false,89f91d354536573e7503bb68895d649179fe555538bc43788b72209ae158d99a,COMPLETE_FROZEN_INPUTS_UNAVAILABLE,NONE,false,false,ADJUSTED|RAW,REQUIRED_INPUT_UNAVAILABLE,2026-05-18,TATASTEEL
false,25e151925fa59d6079ac497d1b38826538a331b1d371bfff61256a182dbfbdcb|4a18f57f3e55049f3a1a787d003e2ea17833b1bac79b92e79bbfc918ccee72be,false,6d68326b675b08849365c3bec1fcf6a11ffe975028f09f00c3a97cde2f33f5ee,COMPLETE_FROZEN_INPUTS_UNAVAILABLE,NONE,false,false,ADJUSTED|RAW,REQUIRED_INPUT_UNAVAILABLE,2026-04-24,GOLDBEES
false,260b14671a1409dcef7c1399b4c423d5f1cbc2b6856d6bdac9379a6ecf90c422|b673b6d277316731511c16ac8d2047c27859031563a76e4e058a55abef2b9801,false,7cd3875ba330db6492100ad9e668cf970f58510438b02f63b143d19b17bc301c,COMPLETE_FROZEN_INPUTS_UNAVAILABLE,NONE,false,false,ADJUSTED|RAW,REQUIRED_INPUT_UNAVAILABLE,2026-06-15,IFCI
false,2617f5492552c77bfa56bddf964ccd945bf6b764a9e3adbf93eed64f00ac9ece|9ef92aa31323a50e2659b9c066a0ac1eb4074ff56fa2b8d2d3201673828d9c7f,false,ee3cdd43829c5e5605c7b4f99db823a642f56444744fa0f596c0109854d45a79,COMPLETE_FROZEN_INPUTS_UNAVAILABLE,NONE,false,false,ADJUSTED|RAW,REQUIRED_INPUT_UNAVAILABLE,2026-05-26,TATASTEEL
false,26289f820bdc5b21d4a3578aead93f0cdf2ec6e5425ce1d577ab5d96484891db|2e4b7936ad12a31d9a2b23fa5279c89f5b4445d850507654e1b94cc9a78edd89,false,46770f38621a05198fec6501b6359fd32b82b25154bc400cebefcb914be19415,COMPLETE_FROZEN_INPUTS_UNAVAILABLE,NONE,false,false,ADJUSTED|RAW,REQUIRED_INPUT_UNAVAILABLE,2026-07-02,EXIDEIND
false,265c4f24297fc8187615ba12180998420c860625c726e6d645eb5e393b5e4ff3|eb733598661885f88a9736f0d75b2d7bf212a9eaa0c09efff5fa89a8d465a2a1,false,699b0dbc7a5360487e395561577b6a2e12412642309497d70b2b9c24059f1d74,COMPLETE_FROZEN_INPUTS_UNAVAILABLE,NONE,false,false,ADJUSTED|RAW,REQUIRED_INPUT_UNAVAILABLE,2026-06-23,TATAGOLD
false,2678b7b4f1498bbb82cfd592ae58c04f74b9e7ed900293971addc0dedb2bca5c|4a2020537ce8c8c09b5087e8924d2b3614c67ec6d7863d47765d8bf01110f8b4,false,00c05a1a5bcbd20388ff90f7e9f05280dfa4a90847cafba3afddfea8a1963a37,COMPLETE_FROZEN_INPUTS_UNAVAILABLE,NONE,false,false,ADJUSTED|RAW,REQUIRED_INPUT_UNAVAILABLE,2026-06-17,CANBK
false,26cd952c47f48c184286d1eb22e4d9cf81fd34647c2d65f9f1a1f77d92a72383|73430c217708691a9ed356fdd0ed0e76d471c6daf30e9567aa445663a1bc3e8c,false,db3b89e7a3f9854137c02dcc3ba9837fc6d87f174763ba9f7090e31dc4718a4b,COMPLETE_FROZEN_INPUTS_UNAVAILABLE,NONE,false,false,ADJUSTED|RAW,REQUIRED_INPUT_UNAVAILABLE,2026-05-07,SILVERBEES
false,26feddbda18716e6e4f546ef7e32aa2f4763effc96cbbaae9467d791dca0aeb1|b146cb4d313fd4776f1a463f66609483f3bc92303a508def09a74fd43ccba9e1,false,0324d988c90f7827ba1d7b6c9cc1d9e1d61aa7330e6e41e66390272dd4e147e8,COMPLETE_FROZEN_INPUTS_UNAVAILABLE,NONE,false,false,ADJUSTED|RAW,REQUIRED_INPUT_UNAVAILABLE,2026-07-02,WIPRO
false,2704961d8b9a03d82cac67ea1ef20c0f8107e4b1f339a5987a7df149abbd98e4|3ab2feccd552aed4f3df6b500920939882efb6c3bb06013ba6fc4969246c0051,false,5ea9c4753ead85e89c391ddf633fe3142898dc477648c7019b3b2e6fcc1517ce,COMPLETE_FROZEN_INPUTS_UNAVAILABLE,NONE,false,false,ADJUSTED|RAW,REQUIRED_INPUT_UNAVAILABLE,2026-04-22,YESBANK
false,27071d0b5c3c65a9e3fa8b903e9f1d0d71dac8b7106c5a206e65505f86f29ff7|71f1b59ef5e76997e58ef05d91d636bfef42d338747b3ec548726af169fe77f5,false,ff6acf4111751208ec42bbf90dbc48c2ff6c063095d4210a754ffdc97e6f1438,COMPLETE_FROZEN_INPUTS_UNAVAILABLE,NONE,false,false,ADJUSTED|RAW,REQUIRED_INPUT_UNAVAILABLE,2026-06-08,HDFCBANK
false,27150ae215232d32966c243775834543e46d8f0e670c281c76c36c843a42291c|860dc3e65ef6e39eae7fcd0f5e8b0cd9ce4152570f6de5b06a281ce72861004b,false,11c73a611d3ac0a9a00c308e82259649547ccb593b913398993f2d6c02870890,COMPLETE_FROZEN_INPUTS_UNAVAILABLE,NONE,false,false,ADJUSTED|RAW,REQUIRED_INPUT_UNAVAILABLE,2026-06-25,GOLDBEES
false,271724d40f9404a3ae4f8f999db71de7ad867864632a010ae91ebe51d3b6eeb9|eec56c230b67b891c1b378fea268d70d5615f23619f9034669d38c695c286e8b,false,7025c1ff27324f28067e899022f42877e615c5ccd92fe28c70c07c9cdbb6d6ef,COMPLETE_FROZEN_INPUTS_UNAVAILABLE,NONE,false,false,ADJUSTED|RAW,REQUIRED_INPUT_UNAVAILABLE,2026-01-29,TATSILV
false,27198fd9deeadca1216bffd208cbe2f437e973c6fd9f1d021dbe8606084c2fde|ccbe3577a2289db945f3fed828d216d18290ff1449e8f79ff5eee66be0dac94d,false,7a402688f8a4f752effccab310a95bf004c664b18c8430f4f33211bb02760c8e,COMPLETE_FROZEN_INPUTS_UNAVAILABLE,NONE,false,false,ADJUSTED|RAW,REQUIRED_INPUT_UNAVAILABLE,2026-06-17,IDBI
false,271b995a54a20d49459ac010246492f6a4c3f989edf415cfad16ebfd3bf411bb|ecfae3115c28898f94ea3570a86939a241574ec0b20093e3e40b40b7de077dba,false,114e93fd9cf9cc1a2c27482f7c7ee9f2cfb946c6702308d2524758d5416b4a94,COMPLETE_FROZEN_INPUTS_UNAVAILABLE,NONE,false,false,ADJUSTED|RAW,REQUIRED_INPUT_UNAVAILABLE,2026-01-05,OLAELEC
false,27210ec5023dbd380972a630a8387deb12451000a3f4fcba326f2cdaab471358|29860d13559673f944ee359348eb69a0f9a97248385723dcd6570addd70cab02,false,06f36bbd30260b7abaec2724994b882c84d4f2b0e04dd8a74237e48db2ba7256,COMPLETE_FROZEN_INPUTS_UNAVAILABLE,NONE,false,false,ADJUSTED|RAW,REQUIRED_INPUT_UNAVAILABLE,2026-04-13,EIEL
false,27545580b79967b3f758f93a09ac045577216a14e5e2fbf94f3512974789f8b1|56cbdeafde2ae5b03ca8fc86dd5b09ea9feb83846c4758f931628f29ad27a20b,false,29972faaef2777ef8edee75788a167a48b6582c6bce76df837ad5936add7cacd,COMPLETE_FROZEN_INPUTS_UNAVAILABLE,NONE,false,false,ADJUSTED|RAW,REQUIRED_INPUT_UNAVAILABLE,2026-02-27,SILVERBEES
false,276676f3ba5fc80b9ce91d90cc05247bde388e51ded78fe70154fba7bef58f51|98f6fc81a3467db87ec908dd22365aff48cc44ea52e4236aab50d600905228c5,false,6b3bfd87efa3e1e2f1ea2d00b1a6027e921c0329fe79fdcac7cea1f7558ac26b,COMPLETE_FROZEN_INPUTS_UNAVAILABLE,NONE,false,false,ADJUSTED|RAW,REQUIRED_INPUT_UNAVAILABLE,2026-04-30,YESBANK
false,277ad75546d675df7ff5a2acf622429ee2839bba0e197934451e1597fd25935d|e255478285830aa7c9c08b42c6ebcc747a1ef0ef7aa6e0bf93896dcce1ef3635,false,a3453d8048b19f1ae3f497b88ab945446ce4184ae478ee8be55353df1484da82,COMPLETE_FROZEN_INPUTS_UNAVAILABLE,NONE,false,false,ADJUSTED|RAW,REQUIRED_INPUT_UNAVAILABLE,2026-06-09,CANBK
false,2793d9af4667dec9570d758c70478d105f9c139f71e4afd28e4f875a16747959|783b6fcbfa0c88e42ac03aa4d96a99a22dd250b138da0881541511d4abb9a3f0,false,0e8e28a218f453c4b7b999d2ddc92357eb028acdfb2749ee377d26478780207e,COMPLETE_FROZEN_INPUTS_UNAVAILABLE,NONE,false,false,ADJUSTED|RAW,REQUIRED_INPUT_UNAVAILABLE,2026-06-24,PINELABS
false,27a822ffd5c2916f19507d05448825c5f146882fd45a52e6686692a249303b4f|4816093238adcfb85998f64fa11c06f0e3ca1395a396dda254e56025ba5c288b,false,d2c542dc76c680be13b252cee15bfeaa1732498c945903cf0724055fa86937df,COMPLETE_FROZEN_INPUTS_UNAVAILABLE,NONE,false,false,ADJUSTED|RAW,REQUIRED_INPUT_UNAVAILABLE,2026-04-24,HDFCBANK
false,27c5ef6ebcfa15ade674e02ff6730d5f3276524e5e1bfe43c2f2e644ed8a6c71|680d3abbc7a6bedb9d4cbe6f223bbd9249b8c680ea36bb2e693a410cc2a74afe,false,b616c996e0c9e7823374032c9f0bee49bf885d68f87de04bf20badeedcb29077,COMPLETE_FROZEN_INPUTS_UNAVAILABLE,NONE,false,false,ADJUSTED|RAW,REQUIRED_INPUT_UNAVAILABLE,2026-03-16,HDFCBANK
false,27d716a13549d43afa96116334377c5663fa737397163fe75de353a139cf29ad|b2c69f476d4650b24deea1231cea7c2d073c2e9c029ae51cb96b0c306217121b,false,dfda2a41accc7f93e9b47fe71492042d4cb700ab76810cc8c3da2050138fd3f0,COMPLETE_FROZEN_INPUTS_UNAVAILABLE,NONE,false,false,ADJUSTED|RAW,REQUIRED_INPUT_UNAVAILABLE,2026-01-30,TRACXN
false,27f7ed24e0931944c0b5cae6b88063eb2fbcf994b49603d34e9f1d1a7f14932e|356dc68007e091b472f74d8726d26f863470f433b8c58a6c8207dd3b51366e9e,false,c5b617df827ac18d8906f460e5778a01faf66bdbd184bc65e500f134f88bca6e,COMPLETE_FROZEN_INPUTS_UNAVAILABLE,NONE,false,false,ADJUSTED|RAW,REQUIRED_INPUT_UNAVAILABLE,2026-07-10,MRPL
false,28006ddac0fbf76011679a5ff73f8c7917c953f1108d3c7be152903286808fc5|8cbb33bc414c32d5f77015bbcf78263268472032410ea0e9fc2f18f84a18c80c,false,7e24b943b80294c72911fe34c77cd8bdd7f9a099f2398e7c66260e99befdbb44,COMPLETE_FROZEN_INPUTS_UNAVAILABLE,NONE,false,false,ADJUSTED|RAW,REQUIRED_INPUT_UNAVAILABLE,2026-05-26,IDFCFIRSTB
false,283d887e5c678c97f7f582ddda2ca7afbfc7ca10c59ae06626ca276ec4ef8293|a0a90ec7e170c660fecac36f097d352185a4f7bd1ee53f1deca693fc49204f8d,false,a629c6bdf6d18a31e4563100ef428f809df6e8ecc401728ba29304fe59759071,COMPLETE_FROZEN_INPUTS_UNAVAILABLE,NONE,false,false,ADJUSTED|RAW,REQUIRED_INPUT_UNAVAILABLE,2026-04-15,JPPOWER
false,2862b5ccb7d53eab753948604b8024817e36f24d534f73be900af3cca84e7f1d|f68296b29b8d6d2a934ef7439fd5cafa2db96931a4166da64d4af813a010f4bb,false,a5e924847d26a27e87272e65d3ccbb19ab26597b40bd62f126f7ea08ff8bff22,COMPLETE_FROZEN_INPUTS_UNAVAILABLE,NONE,false,false,ADJUSTED|RAW,REQUIRED_INPUT_UNAVAILABLE,2026-03-30,LIQUIDCASE
false,28820c7800a6f903eb46f6a9f4fb7e70330f20d1bb82fef428043abcdb8243cf|c826c9e85f04c28b28b620407d98124fac39bc3de2f7233e464483f459ff40e5,false,9628f18925cfecf8cb962429eef945632bc369603e15018d93c48099dbb368f6,COMPLETE_FROZEN_INPUTS_UNAVAILABLE,NONE,false,false,ADJUSTED|RAW,REQUIRED_INPUT_UNAVAILABLE,2026-02-06,ITC
false,288c2ae3ad50a3022bc1ded742bc16bce49d054551a75c6f85ea954173014dc8|6d6ef33ddfbbf5a3f7dc774672fe2114e6268090d9f554e82ac2509ef54f2f71,false,041d2727d5dcf7b5826703c4164b96c5f22ca5d150bc15ab90a12fd664349718,COMPLETE_FROZEN_INPUTS_UNAVAILABLE,NONE,false,false,ADJUSTED|RAW,REQUIRED_INPUT_UNAVAILABLE,2026-03-23,TATSILV
false,28e00f0136862ee995773fb0a5eab06b1e6c933f83db64f07dec1633e59fdecc|91c505c7029b91ed85182543a1f10adcb810e2ac05834b713f6765945c7f6554,false,3b79502882a434218dd328f50c2a79d653321e99251146bdff29f3349736166a,COMPLETE_FROZEN_INPUTS_UNAVAILABLE,NONE,false,false,ADJUSTED|RAW,REQUIRED_INPUT_UNAVAILABLE,2026-03-17,TATSILV
false,29139cd2769848c561eee3294e2e9c7e220d3dd174251ade5052ec537a64a3d4|75f794a851fb50c76d860f8d2ed1a0bf2c4fceb3a5ed8c667275219861c826f8,false,cfa23f2f3cc4d90add1929d1f0b1390b082b4c5df4b5d5d60d00dbc5e7459daa,COMPLETE_FROZEN_INPUTS_UNAVAILABLE,NONE,false,false,ADJUSTED|RAW,REQUIRED_INPUT_UNAVAILABLE,2026-03-17,FILATFASH
false,2920c0cf0f498a62a0fea8ad38a0c7914c76e6d68c0b8d6c76c117845da92457|c9b6e1d8acb4472286c58bf9ac90d4e5bf7a6bb0d117ba764b5fea75f0cacd39,false,fc5efb267b0e7cf4189609473e059439a30cc4ee5b230af3a40d96ebaddccbb8,COMPLETE_FROZEN_INPUTS_UNAVAILABLE,NONE,false,false,ADJUSTED|RAW,REQUIRED_INPUT_UNAVAILABLE,2026-01-16,CANBK
false,298def66b3a4e09526f8f85c6cf81de1a9fc29081a9c293ad9c1425babf3f71a|c9d1e6304a99f9f6126e7702f92b3b8915bdf16638003bf5e4a377bdabb1e5e8,false,3d88091b8aa81af9066829bd318020d332802ad24a2fde778a0f8424cd0a5337,COMPLETE_FROZEN_INPUTS_UNAVAILABLE,NONE,false,false,ADJUSTED|RAW,REQUIRED_INPUT_UNAVAILABLE,2026-07-16,YESBANK
false,29a660ac2fb691115b8eeec342992f3b61e56142adff082df92db035819d1b73|f65fb52687b546d080087861291f4d76380dedcb0330d3af982d7173f610f4e2,false,0fc587f81dce1f3790a849795debaceb990b766fcc1dd745ae5d87898381c25c,COMPLETE_FROZEN_INPUTS_UNAVAILABLE,NONE,false,false,ADJUSTED|RAW,REQUIRED_INPUT_UNAVAILABLE,2026-04-01,JPPOWER
false,29b81cae34ea66b756eb7989d5a994c9049708c61b41b2439c7573c6b7d4271c|2d5094b82e4cc69b7a45794881b9214b3e23d360a5deab0fe79c402def2a5734,false,2531f6a11cb30994c897808c60c9702e21e31bad40fbfd62062699936b332cef,COMPLETE_FROZEN_INPUTS_UNAVAILABLE,NONE,false,false,ADJUSTED|RAW,REQUIRED_INPUT_UNAVAILABLE,2026-03-12,YESBANK
false,29d2c00f862c085b0f97007d4d27f903ef6865454353e42d320129b592bc1a8a|b3013253c58edab82564b5479a524c01bf5f0ffe62af7be7b7def550d94cd5e4,false,ab0ef59aa20ff1bb77b74e37d075f4982174c616892fc38f718a7badf2f955a2,COMPLETE_FROZEN_INPUTS_UNAVAILABLE,NONE,false,false,ADJUSTED|RAW,REQUIRED_INPUT_UNAVAILABLE,2026-04-23,ADANIPOWER
false,29faa138233f2c4df64de51cbeddc439d905f1a230d616cac5b174df42c19570|74c897412ce019253b73525c2c418e813ce2b02033203c5a295f96a8114a622e,false,3a04ed5951f966ec0e0e21c7b0145a0a8a77b23ea3d0ba10db8c0ba54672efad,COMPLETE_FROZEN_INPUTS_UNAVAILABLE,NONE,false,false,ADJUSTED|RAW,REQUIRED_INPUT_UNAVAILABLE,2026-06-08,ZEEL
false,2a0927b21eefcb24f794d67c01bd28a80a9c5cfc14934aa20b11bd99f666ddbb|a20349e237020171b57989818dbef38a84d5e4350b2e7bbebcbd0013bb43c545,false,58cdb4f7171125e7ba1b458786546751e4be8c2cd8de32fcc3b6567d2be34245,COMPLETE_FROZEN_INPUTS_UNAVAILABLE,NONE,false,false,ADJUSTED|RAW,REQUIRED_INPUT_UNAVAILABLE,2026-04-30,ADANIPOWER
false,2a17a96e6bbb5cc00a207b01e9209acbf611ed06f4c331943a8453db2c4eaf5d|ce56be6a2669c79e0a9d5b052346def7d1bca6d7419c8fdd7acbd875d41b685b,false,f950a6c382d3b421a489bbe073a60c91f40449854a70738aa412158223f37090,COMPLETE_FROZEN_INPUTS_UNAVAILABLE,NONE,false,false,ADJUSTED|RAW,REQUIRED_INPUT_UNAVAILABLE,2026-05-14,TATSILV
false,2a49dfa923a1f896e0e00b65a0e7324acbd4b732ef71868f6010aed181bde3d2|ddabb4285efaa07de93e202e880621f0cae8ed3e595d46aac3746f22021ca5d2,false,a5f53c13a627c5004672c4af1c6821136ebec317654ab34ad7ddce1b9fb2774b,COMPLETE_FROZEN_INPUTS_UNAVAILABLE,NONE,false,false,ADJUSTED|RAW,REQUIRED_INPUT_UNAVAILABLE,2026-07-07,PCJEWELLER
false,2a4ef08f80a3d9e62832a8c60d84cd1e4f83bb0ef45d6f714fa45df6e72c2e7c|b0617257c811088a90e3bb998f305f2caef73dfc4b1c6a12a3784df8b37eaefb,false,f033c24edd766fdcbe9e8423ea37cb3a701f2cecd126d625d5a8519f62f45e82,COMPLETE_FROZEN_INPUTS_UNAVAILABLE,NONE,false,false,ADJUSTED|RAW,REQUIRED_INPUT_UNAVAILABLE,2026-03-04,SAGILITY
false,2a709677ace254d1dcff14fbc2eb1a4d902423f21aa4f4078595ed6087f5be51|9b2d063d60297d4658c71e948feaeaa5d3811dd595108eefedbfc774457b1bfc,false,969441519845c676668d3efa8eec20400bdaa49289f551a248c052a121476629,COMPLETE_FROZEN_INPUTS_UNAVAILABLE,NONE,false,false,ADJUSTED|RAW,REQUIRED_INPUT_UNAVAILABLE,2026-03-27,TATSILV
false,2a7f252dbbf1a5671c792093af99b159402c8975dace5fd090d2fa9cfa40dd73|4b547cc16f41eb185ec4a31d64ba47e932c4a88db38e45a3b3608236cbcc2098,false,6d5411e41836fb3278e790035d7def4922f547718fcace921d1f56d22ea5e412,COMPLETE_FROZEN_INPUTS_UNAVAILABLE,NONE,false,false,ADJUSTED|RAW,REQUIRED_INPUT_UNAVAILABLE,2026-03-09,PCJEWELLER
false,2a804bab0dbdf74e21f6b0b2a3a05e2849cbe8a214d7f39782fe8b088494ac45|2eefc2ccf50a6dc21a3ae93d23230132e9d4b1183dcb535273766ff944c6548e,false,8d1ebd0522c9c7591faaa40c7210903d1e6dff43c6a497c2ec2b6a36c86c1e65,COMPLETE_FROZEN_INPUTS_UNAVAILABLE,NONE,false,false,ADJUSTED|RAW,REQUIRED_INPUT_UNAVAILABLE,2026-04-16,LIQUIDCASE
false,2a81aefa4be34bb0e7e828cbbda9264f98b04d2476d8b130e9548fe392a30d40|8d31878eca2294fb3d99dcf77bde4f0c3210288fbb85486bf475256dc73a7f8f,false,754819f4ee254878fc3e1d16b4f7ed52596d8a92591b53992b47d27e26f0f5c1,COMPLETE_FROZEN_INPUTS_UNAVAILABLE,NONE,false,false,ADJUSTED|RAW,REQUIRED_INPUT_UNAVAILABLE,2026-03-16,MRPL
false,2ad97852c0410396df927c4aff6101f2c358d46c2e45d926f6ccfe3fc921b64d|ea5a7671f29e8872cbecc076d5a7ddf3d06f8a33dfc1b62031bce519b5158a97,false,29837fe98e18cae63e6b71e6aed7bf158495dac6e2ff03ff665770c7e8de3250,COMPLETE_FROZEN_INPUTS_UNAVAILABLE,NONE,false,false,ADJUSTED|RAW,REQUIRED_INPUT_UNAVAILABLE,2026-03-06,TATAGOLD
false,2b13ebcab346c2cfa55cc1d2e08ce35a0e833d5874c7a101c8a46350d1ddc147|ee52904ca7ab132bf7339a81ffcc490c6782c7a88aba583e96ce5142c30de9f7,false,f914d1751ac7441e8c6f9ce5c20e1cfd489e52f646faa82164254c4cfd252ec7,COMPLETE_FROZEN_INPUTS_UNAVAILABLE,NONE,false,false,ADJUSTED|RAW,REQUIRED_INPUT_UNAVAILABLE,2026-01-09,GOLDBEES
false,2b14c581143425812a724a0c80b680f849a181b664a5fa1ad0de0ebc59aad73c|abd5656711251735eac4c16e28a5f6d6278bfbfb4dd75124d25c8f7f5962730c,false,a2649472edeba1538996405f75dac2381cde1bf76a603ea84c64c1ea4ca365e6,COMPLETE_FROZEN_INPUTS_UNAVAILABLE,NONE,false,false,ADJUSTED|RAW,REQUIRED_INPUT_UNAVAILABLE,2026-07-15,GROWW
false,2b45459df22175faa7d4d21d8b264f7f2fb696bd96a8436eb471d9e0be153e91|8855ce0ad36e78dc4633b478828d8cbaa86becfa79f73bce657996a29d74affe,false,f707ce88648c5396dc8eb6de07f4c93def96e2ec8e2b0d510d62711a60acab31,COMPLETE_FROZEN_INPUTS_UNAVAILABLE,NONE,false,false,ADJUSTED|RAW,REQUIRED_INPUT_UNAVAILABLE,2026-07-01,RPOWER
false,2b46b4f57e8b38dd4fc8540669898cee3ec25a4a5a475f39b4f58c8730986f35|cd554c7ae3f50abd4c84e92459a602cf6e7feee61fe852e3e8163b93b39b258a,false,8d3421be3d6e60c13daf4454fa5682b810362d426fb33134cc708272c5969daa,COMPLETE_FROZEN_INPUTS_UNAVAILABLE,NONE,false,false,ADJUSTED|RAW,REQUIRED_INPUT_UNAVAILABLE,2026-01-20,GOLDBEES
false,2ba0c1eb2936145aea5d0c5bfcb1be2216b5e828e4315ebaaf51e3abac972ad5|f2c7629090857141736722f2bfa1c3d833159843d51501b3982b2d98fdae97db,false,dc6327c370b459da80d5e6770516ca9d7640e572946c9ef51c9c6d2c41d5cc14,COMPLETE_FROZEN_INPUTS_UNAVAILABLE,NONE,false,false,ADJUSTED|RAW,REQUIRED_INPUT_UNAVAILABLE,2026-01-01,FILATFASH
false,2bb79e2a61a8e4f72697e9c89ace6ab441e00c653d89f41e3db565767d9b271d|920bcf0ee7878ee8042b017c8b000dfe8d0b54f0d44499cd7cfc8bf214930328,false,c54f4e25395bf0bc4eb6c4daa1c3d7ed736d25fbc0aa6e0b0e9dbc2ac5b96033,COMPLETE_FROZEN_INPUTS_UNAVAILABLE,NONE,false,false,ADJUSTED|RAW,REQUIRED_INPUT_UNAVAILABLE,2026-02-13,TATSILV
false,2bcf32f45289ec8636dcc4562a39e8a3f3ea9648d4e7ae807703e189f815c324|d5af16c27c2336984ccb821749c84b9fa6f74f5f991e662520f67dde6b641c6e,false,ac281d2c2e3fec1c1b3dcd284b3ad267605da5a574dba2a7a3a69c7d040bf87a,COMPLETE_FROZEN_INPUTS_UNAVAILABLE,NONE,false,false,ADJUSTED|RAW,REQUIRED_INPUT_UNAVAILABLE,2026-04-17,JPPOWER
false,2bfa6e1fb3167e120c6cdbda60e1f4acf7ebd50b00c7a4913dd784cbd2d206fa|9a69645c14aad5d1059746f09e55bb11c0b1c60ac4fe5c3a0f6206341ca64fac,false,6f660b91872f584a0992c2d6ce70c512f15df6b43ef9e6d074abf88419853dfc,COMPLETE_FROZEN_INPUTS_UNAVAILABLE,NONE,false,false,ADJUSTED|RAW,REQUIRED_INPUT_UNAVAILABLE,2026-07-16,JPPOWER
false,2c11af07f3e8d46839f6b1d2de2818b28f2498ff4035957afc33caf1a82a3961|6f3911616b67fdd4ac0418a216bd682d007feb2da5ada409fa32e9bab9e1bdd7,false,e66a0deda24824695e932196a3e2d437846a27f3cef3e7d7d35df938cef65352,COMPLETE_FROZEN_INPUTS_UNAVAILABLE,NONE,false,false,ADJUSTED|RAW,REQUIRED_INPUT_UNAVAILABLE,2026-05-18,TATSILV
false,2c5fb79de8f90faa73135be6d2681de8ffe87bb9cbc93b74ea117ca0afc5da40|62ebc997f906eafaa0a37f0f45e7fe7c613e0430e4ea963df19eb00539ed5433,false,93f3d5babdb66dc1b36260007af8a87918b641535340dbf36585f16c1a96ccf2,COMPLETE_FROZEN_INPUTS_UNAVAILABLE,NONE,false,false,ADJUSTED|RAW,REQUIRED_INPUT_UNAVAILABLE,2026-02-27,BLKASHYAP
false,2c6e6b4b2c77497416ac11c594b6dcbe655f985f98f7882bb072a98706eef064|43c224dbe323c61a846b268c5b6dcaeb28ab03b63965da00d6eb1abc87654257,false,eec1c3e1fff9a635b96033ccaa171b99d3404d7c99da2e0cdaa9e5c414688c6d,COMPLETE_FROZEN_INPUTS_UNAVAILABLE,NONE,false,false,ADJUSTED|RAW,REQUIRED_INPUT_UNAVAILABLE,2026-03-23,TATAGOLD
false,2c8472606e87653c06340a661e59f3b1b3101d1216eecb30b57fc83b31799247|e7719ee378443d4c54ef3de34ee0c832eb32a084a7de26b6c6e14eea46c1320c,false,b09d2e7c4e19ab6ba27fbe63b67308dd275e2484eb8bf706d011ba1117f6fee7,COMPLETE_FROZEN_INPUTS_UNAVAILABLE,NONE,false,false,ADJUSTED|RAW,REQUIRED_INPUT_UNAVAILABLE,2026-04-09,PRUDMOULI
false,2ca41b2841ff2c0be3066280749f9a688880e7987883d8f268a7f5d08e586f62|f244012a084303ea103fba7b03923a27f40039b0daa486acc5402cf7e5319b47,false,f1104160e4bf043c6884ae6c487475ce5d2fbf36be2f4210814385c34fd657cd,COMPLETE_FROZEN_INPUTS_UNAVAILABLE,NONE,false,false,ADJUSTED|RAW,REQUIRED_INPUT_UNAVAILABLE,2026-07-14,YESBANK
false,2ca794762baba8c28b1878507ca70522fb2d79ce100f322c47f75a1f543d9787|a17bc888f8f896438d966df8c674015f7997237ccf57f6e2e31beeb2188795a3,false,9d0594e4c3e750e6e240cbf3c65348e69be4ae57421df9c227c03a98c8922dfc,COMPLETE_FROZEN_INPUTS_UNAVAILABLE,NONE,false,false,ADJUSTED|RAW,REQUIRED_INPUT_UNAVAILABLE,2026-04-28,NMDC
false,2cb0da739953ed36bd3cba36e87eff94149187b9f32284de4834cd2e14e60a48|da4381892140fdca4bcbf588c39ec7bb56309915dbc5e0307bbb5f9f1d40f14f,false,18a2e6edb288137890e27109222519837aef182eb103fda67a4c5b9923453e70,COMPLETE_FROZEN_INPUTS_UNAVAILABLE,NONE,false,false,ADJUSTED|RAW,REQUIRED_INPUT_UNAVAILABLE,2026-04-23,RPOWER
false,2cc330060c585a7931eeb05025554ff3a89747d700701b42980c757b883eb571|46e73a4fe2c4ca8bc2e5b2e371df30688524930e269026dc15a00f291df9e211,false,c1f6e686ae8ae66d0455e3f0d68cc2c39c279c69d3231543dbe183fa82f2eadc,COMPLETE_FROZEN_INPUTS_UNAVAILABLE,NONE,false,false,ADJUSTED|RAW,REQUIRED_INPUT_UNAVAILABLE,2026-04-29,TATSILV
false,2cf84be0c1d1bb07f9a791c2f2e17cb3c42686f36811276d579613c88fcdc91c|4cbeb8489230bf57675245d8db7fb51e18aa3baec60894622e34ebe439ec0edc,false,d300d313987a7329f361bcee6a84de966d73d8a13de3b3a57e94bb2c1842a564,COMPLETE_FROZEN_INPUTS_UNAVAILABLE,NONE,false,false,ADJUSTED|RAW,REQUIRED_INPUT_UNAVAILABLE,2026-06-08,TATAGOLD
false,2d02e199b1a7dffbcf0db8fa470a311d9c954dc38d63bdefcef662accfac6187|c2940bf4cd320ef9889ff1e999e3eb2c2d1804ba755837f39437058284f5201b,false,3f6a2b669e22fafd96585ca05c6e4a20504ec7f74f73150dfcbb2f41d988205c,COMPLETE_FROZEN_INPUTS_UNAVAILABLE,NONE,false,false,ADJUSTED|RAW,REQUIRED_INPUT_UNAVAILABLE,2026-02-17,TATSILV
false,2d054117465695781b6cf4bb1a7166a8fa7494e0250a15801cb33c914f5fcf5c|72b497a1d0b35ae2371ec091704c340da0e04b614772d92b7c3a84565838396e,false,441ba96c014a300f748d90ec6edbe2d6484ceb6f93d3081bb4a734ad2afd9fae,COMPLETE_FROZEN_INPUTS_UNAVAILABLE,NONE,false,false,ADJUSTED|RAW,REQUIRED_INPUT_UNAVAILABLE,2026-02-11,TATSILV
false,2d0dc7e9b14259a4aae9cd17e6ca4c8cced7d11b8346773050b64d766fc9374d|bde26133ebfad98319ce75abc4d06708f840a69e574fc58bee1d73a4259ab0e5,false,18f0ccfca55af66f4d0ee8b2f31e8f3a95d2ff639583bdd83fc1f8ee05cb82d0,COMPLETE_FROZEN_INPUTS_UNAVAILABLE,NONE,false,false,ADJUSTED|RAW,REQUIRED_INPUT_UNAVAILABLE,2026-07-02,DELTACORP
false,2d57aaa27bf2c385d1c6708989ff500445904f03ea4fec1053b902a5c8fc2f9e|d8c34a6da09d1dda0a46154601931241ffff02961e4e76f3686091601c63a510,false,1e3b1899d690196e1b8106a7794ecb9360753dac70d5718ff050b54cd77fa46f,COMPLETE_FROZEN_INPUTS_UNAVAILABLE,NONE,false,false,ADJUSTED|RAW,REQUIRED_INPUT_UNAVAILABLE,2026-02-13,PWL
false,2d960f3b3af5390037fbbf6ed04805af8a36ccea9505aaca00aea1d368877dd2|c9f5b4f3b82b19f3f71e397ee4d19a4eae4c9455a3511b5eec1f38517d5e4c9b,false,afcdcacaa6cb9559ad10c5a745ac1c4336368fd8b183629d41802070b6595a0f,COMPLETE_FROZEN_INPUTS_UNAVAILABLE,NONE,false,false,ADJUSTED|RAW,REQUIRED_INPUT_UNAVAILABLE,2026-02-26,RGL
false,2da0d390a9b83f85962bd717c9a6dad4d2e7628ef8dfd33eb06dc3fb0e7f029b|848201f4efb5fc3f56e4c4d206645b41756bafb1cb757f8e770350e303688b43,false,f423e34ff71153b5120798c40f91e8f36c855eb767770c1a464f8c33b4e7971d,COMPLETE_FROZEN_INPUTS_UNAVAILABLE,NONE,false,false,ADJUSTED|RAW,REQUIRED_INPUT_UNAVAILABLE,2026-06-12,MOTISONS
false,2e0ecebf3bc455c2207b234da522b2705e8bac66550e99a435d46ac298c17e12|57532fcfe31bf9971069a2f53dfa5d124355892cdaac45da8b42e0f294673fe2,false,ed3b0be605f00826d61068f1dd42ccf84cb5bdb26712d982bf3b9cdbea23f646,COMPLETE_FROZEN_INPUTS_UNAVAILABLE,NONE,false,false,ADJUSTED|RAW,REQUIRED_INPUT_UNAVAILABLE,2026-05-08,TATAGOLD
false,2e8fe0dc03285aa1968024559fe69beaa2d5024c7e5bd7b6edb757eea8495244|71f210a052a8bb43f1993072b399b0702d7eb816c9fe53c597b5c906acfe6fbf,false,ad279d1e1d144a76a3e96ffd303c7d6ccef76ce71bc32ca71c04e684741da494,COMPLETE_FROZEN_INPUTS_UNAVAILABLE,NONE,false,false,ADJUSTED|RAW,REQUIRED_INPUT_UNAVAILABLE,2026-06-18,IFCI
false,2eac8414f9445ee6919d08736f69fbc10bd9aef74522f8199e6ef1a3dd069b64|a861fd04170688b7f7268f1b07d1d52a8a522d2dfc30dfffadfb7fa8bf17204b,false,54b4ec6ff428b85b42091679be7948b91af4b25f3cc756f2f47f8a44665b85a9,COMPLETE_FROZEN_INPUTS_UNAVAILABLE,NONE,false,false,ADJUSTED|RAW,REQUIRED_INPUT_UNAVAILABLE,2026-06-01,REDINGTON
false,2ebf5b7ce5f9658a196999bc4e8378751f3d0456ad2fb09aab03497844e2e79a|4e164742151ce79c6cf1312515adf1a6bca92e51047435ee887ccdc6634ace86,false,af4f641e3b4feb2824b2ad0059d6d08988a2f3dee432b8d5e5e9f2ee2afba901,COMPLETE_FROZEN_INPUTS_UNAVAILABLE,NONE,false,false,ADJUSTED|RAW,REQUIRED_INPUT_UNAVAILABLE,2026-03-02,BEL
false,2ec4867d61dba23f4c26a82b2ec910c2dff4860919ea371f4f13f922bdba76eb|98458e859a92d20e5b0eff11c4825ce3a90f7f3483bec56c7ae54bc7cc90d95c,false,c730338e097ad8f616e029afee71194a12873254b5cab7cc6324eecf534c8af4,COMPLETE_FROZEN_INPUTS_UNAVAILABLE,NONE,false,false,ADJUSTED|RAW,REQUIRED_INPUT_UNAVAILABLE,2026-03-18,JPPOWER
false,2ee3d55cc27500500d176cc3f8d82812bf4f82d96bbf0b7c416e9615836928c7|aa287dd6ca8776a16cb014d7768a65a8d1961d67c32b8e49f1b93cb50cba740b,false,7e71e82a5f7b702aa231caf2a0517b7220983cf9f48161034b8b16a8d92f59c6,COMPLETE_FROZEN_INPUTS_UNAVAILABLE,NONE,false,false,ADJUSTED|RAW,REQUIRED_INPUT_UNAVAILABLE,2026-07-02,GHCLTEXTIL
false,2ef89ca658e7a3f6aa28b81d67f518dd637dd1c98d9b062c7575f5d794729fa3|f8df7de61da80059c4cc5991ab2fa9fff0975fe9a2235b42bc19796e4852e321,false,ff25f30d89cfbe03d6add50a74e1e147ad0aa153b6bbf9920e92df8ef0392ed3,COMPLETE_FROZEN_INPUTS_UNAVAILABLE,NONE,false,false,ADJUSTED|RAW,REQUIRED_INPUT_UNAVAILABLE,2026-03-19,JPPOWER
false,2f1c10b35040632efe846cf37f8f9bad699486c5cb71fb215025caaaec1b83f4|ec833d50ed80b4fc213575726839d9fbfad40d4e862e60ef7e1409ad85d6a4b6,false,1c84cfe73684d23835aee6e0f601c64de7698decab47fa48cb9215ee84ccd68f,COMPLETE_FROZEN_INPUTS_UNAVAILABLE,NONE,false,false,ADJUSTED|RAW,REQUIRED_INPUT_UNAVAILABLE,2026-07-17,TATSILV
false,2f2970ec71e4615b47b39dbb4c469dc934e9deff1c8fa741d317a5faf73f5735|f6bc1920dad37b4f078e23d4d3e0d8bf34864c51afaf3670f68263730b195115,false,99f605ebd8ed4d01b0df1995e065329876a3b85f02e629a68f35a1ff73f209f3,COMPLETE_FROZEN_INPUTS_UNAVAILABLE,NONE,false,false,ADJUSTED|RAW,REQUIRED_INPUT_UNAVAILABLE,2026-06-01,JPPOWER
false,2f4e651fb683947be0ee46c1fac6ff14f9ae430830477a5f6fb9c346a10c8605|9c225ea5a7e3f49c73befc54ccaf9053b231fc8279d7c3420ad519ea6351715c,false,4040f185429a35f401408db71584e5dfb6ee4caa1082c0dd2434e5ff883c3ef0,COMPLETE_FROZEN_INPUTS_UNAVAILABLE,NONE,false,false,ADJUSTED|RAW,REQUIRED_INPUT_UNAVAILABLE,2026-02-06,SILVERBEES
false,2f77f614a2f21c8fad20287a45a5acd5968e970c58a4c096e8d6d9093c37bbd5|da3254fb4f6d39705cf2c8f2a3805a924efbb65b9d2e4a7b33a9ea388df8bf4f,false,193521463ce996c1a5d2a86d583bf3cabe52f84aed202ce0407b6f12da9bd21b,COMPLETE_FROZEN_INPUTS_UNAVAILABLE,NONE,false,false,ADJUSTED|RAW,REQUIRED_INPUT_UNAVAILABLE,2026-07-15,AEGISLOG
false,2facd811ba4a44ebba1a349d7ac5fa3cf78396cea372a23ca76367a454d8ca44|c9cbaa4a97549338369e09612152fd99c83383b6da14d4de4af69d35a49894f6,false,5e4d7031e27ae53e044cde1e511175fb7b5557499205d849a2f382ffec8dd220,COMPLETE_FROZEN_INPUTS_UNAVAILABLE,NONE,false,false,ADJUSTED|RAW,REQUIRED_INPUT_UNAVAILABLE,2026-03-19,TATSILV
false,2fb3bd4aae1b6c1b3335385200cd0daa05c8109d277bedd527230d7a1a01df2e|cc96711c8a205fb9ca7734d888ab3ccc4170b0bc71f4dc6bfde67489fc7cfbe7,false,b1f918730585b0f14d609f693140021a2023363360dc17573de63cc72d70cb92,COMPLETE_FROZEN_INPUTS_UNAVAILABLE,NONE,false,false,ADJUSTED|RAW,REQUIRED_INPUT_UNAVAILABLE,2026-01-01,GOLDBEES
false,2fb8bf51e25214b99e03b658c613cbee9d3a2a345b3fa50fa6b5e654a504e520|a6c57d338d24bf6b41f420b14a4744b4b56c39999b26a80fc279865f124d5f26,false,36dcac1c9508a88a111bf5f1360d5edec74f08b1e9d6c114b66a94b40be668b1,COMPLETE_FROZEN_INPUTS_UNAVAILABLE,NONE,false,false,ADJUSTED|RAW,REQUIRED_INPUT_UNAVAILABLE,2026-02-23,SONAMLTD
false,2fc017d52a4f5603df4e0a9ceb8e2116d1925cc5675b1930f65837f4e3609403|bcd439684a2b6fcd6bfc14d8f2a0e4d8561cc957f78a002ca666481565e12c83,false,783ce389b97f2aeb73203a3bcbdd823f5f003fe77be9c59e4bb981e6b9b6b4b0,COMPLETE_FROZEN_INPUTS_UNAVAILABLE,NONE,false,false,ADJUSTED|RAW,REQUIRED_INPUT_UNAVAILABLE,2026-05-08,SILVERBEES
false,2fd96146a5ee41926c1d4ea2dc0b854b37711f26fc9cfd71fc134c1ff6fd89f3|4022b61e3095de082a3d8bb0a15322e516f5f44bcc1de6ec4c500a28bbecb6a6,false,c3a91dea63e3f42b64e45de4adebc9d3312fd641b17c5ba1f7d9702e920d5603,COMPLETE_FROZEN_INPUTS_UNAVAILABLE,NONE,false,false,ADJUSTED|RAW,REQUIRED_INPUT_UNAVAILABLE,2026-02-25,OLAELEC
false,2fdd7bd01d71200db87f5b765ffe70fb200ba50d2f98379526ec53143310118e|33fd3b6ff096a771822541ba817a774c3c4f2b7424c8e1693d49ebfd412b655b,false,f43e721b64306ea1b5e1e8cbd3c4f69fbc7344e6eb3f6bfab5c7551dbe0c6570,COMPLETE_FROZEN_INPUTS_UNAVAILABLE,NONE,false,false,ADJUSTED|RAW,REQUIRED_INPUT_UNAVAILABLE,2026-07-01,OLAELEC
false,2ff06391e55834477239faff1d48377fc47cf1e8fc0a7f126618c90632250a18|6a781c1f98f3dc3238a15bd2689b23a2df98a5b10a858ff0335d71dce8475795,false,63a40fabb0880a739c5cfa8db8550266f5aa803a2c2d0fdf3626c27a13783053,COMPLETE_FROZEN_INPUTS_UNAVAILABLE,NONE,false,false,ADJUSTED|RAW,REQUIRED_INPUT_UNAVAILABLE,2026-02-11,GROWW
false,3003346c8b9bb281bb8661b9350547e5dc5fd120a6e2cfa7143c36d221993cbd|a264ca8ee9f0e7400c9a1746168305cdcccf3c2a6a8d97652234ccb68e54bfe1,false,a2e99bc7ac32179a7ca64d79c0d9eb76062ab3a58e6ba12b552dcc2259c71dae,COMPLETE_FROZEN_INPUTS_UNAVAILABLE,NONE,false,false,ADJUSTED|RAW,REQUIRED_INPUT_UNAVAILABLE,2026-02-10,SILVERBEES
false,30043961dfac1d09fe84330485bcedf3dc727e6f6f6e5b18a1647255416987b8|4efbc8821f5ba65b3529c6976a184b99dea654f2c5969a6b7d2258411283e7a7,false,7a413e640dab374202a133762a8f7e2ed031d698ddec8c3ae16773c73b8b11e2,COMPLETE_FROZEN_INPUTS_UNAVAILABLE,NONE,false,false,ADJUSTED|RAW,REQUIRED_INPUT_UNAVAILABLE,2026-04-07,SILVERBEES
false,3036aa8e0d31b613e28f1f274cb31e73f39f503fd99786d15aa83ab468b578da|6e4424a47e03559e9e1cfbca7299284bae0c3dfc74d0266deab1d5008c44494f,false,5b9f64e1e796514ae8ec58c85c8d2197408b72695183674b3efa32b8ccd18789,COMPLETE_FROZEN_INPUTS_UNAVAILABLE,NONE,false,false,ADJUSTED|RAW,REQUIRED_INPUT_UNAVAILABLE,2026-02-12,TATSILV
false,3039aa06f200832aa38ee831cb23b4947a37ce0bb4477eb0e5cd8f493ab80539|be3b7ad5e6587c4bd20defc7e801cf8eb077f7908d57b411eca348d37aacbd4c,false,ca3355d74ebb69f1a95d02bf8480b2b8f5ece715e5ab79392a08d06c7ccf2942,COMPLETE_FROZEN_INPUTS_UNAVAILABLE,NONE,false,false,ADJUSTED|RAW,REQUIRED_INPUT_UNAVAILABLE,2026-04-06,ADANIPOWER
false,30459dd6b69e71fd64e235919f74bd2c184d90d27af016b489055f8858629162|49165e2126b2a10712dc0aefae37c447ecb8702a65b94237c4fea9d716352329,false,7dee05d8790178424d4189429cc8121ea322cf236e0bafa0ae610b5a2da75317,COMPLETE_FROZEN_INPUTS_UNAVAILABLE,NONE,false,false,ADJUSTED|RAW,REQUIRED_INPUT_UNAVAILABLE,2026-03-10,IDFCFIRSTB
false,3079f930c440ac5e6356218d73382f0ac9069a0815cd204f77cea52a80873edd|a6a5dbde07138ff9abec6e668ad1eb403e582e7f6d5eae9ea46b0aa489db3b12,false,f3397c9badb13dc1bb79186cf782f696f739b58460681a8d90c0be4531c91efa,COMPLETE_FROZEN_INPUTS_UNAVAILABLE,NONE,false,false,ADJUSTED|RAW,REQUIRED_INPUT_UNAVAILABLE,2026-07-07,ETERNAL
false,307fb0e4cd8f639b7fc789640e06112559b89c8d1179bf0974ba2a0d13aa0c85|a1e9fb58e9da6b7983d9fd3b8fa1d4065ac04f0bbe693ca496e07dbb147c5853,false,07b81fb7b7c90c4ed12dbced31d470149fc1f0dd3b60677d122c642aef389929,COMPLETE_FROZEN_INPUTS_UNAVAILABLE,NONE,false,false,ADJUSTED|RAW,REQUIRED_INPUT_UNAVAILABLE,2026-02-16,ITC
false,308d5b01f9a42308c1ad816ad1f90a53676aaa4529d654f0ccd65ff707c9b31a|98fdd49049e93b3b1cc20f296560e78214eed7f9084808a75678697c30c08b1b,false,3262a7535259d3350621263e604348c61f05989f55d0808d24020de5e25fe0e7,COMPLETE_FROZEN_INPUTS_UNAVAILABLE,NONE,false,false,ADJUSTED|RAW,REQUIRED_INPUT_UNAVAILABLE,2026-07-08,SHAREINDIA
false,3094f0725a8fc022c590ca59367a374ca65f16e565d9f6cba53129f5ef19cf39|3eaa8154b3383efdb9d551396d740927fdff0fa9c90cb0da4bafd629a6263351,false,2671b89fbdc2625d0b8ef70aec6429e769f7c0f0d9951a93f444d131f74d1055,COMPLETE_FROZEN_INPUTS_UNAVAILABLE,NONE,false,false,ADJUSTED|RAW,REQUIRED_INPUT_UNAVAILABLE,2026-03-19,HDFCBANK
false,309de75778da76648f668c042b31aa6cd6063da55d2365f506d594acd2d623de|bf48d71c77c557cb8e1bb5544087ecadc70a7db583665097223b284f5d2dc5fe,false,c1807c4c801bd99a720cda70c9733a8b5d6f930d343d82a29d725ef65e1176ba,COMPLETE_FROZEN_INPUTS_UNAVAILABLE,NONE,false,false,ADJUSTED|RAW,REQUIRED_INPUT_UNAVAILABLE,2026-05-18,JPPOWER
false,30bf71de6b6ee1c3ed114ee8f696e8ec5744db3040038a014eb7aecf4421cce2|9bf4f272bd4ca358972668987584859e3011dd020fcee7eaf3ade15bffc2907b,false,b388d44c66f9e04b888d3ce5b7c99ab31b4b226fae7a0f36b3dbd39566d9cfda,COMPLETE_FROZEN_INPUTS_UNAVAILABLE,NONE,false,false,ADJUSTED|RAW,REQUIRED_INPUT_UNAVAILABLE,2026-02-03,GOLDBEES
false,30dd2b572a236c06a6e9999f0dec75227c93a50f43842f9f29bace8016d38802|e9daa3bc858e909e83fa8d1756910aab6ad9ef4862fa7a7ee7f2b0e90e834d00,false,058fae9d7fa665dedeebc8c0c226774df3346889220eb272a9705726aa98337d,COMPLETE_FROZEN_INPUTS_UNAVAILABLE,NONE,false,false,ADJUSTED|RAW,REQUIRED_INPUT_UNAVAILABLE,2026-03-16,FILATFASH
false,31564ffa1da36bd8a1ef80b832d7e5dbb4c3a6db037a3a0abe3d727b88dc7659|c07d53c42c76c57c53be90e4dc71c53f994f9a7c8db4d42b7ca1097db50f0fdb,false,7b928b61d02e55f5e26f6c6319a72a2dec6dfbf7b45345a410782718815eb1b3,COMPLETE_FROZEN_INPUTS_UNAVAILABLE,NONE,false,false,ADJUSTED|RAW,REQUIRED_INPUT_UNAVAILABLE,2026-01-08,IDFCFIRSTB
false,3159e7493e728ac533fad16a02ac4a264b7bff73e26e5b3a21ac490a56d904aa|5d339baf4b8a87ed088a46bac526679ad4c5c0a83a12839f3183223458831f61,false,4040d80d00a07bcd15293695307bfaa9111b454d33d24fedd9c60361b7128939,COMPLETE_FROZEN_INPUTS_UNAVAILABLE,NONE,false,false,ADJUSTED|RAW,REQUIRED_INPUT_UNAVAILABLE,2026-04-06,YESBANK
false,3177d926b16ebe8194fb8685f761957d76d9812559ff3396af85ae3cfad6ba72|8d007b78f3b8d49c4d23b84d85305f37694b68ebc8653e4a067153168de9aaed,false,2d65e3e9488d753c608c676db716dda8e2c5780b3ac1851c0eb908f3dd55f6ff,COMPLETE_FROZEN_INPUTS_UNAVAILABLE,NONE,false,false,ADJUSTED|RAW,REQUIRED_INPUT_UNAVAILABLE,2026-06-25,LIQUIDCASE
false,318ef0560b2d9527d8cf11070d1feddfc889e541399ad61dd6df0e589d0b10a2|f7dd10ff73db30ae772a52de2eba25cdf514fc355074a86f5146bdf92fa878c5,false,a7b5a2f550263c7a534aa426ee829f7616db29d249fcb4db1a14baa7b1438b37,COMPLETE_FROZEN_INPUTS_UNAVAILABLE,NONE,false,false,ADJUSTED|RAW,REQUIRED_INPUT_UNAVAILABLE,2026-06-04,WIPRO
false,31ab746d065bb0e92e3457b9bd8ee3d76932006aaf32f4b1d58817974f9fc3f7|9c2485aeb371413482ced8d6a12bc51b6f7e4a5a5a24ffa9e6c7cf37d13173df,false,b56374c20cfaa39acb45690b2db09f44577e3290d77ce1c8439cc866b0fa0a12,COMPLETE_FROZEN_INPUTS_UNAVAILABLE,NONE,false,false,ADJUSTED|RAW,REQUIRED_INPUT_UNAVAILABLE,2026-01-05,UJJIVANSFB
false,31ae892373cc8ea2cd34488b337d6b90ee4073302ae3cb91d991e9ae132e1c1b|a91fb546eca97ce4bbf035dfc1a286a1b60b81ac4898ba99a169305557acbdfd,false,12c194deeabbbbb4c811a2970505b76a630942730d2aae2e9a9c9016969a5633,COMPLETE_FROZEN_INPUTS_UNAVAILABLE,NONE,false,false,ADJUSTED|RAW,REQUIRED_INPUT_UNAVAILABLE,2026-06-09,TATASTEEL
false,31c9c61b8bffe585fd81aa5ab2d2cda7543f929c85ad22dffe7926e7a6afe90c|c570a8fd084196a490eab43f4f7d44315e28e2323306244e0744ef5969a95f19,false,1e47993f9f49f5784630480e18d8cc19956a902252fd1b0860866ff556fb5db8,COMPLETE_FROZEN_INPUTS_UNAVAILABLE,NONE,false,false,ADJUSTED|RAW,REQUIRED_INPUT_UNAVAILABLE,2026-04-24,VIDYAWIRES
false,31cdbecaa5fb0ed101136b10fb740df7b88b555c67b334511acd643da584417a|685f7fcba02e0572497c1d0588a61581f96b56507093ac6432863eccf6e0c646,false,f25c502d3cfc8378ce733f06073b50dee37cabcdfb46af44831ba7187ee2ba16,COMPLETE_FROZEN_INPUTS_UNAVAILABLE,NONE,false,false,ADJUSTED|RAW,REQUIRED_INPUT_UNAVAILABLE,2026-04-23,JIOFIN
false,31ce778cf6372b9a286a64e262981b1c7a532ebd1c6893e81fb78b684f2663d4|cea0d1b22e6e6afa644c7bee422aada739be08863fed031a8938a12c8121b535,false,cf991560ff710f6de741c53f576892b9f2388ffebb583a7ac9832bacdd276cc7,COMPLETE_FROZEN_INPUTS_UNAVAILABLE,NONE,false,false,ADJUSTED|RAW,REQUIRED_INPUT_UNAVAILABLE,2026-01-30,OLAELEC
false,31e8c9bc776fc3a60d0f4f598859274ae192c9036af322e2f1d3d72144da36b2|d7edcc2527ad08c90d7cf7a1f06ec73ddb11523376bf7ae6c1fc972f306c997e,false,be576dec9c3dc64b552b7faf4083b5a6e377818462b4fe2a3d5b923374285ec3,COMPLETE_FROZEN_INPUTS_UNAVAILABLE,NONE,false,false,ADJUSTED|RAW,REQUIRED_INPUT_UNAVAILABLE,2026-01-08,HDFCBANK
false,322a7b9c853a811af5c16a5c03d2effdf76dd4cb4944f231da7bc7008cb92eba|a904cdee0402980efd1c3a81fc310ba8cc5338c002f25b21b9ce2f6f6efe1168,false,015725f7bde06344c7e2ad8d63039f38d3a169339d90cb4d4f8627770986a60f,COMPLETE_FROZEN_INPUTS_UNAVAILABLE,NONE,false,false,ADJUSTED|RAW,REQUIRED_INPUT_UNAVAILABLE,2026-05-06,HFCL
false,322fb4c035cf468be0357acb8596a604aea21e53d3f495f222aca2f43de7a49f|924fa8c7292c0836454e348457631799876830d9be3d02e6d55f2645300f530d,false,37ac24161463a08ef5388b2a364b1260a0bb1ee0f8c36dbe3f9b4e473bca9724,COMPLETE_FROZEN_INPUTS_UNAVAILABLE,NONE,false,false,ADJUSTED|RAW,REQUIRED_INPUT_UNAVAILABLE,2026-04-22,IREDA
false,3239e5443e87b9377871c1a61d975197a119940295cd51543a83207e73174261|860e7900913bd6ce9014f6bf6af1bb54af07cbdb571aa2e97e7099ddb1c76f43,false,63bed52d02185ee00fa30414ed84b354d5673b29591fd28a4b600d147e1972f2,COMPLETE_FROZEN_INPUTS_UNAVAILABLE,NONE,false,false,ADJUSTED|RAW,REQUIRED_INPUT_UNAVAILABLE,2026-01-30,YUKEN
false,32881ed5c630903481c1af195e677c74183ef604e40e9c7afac251772024bdc7|b77865de16e263c8ba0a5a8370a09c84ef83298176717379076dd25363faa66e,false,416acef9c33f52f47849d3588819cb91b4146e68292e5fdc7af18a8ed8561e84,COMPLETE_FROZEN_INPUTS_UNAVAILABLE,NONE,false,false,ADJUSTED|RAW,REQUIRED_INPUT_UNAVAILABLE,2026-05-20,TATSILV
false,32890094ffd05d9eb624ece1d8c77a22cd672e7760060dde75ff106d28a13e86|9f6eb97292d09f92a24bda755a7f1cb197546a97aacf460af8b332810951a5a7,false,a835eb581577ad46b0f250fb46475b423c7a320ed42b17f2d24794c79a31311d,COMPLETE_FROZEN_INPUTS_UNAVAILABLE,NONE,false,false,ADJUSTED|RAW,REQUIRED_INPUT_UNAVAILABLE,2026-03-13,TATSILV
false,32ad80811bb33f600ddaef5e1774975c2b3a5c491b7cb6c74fb2dfa22529bdf6|e2d3a9289f9afd0039965910ed8c0cf1afab69748b92c6547976412568a48e11,false,124096d547013062c89e90c70b43fab419c46c9ec7b8b27bcb970e8f48481c6c,COMPLETE_FROZEN_INPUTS_UNAVAILABLE,NONE,false,false,ADJUSTED|RAW,REQUIRED_INPUT_UNAVAILABLE,2026-04-15,HDFCBANK
false,32b9960fd578aa8370dd1766103e2781a651b4604ce217b18f1e4543f14d8892|a782c8390be8a1cf7e6a49ea0677f6b9bbfeab877efd67c37ae463421715d91f,false,2f87f4957d2e3c20c62efb1ecac9ebd878076dc14b58e2e961986264b41f2bf5,COMPLETE_FROZEN_INPUTS_UNAVAILABLE,NONE,false,false,ADJUSTED|RAW,REQUIRED_INPUT_UNAVAILABLE,2026-01-06,OLAELEC
false,3303b2b4fb876459f8c3ed5f107d5674657c33ed1dc380013e45620e87e0cafa|7431c5f5f54c25ebe11e258dca5c3a0ac61657fda8b25e0c955acff04b9f4ad1,false,485766b4b03c0f23a6a679ef1d2acd4f78138148c9dce9c2a01fc4e57f424145,COMPLETE_FROZEN_INPUTS_UNAVAILABLE,NONE,false,false,ADJUSTED|RAW,REQUIRED_INPUT_UNAVAILABLE,2026-04-23,DELTACORP
false,33207c34819601250fea09fe34b7d99fec6bc9ba2cda7341f2b6fe0bcacf63a4|4905f193ccc9850f129bc9938ef08aba1849bef39a90a24965f0b0ec37fc61cb,false,b3dcf75b867af221821d05c24300d1e1af38e0bd80d767f883abd3998ae3f188,COMPLETE_FROZEN_INPUTS_UNAVAILABLE,NONE,false,false,ADJUSTED|RAW,REQUIRED_INPUT_UNAVAILABLE,2026-04-20,ZEEL
false,334df662a07a2fa3716c58dc5a8da55850d934744977c72fe8ad780efb195867|d876e9eb581cea41d7e7999387bfd03f448cb5032e3b150723885aad7fef6d97,false,c8d6a7d535268fab9ad617c576bbdecc6656c01b7f1e2536124875e0bf225286,COMPLETE_FROZEN_INPUTS_UNAVAILABLE,NONE,false,false,ADJUSTED|RAW,REQUIRED_INPUT_UNAVAILABLE,2026-05-12,TATAGOLD
false,334f0eba159adb7d749f931ffcf286906ecb3131e22e783e53324bb6e1b2056d|6f29d01fe65bf3e16918cdccf432a69140dc10723540c88229ca00c2021de6b1,false,b8da826d5c2e53dcd07a64c7f03c2754b85ef4f10ff8be00acad7bb8775c048f,COMPLETE_FROZEN_INPUTS_UNAVAILABLE,NONE,false,false,ADJUSTED|RAW,REQUIRED_INPUT_UNAVAILABLE,2026-06-04,ZEEL
false,336e091a05a435d30109a4e1cb880213503aaa07c46978b4dd426c6f091c2ee8|e1b3eaf060321ca14100a5f1e8edc79eb839ef630a4253fc53faa5ebadc8f772,false,511dcbc82cebc72df067637fcd80377244cc397a6d6a7291ae0c3868981e1e6d,COMPLETE_FROZEN_INPUTS_UNAVAILABLE,NONE,false,false,ADJUSTED|RAW,REQUIRED_INPUT_UNAVAILABLE,2026-04-10,OLAELEC
false,336ef3e5a69b062521b98c422d9590f784e274d2b496e00ee05c3fafe2c5f57b|d286cd4a5ec1586f1eafb5f39d60b99e9d13fb664841421041778d77dc8cbc11,false,ba3a020e6861994f3df024bce41cad4665fb3008cf904ede4f512f81906fab18,COMPLETE_FROZEN_INPUTS_UNAVAILABLE,NONE,false,false,ADJUSTED|RAW,REQUIRED_INPUT_UNAVAILABLE,2026-06-18,JPPOWER
false,33a22cf2534bbddc180c4f5c2a8d8f26ccca4a3b68b1b5397a47662ff07967b9|8e4e1b3936b7cc2a5e6ef58c1fca6b937278b4111bf0cf082fb75fb4686671c7,false,87bb68f186a8c718c5e45cfb5b44bae5e3573c41eb3fec35f098b02bea5a68c2,COMPLETE_FROZEN_INPUTS_UNAVAILABLE,NONE,false,false,ADJUSTED|RAW,REQUIRED_INPUT_UNAVAILABLE,2026-02-19,ONGC
false,33a280bce53319aeb4f4a39728aa1b5515a8bb815cffb5463dd7a39b45e20cc3|93a38882c51d55373f94e6349f95a1cf8691c3afad897353e0a4eb6a05d5be88,false,2a0dea9ec42ad229bd27b2676e867e1dce1636cef173017a8b10a9866f72fdc6,COMPLETE_FROZEN_INPUTS_UNAVAILABLE,NONE,false,false,ADJUSTED|RAW,REQUIRED_INPUT_UNAVAILABLE,2026-03-25,TATSILV
false,33e819a376ebfae216ab636e87ee1be241432d9951140e176f44ab64ef8d4090|34b98c0d2622182db8857170abd6fb55e42d21f89e7dbc1a65de60322ac1f34f,false,9f6aa17be3ceed0baa2124139864fe6642072400b28ba839e7bf22bb57d94ac8,COMPLETE_FROZEN_INPUTS_UNAVAILABLE,NONE,false,false,ADJUSTED|RAW,REQUIRED_INPUT_UNAVAILABLE,2026-06-05,NETWORK18
false,34217c0605ba25697023c19f9286ac91298ce61496f85e3c819a8fb7b0346ff7|91d6909662c3c5787810db6fbf223e9280825d1f78323b74d1ac194a60c05344,false,e29da2638b7d8437186d3f2e1a0229b3cb563e3111cbda4462a2cc62c054102e,COMPLETE_FROZEN_INPUTS_UNAVAILABLE,NONE,false,false,ADJUSTED|RAW,REQUIRED_INPUT_UNAVAILABLE,2026-05-14,VEDL
false,343b283c0bb850ebb8fbfb4e552d2ced86951bd4718871fa099f8de1a83eb002|4993f137c623d4cef3b4a3181545e6043e38c59cad7cc8506e13aee7e3571754,false,d0448118e989ea51e396ccf9b69dd033a73bc82f127f5d3f32accc1bdc06fd5e,COMPLETE_FROZEN_INPUTS_UNAVAILABLE,NONE,false,false,ADJUSTED|RAW,REQUIRED_INPUT_UNAVAILABLE,2026-04-28,JPPOWER
false,3478a78c1c5c881c1ec4dc53cb25a89a998490fd8d3584414a83f7003527aae4|e454514fd7937645ff4ca27c51c115c5dbdc91e3d5370b4efc8013828ebee07e,false,5ae67b94ad1e86ff848cdcb9db53222c71f44946f8ce9796d2c29f843e5801c9,COMPLETE_FROZEN_INPUTS_UNAVAILABLE,NONE,false,false,ADJUSTED|RAW,REQUIRED_INPUT_UNAVAILABLE,2026-02-02,ETERNAL
false,347a44262907b0cfb7cbf81516bb758c425897a307c501f79c8c6f5960d33a13|d86fc95a95180342f0605dae96b7ca4443cdafe7f77fce6d5612983f36939e90,false,a49fce5e26a89347c85bafc50edbb68f0107cdb38f75b0684e17e3d2fd70ed97,COMPLETE_FROZEN_INPUTS_UNAVAILABLE,NONE,false,false,ADJUSTED|RAW,REQUIRED_INPUT_UNAVAILABLE,2026-05-08,FSL
false,348c32253c8cdbf8c88ea2292faedff1181e66f375fe06669e6ec0665121a33c|34a39189cc65588e82c4f2a1ced57e16d73654a21adf3f07bb7c623cc52f8431,false,7d41c7ccb6c210a66b1a3683b2fc56d1f76adb1283876121ed08acd33c7f54a4,COMPLETE_FROZEN_INPUTS_UNAVAILABLE,NONE,false,false,ADJUSTED|RAW,REQUIRED_INPUT_UNAVAILABLE,2026-05-27,MAITHANALL
false,34921e3bb00ff446c8a7e39a40ef10567b9278c57e3f82519981219afd2310cc|cc3f278bad56238332f460dd2def74f64a577abf8c0988ae68e08026a74fb98d,false,86c323f4cb10343bf2c3f9d1a83b32d31881f048c225b9380038f28e98182c92,COMPLETE_FROZEN_INPUTS_UNAVAILABLE,NONE,false,false,ADJUSTED|RAW,REQUIRED_INPUT_UNAVAILABLE,2026-02-03,KABRAEXTRU
false,34aa023c4e5895447e3e76305f48204ac575c66537813fb1d06d92647c922154|81c5114bb7a748e66dddfd410401818d97251b15450192aab49ace53318e8c38,false,0d74a83e4adf6d4c335bdaa67436bcbadc18ea73f68f18a96f6602f619b40302,COMPLETE_FROZEN_INPUTS_UNAVAILABLE,NONE,false,false,ADJUSTED|RAW,REQUIRED_INPUT_UNAVAILABLE,2026-07-06,ONGC
false,34cc696e6de70bb1998401cd632a2388b5d810eb9d671bf0ca1be590b1027910|e78e3cfed06a4d7f26fc48a939440066aff9685cebc061f555fab818a6f82384,false,6b3cf4f32a98658f7576e42f23db7f7769da2989bc681579bb659a02951cad93,COMPLETE_FROZEN_INPUTS_UNAVAILABLE,NONE,false,false,ADJUSTED|RAW,REQUIRED_INPUT_UNAVAILABLE,2026-06-22,JPPOWER
false,34cff9a8aaadbae808469aaa2e91ed27300dc71911525c64db0f7e5af69793f7|f686446ecc8ca11e476a11c0e9bd2ca8f177dd0fe6b52789c39cbf98d9cf4e99,false,e5b6488613710fa72467e9ca5e37a851ab3e691df67f8e8b068794bfef9bd41e,COMPLETE_FROZEN_INPUTS_UNAVAILABLE,NONE,false,false,ADJUSTED|RAW,REQUIRED_INPUT_UNAVAILABLE,2026-02-18,EASEMYTRIP
false,34d98a4c45d80478a2f0aafe80c2bf9d520fe397961474b5d8b6fd5e79f13b2d|369699d8d81bd9adcd6d31bd3aa695d6a47240df51fa1d4ccf57021cfb2d3f22,false,2a747c18d59d6ee4424dcdc7dbb8b7e011bb7e8c4294741d0993ffb9efba883f,COMPLETE_FROZEN_INPUTS_UNAVAILABLE,NONE,false,false,ADJUSTED|RAW,REQUIRED_INPUT_UNAVAILABLE,2026-03-25,JPPOWER
false,35174ebcf0d31f9beaf77870d13f4e4cd2b9b2fe5297370917672a5224f094a6|5994a1035eb8718646cb0313d54dc025fe6589b8b3f4e644e20efd47c6637c31,false,a293717a8e54359e0791cd96134b542f4b0b86768f4de7876a8796c1d0bd7052,COMPLETE_FROZEN_INPUTS_UNAVAILABLE,NONE,false,false,ADJUSTED|RAW,REQUIRED_INPUT_UNAVAILABLE,2026-06-08,TATSILV
false,353319c22027862893bbd2e2c8a1c0d9a15b1dca3cd9631a0ee6a793c909a39e|57a3a98df55d6c8c88279521a95afc97c22284c79f89eca55e70b99ae0c7c5cb,false,4469f3d0016e4b8011d05fb3b364b79dd3fb5dfd13d00f959fa917e1df36f194,COMPLETE_FROZEN_INPUTS_UNAVAILABLE,NONE,false,false,ADJUSTED|RAW,REQUIRED_INPUT_UNAVAILABLE,2026-04-22,TATAGOLD
false,353689815604d754e34bcb9918d93d3a8a4e3525b4796e5341a2c3110dc24821|fe7c68ec5aaf805bd9213d3df46546893075cda4baca29faef4beffa63437f96,false,070172c400a913248e6e777b665c1b1af88b6decc796bd024b6622be067949db,COMPLETE_FROZEN_INPUTS_UNAVAILABLE,NONE,false,false,ADJUSTED|RAW,REQUIRED_INPUT_UNAVAILABLE,2026-06-19,TATAGOLD
false,35880f25100504a4447879faeef3e8363e408af910b581682a0cafed954ace97|d0262242569b7294bfbdba71f0c47f2a5b4aee5767d0c0be289e085b3a98d33c,false,17d5d8774d9abde34932f5b3ae22abf9a856644b6354e543f236c258731c7929,COMPLETE_FROZEN_INPUTS_UNAVAILABLE,NONE,false,false,ADJUSTED|RAW,REQUIRED_INPUT_UNAVAILABLE,2026-06-30,RPOWER
false,3598f827f6a21f099eba9f72fc23bac1ae6c05b9a009dcf2298dd497a172d2d7|e50828a1ae54c117d4764b96671d850f021206ae58d08f4727ca55e696528447,false,5a2bc7780ca46295995d1bb559da2491daa32c3f020a66e21b037eb641a5b93f,COMPLETE_FROZEN_INPUTS_UNAVAILABLE,NONE,false,false,ADJUSTED|RAW,REQUIRED_INPUT_UNAVAILABLE,2026-02-02,NATIONALUM
false,359fb8cb5c9bfc781504a314c5675c31e4323e2e361655dedc02b722d1df9b8a|465987cb5d3ebd4b7b14bd50f306e793e251de55fbee9b6c6f68bd0e0b960612,false,6fc5d3d6dc79f3ed7b6104de9dbb875a7cdee672333642e32c160ce45d9a906c,COMPLETE_FROZEN_INPUTS_UNAVAILABLE,NONE,false,false,ADJUSTED|RAW,REQUIRED_INPUT_UNAVAILABLE,2026-04-30,TATSILV
false,35a1b27514640e0d9eeb5104e79300dfa251385d86c7cf8b46c833b379e4fe5e|68c621fedff8e5a53a9450f41587904fa3850dcf88b3d4ae480b6ff758aaf6e1,false,3cc1179c2a84c28ac5ad9f32f741269ec1936e7f3a14aa34a071fd867fd9d9ee,COMPLETE_FROZEN_INPUTS_UNAVAILABLE,NONE,false,false,ADJUSTED|RAW,REQUIRED_INPUT_UNAVAILABLE,2026-06-01,NMDC
false,35b5be6c3478ced6b62bc0789ceddbc7ffb6f5ede5e6d1f56cdf1260f84827e5|862c0858d652a536c18774619177e925b63570bd22e109f69b5869a4457705c1,false,7526f2af1de384462d07f2d30775cdef04b7ad820f8912b19f664078239fc065,COMPLETE_FROZEN_INPUTS_UNAVAILABLE,NONE,false,false,ADJUSTED|RAW,REQUIRED_INPUT_UNAVAILABLE,2026-06-04,PWL
false,35e5c00ad751e0f780e38e2648e9a01181fb91167863856cc8f16219e7027fdc|655ab8aa42353ffc029db51488f948083545e38dd14ec7bdeff054bfd9f50f62,false,da704a75dbde8da5d3a27f17f1966a4851b27bd5d707eb2018f7fa4b1b101951,COMPLETE_FROZEN_INPUTS_UNAVAILABLE,NONE,false,false,ADJUSTED|RAW,REQUIRED_INPUT_UNAVAILABLE,2026-06-05,ETERNAL
false,35f510b88f1889d5aeed1f58284a714256c33a10cc605a83c0d8f1f6fc34628d|80a529a07b3bf010834bfe9bc0995e4d90a84ade3d08f3703e8a47ccdb4029c0,false,935c531c5317d83404dea05e023a77c5fdb9f108a6d9fc6ce0c1da384e0bd5e3,COMPLETE_FROZEN_INPUTS_UNAVAILABLE,NONE,false,false,ADJUSTED|RAW,REQUIRED_INPUT_UNAVAILABLE,2026-01-02,OLAELEC
false,36185ea4143115bf211e57a1e2c7f3b26bd23eaeb0609b221c855d5ad58e9d59|9c79213892cd5f3257f5c076555f06e6f701e1f83a272d6c157c60dbd31b67e1,false,682049cdcdaed308cc19dc5b551ff99dab951350cc14c18864ae12ee0a770279,COMPLETE_FROZEN_INPUTS_UNAVAILABLE,NONE,false,false,ADJUSTED|RAW,REQUIRED_INPUT_UNAVAILABLE,2026-04-09,TATSILV
false,3626ac3f2dbd56671fa2a2084f0fff3ebfcbf7b18a15a790ebec2f285d3ec724|9af48ee82c8f005482ec899b345cb494ba28346d41fb60abe26c8209b0f69ab6,false,34ecc0ec76a07e2118a32e977e4fb2bd30065da40206c6f04f1162c83fcc1e3d,COMPLETE_FROZEN_INPUTS_UNAVAILABLE,NONE,false,false,ADJUSTED|RAW,REQUIRED_INPUT_UNAVAILABLE,2026-01-12,TATSILV
false,362915291c3c2b872e32e6caf797143e971303d9f777d7ef5c987bf5beea039e|baa1845f05433c6d0e01df154db48e659459ad51735ed4ffac4fa17c632e6f50,false,44f9ba21781c699be7ca4005c5b59e298c8fba4eb9e8b6203a9cbfe5acf8633d,COMPLETE_FROZEN_INPUTS_UNAVAILABLE,NONE,false,false,ADJUSTED|RAW,REQUIRED_INPUT_UNAVAILABLE,2026-07-17,GROWW
false,3689a2bc169750e3b02965caeaef876102a749a82c679a1447f1a37b3aaefa07|7abfc33aba5bc8cde34bb982b0f0c681bc8a680c4e619adfb440c7c6244485f5,false,9f1462df05d2bb24fb48e4baf6a54f7994d4f8442eb9e81f612e0cc633754a64,COMPLETE_FROZEN_INPUTS_UNAVAILABLE,NONE,false,false,ADJUSTED|RAW,REQUIRED_INPUT_UNAVAILABLE,2026-01-06,GOLDBEES
false,36b7c9d0864943b0e50efb8136a018c41d495e11c88719b726fab2d1d05bfb3d|4f14d4b518c8c69696fbbcb5d09f6ec9719f68e4dfa58c9dedb634c7e22b7009,false,9d3d977a89bceb399336ce1156bdc13ba37f0b74d5d84066bea2ea3361390afd,COMPLETE_FROZEN_INPUTS_UNAVAILABLE,NONE,false,false,ADJUSTED|RAW,REQUIRED_INPUT_UNAVAILABLE,2026-05-20,YESBANK
false,36c61bffbd153c87360a4b509c86ec0b0e1f23fef8dc22cf86d8bfc9e285b642|9a8a11077da74a94365aab58ed3360bbfa2ae33eb9c9fd00f4f070732302ef55,false,8913e131e9cf89d13c66934d6cc037f6bbf8a401a21d4afaf861f9244b41235f,COMPLETE_FROZEN_INPUTS_UNAVAILABLE,NONE,false,false,ADJUSTED|RAW,REQUIRED_INPUT_UNAVAILABLE,2026-06-04,HDFCBANK
false,36ce918bbad26ada07774c81ca6a03ad3e0dbcd7101c3ca705cc419d314de615|d92d54f045790f080e56ff5f2427d76ebd32ba228a2073f0f27a7fa0e28050a3,false,03c51c479977b3dd291718bbf0a1c73048b974159b1406c6c23b2ca50fbfe9ec,COMPLETE_FROZEN_INPUTS_UNAVAILABLE,NONE,false,false,ADJUSTED|RAW,REQUIRED_INPUT_UNAVAILABLE,2026-01-22,VASCONEQ
false,36d01223713e8d96d0b6fb5f2684470fb8967dcd2eba2586f34f5b39f30eaabf|7d69697ac442cebcdf58852ea8a343f83a1eff4720d9db2d416fcea7ff7dc5af,false,27f36f2fbec5a77252a5068087b2a7a454e65759d03ce3f916f8a82e3fab723a,COMPLETE_FROZEN_INPUTS_UNAVAILABLE,NONE,false,false,ADJUSTED|RAW,REQUIRED_INPUT_UNAVAILABLE,2026-07-07,SHAREINDIA
false,36d7a6195e1aadd9515f3cabfa693ef532ae32a2e88f177ff2de0d183ebc9d2c|c0395f088d981ee71329a3980bb0efcbc83f43e7556c6cb5ade294d40b37a8a9,false,70eb5e46de8911ca438c7fcc8590aa369d8b0b9e6b9d96764274b1b9759911e2,COMPLETE_FROZEN_INPUTS_UNAVAILABLE,NONE,false,false,ADJUSTED|RAW,REQUIRED_INPUT_UNAVAILABLE,2026-02-12,YESBANK
false,36f3e937afdb9f2db49cfef7f8545774da837ad9a3ea6e57f765249e59b6de9e|c56d6351b9b66533ebab3e126a95e83da4b1e7df72dfce3a59e7cf7f1aefea67,false,cc58703b54ba6358b1e99ea04b6b77bdf0c2589da7aa19e5b83c4e6d9e18c241,COMPLETE_FROZEN_INPUTS_UNAVAILABLE,NONE,false,false,ADJUSTED|RAW,REQUIRED_INPUT_UNAVAILABLE,2026-03-18,TATSILV
false,373f7f858f44980d6ea40c15d1fa4d9fe600bf5d220d3274957295045bc92c31|6901e802529ad72a082b68e26aa3bfb2247bff0ea488656502ffcec241261e89,false,959bf13ff099fe31995654591a45efcf92d763221dbb9292dfc93161311d1024,COMPLETE_FROZEN_INPUTS_UNAVAILABLE,NONE,false,false,ADJUSTED|RAW,REQUIRED_INPUT_UNAVAILABLE,2026-04-16,OLAELEC
false,374bcbf795b16c8f8986c4528fc3d8001887bcf40856de134ba7a2e1081f02ca|a9c49c49fbd58c9fec46fab5bc1b31a02e52db9b6bd4256d1656c42c4c8977b7,false,2eddc45b30b0f5db3aac9b85d6078d1f51179e065c4ee46b8688328402d200a6,COMPLETE_FROZEN_INPUTS_UNAVAILABLE,NONE,false,false,ADJUSTED|RAW,REQUIRED_INPUT_UNAVAILABLE,2026-05-05,GOLDBEES
false,37544eff7da3627f3a18d39a983b9d4a5bf0f8f89b82528b2516ba5bb9cdf8f6|d14c53b697694575756f34829f6b387459d34e880ee617ce501a632c4eb9a08c,false,a6f70ba9aa221ac7257d8524b82d7d92410ad3ac130b226c90a23567ac160ddc,COMPLETE_FROZEN_INPUTS_UNAVAILABLE,NONE,false,false,ADJUSTED|RAW,REQUIRED_INPUT_UNAVAILABLE,2026-06-23,CUPID
false,3782a3b80aef8f910c574a16808efc1a310654313e527734f2e68ad9604d67f9|7af06af413161de981f56d77577dff551f0e270f51dae32fb7084f80a7fb83cc,false,a605a8291fc4539d24b5fcda513f7014ba64287853eeafc6f0de4fe6e6fac6a4,COMPLETE_FROZEN_INPUTS_UNAVAILABLE,NONE,false,false,ADJUSTED|RAW,REQUIRED_INPUT_UNAVAILABLE,2026-06-12,YESBANK
false,37916fb66692139210673c611e349ae29e98e829b97786d9c55df2eea57fd5eb|69279ef14e659e0956cb12ed5ca07f305aa08038c650ea317a069724bb7310cc,false,6b0ae07f90dacb0aa8f20872887912f2e1f7dae9cc30361a3879ebf903dccbee,COMPLETE_FROZEN_INPUTS_UNAVAILABLE,NONE,false,false,ADJUSTED|RAW,REQUIRED_INPUT_UNAVAILABLE,2026-02-24,SILVERBEES
false,37b0cbb15ff9389802da25870e61d22a692eafcea75fd4317ff12e903658641a|a35cecb52a37a6866d2ee16c9e2633526ef77160542c83d6714549e06a048ccc,false,74fd235d49a80626947d2b2e2d3322ebb1638d96888d8ffadc781c58074ac3bc,COMPLETE_FROZEN_INPUTS_UNAVAILABLE,NONE,false,false,ADJUSTED|RAW,REQUIRED_INPUT_UNAVAILABLE,2026-03-27,ONGC
false,37ecf6e02752c6b5975a9db3f328dd9a5b5f066c6c5bda1cc53d9cd71158b9df|a3102370ac13820f28ec05302471695df256e9155e3f1892a9c646c2f3e927b4,false,4bd981b241494475299a28e26372835dae2ff375c00835e5d607dff84fcef65e,COMPLETE_FROZEN_INPUTS_UNAVAILABLE,NONE,false,false,ADJUSTED|RAW,REQUIRED_INPUT_UNAVAILABLE,2026-06-23,MEESHO
false,380cea53e5fad7fe27c5bbbbf34effc6e4d44921da8d79ba70f23d538bbef830|44707314f1d20613b7b30a6071961ff55260584353dc33c3cf985c9cfe5a7aed,false,cd6522e31decfbf6b17d38f4973bee946394beae2cbac8d09451f6b6803c743e,COMPLETE_FROZEN_INPUTS_UNAVAILABLE,NONE,false,false,ADJUSTED|RAW,REQUIRED_INPUT_UNAVAILABLE,2026-03-04,TATAGOLD
false,381584e2a9cf9758e34bdb642c985e1b52db83eafd79dac4ae1d611a995c2328|ce9a91285a08a8d40a4056154199a69ee9414e7f268f79c5aa3065b3f506e629,false,c165361bd05e7ad7dcc5ae2fe5f0e73014ee86951eaee5bc1d2e129755790ea6,COMPLETE_FROZEN_INPUTS_UNAVAILABLE,NONE,false,false,ADJUSTED|RAW,REQUIRED_INPUT_UNAVAILABLE,2026-03-18,TRIDENT
false,38516c4cc297ce3c96c26a218af59f1472e2cd89d836b5d9afdda1bc1c8967aa|a2c7096731bf414f22ae88e193f356d7fc673d94b67ab2ceb91cceb79a15fb6e,false,1beb73120f40f237ac9cbd17deeedf920b191f9b2636fbf0c972b3c95af9f3ce,COMPLETE_FROZEN_INPUTS_UNAVAILABLE,NONE,false,false,ADJUSTED|RAW,REQUIRED_INPUT_UNAVAILABLE,2026-03-05,VMM
false,3869fcb91515ac54e399727857f4273942eef703ad13a66499489fee737b92fa|ea5b005f6bef236e452637a718836ed60c4548a724056bcc0a498b35f84226c0,false,a82474b5fdda18f3f12a1ce51492f32421f0bbfdf93b3dfd681480851ae36e44,COMPLETE_FROZEN_INPUTS_UNAVAILABLE,NONE,false,false,ADJUSTED|RAW,REQUIRED_INPUT_UNAVAILABLE,2026-06-24,IRFC
false,386fafe898062f06761b93996d668dddfd2cb3d0b5f1d15ed9a9d7e6dc6df86e|b9f165d3ed43c2a7dc4bd8730719e00304e4950bd6c05f5a39c4ccca18fa7993,false,cda1086ff98c53ed3b931ba3066d19de149c94a69997adaf48aa18761744099a,COMPLETE_FROZEN_INPUTS_UNAVAILABLE,NONE,false,false,ADJUSTED|RAW,REQUIRED_INPUT_UNAVAILABLE,2026-06-23,SILVERBEES
false,3870074b334c2b98d26547d7b9428bac2f0960819fc210bd92941ae304063f10|d4e3cf1c669983320dace6e63fa86b9dec86c5fd529a5932dc59671d72518558,false,07130b7611e8a6574f346571e68993cabfd62d5b6908483e5af5d365d3e21032,COMPLETE_FROZEN_INPUTS_UNAVAILABLE,NONE,false,false,ADJUSTED|RAW,REQUIRED_INPUT_UNAVAILABLE,2026-03-10,REDINGTON
false,387960912d56b689f7557c350afb607cefd6ee0ad377a90922542c9d61b62dde|c39d886a267119d4fcee90db3fd8297f12f912bf8c9652549976d8af80296334,false,bf405259a5507921423abe5c3e599ee75daf8d826fa1124065d7b663e627a9d6,COMPLETE_FROZEN_INPUTS_UNAVAILABLE,NONE,false,false,ADJUSTED|RAW,REQUIRED_INPUT_UNAVAILABLE,2026-02-11,GTLINFRA
false,387c8fc38c8ea6597ea64947f23a1275a7bdcd7554f15a9a33c36ab72080a4a7|f7e07492f9a33433d032d9b3498788c50870debb6f88011d1c2c8c4493e5962c,false,fbf8127032c09997767173e19c8696e4b7bea75d70b4afbd8c63193b8a0dd6ee,COMPLETE_FROZEN_INPUTS_UNAVAILABLE,NONE,false,false,ADJUSTED|RAW,REQUIRED_INPUT_UNAVAILABLE,2026-05-21,TRITURBINE
false,38a7e032609b087a2646ec038efc73c2f1a5d95118bb72e29e5c1d87b0e09359|8fc9210c09b014055395c432ed667a3a37c860ca669164ecff2f87744fd079a1,false,e68cf37ed956d3830f2e17fc11318e24d3246490301a1315662e93e210c69bc5,COMPLETE_FROZEN_INPUTS_UNAVAILABLE,NONE,false,false,ADJUSTED|RAW,REQUIRED_INPUT_UNAVAILABLE,2026-02-27,SELMC
false,38e5d158da05881c099c7749de8b36f7d6d679c3d993d7df71a7a8e3279426b4|82df8a25f0a4731163f9ed7e5dbf8a24ca1dc5673c5ac30a8d069088023a3e11,false,1efa3188fe763f90fb0a5b4326c3f5bfb54c7c4cccca178cdf8cda4050fa71f0,COMPLETE_FROZEN_INPUTS_UNAVAILABLE,NONE,false,false,ADJUSTED|RAW,REQUIRED_INPUT_UNAVAILABLE,2026-04-15,GROWW
false,38fc9e7219c2cc435e0381cbeddc7ff8f06a604cc2df8e945d41923b59767c21|990223fb568e2a5e177c9b732a464e5160f020498ac86dcd305b64eecd4fd606,false,6cee2bd12b3b0de637c0992a31b35d1fa1c35e0d3a79bb6c75211a17409779c1,COMPLETE_FROZEN_INPUTS_UNAVAILABLE,NONE,false,false,ADJUSTED|RAW,REQUIRED_INPUT_UNAVAILABLE,2026-06-11,ZEEL
false,391a485d50b20cc608cf9f140d385ff9348a6441207998950202b122d4183744|5e62135911893010e9515223fb7513933c23eded1e4782a1c2dc0b2ce522db49,false,4ed3ccd2978ef4f921cb44a881948a9f87a9517e1253d31b3baaeff7b485dd0d,COMPLETE_FROZEN_INPUTS_UNAVAILABLE,NONE,false,false,ADJUSTED|RAW,REQUIRED_INPUT_UNAVAILABLE,2026-01-23,PCJEWELLER
false,3935ffb115ed8bc3fe90f87fb64fc415fe65af1439df680a21d5be082f7f829a|6551e16098dbf45ffdb98d5d8f78219858aeb353d7dcdc2e2693c4d0c9b671e7,false,91374f4b410fa6960b218c9aac127355e457ccc6fd0194bd2e6806468bc5c90f,COMPLETE_FROZEN_INPUTS_UNAVAILABLE,NONE,false,false,ADJUSTED|RAW,REQUIRED_INPUT_UNAVAILABLE,2026-05-14,SILVERBEES
false,3950f15bb30d7ce53f5db4f48bcd4f6b80fbabbd785ceed0610e5776a95be5be|fd8d788c0e373e7d4ba7af1752511678538cfea2982d76f6e37443c3f85bbb73,false,9b58e79391f2622de4db3be6bb03fc208c5fb74125ce18c7bee63690a5ccf250,COMPLETE_FROZEN_INPUTS_UNAVAILABLE,NONE,false,false,ADJUSTED|RAW,REQUIRED_INPUT_UNAVAILABLE,2026-01-20,PCJEWELLER
false,3956c6ef0288cd3279e5c85e8318fbc466759c23181da11e7e0ad312974ae694|b2cb9edc4dbd0886135c6bdd1eb04e0a745d8c784540bdc502dce800ee4123c7,false,b9607ed3a08fc09688f0c4a0578ad38da881c39c329070762fa246f64d7a49bf,COMPLETE_FROZEN_INPUTS_UNAVAILABLE,NONE,false,false,ADJUSTED|RAW,REQUIRED_INPUT_UNAVAILABLE,2026-01-30,GROWW
false,39578666a36bf1908372934f848d08aafa863725ff1a21a185fc9892ff20c431|fdc1c0afc17fe0cb68967880de86d46643eba723876a21a9a4c4c38a7bfe1939,false,1f447f9e215de18798de3d9b88add36eff2c83ca86f3d8ae9c40eab3e2a5e08d,COMPLETE_FROZEN_INPUTS_UNAVAILABLE,NONE,false,false,ADJUSTED|RAW,REQUIRED_INPUT_UNAVAILABLE,2026-02-04,TATSILV
false,396ad98852fbc2d0b66171dcf6cf3ea05e91072687bdc5809db0ef819f5b46f8|773843f0d056315444a4770860d937d3e9c70f1a78c00d8c3b7d18d47da3a338,false,c021c317f93c4ce5acbadd696a5e0ab939ad6beda54a9967873ae6e8708ca14c,COMPLETE_FROZEN_INPUTS_UNAVAILABLE,NONE,false,false,ADJUSTED|RAW,REQUIRED_INPUT_UNAVAILABLE,2026-02-23,SHIVAUM
false,396f49f96b6cf132627f7d36cd832b8b25d8091c77c09d1eb37a1b2dd7fdfd90|495e3b40a062ba26aa47e66a12774de6d4aa3a9fd2b32bfab5f341190738b139,false,10c51e109616629dbba21213eeb461f5a612fbb35fb8cb9acf7841448b4adb20,COMPLETE_FROZEN_INPUTS_UNAVAILABLE,NONE,false,false,ADJUSTED|RAW,REQUIRED_INPUT_UNAVAILABLE,2026-07-14,NMDC
false,397c9778f46f3ba5bbb9b66ac53542db69e33ad41905062911b010246740f876|57062a3d6fb46c9b3ce4f42d8dec14db01788cea4a5baeec3ddd9ee2b665c367,false,037fa21ae1bb0f291c0cfbdb1a51925e7e2ee7e46153878cb2d9f053faf2dac5,COMPLETE_FROZEN_INPUTS_UNAVAILABLE,NONE,false,false,ADJUSTED|RAW,REQUIRED_INPUT_UNAVAILABLE,2026-03-27,OLAELEC
false,398b7f4d4763b55fa66a145bcdb580edc6447130da4bed5a016a5839ac928d03|ba1346fa13071060e5c274e87ebcef31d5735498f64e216c87630080617eaac9,false,db8b5e977bedddf63e9c77511c44a1add3d25118f8d786287e26f2b801da16b3,COMPLETE_FROZEN_INPUTS_UNAVAILABLE,NONE,false,false,ADJUSTED|RAW,REQUIRED_INPUT_UNAVAILABLE,2026-06-09,THOMASCOOK
false,399de55e461a75976e1aeb9d70b1fc20417353960a49afdda8a76111a24b3e70|b15d5a5e05f1253de87facc0bdc424bf8db5d55ba2a201f7477a0499ba60c110,false,d6e7fd1735e05719285a12937cbc42015d46afd6e33efecddc7fe7c069959b01,COMPLETE_FROZEN_INPUTS_UNAVAILABLE,NONE,false,false,ADJUSTED|RAW,REQUIRED_INPUT_UNAVAILABLE,2026-06-10,GENESYS
false,39e096c32f0a4fe897b91c483e44698dcf1de2a1e07f6c2eeeec90a61073b1b8|b14d63d57f3c8bd98b51d3ff811ae3118f8fe51311b9f0389c353156816c3f20,false,937f8a82a37baf856b069cfc1bb363de9c681bec82e1cd479355fd9e9963fa20,COMPLETE_FROZEN_INPUTS_UNAVAILABLE,NONE,false,false,ADJUSTED|RAW,REQUIRED_INPUT_UNAVAILABLE,2026-02-05,TATSILV
false,39ed53dcf02214bbbe9eb7b361d1026b5fb0fa2b46702f96b2bb2dc7af26410e|3f40254851ee645c9581a5bd06fc01e7d9a0036cb2b7917afd644dc2f28bef93,false,0bbea81f3d7a5a7fb1a6062de8d5975bb57bc127ceb35dd45b62d8f3167da421,COMPLETE_FROZEN_INPUTS_UNAVAILABLE,NONE,false,false,ADJUSTED|RAW,REQUIRED_INPUT_UNAVAILABLE,2026-05-12,MODTHREAD
false,39f33ae66f1ae0ba7d8c20d5e2adc56e1717f8c8f142799e309468d6fb43b578|4a2e23af7c1890348a79bd433f10ff38747b72eff3d3965cf44e427c445b6e03,false,0ea135004739dad2cf12ac1ce5a9a6a0b8ce8575552c258a1708a9fa848bc224,COMPLETE_FROZEN_INPUTS_UNAVAILABLE,NONE,false,false,ADJUSTED|RAW,REQUIRED_INPUT_UNAVAILABLE,2026-06-22,IDFCFIRSTB
false,39fffdc9340d88722467487c34b9def1bfa5a0567abc689402106196b165947b|689c4fecca614e4c343ccd4438c17d6ea4139a8f84216c11d43a05338c92a14a,false,72524bb90268617397b150d9adb64afa8a12538dbd823667f990a91a082cb24c,COMPLETE_FROZEN_INPUTS_UNAVAILABLE,NONE,false,false,ADJUSTED|RAW,REQUIRED_INPUT_UNAVAILABLE,2026-04-21,GROWW
false,3a300920a4f794815f5cb0f086f8beb160137b69583530d564a30c4c49c3a018|c514e58b57d74f16da2d0736e961701542b2cf5468f25551c51bca74f0174bb6,false,2bafd1a956f31c6bd4bed93c4278decb238bb0b5f38e951da631abf4f3a755b6,COMPLETE_FROZEN_INPUTS_UNAVAILABLE,NONE,false,false,ADJUSTED|RAW,REQUIRED_INPUT_UNAVAILABLE,2026-01-28,TATAGOLD
false,3a7473ddaffbd6856d67e466f600406de41f747794a82f926d20a5ffe3b9142c|4aa314145467a534fe4b718b1ad2843b32426eccd59081342385fc3e3757f3e4,false,5db77ad10d127f4c599ddba828eea41660612a1de488e2f5d70f9e86e4e28151,COMPLETE_FROZEN_INPUTS_UNAVAILABLE,NONE,false,false,ADJUSTED|RAW,REQUIRED_INPUT_UNAVAILABLE,2026-02-09,PCJEWELLER
false,3ad845a47e7cd1cd0ff078fd0c75ed0b79cfdb171134dc1947d09dc2479baf8f|a1512b2bfd91d44a8eee902d1914b84a72a3d016d4045b02dffaa2776f15cc62,false,f3ff40329f128ed9bf490cffe375f307919da68188a293149c48b689fefe58b8,COMPLETE_FROZEN_INPUTS_UNAVAILABLE,NONE,false,false,ADJUSTED|RAW,REQUIRED_INPUT_UNAVAILABLE,2026-02-24,YESBANK
false,3ae1b44c5feeb9129e861a36301ceebe52a04952830ac4c52b798e764a102f3a|94de73ee50355501d5de2c7dcfa8142c7a353ce9828c991dec3a4c38b32b000d,false,cd46bd5c0b880796da7e1b1d31899c3baf6a28df8f1ab25e28aafbb777a12b89,COMPLETE_FROZEN_INPUTS_UNAVAILABLE,NONE,false,false,ADJUSTED|RAW,REQUIRED_INPUT_UNAVAILABLE,2026-02-09,TATAGOLD
false,3b08c18fd9376be99cfa93279c16776dd94f919bc83fb7591942c9435cec98de|a403c5acea51a0ae94f14a8388fc63c7df3ea41d40ca246282a25cf230133c47,false,881a5a58d7014844c4f314fc6613222ed057169dc5f03c2b34bd1ad0f2c92b3a,COMPLETE_FROZEN_INPUTS_UNAVAILABLE,NONE,false,false,ADJUSTED|RAW,REQUIRED_INPUT_UNAVAILABLE,2026-02-11,YESBANK
false,3b131e6fd015bfec5a02b22e82370e741ebdeb1dd93d049a2c753336852da760|cd109143a83436b5f3b4168214c4d4c2c22046bc339bb08524d416ffc7315739,false,5ecadd6472cd2b0073605a390417350c236cfd4f664b23ccb5271a6680187981,COMPLETE_FROZEN_INPUTS_UNAVAILABLE,NONE,false,false,ADJUSTED|RAW,REQUIRED_INPUT_UNAVAILABLE,2026-02-13,ITBEES
false,3b3eec712b56a5babc599b23dd0b84bfcfad07b444c486437d5ed75c7368bb23|e54c931558dd44314a4285b00aec5780cf24023d1ab4b6a6d8dfcee32b1facc8,false,aabcf527b545f7fb6377406c5d040d6a427de3274e91ac9c545172241bf01c47,COMPLETE_FROZEN_INPUTS_UNAVAILABLE,NONE,false,false,ADJUSTED|RAW,REQUIRED_INPUT_UNAVAILABLE,2026-02-02,YESBANK
false,3b4673f8327ed0ee9c24162f28eac316da751fc64bebc76cb56c4c57556c9b22|b606c89966ff65c6adecade89ceed7e29fe524e931bc6406ce8a37423a61d36e,false,432906a3c5d8ba3a1a8d2fae24d5b3cf861e695b36ad6862310090fb2e4a5e24,COMPLETE_FROZEN_INPUTS_UNAVAILABLE,NONE,false,false,ADJUSTED|RAW,REQUIRED_INPUT_UNAVAILABLE,2026-06-10,CARTRADE
false,3b4ef45ab791fedbafa02fccdd705e1a8af8ead017182d2a2c71da5cbfbcbcfa|c22bc267a6661d7b4b47f780ac735e45a61fd32781b070604b334a9d5521b3d2,false,5d0cbc17aaa5988ecae0fcd7d9361905e8bf6ae707a0483cfae0ba0bbc0f20aa,COMPLETE_FROZEN_INPUTS_UNAVAILABLE,NONE,false,false,ADJUSTED|RAW,REQUIRED_INPUT_UNAVAILABLE,2026-02-20,HDFCBANK
false,3b5233a682b4b6207f94eecedc53515313c0b56f43a6bff1bdb9aa6cf883148b|ea4bb36925a5bf56548e1f361f676826c65ca22044b732c8f426f3cd174d51d6,false,fe836288fbd8a1e3d521ee41a0f44ae21468e2fa6bb00b1435af29e15c602a74,COMPLETE_FROZEN_INPUTS_UNAVAILABLE,NONE,false,false,ADJUSTED|RAW,REQUIRED_INPUT_UNAVAILABLE,2026-01-13,IFCI
false,3b63130aa75b026a5ca51f516fadafaf69112e26e7981654b3cd395de51fe129|bf1a37dd6c9c0b48f1cfbf2773ed4cd5dc002aee468a214fbf914a528b294ff7,false,f8732f46ca4881c8a07c58f20b0981a7387d09ea58d40bb7aa59f539fdced4b7,COMPLETE_FROZEN_INPUTS_UNAVAILABLE,NONE,false,false,ADJUSTED|RAW,REQUIRED_INPUT_UNAVAILABLE,2026-06-09,OLAELEC
false,3b7bcb0a6510cf0b8c97125d29e946d82121eee203387b423ee7a1ea5630753b|573cc480c96ef42043b634936d03e3a71e588b004a8fe84e4ee1105d3fc2e6dc,false,a2fc6da46c79dd41ae07ab71ed715ccfcdd487b8c3970ce3e71c0e9e17da99bb,COMPLETE_FROZEN_INPUTS_UNAVAILABLE,NONE,false,false,ADJUSTED|RAW,REQUIRED_INPUT_UNAVAILABLE,2026-03-27,GOLDBEES
false,3b9b6df220627222b922b86043d03d9241691ed4bcb2a5131776febfac9a9eca|5507214a5a4b0ddb38bb94254c12b420f3eac2a05b896c4eea05c939ef77b6d9,false,48cf7314e745d6627f7ccfdcd9ebb0fb1b6887c9d02e523a1028e719c8b72ff2,COMPLETE_FROZEN_INPUTS_UNAVAILABLE,NONE,false,false,ADJUSTED|RAW,REQUIRED_INPUT_UNAVAILABLE,2026-06-04,IFCI
false,3ba363558f5dc4aa817f00fa3e8a61e923b1e49e5da78cdaeb58ba728bec9a2e|3c18832cba247121b5afcf92e406d7bf40fc538297c726c54ce2792b3b428180,false,96c7e26643c692cd7cef7f8bb6355a589a17baa293551ae79284c4737346e1f0,COMPLETE_FROZEN_INPUTS_UNAVAILABLE,NONE,false,false,ADJUSTED|RAW,REQUIRED_INPUT_UNAVAILABLE,2026-05-05,HFCL
false,3baff751bd55ef220e79a98f994d44bfd08f84f1396b1e3e70888174ba3adc0c|5da316a884c59354cf64b5a32ab9767378ee3ac7c5d8484bff3b913146b5831f,false,b4e046410e0bbe51a704fd6556f092da66c0195359642fc0e88f43af3b4a0070,COMPLETE_FROZEN_INPUTS_UNAVAILABLE,NONE,false,false,ADJUSTED|RAW,REQUIRED_INPUT_UNAVAILABLE,2026-05-04,YESBANK
false,3bb16d1b2a05276f3ddaddb96cc7ce14648224c156021a82d0896423b8966f42|400449eda1803deb7bca7a6aee180b2db5ff060d8e7e28bcbc074253f4c498ad,false,8f45e796d0bf6f524dc0f8d2525062d03eb3c92fd11156f972952a96cc2a2c4b,COMPLETE_FROZEN_INPUTS_UNAVAILABLE,NONE,false,false,ADJUSTED|RAW,REQUIRED_INPUT_UNAVAILABLE,2026-05-25,YESBANK
false,3bc10bae97985fc47dcdd1ca8fdabf9e4db819caf8414adc270cddaff6c4f394|e511b552295f4f92c2e12455b6cc7c437dc51ebb8f51ca9377f96f0c19ee365b,false,f5d97c27e72ac883c8b69d15cfa601cf4a3d119b7d76344dfa2fc991cceb055f,COMPLETE_FROZEN_INPUTS_UNAVAILABLE,NONE,false,false,ADJUSTED|RAW,REQUIRED_INPUT_UNAVAILABLE,2026-05-22,HFCL
false,3bdb5d5f2ba410bcf27dfac06d0f29725dc55f4c9e7d2a0a088a3f6fb55a84b6|b1edb003133c017829f2b8111865296de3a0be20d122a21c7fc6c100423a27f9,false,9a05499aa4283d147ee216655ccf0095028383761ae75b675dc29658da678681,COMPLETE_FROZEN_INPUTS_UNAVAILABLE,NONE,false,false,ADJUSTED|RAW,REQUIRED_INPUT_UNAVAILABLE,2026-06-16,JPPOWER
false,3c4d659d461168888ad1a4ab6b6a4d88ed5e51b046ffe9fdf83ccf7214257ec4|97268f00802c5673ac89492f0a66e80f3a318d81c193a24e75f781a4f7025e14,false,063e187d9cb1bb7a0be7946165495dfc2262ca513956a0eaf7d0697e3d891a47,COMPLETE_FROZEN_INPUTS_UNAVAILABLE,NONE,false,false,ADJUSTED|RAW,REQUIRED_INPUT_UNAVAILABLE,2026-01-22,TATAGOLD
false,3c55a4ab51e17d41d9ff2caf0f200bef4facc9d20738fd5e2c940576bc70557e|c8dc60c9f7881c9630736b603c70751bb18659f9db809a778a09b58eac39383e,false,733b2e8693d919d2858d52df734e19a8c390cf613b1405e15fc301bc61a65277,COMPLETE_FROZEN_INPUTS_UNAVAILABLE,NONE,false,false,ADJUSTED|RAW,REQUIRED_INPUT_UNAVAILABLE,2026-07-17,GTLINFRA
false,3c820b26177e2017e5ddd1847baba76d6c2627c766f2c77f7bcb92915bb18e37|57ff9574f9a041e648ec132f2f99c634655232ecdb13bfd34f0b43911c41d129,false,71d65e754ec2dd0157f13da014dd36f2884b6d7af28e8fc078274fa3c61feb12,COMPLETE_FROZEN_INPUTS_UNAVAILABLE,NONE,false,false,ADJUSTED|RAW,REQUIRED_INPUT_UNAVAILABLE,2026-04-07,FIRSTCRY
false,3c8bc6bdaa7e7090dca4b079971be2a6211b12f308ab47b78a289d4dd74855aa|7f5e510b0a29cee543338b4d91b8fba8df80806f4f88bf7e3bb1f5cc0a41a549,false,86aa615533e9c9b9982287291b0313079a53be41f394a7e14c047ee956211b64,COMPLETE_FROZEN_INPUTS_UNAVAILABLE,NONE,false,false,ADJUSTED|RAW,REQUIRED_INPUT_UNAVAILABLE,2026-02-18,TATAGOLD
false,3ca1d61db3abe3483b9ddb1ad40314c8fa790fe4e1596115386befebedfbc7a9|4e4e6f6018d28c904875ea7c7e8598761eca35ec92fd39babd23b23ea4e4af9f,false,97d37861234405998522b9fec3339b1c44ebe6c5603db6fd598c00f506259d31,COMPLETE_FROZEN_INPUTS_UNAVAILABLE,NONE,false,false,ADJUSTED|RAW,REQUIRED_INPUT_UNAVAILABLE,2026-01-23,UJJIVANSFB
false,3cedcf2c5226b2bb6ec7afb06f64602b0a0ca6abd9b6d485c99ebbb0bc48f5d4|e2d2d096010b4dcaaa7269a6fab124c1488772e50d40ea03f91037bd09014a9a,false,f62208082485395ef28d422d06eb1e7374e02f80d2f6c10c533cd816577b9797,COMPLETE_FROZEN_INPUTS_UNAVAILABLE,NONE,false,false,ADJUSTED|RAW,REQUIRED_INPUT_UNAVAILABLE,2026-02-10,TATAGOLD
false,3cf71c7ac797f61c0e52a3400a4f6cbbb3d15ef5ba5a49b64c86b90020496342|6687cad240b623765f5161040dd423b0266a5d9f5a839584c90658c057215201,false,3b1d09eb6cf7867847656aa1ccaac45ac94681928af291169dbbdfc0950007a9,COMPLETE_FROZEN_INPUTS_UNAVAILABLE,NONE,false,false,ADJUSTED|RAW,REQUIRED_INPUT_UNAVAILABLE,2026-03-30,KNRCON
false,3d0e33276f07de89aabe05770f91520405abe36f265d2fd134a7a245d5252487|a3295976af9acb96f28c0310ccf589d747a98765136e39d06303705920db1153,false,c0858d0069043034fd6113f85761c56db3c3a791de8ac130b7691b714f64fe5a,COMPLETE_FROZEN_INPUTS_UNAVAILABLE,NONE,false,false,ADJUSTED|RAW,REQUIRED_INPUT_UNAVAILABLE,2026-04-22,JPPOWER
false,3d1040ccdebf0c5246d04349fb6786b3a98188edadc38bdbf4d21d45e53aed16|a36ec0f3a37a1f11baa44301cbc12d2ae2ad74b291c32cf5f4bbd01114b7ac1b,false,defb0e95757b7a3197da004517d6aecadba93c690af5a181a810305e7edf6f33,COMPLETE_FROZEN_INPUTS_UNAVAILABLE,NONE,false,false,ADJUSTED|RAW,REQUIRED_INPUT_UNAVAILABLE,2026-03-20,ETERNAL
false,3d245a54ec5133317006cd4cc8e5b50c56fe484dcc22e0f3aaab79eed273bf54|d17a4c3ce9fc1d586dfae095b3a74c052536ed5623351eb328b69c522245c7c4,false,3d572971498c4fb217aaf5d0f072ba90ccc1034da70673eddbadcf2b23f289a7,COMPLETE_FROZEN_INPUTS_UNAVAILABLE,NONE,false,false,ADJUSTED|RAW,REQUIRED_INPUT_UNAVAILABLE,2026-02-11,SILVERBEES
false,3d7e2b5dc79108aebafaad9d9844fbbc6c243554f0197bde4c79015017f86e4a|dff15d6cbba9c51459bc43cf560f9f579c6d27fe8dc1cf8f006b3925bd3cbf0c,false,cbd40522319bc82c9b311c963ff80807cb29d5e36f912a40b11928e48388f432,COMPLETE_FROZEN_INPUTS_UNAVAILABLE,NONE,false,false,ADJUSTED|RAW,REQUIRED_INPUT_UNAVAILABLE,2026-05-25,TATSILV
false,3d7ee18f8c5f1137327933f120a4014fb24986be1e4e1abb98a948ef9706b0bc|d910d9d38b6a0c6470a7d0fb270ad1e23ac420201ef50fdebbae3ae9b34df5ad,false,6809a112a28f3fafa23c5f8be699f6d9bae4b47590b7f538f840ee20ad232c79,COMPLETE_FROZEN_INPUTS_UNAVAILABLE,NONE,false,false,ADJUSTED|RAW,REQUIRED_INPUT_UNAVAILABLE,2026-03-17,TATASTEEL
false,3d809e442101c9fbe0836a5cc4297145ca484006e0a8be09721f04b21a5e74b0|4c6f9a5457d8321a31258acaeec07168024108bb72c8593826c427a51e0351ca,false,6156d000152dcdde9e3a45e5480cc0596b22b0b3cf1570b2c148cb210304c4a8,COMPLETE_FROZEN_INPUTS_UNAVAILABLE,NONE,false,false,ADJUSTED|RAW,REQUIRED_INPUT_UNAVAILABLE,2026-03-06,JWL
false,3d9cdcd490618ad350bc8fcf7f5ed9ea6ec7cca323f789acc79fc5ce31f708f0|a2b44d1e68891619a44df86edf4909fadd1e74b2f10ba637227ce096d43868af,false,24bd3cebee43508f2b501c0bfd356f4f7739f8fd63329e8de4f807a113ae2099,COMPLETE_FROZEN_INPUTS_UNAVAILABLE,NONE,false,false,ADJUSTED|RAW,REQUIRED_INPUT_UNAVAILABLE,2026-06-19,ITBEES
false,3d9d50ed0dc97c222233a2843724db035f99c8e4a4202afd042e55442329b8d6|9aa10d63a327b422ebca99edf2cbb4e2d7550ff65a45c1608e4be6795c23a7fd,false,2b70118ceb7fec9dda0661afd94595099cd14f56b56056ac804426193f0af2d5,COMPLETE_FROZEN_INPUTS_UNAVAILABLE,NONE,false,false,ADJUSTED|RAW,REQUIRED_INPUT_UNAVAILABLE,2026-03-02,TEJASNET
false,3db54e02705e71a2193f6f1e5f1eedc144a3c7df1a355b9ae292deb5c4381db4|5a10cd0026dc24cac1adcd215ad630081705d66bad016ad347865d2561b505e9,false,a3d32ad96c3aa99e8a2d1fda35664526d54fe27312f701dc58a81498ee3abfae,COMPLETE_FROZEN_INPUTS_UNAVAILABLE,NONE,false,false,ADJUSTED|RAW,REQUIRED_INPUT_UNAVAILABLE,2026-04-02,LIQUIDCASE
false,3dc61b046014426aff42b2a1dbfde361e77c0200b209ba3fe0cb0f9165ddb8d8|68441127b811c5e14091d22c4e31583664e1d448ab81049af3e62c4e9cdb4e72,false,65128f76f6c1bc6ad3df1a64a13f6ce13779660f35022e67cadf97ce566be5df,COMPLETE_FROZEN_INPUTS_UNAVAILABLE,NONE,false,false,ADJUSTED|RAW,REQUIRED_INPUT_UNAVAILABLE,2026-03-02,GTLINFRA
false,3ded067e26946281a54acb55b2c8867b2e73a5d9f9a90cd8ab67b61285848630|e05101ea2dfb9b1f4b24983792777da6499c26ab5a689ff908e271d77eea4867,false,5111e4ea159fb8101800d169112d42411b985d70c6e38f0a353420d655c4657c,COMPLETE_FROZEN_INPUTS_UNAVAILABLE,NONE,false,false,ADJUSTED|RAW,REQUIRED_INPUT_UNAVAILABLE,2026-02-13,YESBANK
false,3df6d4fd47a1daf12b538379d65df8e5f298e567e476f90eefd8e6fdbcbf3468|bf33def37450db621c7b8a4676a7bf291547dd301f82d14d79a53b4f613de860,false,22a168a5822526aa87ed8f8dcf741ba7d7b07e580ae22b3d92e900e92f76dcde,COMPLETE_FROZEN_INPUTS_UNAVAILABLE,NONE,false,false,ADJUSTED|RAW,REQUIRED_INPUT_UNAVAILABLE,2026-03-12,HDFCBANK
false,3e0fe7e971d7155704ce5e58ae698865874e7bd068888e3575ea41c07740862a|f3e129f4fb0692e660479ff6d80899782825662d79c8b0c6749ac9e8649dcf37,false,bb4abbbc0b1a10f701dd89bfa36c13314abb6ebb07c99fce47c2ff5c668856ae,COMPLETE_FROZEN_INPUTS_UNAVAILABLE,NONE,false,false,ADJUSTED|RAW,REQUIRED_INPUT_UNAVAILABLE,2026-04-20,ADANIPOWER
false,3e2a486d26e9216330609e3ad55d04c293baa0af5b6c10dfac16ee99d05784da|44fa4a7d884b26ecc0756330bffefb920e57add504ad2863911dba757a5ce027,false,2028a92962a8e58ee1522d006800063038502cde67484b4205e611a3d426615a,COMPLETE_FROZEN_INPUTS_UNAVAILABLE,NONE,false,false,ADJUSTED|RAW,REQUIRED_INPUT_UNAVAILABLE,2026-06-17,YESBANK
false,3e458f010a6912deb9b879cfd1f45743835cc25fc13dd08afdb25be71427f7a0|cfa0b304110b8345201c9b65468304bea62aa204826495be22673e4c387c1664,false,c2464c597b3ba759c4647f32e7a2bdcf60278380702e945e1e0c3dd0e78acc6c,COMPLETE_FROZEN_INPUTS_UNAVAILABLE,NONE,false,false,ADJUSTED|RAW,REQUIRED_INPUT_UNAVAILABLE,2026-01-29,NMDC
false,3e51ee8658f14e15395f0472c20a28f98b3e37b64f10ffce6b73b05737be466f|42042c7edecb8f241ba8395c9c6e74595446ed7c347681984ac218424b99cbe5,false,577e73f26d2173b761bc0e47ff06f379db0222a715d2033fd0e636bee49fa1df,COMPLETE_FROZEN_INPUTS_UNAVAILABLE,NONE,false,false,ADJUSTED|RAW,REQUIRED_INPUT_UNAVAILABLE,2026-06-03,GTLINFRA
false,3e8e3333e2fdc99b1b7aee62568e696266f36aa7b5a1e2e24b6e8c4dd30582b9|43d59e65bbd466342b3ccad79919af50b6586d310661c999a0d55ff191f2c7a4,false,a55cc55bfa1219db83b25624c514459fa9329b156d63544057a9e98b3d6d1d15,COMPLETE_FROZEN_INPUTS_UNAVAILABLE,NONE,false,false,ADJUSTED|RAW,REQUIRED_INPUT_UNAVAILABLE,2026-02-13,LIQUIDCASE
false,3e91c79e674e2ea870e11a1bca35e4c8248bf22c44c07cdef6a30b374be8b347|f5c8a0344c27e30d0189c51580846c1da2bdb48023e2f3debc3a31b469806475,false,d8a121b14c4e88d5de3e7867053890875cd8f10fa9b5ffc90c031ae36097bfc8,COMPLETE_FROZEN_INPUTS_UNAVAILABLE,NONE,false,false,ADJUSTED|RAW,REQUIRED_INPUT_UNAVAILABLE,2026-06-12,IFCI
false,3ea094277f7a6b7ec670b33431432e9c63292c3e2f63f61cde5c7156c0642162|5c8b2ff59ec9e0e6d3c27c3cf18ba426b1c08978d2f96941ab55d2c09ce666d0,false,22fd2cd51a69b9c8d93a29318979d30219abf0a2c66442b4885dc8a1a97ee4d3,COMPLETE_FROZEN_INPUTS_UNAVAILABLE,NONE,false,false,ADJUSTED|RAW,REQUIRED_INPUT_UNAVAILABLE,2026-02-19,RNBDENIMS
false,3ebe69032c10a4b70358100ac4a210d5168dfe0bf56ae12c032c9b0e5a5aa245|fac3ba3182ec0f69994c22d423a04769e0311357daf15eebee51d54a11def982,false,4b013e3a9138bd86ea75fbf0240e3bf4c7223717f9830b788858ecdc96c628dd,COMPLETE_FROZEN_INPUTS_UNAVAILABLE,NONE,false,false,ADJUSTED|RAW,REQUIRED_INPUT_UNAVAILABLE,2026-07-01,YESBANK
false,3ec4e7ccdce80128de51b50e089addd1e709357243104d49a43298b30bd3606e|71001bd21fdd77df1700fe955515fccc98a46febb208ffa92e20f4cda841f6ef,false,88a410806e78adfb5527eb5c0e0f99dcb86f77d74757c64486f62ca7638047d8,COMPLETE_FROZEN_INPUTS_UNAVAILABLE,NONE,false,false,ADJUSTED|RAW,REQUIRED_INPUT_UNAVAILABLE,2026-07-16,MRPL
false,3f44ee08a024f118bd39a7873fdd13bfa6d91640e2a1b8ba5cc6bed17b7285cf|9ff12d3e46035eb3aaf6543fed860994daef4b1d5c23f4eae2c0bc4d3df839d3,false,cea2d3b84f75376d1a8a7f9b2e2e75d0ca6fcb389d6b87efb9904d32667cb573,COMPLETE_FROZEN_INPUTS_UNAVAILABLE,NONE,false,false,ADJUSTED|RAW,REQUIRED_INPUT_UNAVAILABLE,2026-02-24,CANBK
false,3f6bd23a294cd7dd9219e9712c9a50f8396156ef614959ce6d72c951f7053535|41e879de03fe2e63bf513998e3b71b943eb4db151ccb234c43eb323e28c20f26,false,5948efd66bc04eeff9255fcaa78c8a687ad2f53d2408499d997855afe3db2799,COMPLETE_FROZEN_INPUTS_UNAVAILABLE,NONE,false,false,ADJUSTED|RAW,REQUIRED_INPUT_UNAVAILABLE,2026-06-03,NHPC
false,3f87f262074a358456157264dc9b5462a711a6aeffd07ac3704d67b5537024b3|d2c18a9cb87900f668dad7a666877f1500f41292a9e9464524ca2c5ef0872e81,false,eba76bfaf68dcd4d01fee8709210113d3fddfd23902f80490e926981231e15e7,COMPLETE_FROZEN_INPUTS_UNAVAILABLE,NONE,false,false,ADJUSTED|RAW,REQUIRED_INPUT_UNAVAILABLE,2026-01-30,YESBANK
false,3f95b2d28483f917ca00ae8f175ddf7d7300dc24264e7282a7c2be7011061112|543038cd008a96a9ba82dcda925b44ab256cef75755c907dbf2adebcde35d485,false,01d6732a9355018ea9f874c7dfcf7a5fc268631046722ca05f6a50babfc15644,COMPLETE_FROZEN_INPUTS_UNAVAILABLE,NONE,false,false,ADJUSTED|RAW,REQUIRED_INPUT_UNAVAILABLE,2026-04-02,TATSILV
false,3fd9e073426a86eb1542f86325ea0c0577511a35b2a413c44421ac4124fe6b75|54ceae92b914fb4df8ec11b08d1b36e14908eee2a02f12d4cff8bb24c38d2e95,false,728b030eae28a99a0e1f5f9e230c053023de2ec46352759d2ba6544fbc11f602,COMPLETE_FROZEN_INPUTS_UNAVAILABLE,NONE,false,false,ADJUSTED|RAW,REQUIRED_INPUT_UNAVAILABLE,2026-02-10,HDFCBANK
false,3ff541201e7377ffa1032eb858ec708529a760a8cd0ca36e6038241f5e1a398f|b9868aeb0d0f2b520331b2d8bc56b604b60d6389343d2576b2c93bb4ef17ce58,false,09bffc9a500dc167b5cc3d3e85f586d56f1f8729f7f75d2763218329185277f7,COMPLETE_FROZEN_INPUTS_UNAVAILABLE,NONE,false,false,ADJUSTED|RAW,REQUIRED_INPUT_UNAVAILABLE,2026-07-16,BHEL
false,401c2d7617e94bf0d3167a05a91fec42010ef916f087e525425a30efcc34e538|a4a9cb12b792ddb4e7eeba32790e95c0e35aea3b07f238a669999921d43618c5,false,0af66e0fdc0a44800a06e7bc435606bf21a007fc247477ebaae1923960701245,COMPLETE_FROZEN_INPUTS_UNAVAILABLE,NONE,false,false,ADJUSTED|RAW,REQUIRED_INPUT_UNAVAILABLE,2026-02-12,HDFCBANK
false,403164f5bc72e3238776b51c0db1f8e6fd3aaa64e6ed6219ee331eac298e1e4e|9630492fc5225e84e7211f129c5581fd2fe7af0e603ab41b6ab094c0de3f4253,false,fb60b6e58b22f165f437a362156262dc81399d8cb50dbc426ed9e0f74fa44edd,COMPLETE_FROZEN_INPUTS_UNAVAILABLE,NONE,false,false,ADJUSTED|RAW,REQUIRED_INPUT_UNAVAILABLE,2026-04-29,TATAGOLD
false,4090ab3428e6967db3aae0a0b20f918b65c9e0844376070bc947ca0c67773141|53da07d856d1d91e5db883ef34fafb8a6a064493722d8514c4948f0568a134aa,false,55619db7e454328a721771e673010c799040a41f5d32b05e1f6a38c37dd6bd77,COMPLETE_FROZEN_INPUTS_UNAVAILABLE,NONE,false,false,ADJUSTED|RAW,REQUIRED_INPUT_UNAVAILABLE,2026-03-27,LIQUIDCASE
false,40c6e5cdb42199986a81ad2fca07eb191c2e274b3bc323aa22def95b3f0aef8a|41b139a8abdb16fdecda241b1fbedc5da75a9cdda4b58c57d4b53c419f8801f8,false,defc516786235530628bf3cf39f08251a1afff9ce73c90cbfff8270bda7ec041,COMPLETE_FROZEN_INPUTS_UNAVAILABLE,NONE,false,false,ADJUSTED|RAW,REQUIRED_INPUT_UNAVAILABLE,2026-07-08,JINDRILL
false,41079ce9e56a596848570656d7bb15618b39cbd30eeead7ff4fc5d9461cba4dc|6444cd7db131fd5870a5e8030f6e8a0d26a34d0081fd3a7cbd25ad41da8ad995,false,50129ec555a010ffa50975334d4995cab9d1e504b3c092bee115776b7dac262e,COMPLETE_FROZEN_INPUTS_UNAVAILABLE,NONE,false,false,ADJUSTED|RAW,REQUIRED_INPUT_UNAVAILABLE,2026-06-05,ZEEL
false,41310b2c3d091070afb9dd61a74df6126e63d0b8c551539ee2c57f2b7cc1bee3|5e5558daf6157944a9ed5e3f48333b043470f4874701ba7415d55669e43c1d79,false,ee625f18c2122552ce785456a688ba1f146bdcab4f3263da2f6e73bb0b8643b7,COMPLETE_FROZEN_INPUTS_UNAVAILABLE,NONE,false,false,ADJUSTED|RAW,REQUIRED_INPUT_UNAVAILABLE,2026-04-21,YESBANK
false,41370644a3843cfa006e22960dcfa009d5c97504cc330e3161e30a9517880b58|6ac9b2d6ebb259fda6a41de959fb66ee9c9b4531f24c3623170023bdedb5eaa7,false,5aec033ee3656d751fe0ca7e2e699b182e001f5be7d2ac5569fbabeebc186c42,COMPLETE_FROZEN_INPUTS_UNAVAILABLE,NONE,false,false,ADJUSTED|RAW,REQUIRED_INPUT_UNAVAILABLE,2026-02-13,GOLDBEES
false,414efac7b1116f931b777c7fab91924eb2195a2433e7c0be990138cbfa3cad61|83125c8f613f9ea8c9cd8d93cf07981dd7d61d7e6ea6edcbae98902ce9b7bfef,false,77f79315b2038fe9e704ae9712fee3eee562df1ecc333b930225353d9df53ed5,COMPLETE_FROZEN_INPUTS_UNAVAILABLE,NONE,false,false,ADJUSTED|RAW,REQUIRED_INPUT_UNAVAILABLE,2026-02-20,YESBANK
false,4184154ac5e196cf06b7e30a891c08a2595ddcdd2dc0d17f78137f7a8ef1c0a1|f44638cf8f24f85ebe8b9d6ced2672c3a4702277bceefaa6bbb92ea8ce77d949,false,e90082fbb73794104e334403bdd9cfe212b17197597474e615a36eeb6f813489,COMPLETE_FROZEN_INPUTS_UNAVAILABLE,NONE,false,false,ADJUSTED|RAW,REQUIRED_INPUT_UNAVAILABLE,2026-07-08,AEQUS
false,41d54d28822d3ea71ff66e4c2b0a6a552aac8e9f3b6a9bd8013ebf4c517817db|69ca478d5830d632bf786e6a6b862aac6626b6d834c4d8b3356e77af38e060da,false,a4cf9534ae2b80be3b481f901877c356bb1eaae9e130f6fd171942e1a52bfdf7,COMPLETE_FROZEN_INPUTS_UNAVAILABLE,NONE,false,false,ADJUSTED|RAW,REQUIRED_INPUT_UNAVAILABLE,2026-06-10,MEESHO
false,41df288594cd59280cbfb74e5d7c9645c9f06d683695fdb13150b19a28629791|4aca4de3b63e7357eadde13ff5dde046b0474b7d6b712c911747212f6160c651,false,1da2e2dc2c52eb6b272c0be22bb7550ae3898537c64fc7e45054ad71adea003d,COMPLETE_FROZEN_INPUTS_UNAVAILABLE,NONE,false,false,ADJUSTED|RAW,REQUIRED_INPUT_UNAVAILABLE,2026-05-18,LIQUIDCASE
false,41df2f15bc77a63fd49f20c43e9ab99449b618288be11ef932142ba971826c94|7fbef7e3f160fa8699270a76cfac9187a24af66be838a2aec3d33dcb5da9419e,false,a60beae80e49af6aec50b45f8c712c5b7d26098d7656550e180b2548bdd8c289,COMPLETE_FROZEN_INPUTS_UNAVAILABLE,NONE,false,false,ADJUSTED|RAW,REQUIRED_INPUT_UNAVAILABLE,2026-07-10,SOUTHBANK
false,42069eada9ef61d053c3b814c94140c4bab5ffecb5913e7b358cea2b8a69a500|aed01734d7ef1fa49f7a54fb1c5c40fd56846c0a92e7e70cde432e0603449b4d,false,ea6aa4cee58582453d294144e6e71b4b3d4b8cc95d7550e954bb6adb8ee099bb,COMPLETE_FROZEN_INPUTS_UNAVAILABLE,NONE,false,false,ADJUSTED|RAW,REQUIRED_INPUT_UNAVAILABLE,2026-07-20,TATSILV
false,42133a45cf8d9f5618277f0800b241983275ffc88fb722ba51cfbfa08c6bdcbf|e9881c1a3757ca06d8f686a28673dda5307a88ba9971bb90d7f19c79c5da72bf,false,1ebccb8ba8d70e1b1e72aabd7b1943799f15caa73edbf7ea46f50ff397dbcc41,COMPLETE_FROZEN_INPUTS_UNAVAILABLE,NONE,false,false,ADJUSTED|RAW,REQUIRED_INPUT_UNAVAILABLE,2026-01-05,SILVERBEES
false,421f997ca9f80181d1d02a167621bb1ba408ba78e34bad44b590b8d340bedb99|544e0478a9db8009cb7e8561272dc7e46fb84e1b4052982d23fdafa5a8643020,false,d38aa559f29519fe63d3bb50b3f33048859d52a4f37e3c9b50400e9a44a7659a,COMPLETE_FROZEN_INPUTS_UNAVAILABLE,NONE,false,false,ADJUSTED|RAW,REQUIRED_INPUT_UNAVAILABLE,2026-01-22,NITCO
false,42268b3dae4d59ef97154080011e261927d69d09cd02ebee2a70d4a019482da3|bd4b8f418d674c4e33c02cd36215912f0101753bbc2443d3543e83604c955904,false,c3416ba3f46edf37c77b16069939523f2482de22e35a0ed4d48e49e824efe130,COMPLETE_FROZEN_INPUTS_UNAVAILABLE,NONE,false,false,ADJUSTED|RAW,REQUIRED_INPUT_UNAVAILABLE,2026-01-01,TATASTEEL
false,423a728bde67928b97ce811ae68b110939e3eed8d5085b404db387f2816bb6d4|66c34c65675909d51b19820bbd004e9efec2557e50746530aa661dcc028ef697,false,5dd74dc4abec1f8fb0ebf59f57df12553445274e308066c6019fbb73dfdad652,COMPLETE_FROZEN_INPUTS_UNAVAILABLE,NONE,false,false,ADJUSTED|RAW,REQUIRED_INPUT_UNAVAILABLE,2026-02-03,POWERGRID
false,4269759e62e3f5d071d4c0d1455b65a64b7dae87330ce64fa5f70c233b58f31e|cd67f1b8882c078e2abfc004da30a9ef4ddec364d26eec2a855db1428ca69857,false,a4c715a5fad16f8a6660e4780d031c30f0c19ea23416dd04b7c54a91221429ad,COMPLETE_FROZEN_INPUTS_UNAVAILABLE,NONE,false,false,ADJUSTED|RAW,REQUIRED_INPUT_UNAVAILABLE,2026-05-20,GMRAIRPORT
false,4291fe78ca445789c8403c28975c37f89328296dcbb4516fa019045325813919|a726f1a7db67781ed000dcba1bb56bb226657ba36bdea4e0ed7d0d5f8f42bc3f,false,d71cd3908692fc958aac72face4b507700817878b18b998fafc4623ee662980d,COMPLETE_FROZEN_INPUTS_UNAVAILABLE,NONE,false,false,ADJUSTED|RAW,REQUIRED_INPUT_UNAVAILABLE,2026-02-20,GTLINFRA
false,42de0d75383930daac746e00bde2daaa0dada4172630f1f1b35a4c0e8e522fea|a5b6699fdc37fb200b72336d1f70419792aa7b468c7f63bfd86269a85f2627f6,false,35d6f8a2e1d256e9e00bcf9d1b784c6675dd49460b359f56443009f56889e7ed,COMPLETE_FROZEN_INPUTS_UNAVAILABLE,NONE,false,false,ADJUSTED|RAW,REQUIRED_INPUT_UNAVAILABLE,2026-07-10,PCJEWELLER
false,42f1f36e794a2642433c0577e413fa82c0f48f7da5d674e6c694c6e651fd5005|49eb7409753e4ab66800b56bef5015a9c26ba71e6149847fb92a90a41064de70,false,821c195b0d7a1be3c66e4e6dbe0b6d8d4a507a669b5676f92d785602dd303192,COMPLETE_FROZEN_INPUTS_UNAVAILABLE,NONE,false,false,ADJUSTED|RAW,REQUIRED_INPUT_UNAVAILABLE,2026-06-08,ASHOKLEY
false,435720df5e2b9a13f566103bc81dd3c39edb850bd4ae5edcac67eba9a0595ab4|b9d3063e55eba4f9899ba55002483145a97c770532adeea830123e1be05617eb,false,316765417907c4645fd3a782af0f4aeec8dd218058d5d725e4ecbdaaae57e2af,COMPLETE_FROZEN_INPUTS_UNAVAILABLE,NONE,false,false,ADJUSTED|RAW,REQUIRED_INPUT_UNAVAILABLE,2026-07-17,RELAXO
false,437cb8c6ee9ff4477b68adeb8e72f10982ebf05c25ddd2c1ebcaa1354e339046|565b3abb1d622c9e8a25974eca288001eb7f508273000a58f25704f316ce9fb8,false,8edc582fc630c5ed127df873f2d219e42b60f97e09df51841b597ebcc5743d16,COMPLETE_FROZEN_INPUTS_UNAVAILABLE,NONE,false,false,ADJUSTED|RAW,REQUIRED_INPUT_UNAVAILABLE,2026-05-07,GTLINFRA
false,438678ebca91f4baafb76db7fcc08dfa4dba75aa2131201c41efc10e1a476ac8|ebe31a2ee65b12ce1d3641b91a94c045fbe91ad307cbb49ba038d8add5a293af,false,4d779d015ef5345049a4f53686cc72cc8fc8ed33bf744d3159e1f418bb30391e,COMPLETE_FROZEN_INPUTS_UNAVAILABLE,NONE,false,false,ADJUSTED|RAW,REQUIRED_INPUT_UNAVAILABLE,2026-03-24,PCJEWELLER
false,43a5491f9eef8109d4bfa8f5101e8f29d0d856947254aa1ac92cb51f1ccc6d56|a1237577d781e89246da927a60d4f0502f78608dd953774481f03ef7177f2d49,false,27b331d29459d0b7077819fc412c12c2ba89ef26a769d2cf24a2c7b81980806e,COMPLETE_FROZEN_INPUTS_UNAVAILABLE,NONE,false,false,ADJUSTED|RAW,REQUIRED_INPUT_UNAVAILABLE,2026-05-13,GROWW
false,43ac75a991dadd7d0d545b592bfb940b177cc10f6b6482f04a48ea7d192b944d|bc4fb99bc750ef995db002a2cf3fba4566ceb47cc52bcec585763e26b68ada12,false,b6924df6f430845d7cb46ff61264c81c73fab4bbbdc26dd93d209b861a24efbb,COMPLETE_FROZEN_INPUTS_UNAVAILABLE,NONE,false,false,ADJUSTED|RAW,REQUIRED_INPUT_UNAVAILABLE,2026-05-05,HDFCBANK
false,43c75b2dabb272d5b4c4d7d3960cd4e223041f373f2c4704a7aae21f126da8a5|8d6594a2cf64068203e51440ef063c51990226446763652f9d3f068e29f3de63,false,3cce48d5673a7f1e62bf5182e05a33fc6555d6cd4a6cc6ff518cf1d8f0dc88c8,COMPLETE_FROZEN_INPUTS_UNAVAILABLE,NONE,false,false,ADJUSTED|RAW,REQUIRED_INPUT_UNAVAILABLE,2026-03-17,TATAGOLD
false,43cd7f6279cc376705469217861691f65655d62336849cd176a2a8d495b2e136|886f8986d01a3a54126eea4da772262baa25f6c116f3047ecae276d75f087c3a,false,3184d33b7a3f6fca07317fa311ab01193ce4c479cb5173d7284cf2ec064f8e8e,COMPLETE_FROZEN_INPUTS_UNAVAILABLE,NONE,false,false,ADJUSTED|RAW,REQUIRED_INPUT_UNAVAILABLE,2026-01-19,UNIONBANK
false,43f49dab1085bbdf674cd57e8ba0c5f13f8f809aea1df3cd81271e5ed01c8a68|76157f75cf43676251a868378a19a47910ae1bf278443c275100b962a9b2b95a,false,0ea0660cd9e0c040db1e7c647872d47fce5a03fa0e459c32d1334b453c5c28ba,COMPLETE_FROZEN_INPUTS_UNAVAILABLE,NONE,false,false,ADJUSTED|RAW,REQUIRED_INPUT_UNAVAILABLE,2026-01-19,IFCI
false,4442940a63cb942ce26eafe5d343843a9e01c7d9a1b61c0d763f7a8af39fe6ba|601122d07de2dc23aab2cb77ed013ffaff6a2ed7265a46b94c1f347c15d3a048,false,c953d4bdb5f8b429cfacf91efda03058e94ae6730af1131576e5c7e208f0d247,COMPLETE_FROZEN_INPUTS_UNAVAILABLE,NONE,false,false,ADJUSTED|RAW,REQUIRED_INPUT_UNAVAILABLE,2026-07-14,KALYANKJIL
false,448cb866f87bc23fa6f9ba9600fe79f5ee96d5bfeec9bedb033db69c84d8d98b|89c7e185011bca1e020d99e1bfcdd1ab6b734e02f5b2a877c394fa36e208cdc5,false,1111b6dd1707c353b9cc14b1b880fc248df59d5ec33e1ce9b1fa12a959d3cc65,COMPLETE_FROZEN_INPUTS_UNAVAILABLE,NONE,false,false,ADJUSTED|RAW,REQUIRED_INPUT_UNAVAILABLE,2026-01-07,PCJEWELLER
false,44a1db96002ba1b6ca62475749772337be38b0600962a4587b40115a06336420|e7432fbd971d4d4e9645305341f79b70e1f6f4b18c93429e4fdd65d2aad98c99,false,448985dd186d7432fb942399d2205243171687394688f7c6fc6eb93e7e264d01,COMPLETE_FROZEN_INPUTS_UNAVAILABLE,NONE,false,false,ADJUSTED|RAW,REQUIRED_INPUT_UNAVAILABLE,2026-05-27,OLAELEC
false,44b30b0056c2c1211cdefd70be6a0d0a932fecb2861aabdbfa374fb589d273ab|7459e5098d0d45623adb694e9f39e30c0c75d5bd539e34cc129adc00ce18ef76,false,ab1f330cfb15320e14e45953bc26e65528c20f9d395049ac55cb048a1895a702,COMPLETE_FROZEN_INPUTS_UNAVAILABLE,NONE,false,false,ADJUSTED|RAW,REQUIRED_INPUT_UNAVAILABLE,2026-07-08,PCJEWELLER
false,44bef0d44d1b6d374bd75dda62c97b43fae61fc784deb7e937220834705eef07|629e4a17be1a752f0aee8f989cb769d62ff52bb4c4b9a76884a88dc5294a6c04,false,8859b6785114051270781494e71d199024521afc78d1d05f607d9ad322772119,COMPLETE_FROZEN_INPUTS_UNAVAILABLE,NONE,false,false,ADJUSTED|RAW,REQUIRED_INPUT_UNAVAILABLE,2026-06-16,HDFCBANK
false,44da4b210d26d59235a7c7e9b09642a5bc2e5d302b5f549747643b2d30e926b7|fcc12ccba20b065f3c307085fb197e14e5fc21297e56f77c19e3691bb609be74,false,f23cab117ceb353ddbe5a04cbb9caad0a5305c649cdc6e5f4210c2025d73bdac,COMPLETE_FROZEN_INPUTS_UNAVAILABLE,NONE,false,false,ADJUSTED|RAW,REQUIRED_INPUT_UNAVAILABLE,2026-02-03,MASKINVEST
false,44db4e1c59c7ec9af02e0d024d645f52e120386586079c05b20b335beacfe373|9eeabae945db39c78092a820fa6616774974cf4a087f622f8cc6730fc3085e47,false,463ca1e80601e13a7aa74bb8d8e3f2867411c899145f092e7501d23195689b57,COMPLETE_FROZEN_INPUTS_UNAVAILABLE,NONE,false,false,ADJUSTED|RAW,REQUIRED_INPUT_UNAVAILABLE,2026-07-20,BECTORFOOD
false,4532c842d0168cba954dfdbbb6fc7d68d52075bb3ffe1554e08f7ac94428253b|715db233d1313a71930f92c9327327f3b66919563e506ebb67d528d6d9d3a8be,false,8454c3781bae05b3ec2504e4228364de80e842adb49da6df3ba59571bf59abec,COMPLETE_FROZEN_INPUTS_UNAVAILABLE,NONE,false,false,ADJUSTED|RAW,REQUIRED_INPUT_UNAVAILABLE,2026-04-10,FILATFASH
false,4547cf1164a4c8161929bd49ee9137157288f4a0618dc7cd7b4032f6d92c1beb|943ed32134e897f84b7c94439846ec9bf79de4c0256d8bb6152af2c1887ea456,false,259c8c187a821048f8af196f1bcfefd97afb16fb6838ba45d05547a72559e9bd,COMPLETE_FROZEN_INPUTS_UNAVAILABLE,NONE,false,false,ADJUSTED|RAW,REQUIRED_INPUT_UNAVAILABLE,2026-07-16,BECTORFOOD
false,4548b759b4d606ca186c6ccdfabe3ed58c982e976494028373603b782a5db7f8|f344e34fc987cd6a79edbdc7d3a8a0518faa1c0154ac23a763433d7c19755197,false,987a8698a01c76b0f458efbc98ab473e1e6b81184da63e33875703c671d594e1,COMPLETE_FROZEN_INPUTS_UNAVAILABLE,NONE,false,false,ADJUSTED|RAW,REQUIRED_INPUT_UNAVAILABLE,2026-03-18,SILVERBEES
false,458bf6bd2074cc6aed39ddf1a68aeb9e80e01fb8f812f0144d3c8fec3781527b|5c0141a3ca04fb07305bde3306d3ee4f59ef7cf5562b6da62299b0d149f2ffdd,false,2d0db311d2233755eb9a713760b7021904b48ce22aca0c9686e36970814e8144,COMPLETE_FROZEN_INPUTS_UNAVAILABLE,NONE,false,false,ADJUSTED|RAW,REQUIRED_INPUT_UNAVAILABLE,2026-03-12,ADANIPOWER
false,45ae1ea4f13b205864b5f8942563ec06a9290991af313be4624e6a4eedf0ba76|de090579385c71bc6fd72c14af967557073274cbcd1d1c56720430151d26246c,false,73e279f8944c2354198a5e176d31be1a15664e52e9e91e2bd7bb0955444274a3,COMPLETE_FROZEN_INPUTS_UNAVAILABLE,NONE,false,false,ADJUSTED|RAW,REQUIRED_INPUT_UNAVAILABLE,2026-03-02,HDFCBANK
false,45dca7ada756940ff8c6c127b8ea20883c703f8240a645c3fa7f3afcbc67909a|4d6a46ad8740a9ec3dee4083522af9641bb9915f1214be9fda10bfe4f73bb2a7,false,abff23ea7d08fd659b663d2e6061c371a3b4992bcdeac9defd8bd4d100bf3e28,COMPLETE_FROZEN_INPUTS_UNAVAILABLE,NONE,false,false,ADJUSTED|RAW,REQUIRED_INPUT_UNAVAILABLE,2026-03-25,GOLDBEES
false,45ef2d66821f4b3298339ce5cdafe209e33caa0a43a489431cf6255f564a5383|76b7568c8c68bc5f986e18d95ec180154a1c4741a7b388102004f70cc556632f,false,a7ed417bfad527148d8f29561c70e56559c60cdac6ad663f45db059ed99827ac,COMPLETE_FROZEN_INPUTS_UNAVAILABLE,NONE,false,false,ADJUSTED|RAW,REQUIRED_INPUT_UNAVAILABLE,2026-04-02,TATAGOLD
false,4600be42a4d5d8db2371fc3cecbf307d0814186384c1e80dbb82d116b85c3c9f|518e67e2800e5bdeee626651ecd7bd71e22991f43e5089afc7ded651f59c4b5b,false,eb4ae06811b6927903320ccd6be14f54dac37503eaa046086f76048a6e4f922b,COMPLETE_FROZEN_INPUTS_UNAVAILABLE,NONE,false,false,ADJUSTED|RAW,REQUIRED_INPUT_UNAVAILABLE,2026-01-05,GOLDBEES
false,46035741a8b0d1a58ebe72aa57663191239c4f9ecaef2b636b230bed4c0d4334|fed3f2cdde5542657236f6709495d9a7a27c10669e569143021a1af0febd4e9a,false,4d04658787273996e71ded7e2d57f8b600a391f2c51df16104c3b2e03807a900,COMPLETE_FROZEN_INPUTS_UNAVAILABLE,NONE,false,false,ADJUSTED|RAW,REQUIRED_INPUT_UNAVAILABLE,2026-06-12,JPPOWER
false,4624558a40cdbb9783749e7bc4864c7d300b5573e788a7ce22afb13b5dec356e|5190ee5d62fc2aa948a5749beb3b3d8029dabd15774c80d07901abff3f39df74,false,23e4b1c0a7ca7ad31fada9785d42ad8a968de2eb5a8fb7f77db7d2e059c3c1a8,COMPLETE_FROZEN_INPUTS_UNAVAILABLE,NONE,false,false,ADJUSTED|RAW,REQUIRED_INPUT_UNAVAILABLE,2026-05-04,ADANIPOWER
false,4636395a82cdf49d0565c3dfe7b6e645880d53b00d4e8dbf293913522bd8d75d|b2fa1737780c1ac9842ed08f785882d410e0e0373e1efe49f6cdb705037ccef2,false,1628d38405aa772d79fd6efef0d68ac879acce59a2379cf75446377769346e9b,COMPLETE_FROZEN_INPUTS_UNAVAILABLE,NONE,false,false,ADJUSTED|RAW,REQUIRED_INPUT_UNAVAILABLE,2026-06-18,REDINGTON
false,46c69344a8890c862597a8633730b8087be2e0816c3658d37f62a5d4b5d1cdb0|90500b85880900a8a4d8c58b06428570734923f473e45dc00dd12c3c888fbf18,false,31b71ee808cdeba47437fc5c54b600cf76159f1cc6e5f77a4351836368824df3,COMPLETE_FROZEN_INPUTS_UNAVAILABLE,NONE,false,false,ADJUSTED|RAW,REQUIRED_INPUT_UNAVAILABLE,2026-03-27,YESBANK
false,4714d40e41ce61473ec32a55c5a843a50d906906525206ca4a6da2a0777fc777|6a8bf36f4185a306b088cff8fd23dc7c3103f35def7e37b59ff5cb0eb7f334f9,false,8493b89f3fe4304fb608d62de8201c7664587121ef43d6ffad86c92cf8407bee,COMPLETE_FROZEN_INPUTS_UNAVAILABLE,NONE,false,false,ADJUSTED|RAW,REQUIRED_INPUT_UNAVAILABLE,2026-04-20,SBIN
false,474f80386ca8866708982cb56230707bcbbdfd60b15bfa74c73df5f9517ea208|f05c5d0b8901adec548adc18a87e961d130f23177e6894e99aa4c9ca83cdef6b,false,8ea19391e525e1053a94ac26b4a85b048341c3d8a5b88bdcff738581bd211643,COMPLETE_FROZEN_INPUTS_UNAVAILABLE,NONE,false,false,ADJUSTED|RAW,REQUIRED_INPUT_UNAVAILABLE,2026-05-12,SEMAC
false,477130b1812fd12b8659426c3b984e567dfe94df11db951aa784a37f08d7ac92|bf2384cdd9221b917d8938285746c0659211db56bccf12d807ec2df6b92e4f28,false,9d6ba4a7ff15ba330e9ab98655076be02974801f396a82e252f7fce74c532b7f,COMPLETE_FROZEN_INPUTS_UNAVAILABLE,NONE,false,false,ADJUSTED|RAW,REQUIRED_INPUT_UNAVAILABLE,2026-06-02,YESBANK
false,47831598ecf2547cc64d21859abb9737785d01915175f5541bfe4795f4b96b9c|6b22709214a30cb952ec57299f360a60824c510c2ec468257d09f7cb07e0c83b,false,e37c69ebc1e1939b83799e36f71c48b25170d9f126b2f5bdf67911cb956d20af,COMPLETE_FROZEN_INPUTS_UNAVAILABLE,NONE,false,false,ADJUSTED|RAW,REQUIRED_INPUT_UNAVAILABLE,2026-05-29,MOTHERSON
false,4794c89c4563632ff6dbadbfa5e6102848bdc58b6d7b9437ee627ad9b67d505d|ab7ca59128c47920fbfe67583eb902c46cac16878f9bfea93a59e55a03920619,false,77d16cd6edeaa7858f829afeb53616a658fdc3267612e350df82608509badcd3,COMPLETE_FROZEN_INPUTS_UNAVAILABLE,NONE,false,false,ADJUSTED|RAW,REQUIRED_INPUT_UNAVAILABLE,2026-05-11,YESBANK
false,47d3d5f5e93e6e20e1f5484e8992a8715bdd8127b48dbeb1031fff40ddebc67d|931ebb5d3a000abab52460a810d395384fa85f9559ac79666205a7f5d3cdd7c7,false,f0bbb7cb47f830d5cc2a5e692ddfb8cfd8b3d9a29331a1ad7d20f79983f094dd,COMPLETE_FROZEN_INPUTS_UNAVAILABLE,NONE,false,false,ADJUSTED|RAW,REQUIRED_INPUT_UNAVAILABLE,2026-05-29,FEDERALBNK
false,47f26e51e43a97cabaeb4c00c99831765af6485b5b8953536cd59eb380c8e5b0|9cccccb51664e7110e304a50ba690aea4d8af64d3dc58dbc1fcb99e3a1e8e15c,false,ed505f2a0daa1291dba8e535aabb849c902bf4e3dcf7185f59b4ad12a39ea3f6,COMPLETE_FROZEN_INPUTS_UNAVAILABLE,NONE,false,false,ADJUSTED|RAW,REQUIRED_INPUT_UNAVAILABLE,2026-05-14,NLCINDIA
false,47ffd19b2b39865db484429297ff026b21b1844f314b1f5695145599274373a2|5501d2b05bbf78f432a91142536957240f78a697e3cb34d939e2426735088f02,false,1baab1c8bf6ddfb7be0a0ab6868272afcb26bdbd6ddc1fcf3830cb7ac423cf92,COMPLETE_FROZEN_INPUTS_UNAVAILABLE,NONE,false,false,ADJUSTED|RAW,REQUIRED_INPUT_UNAVAILABLE,2026-01-06,UNIONBANK
false,481ebf4009b275379438e070fc8c39e4344996562e9cec07f50a52c40b1fa653|b0a45aa03f26ccd93cdbc3a7ff77a4556ed0b5ffaa1e621f77fb676e087a521f,false,3639b167a25b22ab9de6318d2a54dbb9df62d00abf486014d2794dfe2f7de20a,COMPLETE_FROZEN_INPUTS_UNAVAILABLE,NONE,false,false,ADJUSTED|RAW,REQUIRED_INPUT_UNAVAILABLE,2026-02-19,TATSILV
false,48364f22f0574442158c071fc80afc893d7bd18e3419e1be1871884f848561bb|b4502a4621781a7ef1c6091433e31656f86df7a87bcdc8381b7a34df41d731a7,false,323460dcf570003dac3e947a183029579db56087eb4eef5428dffa10dc4f45ef,COMPLETE_FROZEN_INPUTS_UNAVAILABLE,NONE,false,false,ADJUSTED|RAW,REQUIRED_INPUT_UNAVAILABLE,2026-02-03,SILVERBEES
false,4855d8a68909d7a49d600837836e6faad6829dddebe6406d8327782432a5a2cf|baba7956532b52c8e8dc871c2d0cc39045f24915431a6cbb1e001698b55da5f2,false,1a4a3f11a27a0e2cf795bdee4cac214f040ded41fd9d3d3e5d48a1faf3b4320e,COMPLETE_FROZEN_INPUTS_UNAVAILABLE,NONE,false,false,ADJUSTED|RAW,REQUIRED_INPUT_UNAVAILABLE,2026-07-15,TIMETECHNO
false,4856ba71973f1d1175689d79fc539c3732f1fdecb54540ee27c62de708a2e09d|b801e2f2419c7f299664b42d8ec486ff1a86631878835d44c0d86a07702cf647,false,b6daba12e7d19e41829af4cd9c4124d8ccf39564b4aef78de1fac263bcf4f348,COMPLETE_FROZEN_INPUTS_UNAVAILABLE,NONE,false,false,ADJUSTED|RAW,REQUIRED_INPUT_UNAVAILABLE,2026-03-27,FILATFASH
false,4862abeb8f18742bdaa55ca688ada6464bd558b3a7f0fd72ea5c02168f75190a|bc479ee6ada6e8583085fcefa6050741bd23b31cdd66800bbf9e804d698b36fe,false,fd27bc04f3a1b634b14c0675e2895855aac0334a83087e7c4e4984379889c8d9,COMPLETE_FROZEN_INPUTS_UNAVAILABLE,NONE,false,false,ADJUSTED|RAW,REQUIRED_INPUT_UNAVAILABLE,2026-06-29,TATAGOLD
false,488b7d947f8ed99a2bc587e898ebd666f12edc2f0c398b56a80bfbf39dcaac95|5e9579d590fdebeca1936e8f800a913cba96c807a555269a97d0f4a223d60d1f,false,995643c81dba15b258dea27ec9b1d16e9fd6e868bb32a566f40e762b0fc43a9d,COMPLETE_FROZEN_INPUTS_UNAVAILABLE,NONE,false,false,ADJUSTED|RAW,REQUIRED_INPUT_UNAVAILABLE,2026-03-13,GOLDBEES
false,489fc9dca8540c4699e7eb80c97be19450106ecf0559d32c4c02c55f937b1692|536a7f646afbe28e3e35f4e739c93ef84a1bedb91a898152c3d645af1e4f6b50,false,8a2af36b5d5be36839e8ad616cb0f6c561456bed07c3aa17aee0bbbc91f05403,COMPLETE_FROZEN_INPUTS_UNAVAILABLE,NONE,false,false,ADJUSTED|RAW,REQUIRED_INPUT_UNAVAILABLE,2026-03-19,TATAGOLD
false,48d6b334e5f3bc3ffcf80d0212b4ae140930d607a8e15a559cd8b92c12896ed2|c8e357e51e6153e6f7ff2cfea5ba23ca81d7c69598bf168408628559a4803fb6,false,3f7d4147b346c41e4c0cf988b573a9de791e995051625896ba0218a219ca0f73,COMPLETE_FROZEN_INPUTS_UNAVAILABLE,NONE,false,false,ADJUSTED|RAW,REQUIRED_INPUT_UNAVAILABLE,2026-06-04,GTLINFRA
false,48e2e777e2169197a6e5ca877f095898b0de7f540b069e6cdd61a10bd7b6d630|a311711e1acd8c55d81be3c0e04aa935932f2cb6dd980989bfb6794c154c39bd,false,a3f880366bb43bf9b7f8cc65f3652871a481131358e1e8201d61914309b0b294,COMPLETE_FROZEN_INPUTS_UNAVAILABLE,NONE,false,false,ADJUSTED|RAW,REQUIRED_INPUT_UNAVAILABLE,2026-01-28,OLAELEC
false,48fb036888ec08d680e8a3f4014840eb796d22abd7f994a4ea3c4204573b6cc0|615c5ed1456dc32541e933b2367ab0fe2ef3a999b683b95f30ff8ced26f5e595,false,49fab86360ca7ec3514226b157482b0a31d1ac5377e4e0aa22f74240a889e048,COMPLETE_FROZEN_INPUTS_UNAVAILABLE,NONE,false,false,ADJUSTED|RAW,REQUIRED_INPUT_UNAVAILABLE,2026-06-01,COALINDIA
false,491aee17f320128f8a47d52b69195d48afad1a078cb5547779201221b429e58b|c8ee04d9c61b1dd26dd198fd560dba7cbf3dac8824a2e114bc4ad108dd00d75c,false,f477357176688ae7e076cd7c1ef8f6b769383188d587a4f5a79ec2e250fac824,COMPLETE_FROZEN_INPUTS_UNAVAILABLE,NONE,false,false,ADJUSTED|RAW,REQUIRED_INPUT_UNAVAILABLE,2026-01-09,ETERNAL
false,4935e297d45737d52e3c3b93ccda32f9fbe25d308d5bf7764aca95d539134aa9|ca517fa11c466233dd033d890b06e85f20921facb7ad558298538a184f5b3d22,false,14e8430cc7f5772c592053f3fb920f4d39d44075a8a8b4e858365fc086db7257,COMPLETE_FROZEN_INPUTS_UNAVAILABLE,NONE,false,false,ADJUSTED|RAW,REQUIRED_INPUT_UNAVAILABLE,2026-07-09,BETA
false,49410469d2f8adee88acc9943c177d3dede7d18ac9ce786372161962e2eacfd8|98441697e44605df6fb4d209c970380a00d66c79975d2219f9a2e9eca56a3d11,false,8dd86bcba61bf173e986c61ca0bbc253091a3016279beca0f323a73d4f485f9a,COMPLETE_FROZEN_INPUTS_UNAVAILABLE,NONE,false,false,ADJUSTED|RAW,REQUIRED_INPUT_UNAVAILABLE,2026-01-01,OLAELEC
false,49874782da99983fb3dd6db98fa4f81e147f1500afac368f999dc92098fce0e1|788a29bf45e1d9e3eb3bd9aace44414e4e5728ab148e4f567454fbc0eaf37237,false,8a1ad58c57b13ea5980ae66b07caabd72a5e012fe217ed991f900b1e76ae3b2d,COMPLETE_FROZEN_INPUTS_UNAVAILABLE,NONE,false,false,ADJUSTED|RAW,REQUIRED_INPUT_UNAVAILABLE,2026-06-09,PNB
false,499fa35f3204c0744dd482538525c5af2511af521384a8f8a83f7510845d67f2|decd298485a1eb1768d221da778a358a7392524c8f4d4b43a9a51c676408b85e,false,3801d5c831f1ab8c3a228434a880c111bd08825e8a6b8f5a2d7746e91926fd90,COMPLETE_FROZEN_INPUTS_UNAVAILABLE,NONE,false,false,ADJUSTED|RAW,REQUIRED_INPUT_UNAVAILABLE,2026-07-01,PAISALO
false,49c351001ba53a45c14f734de5cc36ce1c51e4ab1fc3c05b9ade34d5b2039780|5b2f004883380f585cb6f226c7d445aba4a67900f9fe1f066cfe1e3a7c07792e,false,0583568e929a3ae5b04d0e6bff812be0be876ac3b6c4ece4bc9d56e13ea9b273,COMPLETE_FROZEN_INPUTS_UNAVAILABLE,NONE,false,false,ADJUSTED|RAW,REQUIRED_INPUT_UNAVAILABLE,2026-04-06,JPPOWER
false,49d60ddf4f5719a65cbb03bcb96e757330188994830340376b4def4010490ef4|542c7485a0235ce03eea850fd0d274e2345a6c49d1277bf64ea0b9be86db760b,false,5477a3584c872b5e5209a19652ec06092d8464e466afeb8a739592dec4b487fb,COMPLETE_FROZEN_INPUTS_UNAVAILABLE,NONE,false,false,ADJUSTED|RAW,REQUIRED_INPUT_UNAVAILABLE,2026-02-25,SILVERBEES
false,4a03fa58e8664d748eea029c392122179cb9987dfdc20894396a8af2af49bea6|a01cee61b505ccc78415de11ac18ecc25fde79168db3da489038465d60a66b85,false,30dbd70da66260ca5431266cd73a5177c829a6597bc8b5e24a9cb8d9ef3b1235,COMPLETE_FROZEN_INPUTS_UNAVAILABLE,NONE,false,false,ADJUSTED|RAW,REQUIRED_INPUT_UNAVAILABLE,2026-01-12,SILVERCASE
false,4a3ddfb29f9788244d5e5ec69d8d347171eebf910feb1fd41ec8e7c8d708a1dd|a66f3910de876ec5a5034b00c1eb84d6da7b050b6655608326041ff4df3ee92c,false,e9ff15358f04d9d1db6794d0d14330b7f9db65b3c5b0e2a5c78fd19564fa905e,COMPLETE_FROZEN_INPUTS_UNAVAILABLE,NONE,false,false,ADJUSTED|RAW,REQUIRED_INPUT_UNAVAILABLE,2026-02-10,YESBANK
false,4a9f9d7de620c8d7c0f1aaa8223cfb46a6769eb209a7fe36eb5491197f4c3327|58e4e9f4b340e136bbfe3b3dcc54b9c4f291ea05ac145b67f7f4d254fcc5a493,false,9819a13fc28c29f6ca55b3193a4373311049e86cdbef66686adba8f0744a93cc,COMPLETE_FROZEN_INPUTS_UNAVAILABLE,NONE,false,false,ADJUSTED|RAW,REQUIRED_INPUT_UNAVAILABLE,2026-07-07,HDFCBANK
false,4acfd8b074afd1c035fa6132e94c44b7c5890121ccef9f114edc51ed37a4715b|cc3f7b391b5e3c2db3440b2c6839542c902cc92d4780fcdc0869b147fa3161d8,false,96a817864fdb7cd6401c44fd5fcc8ae7521716b544ea1a579ae8e7c5060a2dea,COMPLETE_FROZEN_INPUTS_UNAVAILABLE,NONE,false,false,ADJUSTED|RAW,REQUIRED_INPUT_UNAVAILABLE,2026-03-05,TATSILV
false,4ae4fadcd5bb4d9c73ed78e9a6207a9cc50785ecd50e5166e2f22d0c3cec792c|c11ea6032ac6beff05da4adbf8fbc3370a7c3cc5ff4349094ca58e197cc2627f,false,9b4bc2cef888b9191eece9ad9aa17e1a07b242bb4528ffc50074e9d9e60f2979,COMPLETE_FROZEN_INPUTS_UNAVAILABLE,NONE,false,false,ADJUSTED|RAW,REQUIRED_INPUT_UNAVAILABLE,2026-05-15,TATAGOLD
false,4b57413524746a6bed34649cc9b37f4dc3f135bd94cd74b7e42eed3dcf0bffde|a36a07cf38ff3efea9c6871b04c65e589394f789fa9be3cdaf61480c5808ef4a,false,12313a74e632ddc6ef7e38b8cca46f420b0af76f2f6fc1e1f2af9cea805c6a32,COMPLETE_FROZEN_INPUTS_UNAVAILABLE,NONE,false,false,ADJUSTED|RAW,REQUIRED_INPUT_UNAVAILABLE,2026-07-10,GKWLIMITED
false,4b96a74c380aa4280bc7a95564ecbb8e2d119179ce42c42b7c7ad2e9f925d7c5|4c9589ab0b040ad3240d314bd00dbcf6c9b698efef84221c09a415e7fc70d646,false,bf835d211ac2e9f0fb1a03fc6dab01fd828725f1e803e0c3410dbce7a4783db2,COMPLETE_FROZEN_INPUTS_UNAVAILABLE,NONE,false,false,ADJUSTED|RAW,REQUIRED_INPUT_UNAVAILABLE,2026-02-06,YESBANK
false,4ba38a6bb2adfe1e052f0d85eed9a287552e6f60a2779e26f3854cd401056aeb|e5f651822513eaf712be26baec692595ea30e64c731019483cd18051dc474302,false,d77f8f6c7c7be5d5d8f57298cfdc75e4f0732e1d6096aad94ef75749989900a3,COMPLETE_FROZEN_INPUTS_UNAVAILABLE,NONE,false,false,ADJUSTED|RAW,REQUIRED_INPUT_UNAVAILABLE,2026-02-23,MOREPENLAB
false,4baf96542d182ccc5e9596e7d781ec0a8f29d0af4da14efe180f8adaf37effa2|cf2d6dd2dad0e714deff6bb0ac3f105436e5c4743aa0726b1a97d3a83d7d93b3,false,3f2495ac1ffa9b0cc4e82f4de0c02b256dc4b8607b9b904f80be4adebc3d515e,COMPLETE_FROZEN_INPUTS_UNAVAILABLE,NONE,false,false,ADJUSTED|RAW,REQUIRED_INPUT_UNAVAILABLE,2026-05-22,OLAELEC
false,4bb76384ad4b2e026fc61b23e7ca75574c1e6e5c4b170ec254c6ceb296a4eb8c|8d4c1217bc6780ecbc447a42336f8be09c13867568d325871bc30baf5686fa38,false,c81eb778663922155f03267456914b89c4aad23d3ef40b9ebaf7f8aca5dc24f0,COMPLETE_FROZEN_INPUTS_UNAVAILABLE,NONE,false,false,ADJUSTED|RAW,REQUIRED_INPUT_UNAVAILABLE,2026-04-22,GTLINFRA
false,4bcfd4ac5b77cc71d0235df2cdb57eb15d65073717dee5149c209c0a19276f98|874f664e1614fe00da1100701f7eff40b0646779578aa0d46229edbabe8990cf,false,4e0aeef8a5134e400bb6e2bd43d172e601d0f55ccf564e372444c98da550d254,COMPLETE_FROZEN_INPUTS_UNAVAILABLE,NONE,false,false,ADJUSTED|RAW,REQUIRED_INPUT_UNAVAILABLE,2026-07-07,GMRAIRPORT
false,4bff00c5bb4d40595d8a140cca97b0e91411428361a9e659ec280919ba73eb45|b747c8c15034416400456ab26aae596c27825d6e0468ec4439e33046efe05972,false,61844de8bd9b75dbd0fae608f6d88fd8015841c81e8e548204a168ccddd72b84,COMPLETE_FROZEN_INPUTS_UNAVAILABLE,NONE,false,false,ADJUSTED|RAW,REQUIRED_INPUT_UNAVAILABLE,2026-01-01,TATAGOLD
false,4c1a03c8a06e374f0251c61b470e335e3fa3c12d0d18a2002dfcb64af745da0a|6cf114688b67ef7ebd1828543ecce1d3be1dceba12b2bd643a91abb80b0505a6,false,ff7c2a254491a5e1476c90d3d17cd64dc086000763b2504d252a2c00c17a6710,COMPLETE_FROZEN_INPUTS_UNAVAILABLE,NONE,false,false,ADJUSTED|RAW,REQUIRED_INPUT_UNAVAILABLE,2026-06-02,OLAELEC
false,4c57f3531d2c07f66aca3d1ed3e3ab2a81064b51c66d7d18b1eed12dbdc7282e|7fb654467cb5f7a58ef3efac323c9313b638b64901505ce0f6a94c53374aa35d,false,711c68aa6b83d297416d36a8474e6dfa13fe1af3c74dd4a655386536856ddd03,COMPLETE_FROZEN_INPUTS_UNAVAILABLE,NONE,false,false,ADJUSTED|RAW,REQUIRED_INPUT_UNAVAILABLE,2026-03-13,NTPCGREEN
false,4c81a15aa35cddc78ac768421400c40de1b9c5ece660e434881700d844b6b02b|63451f98f0ace71a6f3f86c29b1fd42ad948eb82f8ba7007ee5733a59a26efe8,false,2a32a8bd0fcbc33041bef8395fba8d7b547facd9b7d196cce139859d7beb6f25,COMPLETE_FROZEN_INPUTS_UNAVAILABLE,NONE,false,false,ADJUSTED|RAW,REQUIRED_INPUT_UNAVAILABLE,2026-03-12,JINDALSAW
false,4c8e7c956473960cf98f836b14da9cf7052dfae6ef8dda0d8f3763443902c74a|d8e4f0188eb2cfb6bb875fcd573b6c377914744a8e358730a7270de189654561,false,74366d66b3e443472ae59f53a68b19faa736cf756047b26468c9f35e46a53213,COMPLETE_FROZEN_INPUTS_UNAVAILABLE,NONE,false,false,ADJUSTED|RAW,REQUIRED_INPUT_UNAVAILABLE,2026-04-08,OLAELEC
false,4ca97e2b43b0eebf5b4eccc1d34a0e99d8f89cfa874400ad7adf0a2caca6b15c|ce0a3d55c02a625254019d40b9e933630740b6b9c82482b1573a5826b9fc0ff2,false,84a7649a7315809272ab7c8d103c219db28320a7434df5af7d486cd2d614c800,COMPLETE_FROZEN_INPUTS_UNAVAILABLE,NONE,false,false,ADJUSTED|RAW,REQUIRED_INPUT_UNAVAILABLE,2026-05-08,MRPL
false,4cc133e86dd8c708a082c15396218a403204e7e0ef61545bbf2398e7e8c9da8e|963ddea2ad4e58d998cf866d0851106427aad27495924de836c819e520a3bd6d,false,67b84cba81a4c803103a48910464c969721d6879008a319614246f27d67e3d55,COMPLETE_FROZEN_INPUTS_UNAVAILABLE,NONE,false,false,ADJUSTED|RAW,REQUIRED_INPUT_UNAVAILABLE,2026-01-22,PWL
false,4cc1e607555cd3064ea6b1bc03519d0a0a9e86917edc62d28df0571663213318|f1623a0738b91d84eb841d25036ce2fa6070f43d4428265aa749cbea42787e2d,false,6f36122fb435280c77d896aa1de5f1ab89607d7c5af8c5fae9a65e52ed748b7a,COMPLETE_FROZEN_INPUTS_UNAVAILABLE,NONE,false,false,ADJUSTED|RAW,REQUIRED_INPUT_UNAVAILABLE,2026-04-30,HDFCBANK
false,4ccc09513dd9873e7333d7a3f48535d2940251cc713f686d418d0cd3b0bb4c24|d4c5f1e5a83c611211011dec73bc4918f783428b5fc3989118898e5c4fb1db06,false,cdeac0385a3d74d688bcd63c8365cc32b7257383a6e8962a0e52d4d2e6515673,COMPLETE_FROZEN_INPUTS_UNAVAILABLE,NONE,false,false,ADJUSTED|RAW,REQUIRED_INPUT_UNAVAILABLE,2026-04-06,GOLDBEES
false,4ceee3fb7361f8a9ee70840e4cea7496d1cbf24d8d0538f226301f7cf481c63f|6fb4357dff83f5c6bff1103e143213510aca927cc84017badde9a195c0a50141,false,ad8af38807d656996c33afdc41bf97ad54957f01b88239ea022cc80d2401d698,COMPLETE_FROZEN_INPUTS_UNAVAILABLE,NONE,false,false,ADJUSTED|RAW,REQUIRED_INPUT_UNAVAILABLE,2026-02-05,DEVYANI
false,4d6df059b74d77d85ff8f28d2219a9c494618da6d631ecc1afff13bcaf6af7ee|ca95f5a7e946b79b3acbcbf7693330eb34e686756e28e118da38c95bf4f5c078,false,c2c42e40b1c6c9661e1f6892addf820b11b6392e411ca2b12a25db07fde57534,COMPLETE_FROZEN_INPUTS_UNAVAILABLE,NONE,false,false,ADJUSTED|RAW,REQUIRED_INPUT_UNAVAILABLE,2026-04-20,HDFCBANK
false,4d99567e66622cfddcc6a50f7bf6c2b101f9859f6482caf46afee3f00c0e9ac8|7d9a69f7bb74b70e3eefc27b609a1e0957129810d283c75b61dd8efe7386b16f,false,c0a02b6b7dc67fa500ed4bba188f2308a154dc70ebf7a74867faaed8b05909c3,COMPLETE_FROZEN_INPUTS_UNAVAILABLE,NONE,false,false,ADJUSTED|RAW,REQUIRED_INPUT_UNAVAILABLE,2026-04-08,HDFCBANK
false,4db27de1e595cbda8d79e16d0e6bd3fd4aa50f57b7cab69e4da9a84d885dfaa0|93f4056709e08d2cbc832af9974f48336097d3d713defc9277f4789c0e028351,false,2e875df9dca212c04a1c875aa917ae2ab95f6935fe8705237d63a20f46ef8a6f,COMPLETE_FROZEN_INPUTS_UNAVAILABLE,NONE,false,false,ADJUSTED|RAW,REQUIRED_INPUT_UNAVAILABLE,2026-03-02,SILVERBEES
false,4e1018bf02f95c95b3bc900a142fc314707ad30ba981caed20ce51f0ce15d1ac|aedf85d0be90de937ea8f55bb7cdbc6fa94a50ea548b7a534e27f4e7b7cf9507,false,d0a8793dfcc4e0cb6758ed97df63802d043a003db0ef941029147c0eebbb9376,COMPLETE_FROZEN_INPUTS_UNAVAILABLE,NONE,false,false,ADJUSTED|RAW,REQUIRED_INPUT_UNAVAILABLE,2026-03-13,SILVERBEES
false,4e361948cea7bf8ae2f4dc8a9cf130afc5702a8fcebf8a2bde3fe03be8767f08|dc7b80ccfcb5a4e97d89e62bce351cc17174a99c450916f144abbd7077949b04,false,7b4a39b8079bec943ab6ac8a32c2ed7842d70ab204a14b7ad6489849be32a742,COMPLETE_FROZEN_INPUTS_UNAVAILABLE,NONE,false,false,ADJUSTED|RAW,REQUIRED_INPUT_UNAVAILABLE,2026-01-29,YESBANK
false,4e4144bc49e790c73a828a8af2889de3af0c3628eea70814d60fd15a3ff21c6c|8cdb055e0b811887961bd2fdfe4c5945efec1fda7282541e9b66a35f770af363,false,55f34228c8a915de04a323758c768f42a1ffd503c69229a5a248723af313a1ff,COMPLETE_FROZEN_INPUTS_UNAVAILABLE,NONE,false,false,ADJUSTED|RAW,REQUIRED_INPUT_UNAVAILABLE,2026-01-05,TATASTEEL
false,4edf294af0388fb229d8283c57c87a6ae02e31c34868e183a72265a7f42847d4|664602510752c916063fdd3ce57dac9484f416a319099eecf56c29216392734b,false,681442ecb0a1fbd9fc76d0f9e1ddf72e34a9bdc0008c5e2a94f149b062e01aec,COMPLETE_FROZEN_INPUTS_UNAVAILABLE,NONE,false,false,ADJUSTED|RAW,REQUIRED_INPUT_UNAVAILABLE,2026-05-05,ADANIPOWER
false,4edf7a8e91d7130425ebf655ff85b1a39980560a8632b2b00fb25bfa1991ec44|b121d0a586cc507a0e534d56ef06042ff4ab3cb09c18f570b996100822d1fd9b,false,cace8dfd62c87a7c0f12711c644379862393d4ebc0483f26d306ee8e3f12ba33,COMPLETE_FROZEN_INPUTS_UNAVAILABLE,NONE,false,false,ADJUSTED|RAW,REQUIRED_INPUT_UNAVAILABLE,2026-05-05,LIQUIDCASE
false,4f1013235d2eea083524bd3d6746872a0222be13bfd26c621eee086b91b00f42|d015384e0bb9f09592e584181c13493b222cb809f4226a9b128a1f4f6035165a,false,dbe84674e95e4af04064ff2815e377c450ef65db514be6524ac226defea1c9ec,COMPLETE_FROZEN_INPUTS_UNAVAILABLE,NONE,false,false,ADJUSTED|RAW,REQUIRED_INPUT_UNAVAILABLE,2026-05-14,TATAGOLD
false,4f2159bef1b8ff0a5013c80c612caed0746caa9ac78f7516bde2aebc984a7418|9a412522f65a63d5c37934a36abb91ff0a0863e8d9af0c7650da868022130e1f,false,765f5c3ea419ab6bdb2ff8221330bf40b47c4da70ce6776bc14a1d1b915ffa5c,COMPLETE_FROZEN_INPUTS_UNAVAILABLE,NONE,false,false,ADJUSTED|RAW,REQUIRED_INPUT_UNAVAILABLE,2026-07-01,JPPOWER
false,4fca0edb662f4a4fe0f09f557ac040f116df5d9f26f410b60066999916d10410|872243f06f1c30126dca996bbef339563a6451a33a5c97eae34c4b55c48fb3b4,false,a93a7acf168696d4e4ae7b6de501f10bf532d499a350dbee7a56b792f08507a5,COMPLETE_FROZEN_INPUTS_UNAVAILABLE,NONE,false,false,ADJUSTED|RAW,REQUIRED_INPUT_UNAVAILABLE,2026-03-06,TATSILV
false,4ff48bbcc1f163642061aab8d9f06928d64e25d674fd92c3abbe113cd1070a27|887a79ea4d8912ae3871cec336584ca0c207e6f580fb1ae4e31b2ab17297c248,false,65ca7717d51d6f22ed75806af33d19cfc712b8087c0a0cad809b3867c01d17be,COMPLETE_FROZEN_INPUTS_UNAVAILABLE,NONE,false,false,ADJUSTED|RAW,REQUIRED_INPUT_UNAVAILABLE,2026-06-19,GROWW
false,4ffbed0e068273cae55411cccad7a91fdb5925bb21502bb9e458fe87f6a598de|e20820ef8bab04cbd84f10f6bfd571d406fe4f1bbc16521531c5ea94b3c381ed,false,43e8ff395d4f9802dd15ec849aae5bd9f237b43dd701994fe1dbf1bbf5cd0b1c,COMPLETE_FROZEN_INPUTS_UNAVAILABLE,NONE,false,false,ADJUSTED|RAW,REQUIRED_INPUT_UNAVAILABLE,2026-04-16,JPPOWER
false,5012e36d95d8dad7f7d68adb07a6596657f205c6cdb0fbcfacd1329b4ddf6353|a08b77d264b104aa61d7f48ac465d88f6112c2ccfafc189a7eef4a55e9ed70ce,false,74fbd96c354d48b3165607fada63e65bdf87a5d4daa3f2ee9e4600ba336d6099,COMPLETE_FROZEN_INPUTS_UNAVAILABLE,NONE,false,false,ADJUSTED|RAW,REQUIRED_INPUT_UNAVAILABLE,2026-01-30,TATSILV
false,5065fcbb570c388f23bcf5630593692f5669dd9e1accc741258345a29b8072d5|97719d50df43290a3846fe461b2d0f8c51e7e7c70d6a45872f8ef7ccaacbb58c,false,ef8efc719f310f7cf9fb54662673120b4f4684ab86da0b9920f9c33b922b9dc7,COMPLETE_FROZEN_INPUTS_UNAVAILABLE,NONE,false,false,ADJUSTED|RAW,REQUIRED_INPUT_UNAVAILABLE,2026-04-21,TATAGOLD
false,5082fa5cdadf3dbacf093d76309fc1e1c7a3bab3acabfa826bfd2e742f4af543|a3956e75f86a90066df7fd2e74e84378aa588a01b07d2ed7870517434c96b0d7,false,3f68cbc57e80308a1be890a46d4f2b3bc78942baf62795f206b577a676f5a8c7,COMPLETE_FROZEN_INPUTS_UNAVAILABLE,NONE,false,false,ADJUSTED|RAW,REQUIRED_INPUT_UNAVAILABLE,2026-05-06,MAHABANK
false,509bda2207e0f88473bde61a0bac46410f4173c884f83e573e9781fde1be1037|97390ab3082f1942836017ac8e4d2fe26647bb02a5ff93d8f79fe648252555bc,false,0e188bca9e84193ad0fd8acbba4e200a39c62e90959c6d9ec8531c57f4fe09e9,COMPLETE_FROZEN_INPUTS_UNAVAILABLE,NONE,false,false,ADJUSTED|RAW,REQUIRED_INPUT_UNAVAILABLE,2026-05-07,HDFCBANK
false,50e854121732483edc22aca50b9d9b8c9f6f1128725f93205385d05a24623ff6|a2e38777a7681a14870d456d768eebc3d8f78ba1b9c90978848b908036bed138,false,b7ee4021b98a61ffc3979efff4156094c7f933a6da97a223322b318d34f23e06,COMPLETE_FROZEN_INPUTS_UNAVAILABLE,NONE,false,false,ADJUSTED|RAW,REQUIRED_INPUT_UNAVAILABLE,2026-03-10,RSYSTEMS
false,516094dc5433a9a4d718ff182d32b6c1da32b55d6fcbe500b30a22e7e0b4c7e9|bf2b53e35c1aac03f688b82ae3d8c3266261a3f7fb352b069eda220990f4066d,false,979160fc4b745f916cfa93dab7b3ddda3043f65853419ad650f5074067e64245,COMPLETE_FROZEN_INPUTS_UNAVAILABLE,NONE,false,false,ADJUSTED|RAW,REQUIRED_INPUT_UNAVAILABLE,2026-01-19,FEDERALBNK
false,51824be0fc84423152401e8b53f2487fd4a6af17f598e3280a0ad54f44db20a1|9894013d195d9312c9b6ac5ddabcddc20578bf6209dc8c9a40165d495e78f70a,false,31eac6612ce83f4b53c54db53b0445829b963d814bd84b1dffe4756e65eee5bc,COMPLETE_FROZEN_INPUTS_UNAVAILABLE,NONE,false,false,ADJUSTED|RAW,REQUIRED_INPUT_UNAVAILABLE,2026-05-27,HFCL
false,51ac90e7c980594ad71d443e518b06d7cf01fdc43c5c533cbc7f760ce4a86f1f|541bb45b30295c261c6ed2f39adf465bbfb6149f2cf6fc0c8904cea7dac738b2,false,c885eac7d33d30f47f1b5714a28619410261ed27a7401c18c695330a0f5890cb,COMPLETE_FROZEN_INPUTS_UNAVAILABLE,NONE,false,false,ADJUSTED|RAW,REQUIRED_INPUT_UNAVAILABLE,2026-07-20,BEPL
false,51f926402fbb60c223f123b9f02f0be69be99a35847b64802d8a4cb044c53df6|5544c74371023c09029d68828050087e7f5fcc9b0d174114c89a020c2720c039,false,67ac8ed9d5c76d6253769b273e647cd9aeb5b411beeb4bc8f95fd0f0f1f902ad,COMPLETE_FROZEN_INPUTS_UNAVAILABLE,NONE,false,false,ADJUSTED|RAW,REQUIRED_INPUT_UNAVAILABLE,2026-05-20,TATAGOLD
false,51fd4d00fa20a09269563491d71e97a36f5c2d55c5881161766903f74153f679|8b8b3c1b61fee59bf128e742c50fd84cd127f0aa403d24bf7d39553b5798bb35,false,3b2ac0671c307aaf825f1391f396b7043a5ee0190828fb1ccd8eae7fd680dc39,COMPLETE_FROZEN_INPUTS_UNAVAILABLE,NONE,false,false,ADJUSTED|RAW,REQUIRED_INPUT_UNAVAILABLE,2026-02-25,GOLDBEES
false,51feb69632be4bf4f39f8830115828af8053046eda0aa5f35713cfb91b4189a7|eb8f92090ad8e1f71e02ba44f5cbb40d7144ff70d0d682ab8d69c5b9043f4054,false,ddc22fc0fb8655f2f7f6000d6120deb4e553280aaf5d123e2a6d97582c96e999,COMPLETE_FROZEN_INPUTS_UNAVAILABLE,NONE,false,false,ADJUSTED|RAW,REQUIRED_INPUT_UNAVAILABLE,2026-07-10,KALYANKJIL
false,5215e59c692b65268c29c94340d8d2abefd6692add02b442dad0188d946a3adc|aa6fee1775a9df291c6fc274b9a00da9c1f398c6aab1fea01b31be4983938538,false,e251d07d65b13f5a14cb60bea6396e90f222427cdb723a2ca4aff30122b01b96,COMPLETE_FROZEN_INPUTS_UNAVAILABLE,NONE,false,false,ADJUSTED|RAW,REQUIRED_INPUT_UNAVAILABLE,2026-04-29,GREENPLY
false,5223520b82d433fb3654916fe3c8d58a298dab197183e2af0823c19b6099ff79|df527bb44b42e327c80c34432062152be4c4bd944f13201ec69d412c463275ec,false,f1bda2ec709c6bbb85a4971ae7e6e2383a70e75c5a671811107d8d1ecc1e62e9,COMPLETE_FROZEN_INPUTS_UNAVAILABLE,NONE,false,false,ADJUSTED|RAW,REQUIRED_INPUT_UNAVAILABLE,2026-03-25,ETERNAL
false,523d9e9ae2991a2d11314c13661f838951ad5ebc3923f5902798695232c42be1|e4352e00522fcbd2e647fc5ffa0c227971a6816d5f1689d9603c1af23e5d3374,false,92e9eac17a9af001c016352f02bc728e487d2244e8785fbb49691cfa7f748701,COMPLETE_FROZEN_INPUTS_UNAVAILABLE,NONE,false,false,ADJUSTED|RAW,REQUIRED_INPUT_UNAVAILABLE,2026-07-09,BORORENEW
false,524b267b6946da12696210cb3b6895c41ee8b820e246868ef733d9b8699451db|ec7c7b1222b9ee0df06794d1217c18347ca9bfa3e745e3831cde6e0891bdaa5d,false,9a6fad3613a20b0962a0a25271ecd2f9625ca16d951bcb69bae75e602ee62114,COMPLETE_FROZEN_INPUTS_UNAVAILABLE,NONE,false,false,ADJUSTED|RAW,REQUIRED_INPUT_UNAVAILABLE,2026-01-20,SILVERCASE
false,528f77c3721b51d7d158b38397f4b6ae4abfa0fdb4c140eeca07851d8518d966|a056c582037660b65b33f2f1a5c47115101263bd199d642a7c525843391c9aa7,false,dc23932519834052f8f75186341bd10491e53d955596c5e980731d3594b9eab9,COMPLETE_FROZEN_INPUTS_UNAVAILABLE,NONE,false,false,ADJUSTED|RAW,REQUIRED_INPUT_UNAVAILABLE,2026-06-05,OLAELEC
false,529648b035cdbc9d640dafc148ef20237672096d491a52f4a2c3340207961468|992f713891f0f9d477fddd06021a886e77529b621a0c881cb9f7e681052c822d,false,fcda27c5f927341bf5d5c23d09f89000921802914c3e3120fdf534cee8510418,COMPLETE_FROZEN_INPUTS_UNAVAILABLE,NONE,false,false,ADJUSTED|RAW,REQUIRED_INPUT_UNAVAILABLE,2026-06-16,IFCI
false,52ad5a1a066c07eb70e2a429cc0864918ac0268cac61b6019fcd7fbb69387d53|e0a964c5695bde037ca510175beb5181e7242cd08bd1c6e6c35c42ae6f393963,false,e9e4be2cdb05463a38a8ebaae50b67d2245d78540eb7ed2d330527f9e7e89c2d,COMPLETE_FROZEN_INPUTS_UNAVAILABLE,NONE,false,false,ADJUSTED|RAW,REQUIRED_INPUT_UNAVAILABLE,2026-06-11,HDFCBANK
false,52b352fd1c3546f71aabbd2ee9ff795d66c3fc0d6967df010ffb9853c3829e2f|c8993a9419db851b339f4a65ab3f21d59e314f3a3f0cf48b799d47100c654ad8,false,e8c8d9253ee2a5c6e9516a271a944fd38735b807e6070cf03495564ddec059cd,COMPLETE_FROZEN_INPUTS_UNAVAILABLE,NONE,false,false,ADJUSTED|RAW,REQUIRED_INPUT_UNAVAILABLE,2026-01-28,YESBANK
false,52d178e44d4638cb296dae29758026a3534a171a8c0e2065ac0869331efd9185|da42393fdd9b0548489a908254f5aaafe8cb849a834ea08155c28c1fe99a2d4e,false,2459b3d0aa13420b6cb759ddb8ab0c94e330daeab0f86db96acc8bc30880484b,COMPLETE_FROZEN_INPUTS_UNAVAILABLE,NONE,false,false,ADJUSTED|RAW,REQUIRED_INPUT_UNAVAILABLE,2026-02-02,POWERGRID
false,52e8f2c93cdfa048ba813a348a3ffb6040c379605d4845f170bdd9d5dce29b1e|6de225512b63248e3b05ad19488002c6d91d05a898b5fea9d3d5a9f1f1189d48,false,d1abc385cd742afbf18f6324bc684fca5659384dcf0e8ceb562bff254866abec,COMPLETE_FROZEN_INPUTS_UNAVAILABLE,NONE,false,false,ADJUSTED|RAW,REQUIRED_INPUT_UNAVAILABLE,2026-07-08,UNICHEMLAB
false,5329b1b0588fa83d575aa02ca76ac86e8e55611011452ac65e9437bd09e23974|d22e394cae3232e670cea945660b7472dab19a97cf2e65d42f2c7c2c8910167e,false,cffc01391bab940a1545ae5b94fd7487f9a1cdc5d1c898a01f25cbea9cb0a6db,COMPLETE_FROZEN_INPUTS_UNAVAILABLE,NONE,false,false,ADJUSTED|RAW,REQUIRED_INPUT_UNAVAILABLE,2026-07-13,KALYANKJIL
false,536bc141e1fb2588ca66b22c3bd9b45479c2eb89528ea3e0a03a23028c1e099a|870a9953443b39d483ca16e6c9fab30eb3aaabdff3752156a6ae5f4174ad02ac,false,5c1294d081097722fa321334fed386ba2124104d93b93d4e8b4d1da67b40dbb2,COMPLETE_FROZEN_INPUTS_UNAVAILABLE,NONE,false,false,ADJUSTED|RAW,REQUIRED_INPUT_UNAVAILABLE,2026-06-05,YESBANK
false,536d9669fcff96b2f9c6a1c0200578d891416c91d9e88f4ad62591acab3f5c04|c226b3a31f6c2d3e27203a6696317dfd01e9babac6109395cb97c4a89a9a3a5e,false,f39e7b44805b9cfb03e24bdd387fa5a59f5c9cfeb9146e077b59c68885e8914a,COMPLETE_FROZEN_INPUTS_UNAVAILABLE,NONE,false,false,ADJUSTED|RAW,REQUIRED_INPUT_UNAVAILABLE,2026-01-27,NILASPACES
false,5393b2cd48ab5cace17224073be4aa0437b703962370187c759b22fb3deda5f3|a4f85530a1a666c0bc86d4114bc55d321bc475a989a8e1c0503f164ff2d897cb,false,739b5eb287012b9d33de884d218a8eaf8227e8ac20e47e09aace5ab1fe18c094,COMPLETE_FROZEN_INPUTS_UNAVAILABLE,NONE,false,false,ADJUSTED|RAW,REQUIRED_INPUT_UNAVAILABLE,2026-05-21,OLAELEC
false,539faab1768be8edabeb4873fefbafedb351fcf6b608472b4a8378a425153525|7bf4eb78a1c4c840fd8215440e85d0c13805ae77c783d7dd1974cd7df9da2467,false,daafd127ddf7ea83f41bf04fc7f95493fa722116c8116de7e38911943909eb68,COMPLETE_FROZEN_INPUTS_UNAVAILABLE,NONE,false,false,ADJUSTED|RAW,REQUIRED_INPUT_UNAVAILABLE,2026-01-29,TATAGOLD
false,53aa86a0a1c83916a770a2e62d8d3962bd8f9fa77eccae8edc5c44e1eab6821d|9832607517225e9d0353664053651ccdaf4f198dfd696ce5e157c3405bc82983,false,ca796c72ac46b9c90656be535853f73fb15ed87b67d34cce8f6d2ceb7e063f12,COMPLETE_FROZEN_INPUTS_UNAVAILABLE,NONE,false,false,ADJUSTED|RAW,REQUIRED_INPUT_UNAVAILABLE,2026-02-25,ETERNAL
false,53ab3662555b5e6efce0059f607a74462d3038b648f65ea9431d8bdf15c62099|90806d5f750ad27075901e2a945f630aa57d50e87be16ac1df48caf574c2b91e,false,df631df1e5204e30c518259a4d5c523cc9953ab5c4c4f2a912d49ca630a203c2,COMPLETE_FROZEN_INPUTS_UNAVAILABLE,NONE,false,false,ADJUSTED|RAW,REQUIRED_INPUT_UNAVAILABLE,2026-02-03,TATSILV
false,53aea171976afb9cfd7605b502f1c941fa33a5446f07f67181aee16e36b4c76a|fcb2a1e0434fd849aecb1d932ec6b7a294120aea3558c629573be8c01759dd24,false,cc3a79b24e6f6f113062808fcfe0e4da55f3860475ff9ad209e7b4aeb843229a,COMPLETE_FROZEN_INPUTS_UNAVAILABLE,NONE,false,false,ADJUSTED|RAW,REQUIRED_INPUT_UNAVAILABLE,2026-02-04,RPOWER
false,53b82332a2106c2f268b9f31217ddc55fb1a3a31d2682802161c67917798b932|9ae0c742f9a75a21b67573cf2ebf5464e6255041b3db978315604e1704f2671e,false,15f2bd7c1e97a4587363d5c3d8a855d189d38594cf8ed101b45919831bae2c7a,COMPLETE_FROZEN_INPUTS_UNAVAILABLE,NONE,false,false,ADJUSTED|RAW,REQUIRED_INPUT_UNAVAILABLE,2026-04-24,JPPOWER
false,53f39d821e480ea747b72532ab93108b2483aba7de3f96df6495fca1069e8bd3|790a4ad37863da1c33acb9dc6957f0e39366985835eb39bca946d67ab02202c7,false,4df7bbf6cce788afc95ac5218c613efe0711d9468c6a603ef784feee9a634f37,COMPLETE_FROZEN_INPUTS_UNAVAILABLE,NONE,false,false,ADJUSTED|RAW,REQUIRED_INPUT_UNAVAILABLE,2026-04-02,ETERNAL
false,542cbc915e8c1d144c0c5ab71583e4edeee1fbbaf70d021e012b40e5877dfda3|e1c9b88a79ee14348b3734a34e7aa4f158a5b9d718f6128cd7392c687d808282,false,9143c0a2803b19931a1a15c833d2804dedf73b7955fd9ee6fe3a7d9cf363606a,COMPLETE_FROZEN_INPUTS_UNAVAILABLE,NONE,false,false,ADJUSTED|RAW,REQUIRED_INPUT_UNAVAILABLE,2026-01-09,YESBANK
false,5433054627dd32677267e4a76e1fc3a7e3cb93d8bbf40d55d2db6c9cf13b6583|7b37201f40a788c8f1cdd59580f8da20e96df2fba569c920f33be3113d501cfd,false,e0a68fa0af23886a05b8ac9895a2c15d950d2cdb8db0ab694d35e7eb6583baf2,COMPLETE_FROZEN_INPUTS_UNAVAILABLE,NONE,false,false,ADJUSTED|RAW,REQUIRED_INPUT_UNAVAILABLE,2026-01-29,HINDZINC
false,5498263b05f7cabba818996f4d720989c6a81d43b9ba8a5203e633ae4f2ee5f0|dc4138b1c60960afff708a47bf3195570f1c88c7779ecad42117fff5197fa907,false,b303c50cdf69392323323edee83bbde4d13dbe8439456d660915eeb363904828,COMPLETE_FROZEN_INPUTS_UNAVAILABLE,NONE,false,false,ADJUSTED|RAW,REQUIRED_INPUT_UNAVAILABLE,2026-06-29,NMDC
false,54991a6a641d63af8e8eb1d27043062c16761eae2ea4a9688b2ab803b24a2eb4|acb792d01b84647152744170e373c1c41925117b251046593807d65c31d2543b,false,9fdcf8e771c5c4a961a8ea63208d8d06650aa4f44b4e5272d1cbcf4790da2b41,COMPLETE_FROZEN_INPUTS_UNAVAILABLE,NONE,false,false,ADJUSTED|RAW,REQUIRED_INPUT_UNAVAILABLE,2026-04-21,ROLEXRINGS
false,549c9a6b35eaa4957fd1f50753ef5a66be77523afd11d731a2e349aeed51c66c|9e59cb25c801ba8740f1799f8ec0921ab6e843ee1af80420156b5ca714e95b35,false,2101b694ec5fedcebcb7bec1486d4e7782e4ab23426e4fc7ae1f99dc5d456774,COMPLETE_FROZEN_INPUTS_UNAVAILABLE,NONE,false,false,ADJUSTED|RAW,REQUIRED_INPUT_UNAVAILABLE,2026-02-06,NYKAA
false,54ad9a23e02a4204b29b55c5965f07c00cd2e7f4c6c14cca369ee174ad08c89b|abb661e7770e1a608e31c9bdcaa143fadc262dd45f197f2769709ebcd1917b3b,false,5f746347373abfa39a0b8dcdce0875abe472ddb6fd5af14f8b613a512208c278,COMPLETE_FROZEN_INPUTS_UNAVAILABLE,NONE,false,false,ADJUSTED|RAW,REQUIRED_INPUT_UNAVAILABLE,2026-06-03,HDFCBANK
false,54b69bb8cb1fe7c57fb3495d0580461e08a589317164be7b9f7460363e0de0b5|5d8bfdae34d40ea654d26ff434f44899ac96b365989f7b087ef61cd112834f77,false,3e4b192bae620522a4ee661d7d5c96037c8b074446c558a00015bdb1449259c5,COMPLETE_FROZEN_INPUTS_UNAVAILABLE,NONE,false,false,ADJUSTED|RAW,REQUIRED_INPUT_UNAVAILABLE,2026-05-26,SAIL
false,54c77a9a894e155af21f707bcf78a85f3193600817825ac5166192bbbe53f169|89c7f58373a13f7379cf0fdf22d884a68eb051cd820cdb7fca967a414cc5ac25,false,ab651c61b386fca1578a8ce9bb687f3e818deb21b25215cf498d0345b64a5285,COMPLETE_FROZEN_INPUTS_UNAVAILABLE,NONE,false,false,ADJUSTED|RAW,REQUIRED_INPUT_UNAVAILABLE,2026-06-05,GROWW
false,54e7e5db58aa53725c29840c8330022b752fdef8a9dbbb5d79e23a1b6ed69f7a|edbae3092c5655edf0f90a127efbabf12f8d6661d20f5bcbafcb6d3ed18f4649,false,51be6b42e85322da36bac29de8d8a621adf3a0dfcf71fbccde4e02f7f4e8bc2f,COMPLETE_FROZEN_INPUTS_UNAVAILABLE,NONE,false,false,ADJUSTED|RAW,REQUIRED_INPUT_UNAVAILABLE,2026-06-04,NHPC
false,54fcfcf6ca95c2407f5c38ce4694c2de5e9c31881226d62ae50f4d71e3fb1313|ff606ec2b4dd54e593801587276526d0095d006f9defc23446bbc1c0dd8b8596,false,e4d4d40075c010e1558fb2156601ecd591aa04e15a46453871bc717cefc5018c,COMPLETE_FROZEN_INPUTS_UNAVAILABLE,NONE,false,false,ADJUSTED|RAW,REQUIRED_INPUT_UNAVAILABLE,2026-01-12,YESBANK
false,5542cd1238a37667fd7953d5b5e8f73f25e65602ef9cb67401aacad2b643767d|5b065f6d927d98b58845ee923f6f059df313c884a517b790c031bdc6d95e0775,false,6df4612468fd500c843836fc001b49d637d60d39bf969d16523528dd1e92062f,COMPLETE_FROZEN_INPUTS_UNAVAILABLE,NONE,false,false,ADJUSTED|RAW,REQUIRED_INPUT_UNAVAILABLE,2026-07-20,TATAGOLD
false,55536d64182528425e96f6efda6560196492c2f78022af7e999aebbfdebbb334|bc1fd288fc1e341f8d3ed70678d6cb83013855545e8b584e112d60304a735842,false,88fa39bb69460c321d5faaeb1ddd0c90634f960a84c85a395ec9bbef5ec71211,COMPLETE_FROZEN_INPUTS_UNAVAILABLE,NONE,false,false,ADJUSTED|RAW,REQUIRED_INPUT_UNAVAILABLE,2026-06-19,NIACL
false,5554a82ea94fd3936cf6a37ab533dfbcdc92c2110b826b16fe145eb7de99d22b|ad7fd1c2665daedb83f7c46d7832863e943f65d3e7150e895ee5d4f923a41b67,false,03eaa1843baa87089fb49ea6d204d41ac495723140e4cb1e197d912395f53e4c,COMPLETE_FROZEN_INPUTS_UNAVAILABLE,NONE,false,false,ADJUSTED|RAW,REQUIRED_INPUT_UNAVAILABLE,2026-06-25,ASHOKLEY
false,55807964f7bf03158e1d3d76f8751d271e02e2aa4f5b5f2b9f9e594176738321|6b97bf449280818489a7b868517ad18601ec00233733c46863342ae2dcf7050c,false,514063a28d24b6ce5d6cdf38da087d7f39d36adcd562e1ba670aa528c222dc25,COMPLETE_FROZEN_INPUTS_UNAVAILABLE,NONE,false,false,ADJUSTED|RAW,REQUIRED_INPUT_UNAVAILABLE,2026-01-13,GOLDBEES
false,55ba567d775914b3f539cc69419367049f97c3d408ff707d67149c8029a35846|7fdc425136b8a3a6b77d02408be54705151982519b569e7ef15063cc19a391ae,false,7e7da7e963782189ec19ab50bc474af28f34a342de73af443cd9b70ca923ce3c,COMPLETE_FROZEN_INPUTS_UNAVAILABLE,NONE,false,false,ADJUSTED|RAW,REQUIRED_INPUT_UNAVAILABLE,2026-04-20,JPPOWER
false,55bbe1e44d5315a8db49f1a51642c918953333b3cbb223aa14f739d429d96563|76eec2b67580e63e70ab6b9b65d3071f51e9162595e0e999c40c710ad1d64b8c,false,9dd779746292b1957aa570faa106d845058d792fb4d2dd806f9d95d34b23c557,COMPLETE_FROZEN_INPUTS_UNAVAILABLE,NONE,false,false,ADJUSTED|RAW,REQUIRED_INPUT_UNAVAILABLE,2026-06-08,OLAELEC
false,55c1ac14327e7765d18d7389260b45eb76f7c93476b671e9f31a0fc30de6c315|a4d44336c2c2206e317ae3e310f8b671f7e0ed3e90300e74fefe5abe30c0559c,false,85edc8275bc67714d8f4cf87252617ae8393a18db0c0351222cd347bc3ac0ba1,COMPLETE_FROZEN_INPUTS_UNAVAILABLE,NONE,false,false,ADJUSTED|RAW,REQUIRED_INPUT_UNAVAILABLE,2026-05-12,TATSILV
false,55df86ae2ce7f029638ec0d84246530b7e6926a0594accd9fe2935c95c17a66d|aedf14f4c1e5519473a3ba619be32cda24a68f584a20d28eea2d230fb7566da3,false,334f036938f4d4224c12ceea2db2fefe02a9207d21ae0e87e3be5da2c83252e2,COMPLETE_FROZEN_INPUTS_UNAVAILABLE,NONE,false,false,ADJUSTED|RAW,REQUIRED_INPUT_UNAVAILABLE,2026-03-02,TATAGOLD
false,5604a64029ae82f88dd1a643096edb0c4c6912c75dcc9e3cf4ce1dc791367b9a|793ec5ddc875d5b45fb38725c71bab02d38d5b10a49bb86f6f20d4ed21b90b34,false,d757d80194e55b4e08f15a8bbfddf99c2fdafed7cf88657ed8d2eecbb2e42b5e,COMPLETE_FROZEN_INPUTS_UNAVAILABLE,NONE,false,false,ADJUSTED|RAW,REQUIRED_INPUT_UNAVAILABLE,2026-04-23,GROWW
false,5640809cc83a47217a16b9c800db2c654edfc40cc6362b31770586a6e83dc99d|fffabe868bf0febf8c766004808e0a6077c1960485d9602bd6da5bbc403d3449,false,6be88b6a77653e99d6fd8b60fa496b0675d034c4d31f4ea6a5a6823562861271,COMPLETE_FROZEN_INPUTS_UNAVAILABLE,NONE,false,false,ADJUSTED|RAW,REQUIRED_INPUT_UNAVAILABLE,2026-06-01,TATAGOLD
false,56dd3c072d172694c16b41f6e9e123194a30d94ee81dfcc15b7a91c644a754f4|6a3a269db4bf005a37f0ab4d829753777a7133232746261a1c320e3dec1cc4fa,false,bc627ad97cd3713411af990b7faca8e6b1f9775cf0a2c3a2622b2bd847418635,COMPLETE_FROZEN_INPUTS_UNAVAILABLE,NONE,false,false,ADJUSTED|RAW,REQUIRED_INPUT_UNAVAILABLE,2026-01-28,ETERNAL
false,56ef076489f489190ec722d0ff32d45658b7992b81df5c67dc0cf2ba4ef48b7c|d9bf7cbc65ab3ee70049f8930797a7c5f026b98dc6eb225c9323c7261c668562,false,3574547672c202f5c54692bd833678709a276eaad0a7509b8754ad25fcab9d3c,COMPLETE_FROZEN_INPUTS_UNAVAILABLE,NONE,false,false,ADJUSTED|RAW,REQUIRED_INPUT_UNAVAILABLE,2026-04-16,FILATFASH
false,5710aac18ba9626dd91704b88ebf438d57e76f9813434f03a20f8ce91eb50b18|78fa4ebb39b1c36964cf7cb6d2e014591871f0065c88f880616b24b4e2729859,false,be4dcc88d6f67dc60d7d92772ce6e5774975b79dd343c403d3e543638e69680b,COMPLETE_FROZEN_INPUTS_UNAVAILABLE,NONE,false,false,ADJUSTED|RAW,REQUIRED_INPUT_UNAVAILABLE,2026-06-02,ITBEES
false,580bf008ef7b9ff957c29bc16735ada8ca1c325752aa1f31022e6029950a3e4a|5c83103364d2486431f790387b7ae89c5550e98518e57ae634426417c7c90743,false,f2bae57f9544041ef02911df03ec782a6056a0b4a3874d9bc477ed1fd4040d41,COMPLETE_FROZEN_INPUTS_UNAVAILABLE,NONE,false,false,ADJUSTED|RAW,REQUIRED_INPUT_UNAVAILABLE,2026-02-23,SILVERBEES
false,5817f5754ca731c21fffae82fba284c571bf93783893dc8e5ed5e4ce5ceee828|da999be27d6643851acc5f4b46fbe1c531c02ab8cda88185809ccc8e8b038d11,false,8c5d0c7831f13b58e2a4b91f23d2002a2ad62a29983d3ffb8a17c258f5af9ddc,COMPLETE_FROZEN_INPUTS_UNAVAILABLE,NONE,false,false,ADJUSTED|RAW,REQUIRED_INPUT_UNAVAILABLE,2026-04-15,YESBANK
false,582cd853b1636d5eaeb876b84d4a7464126bc679afa8005854dcf7d295837a41|7dd33ac1444b0440bd5f42abf0129fcdf7d12a50f1ced5f7f66b4dac9b85cb93,false,2f37443b94c72697e94b267ed8a43e3f603cacc729bfa5159e4fcc2d5f5dd563,COMPLETE_FROZEN_INPUTS_UNAVAILABLE,NONE,false,false,ADJUSTED|RAW,REQUIRED_INPUT_UNAVAILABLE,2026-02-19,NEWGEN
false,582ec8fdddf27538069cd24c9891baa8b6a3da3385f547590dc1de80d8cc6605|7fde301784394fc7d8defd5d13cc413d000b26927ea619e247732f88df0df553,false,2f2067ebb8ac16157c45af34cb7e3b88b6446ad35c972da40a799bac842c609a,COMPLETE_FROZEN_INPUTS_UNAVAILABLE,NONE,false,false,ADJUSTED|RAW,REQUIRED_INPUT_UNAVAILABLE,2026-05-15,SAKAR
false,5834e9c3bfd50ba6fe874ec3d2063983201e318c7289091d96a117173808b1e8|8fbefc180f8456bcef81a59dd593457467c8fc6128cfd9e857d1b60ad7e44e31,false,47ca6fee376c26846f27fef11e4df86fdbe5570c6f720bbc038cb1a34597568b,COMPLETE_FROZEN_INPUTS_UNAVAILABLE,NONE,false,false,ADJUSTED|RAW,REQUIRED_INPUT_UNAVAILABLE,2026-06-15,OLAELEC
false,585eb9ec71c755231760441b2831e7bc9084894275a18571c00ac6f46f2d3ac5|e946c632a4720031a5b4f4dd74d521c7475aea301f770542311d13df22cc2821,false,ab237a654782cf8342fdf0bc5ec675c73036e78c7044a1ae7ed2f04a8741d9d4,COMPLETE_FROZEN_INPUTS_UNAVAILABLE,NONE,false,false,ADJUSTED|RAW,REQUIRED_INPUT_UNAVAILABLE,2026-06-02,JPPOWER
false,58903bee5935d936ac8f326672f585c11976345f75a305291486c906ee424a16|ced8cfb43d59a663e6a37e6fa489e2516f11337be444686da291abc24d57f822,false,a6b125fc5ba2c0bcf2b07e7384ef1ba36e04d66fb1107a24e438137523e5a350,COMPLETE_FROZEN_INPUTS_UNAVAILABLE,NONE,false,false,ADJUSTED|RAW,REQUIRED_INPUT_UNAVAILABLE,2026-02-13,GTLINFRA
false,58b9baaa99507941e724f5f5bc1fe27743481e55eeb47bae543539f4502f7004|bc0ba0313885f2c7f1a7a3674f35eceeb5e2531be272c572a38f7bc2809bd092,false,85c1c01d3eb6ed7938335e66cce30da556938c567f4281cad39f6f5e69a3bd81,COMPLETE_FROZEN_INPUTS_UNAVAILABLE,NONE,false,false,ADJUSTED|RAW,REQUIRED_INPUT_UNAVAILABLE,2026-03-17,GOLDBEES
false,5906939b65f8565a401d8f2e7ce67a1b1e4af222ff8ff2526b5f62ac3bf81878|a504f355a850ac83f602ebf083c647abd44460b29556fd2168c1bad6ef77c37c,false,cb0a8077b142453ccb5006b27176c12a9ac1e6613e4b275c74e07bf438b01b6e,COMPLETE_FROZEN_INPUTS_UNAVAILABLE,NONE,false,false,ADJUSTED|RAW,REQUIRED_INPUT_UNAVAILABLE,2026-01-13,ETERNAL
false,590b5360212c6816e5b485746506a749096e0159d8762080851a31bc6aa6620a|fa29616d24a93889d1e1ed5ecac6c15f6d1c09a0ff06a62cd83be035657232b3,false,49c966c328cd6e996236acfdab4c6e31e2e468cabd009ce254e1f3a826e36f16,COMPLETE_FROZEN_INPUTS_UNAVAILABLE,NONE,false,false,ADJUSTED|RAW,REQUIRED_INPUT_UNAVAILABLE,2026-02-06,RPOWER
false,5911c41313d34b4df79c59ff5456933792f4b864db4ed40d0fa11624eb993299|8949c77dd14e94971f7c08ec8a0d34138d22efcb552ba4f84e8b3e038b6683bb,false,8812074343b860c730b2ee392b973e1dab13bb2f8f871ba004c9df33256301e8,COMPLETE_FROZEN_INPUTS_UNAVAILABLE,NONE,false,false,ADJUSTED|RAW,REQUIRED_INPUT_UNAVAILABLE,2026-03-27,PCJEWELLER
false,596695210ec6b8207822466dec95c063a1cfa06b1379c2a6a91738fb12088b38|ee43eb3058571fd88a083420f6479bfdb24675fe69b3f17af082628bb4167972,false,0f7b9f7083434b38e284754cff4f9d67559e3a029ddb446dc0920ba0c81573a0,COMPLETE_FROZEN_INPUTS_UNAVAILABLE,NONE,false,false,ADJUSTED|RAW,REQUIRED_INPUT_UNAVAILABLE,2026-06-18,IDFCFIRSTB
false,5970876924f2b865f72fb14f6d95a8ddb9ba24a58dac68beb4742ffa750711d0|d947f6d8c39d2ca7aace2a24a9e4ffa2946ce82209810c98c7d669612f23395d,false,331098b5822b61eca54dca82a54bb4ca50ae859c806ddd9d9df4e849f8dd4d20,COMPLETE_FROZEN_INPUTS_UNAVAILABLE,NONE,false,false,ADJUSTED|RAW,REQUIRED_INPUT_UNAVAILABLE,2026-06-16,CANBK
false,59a86901bcb81503566fae373b673c86aabf5cc9f2782ed98c8b9f988f774bdf|bb15f6a554f2cee643fb1e809694ede006efd5d628b26ead352130f82c84e99c,false,791ba6ce8146c1a545848f435cc27321a5dbeac244fcb2ea8f5fa336ecd15067,COMPLETE_FROZEN_INPUTS_UNAVAILABLE,NONE,false,false,ADJUSTED|RAW,REQUIRED_INPUT_UNAVAILABLE,2026-03-30,TATAGOLD
false,59b11755a56da7a27124ff2c53b65a2a4c8d25b45b1e33704cf2fedf76bc4b0a|639ee3841e0f9b8b4ffe46279d3405c4eaebc7ae8e488f121320a664b219bb54,false,a615ccde7769eec88a0a54214a413c8affc71a7abcdafea7ce553d62d7816a3f,COMPLETE_FROZEN_INPUTS_UNAVAILABLE,NONE,false,false,ADJUSTED|RAW,REQUIRED_INPUT_UNAVAILABLE,2026-06-03,OLAELEC
false,59d46f13ef42c818076be535feced88be697ba3081d519c2d0d8b32f361e431a|f7453bf681e76c7c7d1ae69889f84d2a5b73c001b5c1108fdbc65d2485848a97,false,9f19b66528b73ab0873f223a0e6318013501c60c49e42f536cb87449f9503190,COMPLETE_FROZEN_INPUTS_UNAVAILABLE,NONE,false,false,ADJUSTED|RAW,REQUIRED_INPUT_UNAVAILABLE,2026-06-30,IDFCFIRSTB
false,59dd7c19393d6febd10f68e1b4c0ea69ea61355688a087b9b953d22819490632|85a8ecbfc0c527229b19a09f13043fab16aaec681aae24772c71b2ebf5b084a7,false,4cf4c409503cb1b167bb7219e9a28a56c73a7232bdd5f606862e9470969e357d,COMPLETE_FROZEN_INPUTS_UNAVAILABLE,NONE,false,false,ADJUSTED|RAW,REQUIRED_INPUT_UNAVAILABLE,2026-02-09,IFCI
false,5a2f345b161d3cdd2475ca17f4bdefccf8e652c2d88d1f13accc4ac453c1b353|8d633cbc27bc0de02e66728bc96457011f406adb6435ee86d6e4b6756e7483ec,false,fc82fc09306948bc8c1f5736af4d030874f5ef76104d074934c849c10c155745,COMPLETE_FROZEN_INPUTS_UNAVAILABLE,NONE,false,false,ADJUSTED|RAW,REQUIRED_INPUT_UNAVAILABLE,2026-05-20,OLAELEC
false,5a9e65c3c1a13ef8a485f14b83c0d2f921bac612eec2f6134c1c296830a4f141|d50f2823acd8bac6528fa7712b6eb67ff0dd5a6f4f9e9180adea280c5cb63bb2,false,602f8286df94c07bce0b88623fc1af62fee4f8007432de7f46f70102f2355f60,COMPLETE_FROZEN_INPUTS_UNAVAILABLE,NONE,false,false,ADJUSTED|RAW,REQUIRED_INPUT_UNAVAILABLE,2026-02-04,GOLDBEES
false,5ac176cfdc10b9bc87315f3ef56bd13aa0c98c673567d999c5f0830e4c29ddc6|b977fb3d355e96b03071f1645ccef09fad0ab42a03a09068e72b3480a7d72a20,false,c4130f044023c28775b38f18fff7f784c3324d2a653875f1bcd5acb2e0262196,COMPLETE_FROZEN_INPUTS_UNAVAILABLE,NONE,false,false,ADJUSTED|RAW,REQUIRED_INPUT_UNAVAILABLE,2026-05-26,TATSILV
false,5ac4b7e19b20ecab1178f12279d3e088a8e6250b94db7b4bedef4896804bbbc8|7f0f9eacaeb407c82b2f4e1366a42597aafed6aef622b031cf3624f84b837c1c,false,b27564f6bbb10e13f2339d86961f1b940335e40b49e91774041b436524e70918,COMPLETE_FROZEN_INPUTS_UNAVAILABLE,NONE,false,false,ADJUSTED|RAW,REQUIRED_INPUT_UNAVAILABLE,2026-03-25,YESBANK
false,5ac8eec7e4348c2c1c1c2efffd0f0caac103b487a884d3849f4f23d245db4ea6|c3278c7098174526ea135351e4e822a68cb5d75423298db59d3428fb6f8d4ca5,false,b1a00972d7c1030f5e2a1a04b319270353f08d9c24250006523c26bd99b7b941,COMPLETE_FROZEN_INPUTS_UNAVAILABLE,NONE,false,false,ADJUSTED|RAW,REQUIRED_INPUT_UNAVAILABLE,2026-05-07,TATAGOLD
false,5aca5bd0e2179f1024e3555ee275d45d4022aa35d70b11b8f25194f6c66e37a4|82f7538cf1be95c166fafe79eb92c0e1d93a7de7b505c6eae4133ef69af997d8,false,83f30401e7f69677501ef6a08537d53db053e976690402eed74cbd089eea3552,COMPLETE_FROZEN_INPUTS_UNAVAILABLE,NONE,false,false,ADJUSTED|RAW,REQUIRED_INPUT_UNAVAILABLE,2026-03-10,SILVERBEES
false,5af7702d2eaf60f88e3b0b4a02f2ae87a09a5d8896a3096781373935b00c75ba|e60164715fd37d48671171e71ab20d4eb4648a97bdfa855a4b47234d92c1dca2,false,3787f3882bf9979c05f3538f6267e8a3a2e573b6d79b9e7fa84f9b29a57f46e0,COMPLETE_FROZEN_INPUTS_UNAVAILABLE,NONE,false,false,ADJUSTED|RAW,REQUIRED_INPUT_UNAVAILABLE,2026-06-29,NTPC
false,5b03aee337b1b4b4a4593b415bc9b7aaf05a5c210445f345690b2cd7a80284da|8bea8d1bff64c05aa533de6603bc56b06e12e4dc4c43d0ad6e6385dab2aef638,false,ec0d06a13781df5b770b909690b7476c895342f5aa741636effc6321ecf3008b,COMPLETE_FROZEN_INPUTS_UNAVAILABLE,NONE,false,false,ADJUSTED|RAW,REQUIRED_INPUT_UNAVAILABLE,2026-06-19,OLAELEC
false,5b13ba3b650952c639d93b2279261c6339ef5a53bd7b67565ce7932c1376e941|c50aedb190303bc61f12b791014f4d2e6c725351918eff581b8c7510b12ce0d2,false,e3786b28810e89fbae71c9ba6c5b2f2983a40411f365e0151554e7e99b852c6d,COMPLETE_FROZEN_INPUTS_UNAVAILABLE,NONE,false,false,ADJUSTED|RAW,REQUIRED_INPUT_UNAVAILABLE,2026-01-23,TATAGOLD
false,5b1e4b39110f0001282dda644b540d6a0fd9569f049424f3916d0a07dc51f62b|c07a22d1cb60318a106c7d699ba91746679557c190a88b776498ca775e03996f,false,023af5588166cc0f3e53c179f59f86cc1795dcb7adef54e118aa8d98e7fc1942,COMPLETE_FROZEN_INPUTS_UNAVAILABLE,NONE,false,false,ADJUSTED|RAW,REQUIRED_INPUT_UNAVAILABLE,2026-04-13,HDFCBANK
false,5b456fc2f44fdbe761b39b10a98c7db51bde0a4669ad1821b6ae18219aa5324b|b21dd248181d95feab06ecb1b0738febfed228a06428fce8316fd5ef1c072bcc,false,2240a8f7c5331bb6114991eaed9bcd702f2ccbd0741abf74b61d8d82c13c464a,COMPLETE_FROZEN_INPUTS_UNAVAILABLE,NONE,false,false,ADJUSTED|RAW,REQUIRED_INPUT_UNAVAILABLE,2026-07-01,HDFCBANK
false,5b6001fc51bb1d5ba0d71eb03e0f0003bedd767f685cf5787fc221dfcfc522e4|f23962377f63c18a1582379018d2174c7a5ef644013fb4a9d95ee764cb337767,false,499a676ae87aedc5f8f726f60631ea105d404361c8a30bbfa5944d96f0a76715,COMPLETE_FROZEN_INPUTS_UNAVAILABLE,NONE,false,false,ADJUSTED|RAW,REQUIRED_INPUT_UNAVAILABLE,2026-04-28,YESBANK
false,5b70541fdf47ab7a9dd863587bde4e4f8a12f4f309da67b8827e7f195e709327|dcf1a17f44d5f67eac1f9be922f98212f566e59f387be7dd85cff81d3c891cc7,false,cd33576118038ef2c9f26c8daebadbcfe8dd9588b7cda1c8f03d350402ade7e3,COMPLETE_FROZEN_INPUTS_UNAVAILABLE,NONE,false,false,ADJUSTED|RAW,REQUIRED_INPUT_UNAVAILABLE,2026-05-19,YESBANK
false,5c1a47c9e12b6d0fa813499c66af93da456a85f800e6b4feb66141a1c0af9006|ae4b13b687196f23013834050071ad3a1031be369e5b8c38f1dcfb78862bad8d,false,00357d4be79daded92f2d25d0364db84dccbb487c1cca56a58c48bd0db2373fc,COMPLETE_FROZEN_INPUTS_UNAVAILABLE,NONE,false,false,ADJUSTED|RAW,REQUIRED_INPUT_UNAVAILABLE,2026-05-27,COALINDIA
false,5c22b892fb49c24c02fff995d9052cbd5ee2d10c65a32eecc4f92b1d116cec78|7d6e1eed96126d10f4a7f269aa629a65d9c472069749fe584b23d9a2c24531ed,false,3612c5b0f75e69ccdee00c11199f5ded0541034a951df418ea50a8a5ebf8f53e,COMPLETE_FROZEN_INPUTS_UNAVAILABLE,NONE,false,false,ADJUSTED|RAW,REQUIRED_INPUT_UNAVAILABLE,2026-04-28,EPACK
false,5c26dc9485706d2af151610e288a635f7e251a77a8d771fae9c0ce374f2b6bce|fffa8e4132d9e8ae9da2151e6b7464b560ed5824b3feabc83b4250d73a9dbb9f,false,ecef39b4e62affa02a1dae5740ab836a0b272a1f4728fb2d38f15eb654a6c20f,COMPLETE_FROZEN_INPUTS_UNAVAILABLE,NONE,false,false,ADJUSTED|RAW,REQUIRED_INPUT_UNAVAILABLE,2026-04-24,GROWW
false,5c3cad7dcfb60202bc415f46f8510551fcdb335d32ead366dae4b916f3f14bd3|614a43f82c70c11a6ac71e4ce7291e25b35f10a249a6fd30a5c60e1115ea8bc0,false,071b72124f56435736f2829991a8483f3c55b2e427721668ca25c42adca0b994,COMPLETE_FROZEN_INPUTS_UNAVAILABLE,NONE,false,false,ADJUSTED|RAW,REQUIRED_INPUT_UNAVAILABLE,2026-06-17,PCJEWELLER
false,5c808527c3e49bda1742aa1ceee8f20fb201064a9a50513e4ef49e0d8a318556|f8bd6e40dd2849b4dfe00ac02c5a49bafa704771b16cbb3a38b4eb5ee3229251,false,93413bfed58232a91b765082bc52b88bc629137ba57a069a044b67938d324637,COMPLETE_FROZEN_INPUTS_UNAVAILABLE,NONE,false,false,ADJUSTED|RAW,REQUIRED_INPUT_UNAVAILABLE,2026-04-15,GOLDBEES
false,5cd107c79b800f2ec305493a9852fd60c9363226fdccc15fdfc3ed1d45a9e3d4|620673f5c098e4642ba87e536c8c3d02d05528e655ebf806a74ada339a55b9e1,false,eaa93dc9442ad8cb0c14cfffcac4833b101853ddfdb8bb4d061442f35c5900c0,COMPLETE_FROZEN_INPUTS_UNAVAILABLE,NONE,false,false,ADJUSTED|RAW,REQUIRED_INPUT_UNAVAILABLE,2026-04-28,TATSILV
false,5cedb671a6115200d6bc0cea3900a1c902d3c56dcae9184ad3a7b14bea990245|b51d45281a4c7cbcc5877c1dbf8c351c5df77fce137637f6d55df3879bc69e70,false,4b86ce0a1d8fe132530adb5c88fa48bc0332774d1dce7a27313a53cb44ff81d8,COMPLETE_FROZEN_INPUTS_UNAVAILABLE,NONE,false,false,ADJUSTED|RAW,REQUIRED_INPUT_UNAVAILABLE,2026-04-22,OLAELEC
false,5cf6dd357542f03540780fd0d9b32821ab16763d8334402ad49ba57a712884de|c23267e8d9d0afc6f95585038b79c256d8e2387b162004042892c21ecd6646bc,false,f1f60dcea13d9a2392882603ec598999b3bfa76c4e158291417a257a40fa197d,COMPLETE_FROZEN_INPUTS_UNAVAILABLE,NONE,false,false,ADJUSTED|RAW,REQUIRED_INPUT_UNAVAILABLE,2026-04-08,YESBANK
false,5d50a70888046f482967cc7b290afceed48619b078fd5133d14622bd36124e78|d1e6d15168de2e8b03763bff5d86a3b10e8d825d4676dd8b167ac9185a7eab6a,false,c687754bb72165aee997a99b5f8942a4bb106082c44d76aa5710c7be88777322,COMPLETE_FROZEN_INPUTS_UNAVAILABLE,NONE,false,false,ADJUSTED|RAW,REQUIRED_INPUT_UNAVAILABLE,2026-06-24,OLAELEC
false,5d76bd2b3af30ed8df477d3de77853c4375e02bc15af2604564bc6896340dbba|f6cf28c7bc60865ef235835085cc499f81ddded1dcab4a6c94502aaf99385802,false,c1d1d0c54063b8fc431a4af8bd158d0fb78f5184910aa22ccd870ed405d29608,COMPLETE_FROZEN_INPUTS_UNAVAILABLE,NONE,false,false,ADJUSTED|RAW,REQUIRED_INPUT_UNAVAILABLE,2026-04-17,LIQUIDCASE
false,5d9351d89d3d773e240e89fe9668d5dde95293ab2e3d3b756dba06d7c5a24966|7fe42ba579875660a5c8661fad942e05ecf7cc04f7c596df4189d578e935fd7e,false,4c9f5fe30dbd5da485cab992fdc2c27263af5ac72b36e259c3fe83c668e25afd,COMPLETE_FROZEN_INPUTS_UNAVAILABLE,NONE,false,false,ADJUSTED|RAW,REQUIRED_INPUT_UNAVAILABLE,2026-02-09,SILVERBEES
false,5db957cab1df3ca58fc2c16bbcde54d829bd1ed517d37622e0da5ecbabd75480|604e0cfa03f4cefe38ea188ffe85b100f7b65a25f92df5fbde67b9fccb5fad9d,false,8e52c9dc25c8adc6f2656b3f77c0a4c09cb538ed29d6a0a1ac253ccb78b1da97,COMPLETE_FROZEN_INPUTS_UNAVAILABLE,NONE,false,false,ADJUSTED|RAW,REQUIRED_INPUT_UNAVAILABLE,2026-01-29,TATASTEEL
false,5de8ad5836c885f61dc96929d8ed0612335df444efd47baadb94f377f5d0aba5|e2d2a86f68d26d8ea9f8631917ab4a1714b081a394e8f0856569869afb7a617e,false,dd7740cdf1b7d3b86da687761763c03777228659c0551867b1dad7dfbe92ca59,COMPLETE_FROZEN_INPUTS_UNAVAILABLE,NONE,false,false,ADJUSTED|RAW,REQUIRED_INPUT_UNAVAILABLE,2026-03-20,YESBANK
false,5df98304235bd602c0ffe5a8ccbd2f62cb509a5a763dc186ba5c1997d4d1da95|8832ad639ccf2d25bd7a4cb50d959633d4c1236474e2017a322a57766f2322d3,false,fa1a40358247130ce19379a6b1e76e6018d4305436430639e289123194da4fc2,COMPLETE_FROZEN_INPUTS_UNAVAILABLE,NONE,false,false,ADJUSTED|RAW,REQUIRED_INPUT_UNAVAILABLE,2026-04-27,WIPRO
false,5e09c841108da02a1d0234360d7a471803a18731245ac015ed0b75eed5614c87|a633c631acf573a7614f7e934e95ca642a80046f308a98d260d49aff5871dc2f,false,9f1d29a5fc87d8fb5f7f9674ff7e1948cb528a0fef8c9a14963ea4cb1f6cd424,COMPLETE_FROZEN_INPUTS_UNAVAILABLE,NONE,false,false,ADJUSTED|RAW,REQUIRED_INPUT_UNAVAILABLE,2026-04-08,TATSILV
false,5e48b239c6100887f71b1d743d16bd597f15ec0526a5e331caac3a1e5e865e26|d066d515537ec5a75cc009f5cbee0ce33bf9e3aad2839b1231d1614477924ea5,false,7058045120000243c571fcda53805310170b42cc98db210e429beadde63c314d,COMPLETE_FROZEN_INPUTS_UNAVAILABLE,NONE,false,false,ADJUSTED|RAW,REQUIRED_INPUT_UNAVAILABLE,2026-05-26,ADANIPOWER
false,5e493a89a2586e733341b83a76ccd81c2836e7f0c042126d3b9a207ca72ccd70|7895051d4d7b370782f06819e89515722a65a465368def0259ab4e1bc6511b54,false,415729f3ec8ec5cb9fec73631e483f1e65e85e46d4f08d9c61430416122085aa,COMPLETE_FROZEN_INPUTS_UNAVAILABLE,NONE,false,false,ADJUSTED|RAW,REQUIRED_INPUT_UNAVAILABLE,2026-02-25,TATAGOLD
false,5e6d6464e3b519c134c1a2fb831d47aa1e339900aff92c64a038d23979cc943f|8097c0babb34d2b63ef943314afd9835e70156009d434fa1d505471451712a61,false,37edc64376e4df6c552ffca2b6efe3c1f627fe812005829125b2b23f1001162e,COMPLETE_FROZEN_INPUTS_UNAVAILABLE,NONE,false,false,ADJUSTED|RAW,REQUIRED_INPUT_UNAVAILABLE,2026-01-27,SILVERBEES
false,5ec775324fc3dc3757f5aa74ada7a7ad169b5d3837e3bc7bee99073b783970be|9bd6fcd56e42eaa7e3e75dfebdefad761e7a1aa196fe860da96d2fdb16f8d764,false,b17599b085bfd0431ccb7398871b0550ade4c49f2c945cc063bf48dc416d4d2a,COMPLETE_FROZEN_INPUTS_UNAVAILABLE,NONE,false,false,ADJUSTED|RAW,REQUIRED_INPUT_UNAVAILABLE,2026-02-24,TATSILV
false,5ed46a0a83189ffa27464962ab9542ecf6a0ae9aa3292283bd4c0bc404c194dd|94e5c655e3db5dbafddc3003425f2b7e55a49c03408c3e84d9f24e2b178dcbe8,false,f5151730901e615ad788dd48aa2d1648e6c075476195a88da71c9eb7aa7faa70,COMPLETE_FROZEN_INPUTS_UNAVAILABLE,NONE,false,false,ADJUSTED|RAW,REQUIRED_INPUT_UNAVAILABLE,2026-06-29,SAIL
false,5efdbe2127e123fbd3df14a58cd4923227660bf83bf7dc4e666746fa562a77e2|ab530b27984e2c10677fd45b66fdab29b7c757a3ef13f32c2fc625a465e540bc,false,c14f40df1df3cf9119b2dfb1d10e3edd8bd5d139aa6fbc4d32e55c36fc202093,COMPLETE_FROZEN_INPUTS_UNAVAILABLE,NONE,false,false,ADJUSTED|RAW,REQUIRED_INPUT_UNAVAILABLE,2026-02-05,GOLDBEES
false,5f35087fab603b1ee3ad8a33ba5396aa8c799a1e34c4e907da7ed20b54c338f0|bb33a0b26e3f42a276b39e712b194d23cee45865eb7ddf97e95ac107d0bb48b3,false,f39d8b888d3098d335dd1a638d3daefe66442312569b18ab868dd7c59b299960,COMPLETE_FROZEN_INPUTS_UNAVAILABLE,NONE,false,false,ADJUSTED|RAW,REQUIRED_INPUT_UNAVAILABLE,2026-02-17,MANGLMCEM
false,5f54a3eed7b6ea46aec668d1e5255caf975c68ffc81fc4ab5610c02f42041a11|ae5b635f448d3fb756dc1b9d3740e86677a845364a2a263a892a4134cac7fa57,false,4a795c1fff33ecda34ec73ee4a988646b91a5f09dc9a9d1c0204260640dd9b63,COMPLETE_FROZEN_INPUTS_UNAVAILABLE,NONE,false,false,ADJUSTED|RAW,REQUIRED_INPUT_UNAVAILABLE,2026-04-24,RPOWER
false,5fa1e8f3abaf64766c6db359197a72f8c17cb91ef95e22009bb50e29fd3ccaa5|d89f6f1655d662c589fdbc9cce2cbeb8ff118c11a6a513f274b471700b2f60ac,false,d8ceb7e9d2e750665b41f76b823958fb37946f4cdf95256831466c4aa643fd60,COMPLETE_FROZEN_INPUTS_UNAVAILABLE,NONE,false,false,ADJUSTED|RAW,REQUIRED_INPUT_UNAVAILABLE,2026-02-18,PNB
false,5fad3fa03915db0ae2488c150ee8a89e550f9da69847a0ac002aa5ae20e06ebe|f59948ed0bb63b237c635ef305fbff80840d8c6be42763bfbe60e009aea24fec,false,9767e7eb8bae71e273f86ce15c4404385a177775b98701e610e38e0152cade76,COMPLETE_FROZEN_INPUTS_UNAVAILABLE,NONE,false,false,ADJUSTED|RAW,REQUIRED_INPUT_UNAVAILABLE,2026-03-09,YESBANK
false,5fbfe4bf4b6d8c7080a3650f4738fbd2c1223606542997d87587e416825ef84c|ed9ab1197569494e3b4c8dbecaa66a03df31ad814c1138696f7ce3ed7a3bf241,false,1089132b3b8856329424502f2c62c02b0bfb9658ab6b68a3dcebbce70352939a,COMPLETE_FROZEN_INPUTS_UNAVAILABLE,NONE,false,false,ADJUSTED|RAW,REQUIRED_INPUT_UNAVAILABLE,2026-05-05,JPPOWER
false,600bb829dc3f41a32022fb8c950da5f7360a8352d3abb71c45809a5cbc87a11f|af9b2a92243af307515a25eb811879d5c2979d4b2e715679fef09d0aae1a8d32,false,af79536b28de2de754d72e81ee5bd981db4a623ec321c364a7a9695d4b2b4f0f,COMPLETE_FROZEN_INPUTS_UNAVAILABLE,NONE,false,false,ADJUSTED|RAW,REQUIRED_INPUT_UNAVAILABLE,2026-01-28,GOLDBEES
false,60127f5c02430550827bbacb9ff4d03534355865c5e98952333984382db88458|c94de14caea7cfb1df5463e9d702c897bba64037b3dea863610a139decc5274e,false,68973f766b94953875b0136a20159a3149a6cc3abee75ec079892c69e559751a,COMPLETE_FROZEN_INPUTS_UNAVAILABLE,NONE,false,false,ADJUSTED|RAW,REQUIRED_INPUT_UNAVAILABLE,2026-03-09,CUPID
false,604acea59bc810713a2d6518018ab69127a9e56cea624894e9b6ee145938467e|f0d086a1da8a4c94a0b084a7f44746746fe8f6b7662482287247087cae7dd755,false,9454e40d6e0a3c73da7631bda391af7b6861acacb4d523e303f28e0f777acedc,COMPLETE_FROZEN_INPUTS_UNAVAILABLE,NONE,false,false,ADJUSTED|RAW,REQUIRED_INPUT_UNAVAILABLE,2026-05-04,BHEL
false,6053229901a4575ab55ecc47031b827f07b1657bac6250efe9cee617e297f01f|790da92f8372fcab2bcc29c66cdee4aa857ae7bf5dba7ed4ed453ad35dc51f9f,false,e329d4ccf3707b10a2646bd382edbcb30434a2644beb17af0113300ce28b6c60,COMPLETE_FROZEN_INPUTS_UNAVAILABLE,NONE,false,false,ADJUSTED|RAW,REQUIRED_INPUT_UNAVAILABLE,2026-06-03,TATSILV
false,60de1a849637b598426ee8e44336f9fc195dec3b027043a7be6522510c908cbd|79c041533ee231be201649942979ead5bf54680ec6bafb2a05bda79a1ea2b7d2,false,237394805a50aa7ea82dceaefa3db8b5f7a057b4470a0d6623bffe855f7a95e8,COMPLETE_FROZEN_INPUTS_UNAVAILABLE,NONE,false,false,ADJUSTED|RAW,REQUIRED_INPUT_UNAVAILABLE,2026-07-03,IKIO
false,60df163eb35e994f6026deafddd689023d7ecfe0d6fa5d8549178310cb0de45e|c42f454444e5cb7bcbbc82bf1beb7cd8db1a16cb6f5890e61508456956d9f650,false,9c3bd987165f310fab9796add1e1c35e1cac8bdbbdf1a354c0b329fda5ee14d3,COMPLETE_FROZEN_INPUTS_UNAVAILABLE,NONE,false,false,ADJUSTED|RAW,REQUIRED_INPUT_UNAVAILABLE,2026-04-15,OLAELEC
false,6132b42a11f71b88933996d02b2359a7db52581bd951595ecd326e810e98f82d|a59f9ae704d741f36e838df79226335962e7e2e90ead6c27ca2ce1ff1cb332df,false,14db495efde4c157bc5dd09ab38dfc002e2300b3924a30e8a9b8c78e96309618,COMPLETE_FROZEN_INPUTS_UNAVAILABLE,NONE,false,false,ADJUSTED|RAW,REQUIRED_INPUT_UNAVAILABLE,2026-03-11,TATSILV
false,6183653faf2fb49ad183533c01418b01e2c177b5f367d0f9c416f913847c0c2b|9558892c9c59ca818fc152ce241f46752be53175e2ec196c445469046b5642ee,false,9dc61b98f8904795794588686ad8cbdf85388dec139add0a15576a1f4d12a0cc,COMPLETE_FROZEN_INPUTS_UNAVAILABLE,NONE,false,false,ADJUSTED|RAW,REQUIRED_INPUT_UNAVAILABLE,2026-03-13,YESBANK
false,61e9de6309775d7ae606d4a75754e5b64cf8377d4cbfa97dcbcffb85aaaf589b|f88113f0a41d4d2e269245c2d7adc7dbe0515074be649f4e9b46235c3f9c2ab3,false,1891ebd29f77b8ef4ec1d5102563309f787939e796cef817f36072be42a73b00,COMPLETE_FROZEN_INPUTS_UNAVAILABLE,NONE,false,false,ADJUSTED|RAW,REQUIRED_INPUT_UNAVAILABLE,2026-03-18,YESBANK
false,61f9c6c6ee59ade59a1a9a4c718b51c88c6c130a6767b48c3f8a4ee3d13bc91a|e5ced028f73c47e34cad3b4736437af7813a74fbde6b21c692eada0bd9fcb803,false,8a99d8c226cf767df1d6a1cdbc47d378563e9c3a1bc20760301cab80975417ee,COMPLETE_FROZEN_INPUTS_UNAVAILABLE,NONE,false,false,ADJUSTED|RAW,REQUIRED_INPUT_UNAVAILABLE,2026-03-24,GOLDBEES
false,6205f405da6cfb7f49fd04096e2f7c4e5b8450d0b9a22408dc241a8d33e64035|a030883019d938bc33d6c98f3c075aa9c0ce6e9ecf14e97b006d88320bf66f1e,false,00e0210d66d56cee2ac85b224a69251a7b19ef6d035c1d46ec4573e2f5a654f8,COMPLETE_FROZEN_INPUTS_UNAVAILABLE,NONE,false,false,ADJUSTED|RAW,REQUIRED_INPUT_UNAVAILABLE,2026-01-06,HDFCBANK
false,6228a39b75c83d35a57cabb6a8e7f95662002f2f9330838594c6e9a9e221ad35|62ec32687a93e18998f4a533684d98b183b47f82cf0ff85257fb0950495360dd,false,2c1b6cebe0a7ec712eb34866d59a7f193dbc4a3ff49a2ae5dc3ddfe128d28701,COMPLETE_FROZEN_INPUTS_UNAVAILABLE,NONE,false,false,ADJUSTED|RAW,REQUIRED_INPUT_UNAVAILABLE,2026-05-25,DAVANGERE
false,622b8544fc0a137f6ef891017d891f13e5ce1239864bd8fc4eb1acb797c9c714|90703fe2ddbb7f8f40f62e32212234fbd8d837ca9d14a327f7fb4f053d515e64,false,a83dd4d4f7c3d8204b45d3f0071473077c55f8e0a00b87c1904ac153c1b9e0de,COMPLETE_FROZEN_INPUTS_UNAVAILABLE,NONE,false,false,ADJUSTED|RAW,REQUIRED_INPUT_UNAVAILABLE,2026-03-06,YESBANK
false,6237f71f891d45459ecf19e69f5b0712895674029e3ff55cc3bb667b0b91abfc|7960d3d30ac0c1c456c016c0ddccb0c466148ef53f30ee5eab2d70ac9c0861cd,false,b39931454c1aa863ca004618f2cfa78e491a04a07d1b8ad4f5cfa8d7b3886262,COMPLETE_FROZEN_INPUTS_UNAVAILABLE,NONE,false,false,ADJUSTED|RAW,REQUIRED_INPUT_UNAVAILABLE,2026-07-14,PCJEWELLER
false,623ef376a9c5b2e36a96846d7061b68d00e79790cbc36a47a6d88e809dd40bcd|e4387502219f9a7736a701577883f3ca354d1843ced712232de19098ffd7cf1b,false,9c0ed715d2886fd37463c857a57946e3657c9f5083a54054242e9129c178a93e,COMPLETE_FROZEN_INPUTS_UNAVAILABLE,NONE,false,false,ADJUSTED|RAW,REQUIRED_INPUT_UNAVAILABLE,2026-06-25,IRFC
false,62424698bd37ff6dac5c00e259fc53af0129bf7811c0a36bac7d1732eb8b86fa|f270b834cd55ee2aecce9e9550d82f5c7bb7b83b5b58ddd2a06cce9d7b9dafe5,false,2055ce2c231948ec4fb7beed8f1b2c7c0c74f222b771c8f372ffc8dac490c46b,COMPLETE_FROZEN_INPUTS_UNAVAILABLE,NONE,false,false,ADJUSTED|RAW,REQUIRED_INPUT_UNAVAILABLE,2026-07-17,KALYANKJIL
false,625b0aba14382b78a8323be65b151773501b8fdf2609abd9e9172569dac3dc98|c54f374c540610c40ba270ef458e5a58970f9f6bb60e33ce08aa0c9d575c16da,false,89d7942f5198a52b2a077dba34c2d0838cfaab0cb55b09677b126fe2bef2752a,COMPLETE_FROZEN_INPUTS_UNAVAILABLE,NONE,false,false,ADJUSTED|RAW,REQUIRED_INPUT_UNAVAILABLE,2026-03-30,GOLDBEES
false,6261ede69af4ed61a649b9cbd586e2bcfb03add6c67a449c28a4ef2e43e8f042|87e9e440439844f67b25a88073fe74e71e181f91415c86b487cd4323105bcc03,false,9aff2c4dd16b007775b10ef734e2daffdf2fea836014784c56633dd6f45a32c5,COMPLETE_FROZEN_INPUTS_UNAVAILABLE,NONE,false,false,ADJUSTED|RAW,REQUIRED_INPUT_UNAVAILABLE,2026-07-06,PLATIND
false,62aa575e8c038ca7ad215ead030173c65a17fa545e90091ccd12d5934b8f0aec|8da711d3d054b19ec861adb43460434debea0129536a7e3126780e70a8bf7492,false,ef976765aecd8ab45af47f77cc90e84c4469bf1361e9469c7f8cdbfc3a4d35c0,COMPLETE_FROZEN_INPUTS_UNAVAILABLE,NONE,false,false,ADJUSTED|RAW,REQUIRED_INPUT_UNAVAILABLE,2026-07-08,PWL
false,62b866d38b601c1cc2694b5ab23623d8369c1a7428f855f5dbb1a1012fbfdce5|f41816cd5e4923a905bddae2e917e06c33432976dabc565bf5e456b496452570,false,7096d1a4dc4b60cb23957dbc907902b9ae173a57d781250d8c5c98e3940a0d65,COMPLETE_FROZEN_INPUTS_UNAVAILABLE,NONE,false,false,ADJUSTED|RAW,REQUIRED_INPUT_UNAVAILABLE,2026-06-04,JPPOWER
false,62df46da204d13bf68081ee0fb043757e6e65b37ec84fcfaac711492b46f9b1d|64b191b2d03f480d47b615d0490b1143a31dccde95d43ef6fb9262c56406d96e,false,1e36730a5daae42deab15be4719d9418f0b54a65542d6841cac5da9566163a3a,COMPLETE_FROZEN_INPUTS_UNAVAILABLE,NONE,false,false,ADJUSTED|RAW,REQUIRED_INPUT_UNAVAILABLE,2026-01-16,YESBANK
false,62f7df6ccc701047317d056a5cf02d9cb74cf393284f34443821775e3d0d9baa|a33bf8217ec2fdd01882257943f01d840eef2a7a58e2721b9625bea82422069c,false,ced82b75ecb3fa1f144657b5cd7e4679ea16eb0ee04495adf5161fc8df1261ef,COMPLETE_FROZEN_INPUTS_UNAVAILABLE,NONE,false,false,ADJUSTED|RAW,REQUIRED_INPUT_UNAVAILABLE,2026-05-25,ADANIPOWER
false,63bb54652a36fb4552fc11d0d5014d2e12f6e3ea0ea194c572e1e533793705c0|ce8849b5953ae1dbba6b5e3088c104c242fbf4630f93493394b8f9e16ceb7537,false,7b1da3bf9c7bf432c46583199e7e5314495e6976a72b9288ccf1ff078c777b31,COMPLETE_FROZEN_INPUTS_UNAVAILABLE,NONE,false,false,ADJUSTED|RAW,REQUIRED_INPUT_UNAVAILABLE,2026-03-20,TATAGOLD
false,63daa9a9e1f2c84bb626f2dd146f3c09a44f14a2400b322aa4875c2b2a7d07fb|d9dc3ac7cb72c635452b04749a0f97d3e6a668111564c5db4aa50f37b5588474,false,ade379b7bf790c77c6300ae84b8655c85a4fcceb9c466976b79b34632b276e79,COMPLETE_FROZEN_INPUTS_UNAVAILABLE,NONE,false,false,ADJUSTED|RAW,REQUIRED_INPUT_UNAVAILABLE,2026-04-07,TATAGOLD
false,646811c3008183c37255b73d75a795d38c35e57566f288107cb222e08f25474a|b5608599bd7cdc2675845c56a6ffe932e3b28edfa368acef55f4edc764726b43,false,fb03a4e7ea7429d28540014e765f68621b98b55df7b99ee400adfdab15cdcac4,COMPLETE_FROZEN_INPUTS_UNAVAILABLE,NONE,false,false,ADJUSTED|RAW,REQUIRED_INPUT_UNAVAILABLE,2026-04-29,ETERNAL
false,64823e05d306f9073c72c7c978e76b43fdc291e9e1c7736368e695e1ba4929b8|7bf409f536a242e79b7d49582cffe4826b0185cb3b461923077e416feecd7dc1,false,66bc542147a2668719bb7e79283affa2ebc7378f59902a4beebd7e6dc359d6c6,COMPLETE_FROZEN_INPUTS_UNAVAILABLE,NONE,false,false,ADJUSTED|RAW,REQUIRED_INPUT_UNAVAILABLE,2026-04-17,JIOFIN
false,64aeab3fba158b8f35248315d1753415b6e8c5a3c2fb394ca85a306e6f68465c|cf8b3855838b308b823bfcd6616d9ddf532860f6790e799a000db83766801b43,false,a518b06284384c6e00c4c8a9fbb23343910036947cdf285b01ae884184a3dad3,COMPLETE_FROZEN_INPUTS_UNAVAILABLE,NONE,false,false,ADJUSTED|RAW,REQUIRED_INPUT_UNAVAILABLE,2026-06-11,ICICIBANK
false,64b408926b01bed25f0e47646ae3b99dcb3143b5dc1a6886be4e41a08faf4554|c495d7408cb78101c7129bc1acea3d984b6e8c394048476e724c36a320f44dd4,false,161cb8cf226fde1f57867761b2d9e6adb0d24ecd4418ea97040491cd428616f1,COMPLETE_FROZEN_INPUTS_UNAVAILABLE,NONE,false,false,ADJUSTED|RAW,REQUIRED_INPUT_UNAVAILABLE,2026-06-25,TATSILV
false,64d27523e44d4ba0857ffa6e11e9d8de377f80664fb1399ff4bd75ddd9f35953|99936f9e913259021196edb2c367969ffe891b736c40c91f8a30b216e9c4ea0b,false,200cadbe60cfd3e40f235f1cdab8af3bb9d8adc47a4a745e9ccda33f223cfcb9,COMPLETE_FROZEN_INPUTS_UNAVAILABLE,NONE,false,false,ADJUSTED|RAW,REQUIRED_INPUT_UNAVAILABLE,2026-02-04,ADANIPOWER
false,65257fa3e52751e1d208272b310a5dde0249b1a67b6b94c2cdcb12f80bfccadf|c0e682da71b6b3753cd38624fa696621d74808faeee5c039473d0c95822ae35d,false,c08aaec16476670c5903f5f8d5ef284a69120c102f6de5ac9218e3cbaaf4416c,COMPLETE_FROZEN_INPUTS_UNAVAILABLE,NONE,false,false,ADJUSTED|RAW,REQUIRED_INPUT_UNAVAILABLE,2026-02-19,GOLDBEES
false,654fe6b64ffc5788699ffd5ef7e47155f28b70bbb9412a5306fb6d0476048652|9c907aed9a939ca6261469cead334abaeeb4cf0a16549f3a9d4ba2cd2ae620ec,false,011df09c5c9f408f189dd661d949d0a3a74571559fba3a8eeac0fa95f2c9582f,COMPLETE_FROZEN_INPUTS_UNAVAILABLE,NONE,false,false,ADJUSTED|RAW,REQUIRED_INPUT_UNAVAILABLE,2026-01-21,TATSILV
false,656f5b3e3ef6badbe9877ec9a1c5f1f196208b6cea009bb2097973fd903a391e|daa4a0b51437ed7f1f0b27ec6d4ef82ec6abfa6bc247a38ebc48caf0a67a1988,false,d02c8a4f85e967745bfb046970cbcc8868a3be31314f51d4197bae3697df9dfe,COMPLETE_FROZEN_INPUTS_UNAVAILABLE,NONE,false,false,ADJUSTED|RAW,REQUIRED_INPUT_UNAVAILABLE,2026-01-06,SOUTHBANK
false,65e6404fcf07c75f772977a54b0d30c0e07927ca4421e3b8fefec045ca04f6d0|c10d7680d74c39288bacf2d875fa3ebb734c98538402457f2bc411fab36285a3,false,19e9febcec10ac76c36b9f10e3c1141fb8a95ca42ac93d280d1952ce3d54a804,COMPLETE_FROZEN_INPUTS_UNAVAILABLE,NONE,false,false,ADJUSTED|RAW,REQUIRED_INPUT_UNAVAILABLE,2026-07-15,ETERNAL
false,65fdce2a4e8e22380587c1961109e7cf46c2f937719da0c9a2eb58ae9aa46a88|9e54fd7e0768fbee15d1303cbb4caa914d7742212a8babc813dd0478481475d5,false,1080f3cb0cf56bf03c0e869d03f76a6598f39f0dda52af9304b0eaec61a736e7,COMPLETE_FROZEN_INPUTS_UNAVAILABLE,NONE,false,false,ADJUSTED|RAW,REQUIRED_INPUT_UNAVAILABLE,2026-07-02,DIAMINESQ
false,661b4bd02a76f3fa4bb6ba0707ae2b894fbf1f848de23b9e73355edb543467c2|762a4ab267426b2c83053fe35a2b221fa93270a406b348a7fe6053cb98a912ef,false,a99211d1877e8c1062f653af6f1c73c1540523c0b65874a6ff6b38bb1af48803,COMPLETE_FROZEN_INPUTS_UNAVAILABLE,NONE,false,false,ADJUSTED|RAW,REQUIRED_INPUT_UNAVAILABLE,2026-06-19,IFCI
false,66308e0339547948322de77ae6a37192306d66e05c5ca100ef09aa872761a10b|c3fe4fa10f896bbb0004cf2bbcaeb0baeb9168645c2c91a1dd58cc038ff07875,false,7c1cbde10d2f4736970308288c0472d78c61f8d1e87c3dfa64a4c5cad79c8bab,COMPLETE_FROZEN_INPUTS_UNAVAILABLE,NONE,false,false,ADJUSTED|RAW,REQUIRED_INPUT_UNAVAILABLE,2026-05-22,HONASA
false,6666cdacb43420f417065a9c75a22d19e8378f5d8deb390d06b024905f688c18|c04808b8ae6fbf58e08796d5226aa04eff575816cd670b9fcc747a7c3df2779b,false,088ceae1abb802a03c5d1f2c83a340e20fbedbf80e83f90f71e14356f70c32bf,COMPLETE_FROZEN_INPUTS_UNAVAILABLE,NONE,false,false,ADJUSTED|RAW,REQUIRED_INPUT_UNAVAILABLE,2026-01-08,YESBANK
false,6682563f4e1a6e37a4a1016b5cc74fa0d43de0622593c00e016a2171c529fbbc|69b88c04987690789a856008ed4cd4617938ff6f6fe4cc5e4d770fb0b36f657e,false,b4ab526917429eaedd288d73446a6afa589be47f4ffb750faee6b644d7db1354,COMPLETE_FROZEN_INPUTS_UNAVAILABLE,NONE,false,false,ADJUSTED|RAW,REQUIRED_INPUT_UNAVAILABLE,2026-06-29,TATASTEEL
false,668c42dda7dfb076f2af93029375f662735f5328d0745ef3b042f9866cc9f37b|f0c411aa7d78b42788f9a5154a51c16100f888bc8d2b1a20f38920b6da3d138f,false,802c35e92a0a0fca59811bfbd95f6b1479d301ea228faf5ee6606991bc66bdc6,COMPLETE_FROZEN_INPUTS_UNAVAILABLE,NONE,false,false,ADJUSTED|RAW,REQUIRED_INPUT_UNAVAILABLE,2026-06-15,YESBANK
false,66934e6fad6ef2625397fd1eea0b9f00e67c36a63b0d1f31df8f17231fdad0fb|cf6a5c0ccaa47522d3b1c3f1bf363cbf62d8b0218848bb9a3a59d873da28762e,false,ae745ee7417ab2aad20a3ebfc622fdb774da0fd3b88a1f3e946b16f7e4edab3e,COMPLETE_FROZEN_INPUTS_UNAVAILABLE,NONE,false,false,ADJUSTED|RAW,REQUIRED_INPUT_UNAVAILABLE,2026-04-29,OLAELEC
false,66a881582452db96c8ce8e04f8e96bdb051128db8ba7241b5640e87daf8d105e|ac368d357e8140165e8f4c24c6703020aa4818cc80f4a6d25f67b4e5180013b6,false,f0191d2807a9a5127be9b17784d3a85ad0c1460c548b292934a748cd30b1f9e9,COMPLETE_FROZEN_INPUTS_UNAVAILABLE,NONE,false,false,ADJUSTED|RAW,REQUIRED_INPUT_UNAVAILABLE,2026-06-09,CUPID
false,671d017a72c3d83da1b7b42365d25e666450dc221fdd10a4558f9d88bd8c19b1|792bc93bfe4ccd4baa1eca2e4235a279b93af9461b0b41f10089c9382d7d3b1c,false,5e402c056b714c43b5634c86d01eec00402f40160774e55f516bd7068332c0e5,COMPLETE_FROZEN_INPUTS_UNAVAILABLE,NONE,false,false,ADJUSTED|RAW,REQUIRED_INPUT_UNAVAILABLE,2026-03-02,YESBANK
false,67b2bf64e358bd2191687ae3a4bc4cc9cecd7432e74f69106d5e94181caa3f91|948b9216b07a61ee5c9f556669a15a992fe55b7dee0bfabfe4e1731cea8d4785,false,4fc0d6ee46757f57097bbaa1f0e6cad5fd8ad96833ff7a9ed413e118f4c2dff5,COMPLETE_FROZEN_INPUTS_UNAVAILABLE,NONE,false,false,ADJUSTED|RAW,REQUIRED_INPUT_UNAVAILABLE,2026-02-11,BHEL
false,6823587d432c92415a8213511e48f14959dc31deabd61089dcba85055e661844|a1968e6d1284fae218ff7932d0101525683d402d23796836186d36769b0220ff,false,29d58c4128d3af4efcb75979f2198e63253305726865dda9fb95a2d7f7dca627,COMPLETE_FROZEN_INPUTS_UNAVAILABLE,NONE,false,false,ADJUSTED|RAW,REQUIRED_INPUT_UNAVAILABLE,2026-05-21,TATSILV
false,6833bf4b6f65610735e1742d69c4ac52ab96103a2b80ee72e45c3eba5f1b6f4a|ddde1b80c2990058d183cb20a8ea310a95c1f853481c76fc6ab0bcd504392e0e,false,eb50ed704d226421ef76f19d70ae4f6dfdd5ff4198723d809e90bf90ab229c80,COMPLETE_FROZEN_INPUTS_UNAVAILABLE,NONE,false,false,ADJUSTED|RAW,REQUIRED_INPUT_UNAVAILABLE,2026-03-05,FILATFASH
false,68bce8d836b1da358f73f2139e312bd99cdee3c3e49dd39609c849d7c1da39ec|e6dd4a1cc75efd321e2623ec7718c73e7389b00342fe367deee66e55e7fab460,false,a0a2c9b8ab95010a153e9f80354f478388894e954e810167ea27bb82448b6f9d,COMPLETE_FROZEN_INPUTS_UNAVAILABLE,NONE,false,false,ADJUSTED|RAW,REQUIRED_INPUT_UNAVAILABLE,2026-01-12,IFCI
false,694d2b077df962fa0ff5dec38da6348cdc738fc70a183f7b298251e07ea8755b|8de058185d80e3e4901d82c6d2c821a389d2bc0f660ee1b89b9098145f804dc7,false,d5561ab6eca828fb3b32c28fa5a48112a46e66be136d0567ac7bb82a8c9d55d5,COMPLETE_FROZEN_INPUTS_UNAVAILABLE,NONE,false,false,ADJUSTED|RAW,REQUIRED_INPUT_UNAVAILABLE,2026-02-26,RPOWER
false,696bb7de97a63bfe65d1cb8ceaf3c987ac608dcf42a0a3ccd25cb4a1b07a4b9d|77de92f51e7f6a6e6e0f06500a286232b58a1662db0132e0b4d7843a71f58fec,false,bd330aa2bba8e9ee459356b01fca073c96f4634143cc87a02f4c34b4ca311124,COMPLETE_FROZEN_INPUTS_UNAVAILABLE,NONE,false,false,ADJUSTED|RAW,REQUIRED_INPUT_UNAVAILABLE,2026-05-21,MOTHERSON
false,696f1c156f3f9f9ec0e350c721baeafa7d32bf306c2e340969b2d7bf3bece5c5|772d8a9dc3f9e67b9479514830efc6a5ae911320cef32602873f8e8882f5237c,false,bee90ea21ccd966062874b37f602aa4fef552cfd4b341f5b745796271a7b9742,COMPLETE_FROZEN_INPUTS_UNAVAILABLE,NONE,false,false,ADJUSTED|RAW,REQUIRED_INPUT_UNAVAILABLE,2026-03-16,ITI
false,6979288090c69d85c2f92e6e0c5dfbdb6d6c804912bb80f56ec6ace2503f2f2a|86759d6aa9012bd9bd09fa60337cd0a8cad6d107dd6325507d2667b02632233f,false,34f3b87c503d82b671b934fce379ec39d8551cce347892b6362fc49aa885aac6,COMPLETE_FROZEN_INPUTS_UNAVAILABLE,NONE,false,false,ADJUSTED|RAW,REQUIRED_INPUT_UNAVAILABLE,2026-07-10,UJJIVANSFB
false,69a8629588a496e80143d9ab18551f2c208e214787dc412440c9199ae0cb2da9|c7a73cd729674986882e4f6b58e25bb2f87a8f253f44334f2a24bcdc76f06be2,false,8c867e0fed99aeffe5f74a0e5ff34ee53259b22d0d9624131852361d79e1a14a,COMPLETE_FROZEN_INPUTS_UNAVAILABLE,NONE,false,false,ADJUSTED|RAW,REQUIRED_INPUT_UNAVAILABLE,2026-03-06,SILVERBEES
false,69db45cc5e9e6aa2b27593e9c21eb4c8869300d40b5e0184479d718d74fab450|995873e2cb4176d54bb900b6badceaaf283c1514c79730c9e1a9a8be7f131955,false,6b5a54d4e40a5471225e62e2dad472fa190a667d171b58cc04a09feccf8dbad2,COMPLETE_FROZEN_INPUTS_UNAVAILABLE,NONE,false,false,ADJUSTED|RAW,REQUIRED_INPUT_UNAVAILABLE,2026-05-21,PCJEWELLER
false,6a38f199be0fdd116254c470509960c68b9113611a88630a4882af5b2b8fdb61|c29ad5d13a874fcd312cc7b785b1e4898eb0cb775acb681892b060d30ad7dcbd,false,527321bdf654f5a493a17d3b486a5dc4543bad620f55286a97cb0c3a30f513a3,COMPLETE_FROZEN_INPUTS_UNAVAILABLE,NONE,false,false,ADJUSTED|RAW,REQUIRED_INPUT_UNAVAILABLE,2026-05-25,HFCL
false,6a640f2d8455c4c8e1de6d8c2a31dbe0e642f5b41785f3b943c4cbd56add3f14|f6ad6b024fd661b0408af65e50e9a252940cb1bb602241824e3423713e40b736,false,7922681865fb2eb1d834006f880ce1da64abf56104ad8810f98a34d63e95f2a9,COMPLETE_FROZEN_INPUTS_UNAVAILABLE,NONE,false,false,ADJUSTED|RAW,REQUIRED_INPUT_UNAVAILABLE,2026-05-20,JPPOWER
false,6a7485d9c66133872ddf0853f35b66623998173a2273841b44d2a0f4ac32c96e|a9258e2b75e3a8072761507d4b7035f2117b4904de3355de08998310e115c79c,false,c52707759bfbc2192cb21cd93f004391e4770b3d7404c4c76022f2ee7e28c362,COMPLETE_FROZEN_INPUTS_UNAVAILABLE,NONE,false,false,ADJUSTED|RAW,REQUIRED_INPUT_UNAVAILABLE,2026-03-05,TATAGOLD
false,6ade68bf06ab6c20183d1a8496b6dbe49a958c5c14a3ad2ef161532427ad9cac|e3c098bf5681b0568f812ff23a6ea90caf481f865ebfd58371c4f80c8b41f4e4,false,c48d4f07bc50c98a03a1229891c3c2fb83bc417b86ea1fbd3d92b58ba5b0a1b8,COMPLETE_FROZEN_INPUTS_UNAVAILABLE,NONE,false,false,ADJUSTED|RAW,REQUIRED_INPUT_UNAVAILABLE,2026-03-17,GOKULAGRO
false,6ae1ccf94946d97f0c7d958d957122a9437565ec058a968920d303aed054cb99|7e548cf44fb8c1dabd99eb8819082d7407cd3e448a764677e244381f93869cb8,false,c4d7fe9277b1288d071ca7a0a80a341d44ac86368852976fcf9ef7bc611127c6,COMPLETE_FROZEN_INPUTS_UNAVAILABLE,NONE,false,false,ADJUSTED|RAW,REQUIRED_INPUT_UNAVAILABLE,2026-04-27,TATAGOLD
false,6afb766af01a9e5dff54c50f1f716e73ec4e8596da20940ff32ff09d625c4138|ffbd801cb976aa66e2d238f6afcc1ea64c2d1957cd27823dfdd82c10a6f5943e,false,81e3bdc8e6ac9607d026ecdf24dbbd3da485b9b1d42f8e67a43c83e2a3e08944,COMPLETE_FROZEN_INPUTS_UNAVAILABLE,NONE,false,false,ADJUSTED|RAW,REQUIRED_INPUT_UNAVAILABLE,2026-05-19,LIQUIDCASE
false,6b211b2d4c711e8829fb039fbc47a16c260242d5fc80d3657982ce74ff696033|a8712ff9648917c1d8be02442526bb20694478ac5c258d6ccca11ee97f97dbc2,false,96443fd01c300d9ccf2be7388b473c514ce305cc7568280661b7b1071065a84a,COMPLETE_FROZEN_INPUTS_UNAVAILABLE,NONE,false,false,ADJUSTED|RAW,REQUIRED_INPUT_UNAVAILABLE,2026-05-11,LIQUIDCASE
false,6b4f8410475ee1b0f4c96b6083b222e7b5530cef63f5f85a9e035e55fa697861|9eadf251a1345634f8145e2149b70ec3508544da717b57843db3bcb13a36b3e0,false,d03d121d5c927d967fdb4bc368e7c00858aa0a5174de78b3275daf4ac7820829,COMPLETE_FROZEN_INPUTS_UNAVAILABLE,NONE,false,false,ADJUSTED|RAW,REQUIRED_INPUT_UNAVAILABLE,2026-05-19,JPPOWER
false,6bb0b38aad6ec318805ad66014603ac0870f89ca18b17bce64ef9e7077e6868a|94fc8ef9ccb2772771eff82b95e29d057c0fa1d2b0d27e0e2ed210776ad4ad58,false,4a9b99574c0b1a57f6a6d28551f4e62231ddc1f1320a1a555f00fa49f439ffaf,COMPLETE_FROZEN_INPUTS_UNAVAILABLE,NONE,false,false,ADJUSTED|RAW,REQUIRED_INPUT_UNAVAILABLE,2026-05-08,OLAELEC
false,6c09d4aa9d191fa0736bc638977955316008af1ea8f97f2d82c9466584152c79|dc598158dc23a3a7512d8e0554d558d3f39db3a2d05910d7a07ae76b0ec769d0,false,51fc5452ac8a805ca3c0d98656ef74785f3e9d36502502b10532083e91cccb05,COMPLETE_FROZEN_INPUTS_UNAVAILABLE,NONE,false,false,ADJUSTED|RAW,REQUIRED_INPUT_UNAVAILABLE,2026-07-07,OLAELEC
false,6c1074d8dabf0cd051808aeb65963424e95fde00904a6466fa99efaa5a56800a|7f711814ff83bf1c03032edf5fb0f647101932a30ccd044433eda8381d276784,false,f51bee755a3fb721d09e67821a7c2564b2f6aa8f381a7ff1ed745ed25dc5efad,COMPLETE_FROZEN_INPUTS_UNAVAILABLE,NONE,false,false,ADJUSTED|RAW,REQUIRED_INPUT_UNAVAILABLE,2026-06-04,OLAELEC
false,6c37ea5756ce0a78f4a51410380fd80944ad818d1bf058f50f28b4b91808fd58|d0adfbfac71a71467c1ea58217eea71ab348cc7a7cd1b76360d43e5dd00f76cc,false,98ade49c2985cd38d62f901c55a58ad9e056cafc57e30424bbfb7513f5ec8776,COMPLETE_FROZEN_INPUTS_UNAVAILABLE,NONE,false,false,ADJUSTED|RAW,REQUIRED_INPUT_UNAVAILABLE,2026-02-04,NMDC
false,6ce1d1a2241272dbedcb4e802ce43e5240dc9a6561b507db179d9114c4d0a843|acd8171f8dc410ce7ea3474aad9e8d6828b552c36e48dfda9005244646353002,false,a6bce03dc20880229364538ee74e67be0691f02611cb37f9db0180abbf10ba4c,COMPLETE_FROZEN_INPUTS_UNAVAILABLE,NONE,false,false,ADJUSTED|RAW,REQUIRED_INPUT_UNAVAILABLE,2026-06-30,SAKSOFT
false,6ce43f19752dc1478811477cb083b5323cef21b86dc42d14dc7af14210e83d12|a0ab7f46701ef6891f072a75bc2b8abbec1ed99876d3b81be43604073808a2e4,false,4963bb399409aa64b63af5120fafc9f5e288f60f24279c95e96620526ee21c1a,COMPLETE_FROZEN_INPUTS_UNAVAILABLE,NONE,false,false,ADJUSTED|RAW,REQUIRED_INPUT_UNAVAILABLE,2026-04-16,YESBANK
false,6ce65cb4ab16235d0703945dcbf63be8c61dbce654928217ab2ee4c1994d5444|b1bbb3aeaff848d49e0dd5a864d537065748c8b818ff92490db046a737b3f13b,false,f8069d4c13f00a6afccc0cc10013d8c7b5210fe14cc52413fa384ad47a8c40df,COMPLETE_FROZEN_INPUTS_UNAVAILABLE,NONE,false,false,ADJUSTED|RAW,REQUIRED_INPUT_UNAVAILABLE,2026-04-02,YESBANK
false,6d0e09182bf4adb08ecbfc9fdb5fca54b4b665b86b24b977d0c28625d7ee2da9|73de8bf6edcb808aad71069f3ef000fcb99acb301e59dbf3b754558d45cbf378,false,a6e6c6132c0b1b0b16c7df194711bbd644cc4a2b221a250a00212349be277ed3,COMPLETE_FROZEN_INPUTS_UNAVAILABLE,NONE,false,false,ADJUSTED|RAW,REQUIRED_INPUT_UNAVAILABLE,2026-07-13,TATSILV
false,6d20bd813e1e48fae12fcecf3f90b45b9ef4e5ee2c01e928c6568e06912bf6ad|a173b517ac820c0cc0b143f477f83a4b3b9d38cbdd99b2eeb9c0625a222bfc85,false,50b1b21b0aaaef07c5021206258af69ad029f03ad3946234c6744849c4654bba,COMPLETE_FROZEN_INPUTS_UNAVAILABLE,NONE,false,false,ADJUSTED|RAW,REQUIRED_INPUT_UNAVAILABLE,2026-01-13,YESBANK
false,6d2113daef441a026f90447d470fe1e1c636a40d55f8cbaffd732efa3480b868|cd3837841da4d5a3ddffad6e8b05aa1ee572b35424a89ac4705d6d548e3317f3,false,6da9a8ad0b35ec30033489168e902c83a2bc540b7fd56164e2795e2934572cb0,COMPLETE_FROZEN_INPUTS_UNAVAILABLE,NONE,false,false,ADJUSTED|RAW,REQUIRED_INPUT_UNAVAILABLE,2026-01-14,TATSILV
false,6d31d290864d0a434f8d6d2df97f6dc409ace7fb8f7cb8c5c2ec1d09d31d2a71|9cafb7b97edf263044e753ce873f3e0921d2d280d71fdc52c9b9728cf8d95850,false,856350be344cdcca8be8b3cd5fd0ffcc9176962bcf45b93a5f1d6c81623362d5,COMPLETE_FROZEN_INPUTS_UNAVAILABLE,NONE,false,false,ADJUSTED|RAW,REQUIRED_INPUT_UNAVAILABLE,2026-04-20,LIQUIDCASE
false,6d3e445e2b37a21dae110d85c85df32837f30c95b4901bd5fab12134cd535411|92d4d0b4c1ce577c0393f70733af0788b3aa5bf7092d04ac1be1d240ee786491,false,eb0fabb8acd2241e34dd2defff251707b0f38ac944935d1e2f43e63309d6e58a,COMPLETE_FROZEN_INPUTS_UNAVAILABLE,NONE,false,false,ADJUSTED|RAW,REQUIRED_INPUT_UNAVAILABLE,2026-03-16,GOLDBEES
false,6dfd2a70744f70a54ec2ac2a45acc6deb3a93174b5ba22e64d0b957a2d95d55a|fb3e3463bd729d6cd7efe743d57fa916bf162ad04da6530eb169df64d7d65b55,false,72ca504f0ed3d77b0079f49867e4041636a1f9003d2ea7b3e8dcb4c71eb6a710,COMPLETE_FROZEN_INPUTS_UNAVAILABLE,NONE,false,false,ADJUSTED|RAW,REQUIRED_INPUT_UNAVAILABLE,2026-05-11,SILVERBEES
false,6e5cd9abe176c7570b9cb23536b12aee6ef7fd3760f4b20169c588c422ce1f1b|85de2e2146c3876eb7e538559a725b878f390acc53377bba64613746f9a92f1d,false,67937f2464d6f26295bb2a7a861f5651934be1f79dc3bc0251a288a9922cd6c1,COMPLETE_FROZEN_INPUTS_UNAVAILABLE,NONE,false,false,ADJUSTED|RAW,REQUIRED_INPUT_UNAVAILABLE,2026-06-11,MOTISONS
false,6e5e103e4884bd012f888d399b4afedf550d19449a1d19ba8fedefc5a57eec8c|f827933a9fdcc64507f5d1c928c72b64660f17435fc8482ccd5912eaab6e61e0,false,0647569f2cbc3c346c02eeb2a33e4e8d23d8aba797def858b4e8f37263447a53,COMPLETE_FROZEN_INPUTS_UNAVAILABLE,NONE,false,false,ADJUSTED|RAW,REQUIRED_INPUT_UNAVAILABLE,2026-04-02,HDFCBANK
false,6e7f5807866236158ae9aedddaab13e822ddc19758813168ffefaaca0d35bb48|a6b9d684fb1b6af81c6799ecab62b683ac399b4100824b2250af939ed522252e,false,af427262df6bd3a61d1a9383000b91a5368712708fa9f9ebd3089e6fd9424dd3,COMPLETE_FROZEN_INPUTS_UNAVAILABLE,NONE,false,false,ADJUSTED|RAW,REQUIRED_INPUT_UNAVAILABLE,2026-04-20,OSIAHYPER
false,6edd2b7ac5b84a146146e716f00355dae6403052da89ab29ae6128a2e7c10459|a6bf36d098933480db6cf4c19d758b9f002db38804b4e7c6deef7e60ef79a363,false,10a7e9871596f5dbbb1f0e6965a8324d138f24068d4643771fff8b4825d2a2df,COMPLETE_FROZEN_INPUTS_UNAVAILABLE,NONE,false,false,ADJUSTED|RAW,REQUIRED_INPUT_UNAVAILABLE,2026-07-17,JIOFIN
false,6edf1b3e2fa3ca9c4091c98b01b141fcccdc84b0b0ac8b4d5836f8bb4e8bcd82|a074fdaa4acbef530b938faa50e666a725e49a7a0f5e91d1acf749e06bb74288,false,2c5068a90cc20d3ae421c93e7270f103db38235de595c14894bcd121f2c9547a,COMPLETE_FROZEN_INPUTS_UNAVAILABLE,NONE,false,false,ADJUSTED|RAW,REQUIRED_INPUT_UNAVAILABLE,2026-03-04,SILVERBEES
false,6ee6ad27780a3fab12d658477b1eaf79e23089b2e97b5c731e7c5d2b516ebf63|9ceb7e8960c8ddc8d37dc196b4ef13a704d6355c324f4e339023376559c711dc,false,772248d9d85176e15b3b65410561c8852cbe394b156e5826cbd266fd8bf0aa63,COMPLETE_FROZEN_INPUTS_UNAVAILABLE,NONE,false,false,ADJUSTED|RAW,REQUIRED_INPUT_UNAVAILABLE,2026-02-17,ITBEES
false,6f02d2d5701b70a67e8a7d64858ed5bffe7d6be1d6e37443bce126886eb9c984|e7b06fe4428f3678ba748e76805eed2b4e218651f280312d18f2c263c57fb5ed,false,35745695928ba57812b249ba93d052651137adf8e218a6f2ed1f27b9fd6a7b88,COMPLETE_FROZEN_INPUTS_UNAVAILABLE,NONE,false,false,ADJUSTED|RAW,REQUIRED_INPUT_UNAVAILABLE,2026-04-17,HDFCBANK
false,6f0e6c06d3e3d9837112af7a25a8baa87c92605146d7b09586ee8887e5327c7c|90eadd69e69e922eff6ef716c0bfcaebcb9a70da76c76d5ebb18cdb4ce69e8e8,false,b77f17d67fc3d2d7889c163b80cb292da5617b10b867239b6cade6266daa7c5a,COMPLETE_FROZEN_INPUTS_UNAVAILABLE,NONE,false,false,ADJUSTED|RAW,REQUIRED_INPUT_UNAVAILABLE,2026-01-09,SILVERBEES
false,6f0eeb5e2b4112f01a48cc09488cb59d7135a41f288561a43e4da553c78b71c0|d3e29ec3076230a9fdca7e4e8369e3f07b50e460e0088a50dfae4d4a4555b920,false,b8e107fee6529a40efd5c5afd3e55312b4aadc242299f7265cd399dff2d1e929,COMPLETE_FROZEN_INPUTS_UNAVAILABLE,NONE,false,false,ADJUSTED|RAW,REQUIRED_INPUT_UNAVAILABLE,2026-01-19,GOLDBEES
false,6f4f5538c71f8e638da0bedc585bc3c15a7d40e215868165e0d613ac43a7ba6e|f8c5655e8c305115529f9db860ff1c1a1877b446ce4f18daf59ee763786e617d,false,362b134f15b8a694f8bf74c4fa4ea887566ca8a968ee26ed648cd1727b4d0148,COMPLETE_FROZEN_INPUTS_UNAVAILABLE,NONE,false,false,ADJUSTED|RAW,REQUIRED_INPUT_UNAVAILABLE,2026-04-17,TATSILV
false,6f585908e8d8cdeab67b5410174495e4162817414fcdeb09153299ece0d3ea34|8209b55aca29a17789f628709e1b072319e0f00d199cd3a3063b6e2f5ff18bf0,false,9221dc56efb06e7e2e5f35b18757322b22f58d0da53b762aa26a9ea8182369e5,COMPLETE_FROZEN_INPUTS_UNAVAILABLE,NONE,false,false,ADJUSTED|RAW,REQUIRED_INPUT_UNAVAILABLE,2026-03-11,HAPPSTMNDS
false,6f7160da76a1ea374bad400d0839ee546dbd0a0aa68784b54b6182c652df2be4|eecee04912ebd94bf6a7d979b39ed9faa7d4baa8e950bc0201478c8c29063311,false,2e56290f25f5b9f6007b042624423b79575122c6141200ca0c12b48176910465,COMPLETE_FROZEN_INPUTS_UNAVAILABLE,NONE,false,false,ADJUSTED|RAW,REQUIRED_INPUT_UNAVAILABLE,2026-07-03,MOSCHIP
false,6fbc7589438f5e647a5ab94fe86626e63492fdfe15be6bc7810712f6613a61cb|7e52736fd73e1f374b20720c768634fb63124193b7b16a80fc7e1bd057607a8f,false,9be9a4d2af67e970ab271996f3ffb583328d672bf42af68e1606466367991cfa,COMPLETE_FROZEN_INPUTS_UNAVAILABLE,NONE,false,false,ADJUSTED|RAW,REQUIRED_INPUT_UNAVAILABLE,2026-04-23,TATAGOLD
false,70135e38f6b2bf81a24d270ac6e012d95eddec512e8bf10bea2ac0ffac86833e|c6cd22e8a6d7d2736bb679e90994e81f76555f7e6b4688897bfe4f0d0984484a,false,daecec2ef50bea7a586fde4184edcacf5de26b6fc0be924a1f28073565571af5,COMPLETE_FROZEN_INPUTS_UNAVAILABLE,NONE,false,false,ADJUSTED|RAW,REQUIRED_INPUT_UNAVAILABLE,2026-05-13,TATSILV
false,705638498ab96dfe5cfec27eda020d22d193fb44ccfeb42d9ccd983daa265a82|a8597d02ecb2d1ee85cbe384ccb0bd845beebefd54d1a7abf846c95e7471099b,false,9bb32042068f6e518b22ad0813d6de4dc797a63fc1f86970eb7c9f043aaf26c3,COMPLETE_FROZEN_INPUTS_UNAVAILABLE,NONE,false,false,ADJUSTED|RAW,REQUIRED_INPUT_UNAVAILABLE,2026-06-08,GOLDBEES
false,706b11506d3f90eaa013ee26d8cff65723b9707fbde78cedc4bf6a1726b6de2d|e09c9cca6b47dabe08fcefde941ebd71840eb5dca983f7152f18a31e38a1bae2,false,37ea06628d7864be3057797764d1fa584b468a1b075a5ae653a97955595c2360,COMPLETE_FROZEN_INPUTS_UNAVAILABLE,NONE,false,false,ADJUSTED|RAW,REQUIRED_INPUT_UNAVAILABLE,2026-03-11,YESBANK
false,707b13bb87756f7d9f7bfe992f6864cff1a23da8ca6254d091bf4c575c6bb198|a927cf4f1171668994c56298fb469e22dc820a0caa0c180e47dfc00c92e5efd8,false,2b8225e4873f88d2c0eae90bee0cf6e2f99d7486a17b381b509b0a97b5b779dc,COMPLETE_FROZEN_INPUTS_UNAVAILABLE,NONE,false,false,ADJUSTED|RAW,REQUIRED_INPUT_UNAVAILABLE,2026-01-14,YESBANK
false,70860b8be0e1399d0f07dc13f6ee5dc623dc239ae347e466205064e1adc8fcd7|8741e06c37ae704ab166345e4e1c838b657bb502efee843e1b972d52323981ca,false,20e1f542356eeaff4b36f02db00bd30a2287d759a7f7f75bd8ed86b5dd82a75c,COMPLETE_FROZEN_INPUTS_UNAVAILABLE,NONE,false,false,ADJUSTED|RAW,REQUIRED_INPUT_UNAVAILABLE,2026-06-19,SILVERBEES
false,70bf1ee7db7f0c4bb5744d88b29b7f346400c45700dc896bd6759f46ba74601d|cb608f27493c42f166c326ecd12947fea3fe400a50606b24ff4c289b3ed5f4ff,false,bd5bcaa855801504cb66c61a3bd963700ad142ebbd720c6d1f16f3ce9eb02426,COMPLETE_FROZEN_INPUTS_UNAVAILABLE,NONE,false,false,ADJUSTED|RAW,REQUIRED_INPUT_UNAVAILABLE,2026-05-22,JSWCEMENT
false,70dbd681770265836355ec3387c53e8bc1091a301a2e45aa1fab1f35456e618f|fc9bc253cb515c00a3d62682fc8069312e2539213eabb82919900415ef385c6a,false,27f6e0b6e1c35804704e5b5c8e0e920fe533cae0bd865836b114e933b6678fcf,COMPLETE_FROZEN_INPUTS_UNAVAILABLE,NONE,false,false,ADJUSTED|RAW,REQUIRED_INPUT_UNAVAILABLE,2026-03-17,YESBANK
false,70ffc84d8d9e5ffde34411833a236033aa6f66e3e83e4edc2ec46b5625d0b6d4|cf161df56ddcc9bc8375733921826fa6c56591be7ecf719df21eadb1f6caa7f6,false,3170ee895fff1dc2dea4e687e815df0cb3a2b2642c82139d0c300e6b3a423853,COMPLETE_FROZEN_INPUTS_UNAVAILABLE,NONE,false,false,ADJUSTED|RAW,REQUIRED_INPUT_UNAVAILABLE,2026-02-12,GTLINFRA
false,710b63217bf99c136ba8351af76d11851558437c15ac7ba7b2c7813e0a571c9b|766bef88b38154e30955dfd8dee2c97f67fb9bb5d0bff81d35782dd8d8e340de,false,8fbc563bb5caab4d1e72228ccf11766aee93c719e9f373379f965ebf5cd26665,COMPLETE_FROZEN_INPUTS_UNAVAILABLE,NONE,false,false,ADJUSTED|RAW,REQUIRED_INPUT_UNAVAILABLE,2026-07-20,YESBANK
false,711162d4fb4779822fd28e7e4c0e5967de60d373bdc250dbe601b6cdf573ce93|d6cbb38b0e861942b70843b27c4663ca62eb5089eac3e16ee5718ba9e5e7ff7d,false,b10feed0aa2242c7b182f1dfdcc7119043c7426685443995d8c54f6a97e88a0e,COMPLETE_FROZEN_INPUTS_UNAVAILABLE,NONE,false,false,ADJUSTED|RAW,REQUIRED_INPUT_UNAVAILABLE,2026-05-07,ADANIPOWER
false,71309ac957cd595486a292138082d86a63dfa5f2c1f7574c5af82fb871e666d4|929aaa72fad685341164cdaceb80e0fcce90d1c5cc6409f4c39d1746d5ac8d88,false,512dceab6d063e472916deb67add0b8bc455e52433c87fca12b5688e01b842f4,COMPLETE_FROZEN_INPUTS_UNAVAILABLE,NONE,false,false,ADJUSTED|RAW,REQUIRED_INPUT_UNAVAILABLE,2026-06-29,ADANIPOWER
false,71588dd3c575528deb680dfc573fecfb1ffc3cc932d422c8350ccd8200763267|df182412d8ee08fd2a817ad254fdedcbaa2740fdc976f3f341355c0b9b1e2123,false,c40c521edd5dcc69b1bf2e2c4e62fb5b959e0a86db6f9549e7e50c4e4fafa154,COMPLETE_FROZEN_INPUTS_UNAVAILABLE,NONE,false,false,ADJUSTED|RAW,REQUIRED_INPUT_UNAVAILABLE,2026-05-08,TATSILV
false,716ff4e0a30a8040567ffd76bd7df42f7cf22b0a6abf35ffbe11ba1662b7ba6f|aa7c484cb39ff6236b93069eb48e38707473e350050fa54b2ae7d1d4a5ff0c08,false,165586768606a15916054ecb5f0e1491a3962bd76093b7fa2255be464cd6bab4,COMPLETE_FROZEN_INPUTS_UNAVAILABLE,NONE,false,false,ADJUSTED|RAW,REQUIRED_INPUT_UNAVAILABLE,2026-03-02,GOLDBEES
false,717cb799d8c5e98e9902f20ae5c9afcac670b80b75a96afcc60734fecbaf3d40|b6c5aece04d25b1b63ca56e3b5f3a844f7eb585c082e426bd1393cb491878780,false,ab8ed6b2e1dc9d6618df04d1e68777112622f82cbc3ef12c3aab18c9fc8d3c5f,COMPLETE_FROZEN_INPUTS_UNAVAILABLE,NONE,false,false,ADJUSTED|RAW,REQUIRED_INPUT_UNAVAILABLE,2026-03-25,SILVERBEES
false,71f7d3dc6a4e54f13a0c90ef34dd3c664012199396191a5299e53bf3074e2d62|f10ce74d4b69ad056505b4a02b0bff6e9a7bdaae56c2c09918c338638201e0fc,false,d42997c6c4a6b202d0230b3b478f26d7c289c6b1cc3c13fd0b80ae2c298c1d58,COMPLETE_FROZEN_INPUTS_UNAVAILABLE,NONE,false,false,ADJUSTED|RAW,REQUIRED_INPUT_UNAVAILABLE,2026-02-06,GOLDBEES
false,71f7eb45e495d385173b24f566961cbc3fd4760efe5e48f5d6c4d87e28598875|82d7a81f2e93d68c104a08e3bc8fef64f12569d723fe5cb7c34b70809ef49f8c,false,15603dfc69403e30dd3767e0161d9febd4438fb4dae5c5b98b2f593f1438994e,COMPLETE_FROZEN_INPUTS_UNAVAILABLE,NONE,false,false,ADJUSTED|RAW,REQUIRED_INPUT_UNAVAILABLE,2026-04-17,TATAGOLD
false,723551e170d35c5a6b73e6367493c46177dff9f397f6708df2283186f72620ae|caf69d399ad07010c2790216ac08fc015309d4679fd123577a438984024b65ba,false,75c2479da528b74e49588eba2814e5f45a8eeac56d47890891df2ee988f01a3b,COMPLETE_FROZEN_INPUTS_UNAVAILABLE,NONE,false,false,ADJUSTED|RAW,REQUIRED_INPUT_UNAVAILABLE,2026-01-20,HDFCSILVER
false,723e07c2786986a2fb8639f9728281d680a91b8977dd006e13a74ef74cba3c51|9bb4d4daa10fe5d6ff7e15ec6f2e6ec730f68911f3e60cdcb14e12006623d42c,false,1cd916810020f8091eeb0634f645b90139988a0749e9e9904d4f5531a105b5bc,COMPLETE_FROZEN_INPUTS_UNAVAILABLE,NONE,false,false,ADJUSTED|RAW,REQUIRED_INPUT_UNAVAILABLE,2026-01-05,SJVN
false,728b3850a2136557c3998766908afc0f0e0f3ee373008b4784c717bc49199c3c|bcde3a3718ff849cf91d1fa106993e23bf5ecf54ec061c310c31755b278a7eba,false,134d5df9497996cebfa906d46af23a60b178dbd867a1fdd2dd48777170d5a09e,COMPLETE_FROZEN_INPUTS_UNAVAILABLE,NONE,false,false,ADJUSTED|RAW,REQUIRED_INPUT_UNAVAILABLE,2026-05-11,GOLDBEES
false,72dbad131c725615db4d38365e7bffa0feae7f465232f285323c577450ca02a1|b898d19fae62edb972c14c3e09370be2a9d856c81a9fd6b75b364f65cab7fc63,false,943eddda60974424e63a631104713ce8ecae192cc554e8eb9dcece58300f6238,COMPLETE_FROZEN_INPUTS_UNAVAILABLE,NONE,false,false,ADJUSTED|RAW,REQUIRED_INPUT_UNAVAILABLE,2026-07-09,MASTERTR
false,72e6f39ebf26146eb1aa2b6b7a6792ad209d84d3436aea64da4a5fc029879834|f6e176294198996baab2bfe7ae859a438677fbb0d2ca094f7bca9e4a2f421eee,false,83c3998f9f200f0ece24662c68d2fac6f0445499e06032d091fd5f6421b55819,COMPLETE_FROZEN_INPUTS_UNAVAILABLE,NONE,false,false,ADJUSTED|RAW,REQUIRED_INPUT_UNAVAILABLE,2026-01-01,TARIL
false,730c416722b477137d6199b95d3110d1f6916aa3631a36fbe2c7c0e346f88d14|b672e3492616d1aa7deb58ceae10f20e10dfe4102690f47c37789350b7b44bd0,false,5e25add397029697918e0e7247321a6ccf7b48d92a2bffcee681fc90e6e43c9e,COMPLETE_FROZEN_INPUTS_UNAVAILABLE,NONE,false,false,ADJUSTED|RAW,REQUIRED_INPUT_UNAVAILABLE,2026-05-19,OLAELEC
false,730d13b5ca99343e36cad1fff14da4133c94441db2bc5ea2b1a61b64c72d348b|8a5194674bcf9ad36828ccb231865bcff24a995875f834cc297cb194d923926e,false,e53149b6c07e615e65bf965259360c85f541d58a7ba777625b2a21b6048f7682,COMPLETE_FROZEN_INPUTS_UNAVAILABLE,NONE,false,false,ADJUSTED|RAW,REQUIRED_INPUT_UNAVAILABLE,2026-05-25,APOLLO
false,7316de2884aa8ac7ac76fc0d1828df15751baa54d73994959a6d97679879cc8a|b13f3825fbb4a568eae84e720f450d966bc2e8dcb87614d699f5f124db280cf7,false,c9ac3b781637e6c9d7e6d0703430ac0ec1cc07ead8434320b01b92ff561f6817,COMPLETE_FROZEN_INPUTS_UNAVAILABLE,NONE,false,false,ADJUSTED|RAW,REQUIRED_INPUT_UNAVAILABLE,2026-01-23,YESBANK
false,73bd3d3dbc04208270f20df4a6093ebc014b57cd5872b5e214388a09314595b6|debd4ca093d974248a8666ac10e8715a6200176a3cf49d822c0aaea442eec90d,false,6af3271efba80232a4df840c2179fbf2d3eb9c65a423b9d4de4ad27264052d6c,COMPLETE_FROZEN_INPUTS_UNAVAILABLE,NONE,false,false,ADJUSTED|RAW,REQUIRED_INPUT_UNAVAILABLE,2026-02-09,GOLDBEES
false,73c88fc9332fe725c1db6beba4bf14bbc5bbda1e3150f36c9a9ca7b9ca074eff|a488e86658519cb45fa44e105869a47e0a523f6711139a0735a430e8f97cd045,false,e7a7c32d6dcead3722da86b650c77869f9bfdec1ae5ca87e650cef0473002ff8,COMPLETE_FROZEN_INPUTS_UNAVAILABLE,NONE,false,false,ADJUSTED|RAW,REQUIRED_INPUT_UNAVAILABLE,2026-05-04,HDFCBANK
false,73d3fa8b3fdb91737c9e42d88141ea5adddb523c73e423cbcd5ab39a85669cea|c5aabf59286e54ec5b0347f047f64796b4697f1c567033ddade66c2b382ca342,false,f7e1b00d03e4581d9731242b7521a0c2d002ea5c00b08566d56794086dfb42e6,COMPLETE_FROZEN_INPUTS_UNAVAILABLE,NONE,false,false,ADJUSTED|RAW,REQUIRED_INPUT_UNAVAILABLE,2026-07-13,YESBANK
false,7437c5714374282a87d3e5c62fdd32060f64028e723f734a4c600f73f745d6a7|b603462841bc0d211a7a2b6091a2acd8024ac4b774833d802f060ea90033935c,false,92b8e3559490109172fb8b9c561efa6c508414b19e0432f058cafc01f6630d5e,COMPLETE_FROZEN_INPUTS_UNAVAILABLE,NONE,false,false,ADJUSTED|RAW,REQUIRED_INPUT_UNAVAILABLE,2026-02-26,SILVERBEES
false,7494507551105738ee43facc7a14eff862b205faf8091388c302da41eaa4c1c7|ef880c610997cd96d91c1ea7e1e853859574c965c00437e5f6a41aceee1f3d0a,false,ad5e909a6c95068cc27d2c7f79118364df218f51d21a19be7e872d2aac24a87b,COMPLETE_FROZEN_INPUTS_UNAVAILABLE,NONE,false,false,ADJUSTED|RAW,REQUIRED_INPUT_UNAVAILABLE,2026-02-17,EASEMYTRIP
false,74a62665c6a9c4f9eec8d9cbbfbea7b7e4322cfb5dbe5c9cfac90d39a23f241e|92d5b11463ac9d0271ddeb89b16e349a32cc755cfe1f2c8e8f802e0d4fb8611d,false,d52883b23b6c1fa888985a5568038268fd84544a3ad36803f4e3fbf8ed080bbe,COMPLETE_FROZEN_INPUTS_UNAVAILABLE,NONE,false,false,ADJUSTED|RAW,REQUIRED_INPUT_UNAVAILABLE,2026-01-07,NMDC
false,74d2ad29c40a004874085b5d01d7e136f67c93bd1145d228c813881635111f3a|89217e6f7fdad1641672738cf22e14b1dd58109d901689912602b7bd543c67f7,false,ef48c03dba8df12edaa5111b14e1c5d37310d556c1080f624421827a77238901,COMPLETE_FROZEN_INPUTS_UNAVAILABLE,NONE,false,false,ADJUSTED|RAW,REQUIRED_INPUT_UNAVAILABLE,2026-01-08,ETERNAL
false,7533b7206680c5d8aa4104628753429b962c199e8267f724174e3697cd02fc20|7a5eb62bd818dc7b81dbf84a8942ba8ee8fb08e053188310d0ddbd143c701fab,false,640884cbd744559dffa08605a1827b1c0e8a861c8951821de230a5f70e42ef11,COMPLETE_FROZEN_INPUTS_UNAVAILABLE,NONE,false,false,ADJUSTED|RAW,REQUIRED_INPUT_UNAVAILABLE,2026-01-23,EKC
false,755ada55d5466b91e289a7c14210caa659a35560ee249902893435bcd103f8f1|f0ef877b0105bd127dfa089efffdfb5d120659e1b45210c3d44d99a419fad650,false,1e1a65538f814656016d9649282753ed2204c63030ad6368eeae82bf283ad5fc,COMPLETE_FROZEN_INPUTS_UNAVAILABLE,NONE,false,false,ADJUSTED|RAW,REQUIRED_INPUT_UNAVAILABLE,2026-01-12,IREDA
false,759b21b6254f80f8e3813a5af10453b2242473413c98565b91135c2d82d6c012|b4c8a7a3a0c7031d05e2e1b46f977a9efc8d31acb6be6f87bf67f0908d922770,false,6b9418104f37eb3822c2e45dd1ae807a9c4c712fc831dbf423538d39bbc49845,COMPLETE_FROZEN_INPUTS_UNAVAILABLE,NONE,false,false,ADJUSTED|RAW,REQUIRED_INPUT_UNAVAILABLE,2026-02-23,BLUEJET
false,75a0b2ef6da2eadc8727fbd90a70ccf106720cf4acedf6db5c492dbce7db2165|788bde79de785e87db64d23563176b3e010c4e1ea61ac6e6aaa143aa3b650269,false,164f4273f3116840191b8ac7c71e62936bc1175ebca6364877b23acc22452c7b,COMPLETE_FROZEN_INPUTS_UNAVAILABLE,NONE,false,false,ADJUSTED|RAW,REQUIRED_INPUT_UNAVAILABLE,2026-07-09,KALYANKJIL
false,75a288b7fc48f6aa28c4794d27a1a1b8c45cd2b5e2afcd855eea939300743e6b|f5a0104b2fbd21d2bf92a7800e439593c58ad7dd27e97c7d8b0c5a0593abf042,false,3c8f805844d354c692f979c5df206b194fc0046b5f21883322be07f4b0017828,COMPLETE_FROZEN_INPUTS_UNAVAILABLE,NONE,false,false,ADJUSTED|RAW,REQUIRED_INPUT_UNAVAILABLE,2026-05-11,HFCL
false,75d962664335581122ee447c402eb874293ea60f2de1131ac774bb0299836993|ad6e4e621230b88acf7502a9fd310541091de42d9f1971287aef2d678e8d7883,false,b12a33e805d25951a7df38a772ecdbe05ee3417e2510f9d93268587f554275b6,COMPLETE_FROZEN_INPUTS_UNAVAILABLE,NONE,false,false,ADJUSTED|RAW,REQUIRED_INPUT_UNAVAILABLE,2026-02-17,UNIONBANK
false,75f9b81f70c4276a511b0366b8445f84615f7278de76643a24fa141ccf6ed2cd|ef1838c108f3b23f4e75ea0a1ba9b2f7c45d11a87e5786fe28ff4ec6fafa144c,false,0ce58db8c381b499fc657468257acf4aeef3f07eac5f62617614b24cb579e9ad,COMPLETE_FROZEN_INPUTS_UNAVAILABLE,NONE,false,false,ADJUSTED|RAW,REQUIRED_INPUT_UNAVAILABLE,2026-04-01,YESBANK
false,76246e37e4e05697a5c1dd9b112d5cbbbfbe5412ed2a4fe4397758ecdab63272|822035b56fed9d43ca9c00818955c5d57dcd721ad64dfbc46fb0deab3ea2c1ea,false,730ae2ade9a12ef3c62364731f6ceb1fac4c01b021cbbe04457389041668d9f4,COMPLETE_FROZEN_INPUTS_UNAVAILABLE,NONE,false,false,ADJUSTED|RAW,REQUIRED_INPUT_UNAVAILABLE,2026-02-16,ENGINERSIN
false,764362272c439da4a664b1040ab6512c60ed69cd7760eb3f867540a331aed55a|c8c8193c2ad17aed961093c334193eec7a83f8bf0e9ef9a9382e0765c521e97a,false,fc515913da3bceaac2075cac58217e336873b7df0a9e5311678d747b49852d56,COMPLETE_FROZEN_INPUTS_UNAVAILABLE,NONE,false,false,ADJUSTED|RAW,REQUIRED_INPUT_UNAVAILABLE,2026-07-01,GROWW
false,764695a483915fecd00348fdcce0e7eb355241593b85c6f588dfe44bd6dd4378|e2cbb669b8ee305fa24d04a5704cd8bddfcc73561674f920ab808bf8192bf36e,false,adc30df4aab96c14b78cbe3ad17fcdd94607c550b16dda90998d53f69005b947,COMPLETE_FROZEN_INPUTS_UNAVAILABLE,NONE,false,false,ADJUSTED|RAW,REQUIRED_INPUT_UNAVAILABLE,2026-02-24,IDFCFIRSTB
false,7690974133045fe58f53dac67f906472077e0dbf08390f871c922009068680e2|c769d81a8de02dd0876b10ca9b265c2a3f8889c98d02fa30307c8ead2a25ca35,false,5f51ca2947dea3b50e5086ae999ac36c219e6d0849bcde650ba9c5de59674b4b,COMPLETE_FROZEN_INPUTS_UNAVAILABLE,NONE,false,false,ADJUSTED|RAW,REQUIRED_INPUT_UNAVAILABLE,2026-03-02,TATSILV
false,76de1c0ab1313b015b8660d03de78abd27c9c72a111a2c3bde657241e766f77d|9b4a0264cae35a5a6496fdf6987a680e8d3cbd7a66b54f769718870c25fa0891,false,a5ff7c02b5571ee5d1a5402025e9b86a8884b6068809dfbf5257137d481f3f5b,COMPLETE_FROZEN_INPUTS_UNAVAILABLE,NONE,false,false,ADJUSTED|RAW,REQUIRED_INPUT_UNAVAILABLE,2026-03-19,MASKINVEST
false,76f43b16d0c3387a6966e7bb7f511dd6dc0851afa0c8095c5b577fa467ecb766|d0fde583e4f8aaaa861eab1b4846356629e7b3939f757f1761e24ee06ab9458d,false,28dc9e3db26fad7678eb88c7c44a38154fc0e2831fb16e462a9a458753f2b52a,COMPLETE_FROZEN_INPUTS_UNAVAILABLE,NONE,false,false,ADJUSTED|RAW,REQUIRED_INPUT_UNAVAILABLE,2026-04-10,ABDL
false,771dc2e91eb92e22d109be6fe6063f852b011c88760f6615a70200b93588740c|8b08a5d1aa84d86ea769e451b126dcf58e7f36fcf9101aad2ae1a885a9e5eeb8,false,22b7413af626a1980af0713aaaf1ef48d075ea612c5d1cc8d6b371508ac5a802,COMPLETE_FROZEN_INPUTS_UNAVAILABLE,NONE,false,false,ADJUSTED|RAW,REQUIRED_INPUT_UNAVAILABLE,2026-07-02,ITBEES
false,7737b99eee4621badfcfcf9b355f406b2a82779903f46c63aef2087cef1e6e12|a3f7c7f810c1a6230af250bd0bc27e284ad88503ea4506a09eff56447009f9fb,false,975bb97ff0367a2c68091e07383f5a1d45b297e8fbb9d329d5f913747c07c648,COMPLETE_FROZEN_INPUTS_UNAVAILABLE,NONE,false,false,ADJUSTED|RAW,REQUIRED_INPUT_UNAVAILABLE,2026-07-14,ETERNAL
false,774d6295ee96e908b33339f3295d45fcb221c89e1e716ec4a7bf95267420beac|9f5a250bff4db48e2a78423b717440f4f414d97ce230ef187a5fbcb57235d977,false,3355635673a13fa6acb857529b5bd9a5541ba2d8cd9ddba1b97bf9cbd6635101,COMPLETE_FROZEN_INPUTS_UNAVAILABLE,NONE,false,false,ADJUSTED|RAW,REQUIRED_INPUT_UNAVAILABLE,2026-07-13,GROWW
false,7785ee1687dce0178cd44d57b9c88a3ba2b9222faf05140a9b76c100716e04b8|f62e8f1b983c1325ad4ceec680635841642e3f236e11995f6c6bc453dd1a3d97,false,4535de01c6d7d7f9305c0dcac222efcf3d4b90f148067e85f291f68e4c636ac9,COMPLETE_FROZEN_INPUTS_UNAVAILABLE,NONE,false,false,ADJUSTED|RAW,REQUIRED_INPUT_UNAVAILABLE,2026-01-16,GROWW
false,779de202c5e4616aa6997955c4dd368267998fbc2e4f13bfe534525c28123159|9a189f60ea5d7eea36d7350a41b1cc4714027f39b0298edcd7835d8cecc9ded2,false,3cd372e2a7df28d06550e526d0940797c5fde173b68618ae93fa1104f9d7fa9e,COMPLETE_FROZEN_INPUTS_UNAVAILABLE,NONE,false,false,ADJUSTED|RAW,REQUIRED_INPUT_UNAVAILABLE,2026-05-13,JPPOWER
false,77d64dfd25e75ac390ff78ffbb6e93c0133288db3c865d9cf8b670077ecb8d03|7a9e65954cc650151acc5a4c68ae5f6ae4a2e9b830c787c26b1834ed971f98d1,false,44624426445ddf0919f26cd7a6b249f34ccb40366cab484890d6ed52fe0413f2,COMPLETE_FROZEN_INPUTS_UNAVAILABLE,NONE,false,false,ADJUSTED|RAW,REQUIRED_INPUT_UNAVAILABLE,2026-05-13,GOLDBEES
false,77ee7ef821ed6cee93988733ee61767bdfb3afcd7ca56890ab9b49acddd06d9f|7ca2e260d649f37f91a5650a6673d86c3f97fa4aeafa86fa369083f3dbba190f,false,602e92c1f48c37e9dd5c66376b07a437106e1c36526351b261c27f78cd31273e,COMPLETE_FROZEN_INPUTS_UNAVAILABLE,NONE,false,false,ADJUSTED|RAW,REQUIRED_INPUT_UNAVAILABLE,2026-01-08,PCJEWELLER
false,78a7599296c041da2c5bb96e06aad4a1babf24eb9aaaa2d26450a1dbc8beafda|ea83a9e8e5b18fd815dcd380c80e04ae165f1baab6291c06896be9a29aaf6d8a,false,eaa8a5aad979073d82c321d4d7f687ccdf0122247f186b9a3d4b5d9b2c8613bc,COMPLETE_FROZEN_INPUTS_UNAVAILABLE,NONE,false,false,ADJUSTED|RAW,REQUIRED_INPUT_UNAVAILABLE,2026-07-13,PCJEWELLER
false,78f59b1f0fe1430bdd3a96a14dd320803917943cfc7aa775468ca170345f9fa0|94174970071143cc0239994fd003e85bac182e37ead2c3fd926dfa7c7d99a96d,false,f0d91587045d7c5b1e0e7d93aed1748f72309202678467211d8f673f9e86bd43,COMPLETE_FROZEN_INPUTS_UNAVAILABLE,NONE,false,false,ADJUSTED|RAW,REQUIRED_INPUT_UNAVAILABLE,2026-02-20,EASEMYTRIP
false,79564ae5b541651bc64b5b33a564459b33867a36907fe2ed4ce5611e96e995ad|a93b4b2aff82df5081569edcb1f2e9f47604ca4e70b55a0a70bea5821d2925c6,false,4d7bccc08ae925fd7701457daded56a58f979bab25e8e32da07cfe541be2f6a9,COMPLETE_FROZEN_INPUTS_UNAVAILABLE,NONE,false,false,ADJUSTED|RAW,REQUIRED_INPUT_UNAVAILABLE,2026-01-14,TATAGOLD
false,796185f05e9059931dfc8258e4d072a2db6f02dda1f6bd2d40d8682adc6f5f1f|f03ff7ed3801a258fcd573e4bfd40283d6bf82a44d1bbac5b6776a2fa56e4775,false,bd43621c8ea7fc2ca0d8115a4f1ae49c4824c31550a9a7384cd787571e32d99f,COMPLETE_FROZEN_INPUTS_UNAVAILABLE,NONE,false,false,ADJUSTED|RAW,REQUIRED_INPUT_UNAVAILABLE,2026-07-07,RITES
false,79760886fdfb79765323a47b503f46aa6d9c24588d02a925ea0d7708fb669235|ad5325966fda3ced170627a2cefb494d64488c1a725c78b3b1b517e7cc4d65cf,false,3b0faa24ef80659f3e4cc27e67a4360ce99431d2294586249edddeafbdb57676,COMPLETE_FROZEN_INPUTS_UNAVAILABLE,NONE,false,false,ADJUSTED|RAW,REQUIRED_INPUT_UNAVAILABLE,2026-03-27,TATAGOLD
false,7992bd15c43850597c43f365880204972669cf20b557ffcf8fb3e65ecba00c53|c9b4a0f92bc68242202b4334d7ed1f3a887cc41358c4889ad4d3197bc2cf2808,false,48394d5ad3fb4a45d06a3563fe2c74afd66f761a6f65d6dbd9a437fe9a453b84,COMPLETE_FROZEN_INPUTS_UNAVAILABLE,NONE,false,false,ADJUSTED|RAW,REQUIRED_INPUT_UNAVAILABLE,2026-07-03,ZENSARTECH
false,79bcc5ead4469ba5dd3eb585e06392550e9bc75bcf3c18a73261503bd75467e8|82f4b83ffed6b00f37b11c77b19e07d518c1f597436c65addd928a22952abfc5,false,2ffaa2b7ee1b18dba9472dd4b832dbfa31ca59db56bcea0539ab6a174bf473cb,COMPLETE_FROZEN_INPUTS_UNAVAILABLE,NONE,false,false,ADJUSTED|RAW,REQUIRED_INPUT_UNAVAILABLE,2026-01-21,SILVERBEES
false,79ee41e66edf24b97231b6795d248edd81a0f08cd51e4896921d6bdb87dfc02e|b850c262a3f26b2e6e27425d6d42efa410b94c663642cb79944a12e3956ae93a,false,3b09c89dd3575cb0c6d155950380d762082ff3ad03152f7ba9629e2e32b41fc9,COMPLETE_FROZEN_INPUTS_UNAVAILABLE,NONE,false,false,ADJUSTED|RAW,REQUIRED_INPUT_UNAVAILABLE,2026-02-09,SCI
false,7a076f2c5b9e935fe6a0914719afdaf4dfb7b3a8a08675628fccb15644c82c97|af48d5b3a1dc87c4f2193d6ceef3e85d9b90cc5a524be6c9dd07fb58eaf6ad6a,false,4ed66cc3d50644529f461cbabb966af7d8f50f1276c0afc91b2dcc7c801561e7,COMPLETE_FROZEN_INPUTS_UNAVAILABLE,NONE,false,false,ADJUSTED|RAW,REQUIRED_INPUT_UNAVAILABLE,2026-03-20,FIRSTCRY
false,7a10640d00d41e39af337b082663d04faa5b518909ebf4038d867eae4c6417e1|e1ee1416aa1be57caa5c18565bf97f14ff24c9615edea47d7f8f37aecbc7bd03,false,80bc11422cb5a3d28503295eecfe716ed01b8448580facb3f94f9238472f5b1f,COMPLETE_FROZEN_INPUTS_UNAVAILABLE,NONE,false,false,ADJUSTED|RAW,REQUIRED_INPUT_UNAVAILABLE,2026-03-09,SILVERBEES
false,7a160a57f5cbfdcc0640505d607652a77934213b4ff984df64bdfbb7d9f3e311|f8b41bde479b6e89c281eb5a57c3c5b8f450dcfbaff0951c218f24641a35eaaf,false,5b75cd897be24eb9b43dbc78c78b58b8fa192f70668029e54d33848c7dfcf05c,COMPLETE_FROZEN_INPUTS_UNAVAILABLE,NONE,false,false,ADJUSTED|RAW,REQUIRED_INPUT_UNAVAILABLE,2026-05-06,YESBANK
false,7a48180ef54b11ee19877e3c57772b6f5ca08a1637665e58ae69a5a77b5686c1|d7155780e9fa8dd8ca40aefd94e7979abeee40e239c31b84cf6fa8bace4cf34c,false,ddc015638d9a3c119084a58c1e46eef73ccf211fd78d3fa06fd0d07468fc7bd8,COMPLETE_FROZEN_INPUTS_UNAVAILABLE,NONE,false,false,ADJUSTED|RAW,REQUIRED_INPUT_UNAVAILABLE,2026-01-27,TATSILV
false,7b2251254caf18a19c74f3585b270ea58d0a626514d9cc03d9355615f8cfd4c8|8b95f3b647558dbc25ea6ae028d7a52694a81763489679b7cdfda7463377fdde,false,05cd053ec85490ecc4f836050999d9d228b8ebe9166f6ce3236f048e33a7b235,COMPLETE_FROZEN_INPUTS_UNAVAILABLE,NONE,false,false,ADJUSTED|RAW,REQUIRED_INPUT_UNAVAILABLE,2026-07-16,TATAGOLD
false,7b3c0d8f20a04ae18f0eed3ef460f3b5106e0bcb61eeb0d4a963446bf683ca67|b1c02b7919fc82dbf2443b0eaa04fc8aba040d681a9d298f83909e5fcaef4998,false,2f6c36f5f6bd098d49e349dc5896f0b318810ca3407b9992655dabb3dab9e931,COMPLETE_FROZEN_INPUTS_UNAVAILABLE,NONE,false,false,ADJUSTED|RAW,REQUIRED_INPUT_UNAVAILABLE,2026-04-27,OLAELEC
false,7b4395b9e4dc15dab667ff12d55aac6e69412e79f9e1b1cbbe68caf58101c765|e0129acbcfbe52c8e60aea327cc8087577fb040031337e98cd85ca7b47ded872,false,5373c6a4f0d3f0b718e283cb5b21b28894a83fde4f56c162476a8c157b6c6744,COMPLETE_FROZEN_INPUTS_UNAVAILABLE,NONE,false,false,ADJUSTED|RAW,REQUIRED_INPUT_UNAVAILABLE,2026-03-12,TATAGOLD
false,7b63522c467b93ba72a208bf99ab421f3f9a31ff26639afff25598cadaeff0fc|9c244af006e41822f84458002d2a74b49a981b7784597f5f1619cbc18261e952,false,e6232091d7cf2850cbfc0a40711054b720acd6258c1e43d90d16dc3f90adde08,COMPLETE_FROZEN_INPUTS_UNAVAILABLE,NONE,false,false,ADJUSTED|RAW,REQUIRED_INPUT_UNAVAILABLE,2026-01-28,SILVERBEES
false,7befa4a91aac2d26de0fd6908e32eb8bf92aafc96ab17ac0b520b10f57887b6d|e2c2ad7c855a1c7f49bf2078bc0baa1ccdce7e6bf1f23f55a885d7dc6a218e60,false,f772460c9d99473fc0b7600d1dbcf47ecdbbadb1b5057d192a7eeb00d57a1fce,COMPLETE_FROZEN_INPUTS_UNAVAILABLE,NONE,false,false,ADJUSTED|RAW,REQUIRED_INPUT_UNAVAILABLE,2026-03-24,TATAGOLD
false,7c41bac01d272a67e094867e89d775a4ba0847325e9395b234faff3f07511455|a10501b8b1cf2660165eb3d21f060e1e387ecb7a5276f828f39580645793e6ab,false,045083d983b2ed1bc46c204c7e00789aa56a6b9f059f04f4780807b205788e57,COMPLETE_FROZEN_INPUTS_UNAVAILABLE,NONE,false,false,ADJUSTED|RAW,REQUIRED_INPUT_UNAVAILABLE,2026-02-25,YESBANK
false,7c4c160b22ad90132e69401c1f08ffc5880ca810a98440c8b693d1b5ec0c2f02|eac78ae3d7a3d47af2e9b92f1c992c05f3cf9a6da12e8516c411df0074a74944,false,5406f9bc811cd2c72baf268ede8e080d54cef170e04a78e3b627d783feffafe0,COMPLETE_FROZEN_INPUTS_UNAVAILABLE,NONE,false,false,ADJUSTED|RAW,REQUIRED_INPUT_UNAVAILABLE,2026-04-22,TATSILV
false,7c51b642655630956368f9c2fa94d4c72b8e8b470481bf58a7ed1e778042bd12|ba276dbd36a49e1ee6af06a04f6d75e597c35edce45d89fe284b0fbe60d5a33a,false,113ca0283587b8cd6e8b9083923dc1a59ecf854dddcb9ffec7e1f04342504c47,COMPLETE_FROZEN_INPUTS_UNAVAILABLE,NONE,false,false,ADJUSTED|RAW,REQUIRED_INPUT_UNAVAILABLE,2026-04-01,SILVERBEES
false,7c64cf4a71b4a11ed55790070e9987581d42c4066b3368d0ab29947ed3c9488e|d4c6f319cd9f3349422f57e85674067a72db7a972fc7791d213d9df1522c710f,false,243d759d9523a6a6f519204eb98b156b1e9ef7d16bb3f8e4c9d5283fac82cb33,COMPLETE_FROZEN_INPUTS_UNAVAILABLE,NONE,false,false,ADJUSTED|RAW,REQUIRED_INPUT_UNAVAILABLE,2026-07-06,DIGITIDE
false,7d4f09cb37b12fe14f3f82e51112788c3d9a78d837777cc82d65d9ce341db7aa|c43cc2d963dc796a1b69604ddcded1c5b96ee2e4c5f2e627f42e26a3156d1326,false,d25a4926012e560b691970d8b0fe30a3ce562d292e7b72f14d8b2c9e71c5bf92,COMPLETE_FROZEN_INPUTS_UNAVAILABLE,NONE,false,false,ADJUSTED|RAW,REQUIRED_INPUT_UNAVAILABLE,2026-03-04,TEJASNET
false,7deaa8e809905ff849ab826c3ec065d51f498601cc51ec1a3320a2547d4116b1|c545492cd833d3a40095dbc47096cef4c3182f4b989b1b5717bcc949a4962fc7,false,f8cf4f192bc6cca57e2bdb210a11f644bd8bef4304904029fcbb9163169f8bef,COMPLETE_FROZEN_INPUTS_UNAVAILABLE,NONE,false,false,ADJUSTED|RAW,REQUIRED_INPUT_UNAVAILABLE,2026-04-06,SILVERBEES
false,7e082c8808c80a6e82059d6d6e7e643d5d6824a413791cf97dbe851ee17b1d1d|90dedd5d3e0577c764348f55c7eb995b8fc34c9d19de25867b0205bdeabe32e5,false,ca2dbabb50e35c41ccb9d6d2faac9a1fd51c8bfc0eccba2e9a7a7412bfc9ed19,COMPLETE_FROZEN_INPUTS_UNAVAILABLE,NONE,false,false,ADJUSTED|RAW,REQUIRED_INPUT_UNAVAILABLE,2026-02-18,OLAELEC
false,7ea7756712df6a8e7c68bcc9be450f7309323e5350595266f1902b692c364444|b47783d12acc77323111c5cfb0680ce8e0638dcbf46f8fd0e17f8fe7efe9e73b,false,0f71b73ec8c0a5b432a287c84ba9eda4bc16d28b4897eb575f4949a560381c4b,COMPLETE_FROZEN_INPUTS_UNAVAILABLE,NONE,false,false,ADJUSTED|RAW,REQUIRED_INPUT_UNAVAILABLE,2026-06-12,OLAELEC
false,7eaae860c8f5c1f8f940db5ac9aa45e9c98007d000d1b3f28723ce4524439859|b5cbecf2381d59345c39b24062a1c40f347e6e6dd00816a199dd18db36726731,false,a78a3770fcc4d7d18f36cb038e5fa53c25ecbdffc7bcb33c66708175b03ed76c,COMPLETE_FROZEN_INPUTS_UNAVAILABLE,NONE,false,false,ADJUSTED|RAW,REQUIRED_INPUT_UNAVAILABLE,2026-02-02,TATAGOLD
false,7eca5df929b52e6efe6ffdd33a91342b6dae6eb6f55f301d5ad4d55e43b2eb64|ee538884f9da52cb0f61b2f8a61f42275fb850f08a33cf4edb88ba0c971fabad,false,d5d00d1073ab561a1d8f4de884eed787ee36f27f5919533bb5040f2db6993697,COMPLETE_FROZEN_INPUTS_UNAVAILABLE,NONE,false,false,ADJUSTED|RAW,REQUIRED_INPUT_UNAVAILABLE,2026-04-24,YESBANK
false,7ecb140ac9389b5605ec2a25a1ff127ecd52a7fe834b104e9dba6a0d9f5bcc48|f2eb15cd4717ab5a68cb0739fed1f78dee5bd75201554eeb3ee60932baf24cae,false,334ffc0dbb71c92bf424d2d7622cf7c1fcf156247bcd8b0d43cc5f5db99925c8,COMPLETE_FROZEN_INPUTS_UNAVAILABLE,NONE,false,false,ADJUSTED|RAW,REQUIRED_INPUT_UNAVAILABLE,2026-04-21,MAHABANK
false,7ee08edab6bb11904e65b2aacb2cd177732a7c07dc5894484f4f8d0d32621521|9398a4551e848da3db22fc38b01d7ff454758c08f4ba2458c00c13dfded43950,false,c77b370446a267e7929dcae50362eded1ed2ad7a08f2c440d8a991c54ade6d2d,COMPLETE_FROZEN_INPUTS_UNAVAILABLE,NONE,false,false,ADJUSTED|RAW,REQUIRED_INPUT_UNAVAILABLE,2026-04-15,PCJEWELLER
false,7f10ce0300e4e9085daaf0d4c598ed5342874d39c4a82add33e45d43a9c29bcf|e18ecab26db60934b41c3361e06bf0e197cf14bba5494848f61e712cd8450dba,false,7b0248d15f5c75be20cfef54c074dbcaf22eed83661e04c571c61bb9e67f7ba7,COMPLETE_FROZEN_INPUTS_UNAVAILABLE,NONE,false,false,ADJUSTED|RAW,REQUIRED_INPUT_UNAVAILABLE,2026-06-15,PVTBANIETF
false,7f16267fd43a134e252d06b2f2cd73634f7a75115193989bc50bddc58a70665f|803b07e6bdf18c07814911063b5611320131b8756fd06d37bf7e6b2f19ff6eb3,false,70ca9cdc539bed380782913af1c9b2334f483f71dbf0738dd0c76de4fc85c571,COMPLETE_FROZEN_INPUTS_UNAVAILABLE,NONE,false,false,ADJUSTED|RAW,REQUIRED_INPUT_UNAVAILABLE,2026-04-21,GOLDBEES
false,7f37f98c3a848453192fc03038f87e64d52ed7ee969582ec368ba93dfaa2730e|8c4ecdadc66e5cdc1b268e729116d36997c89a8f1e0322a3f7683a923ba2d466,false,42b8a86e0c388332d653e0972cfe5dbabfa975374d2276a7a335fac3ddf7ce8f,COMPLETE_FROZEN_INPUTS_UNAVAILABLE,NONE,false,false,ADJUSTED|RAW,REQUIRED_INPUT_UNAVAILABLE,2026-05-21,JSWCEMENT
false,7f555453f3ec53848fa68f70d4a2335784a9b8a7d76b34c14175e3a3198b6bff|ff296e7702553987d21f1aa934105c0456d5155d8463353f51583c57ecc6eab6,false,883811cefd08cb9593d3c28db9ca1575f1e15553b7089b82be47797d3f233eab,COMPLETE_FROZEN_INPUTS_UNAVAILABLE,NONE,false,false,ADJUSTED|RAW,REQUIRED_INPUT_UNAVAILABLE,2026-07-07,YESBANK
false,7f762624108802614220d40cf2c7832af9e02543e70c735ad048154b216f0e97|f1255af95d4b16283e3e56f1341d23aa1a005787b8cad6660cad40195815f958,false,607abebaa2a2ff8aef878fc12e0a5ec4f537dae86a6f4f02a6cac7f35ad280a2,COMPLETE_FROZEN_INPUTS_UNAVAILABLE,NONE,false,false,ADJUSTED|RAW,REQUIRED_INPUT_UNAVAILABLE,2026-03-11,LIQUIDCASE
false,801e7af97b643a78785dc6554e7f9e86339375e1879fcaed8a4bd8575a3ea2f2|870ff7075b60123118e57c833f051079a5f097e5faa4fc57370326880d54aa3b,false,27fe06ebb05df7e6ec87c32e9f73fa56e1a8b52040eb59f23e95ca8b654171fb,COMPLETE_FROZEN_INPUTS_UNAVAILABLE,NONE,false,false,ADJUSTED|RAW,REQUIRED_INPUT_UNAVAILABLE,2026-02-03,SILVERIETF
false,8024cad20b1fa871ccad0380102e65f52858cb97c165250f87ae30aa3d70e2f1|82e832a6291348d1f09d33c6532e6e061c6991e2a937ed7037106bba246e4549,false,916793a613bcaecc3643149c3c280bcd958f9717bdb3bff7792efd789b8fe801,COMPLETE_FROZEN_INPUTS_UNAVAILABLE,NONE,false,false,ADJUSTED|RAW,REQUIRED_INPUT_UNAVAILABLE,2026-03-13,HDFCBANK
false,8025fe2b7f76e325faafd422daa480899aeb2b54adbed2d1fca5ea9d7032fdc1|f5c69acf6da6e9280af275913b379cc4c4be7f294c55f4626c8fb088987ee070,false,73af90b1820cdc4cd0efecce1c8602cce7cffadb89b2e3aee601057cddb94759,COMPLETE_FROZEN_INPUTS_UNAVAILABLE,NONE,false,false,ADJUSTED|RAW,REQUIRED_INPUT_UNAVAILABLE,2026-05-12,GROWW
false,802e567b26a1e513ee5b62b1c36e0b24fe94063440b9c0ca917f8a7f63eee3d1|ba01831d2428b6898780eeffccd0e6c8ca83c3988eaf51ae6598f9f2780804d0,false,6c1d71f76aec2a5d655ce5dd6dc8577d91bdf6931d5b85cc00a6b21d0c6ae7d7,COMPLETE_FROZEN_INPUTS_UNAVAILABLE,NONE,false,false,ADJUSTED|RAW,REQUIRED_INPUT_UNAVAILABLE,2026-05-21,IRB
false,80d50783c2aa3cc6cc7941cd6ae3513c4cb1a977287c4556ebe97fa6487d3413|8f50e1d436625d8ba9e73be168b7faf71199e0213be5f0648f242420bb30a6ac,false,39066cb16bf0d543d0c9dad35af9d4b346b0e3bf2cefa460ffc894948844265c,COMPLETE_FROZEN_INPUTS_UNAVAILABLE,NONE,false,false,ADJUSTED|RAW,REQUIRED_INPUT_UNAVAILABLE,2026-07-08,SGMART
false,80d6e3f2e2d145465f6bcc5a759894c09c744a945de1e735b2ab3a821eebcd45|ba07b805242161c682c48ab68a3afdc1eb5ea1d36ea406f4291024326a00734d,false,29051b55b50a06c5bedfc26520257c5d259e32574f3461e8581be14f93a4ae94,COMPLETE_FROZEN_INPUTS_UNAVAILABLE,NONE,false,false,ADJUSTED|RAW,REQUIRED_INPUT_UNAVAILABLE,2026-02-17,RPOWER
false,80eceb673a63415703a36d7bbf2eddf6f5b9cd9270749bef0da3154a608600bd|bd542aec6925f5f66ad4e84be3c01274b8e862caf5631adf3a7d47d743696549,false,6494039486f530254161dd97776b8505e084cd5a04556004e21a0242905afdec,COMPLETE_FROZEN_INPUTS_UNAVAILABLE,NONE,false,false,ADJUSTED|RAW,REQUIRED_INPUT_UNAVAILABLE,2026-04-07,RPOWER
false,8100b01d4afe23549fff3819402d628f1bc24eccf8ddd90717690dcf3d3c6e8a|95d74bbb2e463ec513a3ba67ca400769b68a3b3bab5941aac0c1afafbbed44ef,false,1e6fc0aa83163b4bae27afb3275dd5b350865929a6f3bcc9232f4ceecd8a4939,COMPLETE_FROZEN_INPUTS_UNAVAILABLE,NONE,false,false,ADJUSTED|RAW,REQUIRED_INPUT_UNAVAILABLE,2026-04-07,TATSILV
false,81037fcc3c56952e75da8e5ed66a1d724d39427d777b59481ec76d6f87fa2893|9086e12a14255e87869d93a81ccd462caa15b61aee1da8ba54c3c1688a937536,false,3f68e61ea093696f9ef04754c6d8e03fa478a186c4b06cb0a771c46d3f0e80d1,COMPLETE_FROZEN_INPUTS_UNAVAILABLE,NONE,false,false,ADJUSTED|RAW,REQUIRED_INPUT_UNAVAILABLE,2026-05-20,TATASTEEL
false,81ac2258dac4d257b35d6e2827db812174e8f25f4d8004b873e4093e4422169d|fd058bb0b8b973c4ba2218beb27619f7985aa1dadc9b72d63b9db22d699771bd,false,78a29298ab6074bb5b8b92376fdaa4d58f04c75a029af68969d53eecf2de95f7,COMPLETE_FROZEN_INPUTS_UNAVAILABLE,NONE,false,false,ADJUSTED|RAW,REQUIRED_INPUT_UNAVAILABLE,2026-06-10,TATSILV
false,81b186737d7c83bf6063320933246c468dd780b618a07487fbf1742f715f7705|9a3710a1b3c1a21f86aede6dacacf96e56dbeddb840f39fcd1be5cffda25f75a,false,24a9a442d116210a27540d882f4d6b7747e32bf7bd2e4f280762e0b2676248ec,COMPLETE_FROZEN_INPUTS_UNAVAILABLE,NONE,false,false,ADJUSTED|RAW,REQUIRED_INPUT_UNAVAILABLE,2026-03-12,RPOWER
false,81cf31ecde2038a9e35bab31af148bf9c30285368404d91e8d27e4ae87d6ba93|b0a16da5ebe8d3ce6d609a8d31bf10cab14205655bbd5d7ce3cd5a19a4a38f6a,false,fe8cc7a1f205845e78e7914322acafdf614504173cd167c64a984dcaa965a944,COMPLETE_FROZEN_INPUTS_UNAVAILABLE,NONE,false,false,ADJUSTED|RAW,REQUIRED_INPUT_UNAVAILABLE,2026-07-01,ETERNAL
false,81df4138cf4ae6df8e5cb09bf23beb24d6b4621e3e57ab20ad4307f3f27ed584|c0a8bdd4e77e53082324aa87635410354f9036d088150ffd7f7f2a9a7380821e,false,d10a8246acad5c560d9c3f76f12fa2c2c656ff4908cca6d5f912e1c4feeb9b60,COMPLETE_FROZEN_INPUTS_UNAVAILABLE,NONE,false,false,ADJUSTED|RAW,REQUIRED_INPUT_UNAVAILABLE,2026-01-28,TATSILV
false,8221a9cb3999d3a826c0c2c1e91935b213b4324f2a43371d697891d598598447|b0c1438929d1f9849a155fc49c3c51be4850ae5819915176eaef7448d38e3a88,false,d362525886757d775bfb232a271248c431a3e17a8bd3b70e6202da63291d8226,COMPLETE_FROZEN_INPUTS_UNAVAILABLE,NONE,false,false,ADJUSTED|RAW,REQUIRED_INPUT_UNAVAILABLE,2026-01-09,LIQUIDCASE
false,8232ade5aafd9ce69d150cb95a5d9d1cea7644b5aa3a19adf5d6e39eec109e18|a1120bc5b255d99cbea581ef9e4b8fc8b3a91abc7c3dea4e32f34891a02dde41,false,a32e21dc71a39cfb81b6b85765678f179053a9322ae6b5594823f4f73e2b63ad,COMPLETE_FROZEN_INPUTS_UNAVAILABLE,NONE,false,false,ADJUSTED|RAW,REQUIRED_INPUT_UNAVAILABLE,2026-02-23,OLAELEC
false,826a6193d48bfd05e946bfa8c58e62150705ea3952a1b2adc4c50dee6fc3d2b7|d76864337163bc7744bad775c51790bc39078b5b337e5b00998d25fb06d49d9b,false,f16633f7ec1c7561ad1bd300a74385f4dc7005709c770fa2a8dc1fd36eca2516,COMPLETE_FROZEN_INPUTS_UNAVAILABLE,NONE,false,false,ADJUSTED|RAW,REQUIRED_INPUT_UNAVAILABLE,2026-06-03,HFCL
false,82d309994069ac04185ca4fe9efecf8840cd883dd0fd28690388dca777c811e0|ac8527c1fa1ff41b82ab1075320c1de7c0552719afffa2ce164d75a43d1a9b9a,false,197d4c32a21a25ee56b6dd4a04adf573e67e718410043f29a947475460366c6c,COMPLETE_FROZEN_INPUTS_UNAVAILABLE,NONE,false,false,ADJUSTED|RAW,REQUIRED_INPUT_UNAVAILABLE,2026-01-14,UNIONBANK
false,8320e04c7ca8a1c4dfb25e0c0d13f5b12614f272ac419925c1afe2f9c03fd913|9b8b79e379eb7320e7835ab580b3d0263587502ccfa673ba4a853584be00e72d,false,24c46d0c937eb990c146392110867dce21a1ba5b736a926ba1aa06ad2fc349ce,COMPLETE_FROZEN_INPUTS_UNAVAILABLE,NONE,false,false,ADJUSTED|RAW,REQUIRED_INPUT_UNAVAILABLE,2026-02-10,TATSILV
false,832c80eeef32dda13cb2064cea823f832a49d89ea04212ee3cf6d0327ea1782f|fec05d7bd033d3be8f8182707735d8b495211269c38a13894b1f6879e18622eb,false,5c657eedb460dc6ca0cd93a201799be3e57b43cfec38a8f8955c6cee99f4e90a,COMPLETE_FROZEN_INPUTS_UNAVAILABLE,NONE,false,false,ADJUSTED|RAW,REQUIRED_INPUT_UNAVAILABLE,2026-04-16,ADANIPOWER
false,83a0ad0f743adad7ff4eb682a0b9197edc5f2f3ac575a1967c1cbf32325c5497|94ad302865160900729c7a80c9a64cf0da0c6c25d696c9d622d62870d46a9fe4,false,dee8c43447044db5a6a55fd04042ebb605dc213a46d57b981b0a12db0fc87aa9,COMPLETE_FROZEN_INPUTS_UNAVAILABLE,NONE,false,false,ADJUSTED|RAW,REQUIRED_INPUT_UNAVAILABLE,2026-06-24,ROTO
false,84c099a0f03fa0e186e14adf0cb885fa26454bab87272f5af1610d5ff3a466cf|f134e1cb2537bcfc5185c3e43c9325e65a172c9beb09df117f22d09fb17eed8d,false,e5a0fef1bf7dd2c2b31e32db5468416bf08f57ab5b00167353e93833f04610e1,COMPLETE_FROZEN_INPUTS_UNAVAILABLE,NONE,false,false,ADJUSTED|RAW,REQUIRED_INPUT_UNAVAILABLE,2026-03-05,POWERGRID
false,85668600bf79e44e73460b3bcf3f911587d11471ea29fcf3e0475f4411f2aa69|e78addc3e4fb5287b98853de4fff2e6d786926840f941646b77bbf51c5f8e5f6,false,0bf30c02774695dd189cf68cf97a4775b06107e5af16e78fb72e05dd37154bd0,COMPLETE_FROZEN_INPUTS_UNAVAILABLE,NONE,false,false,ADJUSTED|RAW,REQUIRED_INPUT_UNAVAILABLE,2026-02-12,SILVERBEES
false,8581ee11094888bd10d1deae8e45ebf9fd85540145a59451756d3f8d10e34bf4|ac921f9b93296d3048c2ab6f00bfe0a51f56add54fb34c86dfe328956fa17f9d,false,bfeb35b13cfbf7fb9fabbdff7b40b8fa35e8028e94b63570a3b76090f4c9cbf9,COMPLETE_FROZEN_INPUTS_UNAVAILABLE,NONE,false,false,ADJUSTED|RAW,REQUIRED_INPUT_UNAVAILABLE,2026-02-16,SILVERBEES
false,85a1a1ac25dae408f7a0e006d379f5def879e1ba39560d8a810660e14042e2f7|c732385f5b7015f2cbdc80834d6cb0c1c13ce79f7fa42dca16a05e5fb9ad7952,false,30ef05330ab36eb14a04e86a3684ba8fe6ba3f16b5889e79dca80640a06d99d7,COMPLETE_FROZEN_INPUTS_UNAVAILABLE,NONE,false,false,ADJUSTED|RAW,REQUIRED_INPUT_UNAVAILABLE,2026-04-02,LATENTVIEW
false,85c1ebaf7b540fb04eaccebafbf77846242650b15b7af78b3416c8c75eedf354|91e165ae2218d1a0f1d46f0c2071866f5f07b690b5fca71680d000ec529a9f9d,false,2448ebcb3512556221ab864cb74deba7cb762f219f5606e61df6d2a652725bc8,COMPLETE_FROZEN_INPUTS_UNAVAILABLE,NONE,false,false,ADJUSTED|RAW,REQUIRED_INPUT_UNAVAILABLE,2026-01-16,DAVANGERE
false,85f521140be147fa4fc52a205db58ad45d3c04d9d033cba79a210bde83977794|f623faec42247f2c8bb289a4b99bc0e82974bbb49a3436c3de3b3ecf4d62460b,false,13fd2ae0f5df4e50709a1ffc1a9ac0781600007f9d5b69aed29dca1b0091d322,COMPLETE_FROZEN_INPUTS_UNAVAILABLE,NONE,false,false,ADJUSTED|RAW,REQUIRED_INPUT_UNAVAILABLE,2026-03-27,UNIONBANK
false,868828fcd4a68207a67aa01efe0d1701edefe19d0a3086d654fd5dae04ee8856|beb21b26721227791d8d9f84499590dc4b19d65b10e2422ce0583e39d9cc6920,false,cb4de1c0ee50ef827a17e6a086e7c0dc87162f195cd9d831a04ff48ee6f240a5,COMPLETE_FROZEN_INPUTS_UNAVAILABLE,NONE,false,false,ADJUSTED|RAW,REQUIRED_INPUT_UNAVAILABLE,2026-06-22,PCJEWELLER
false,8695333040bd8699b68b62a186a01f059e5570a820913d4f7e25eee5df67cfd0|f8a006c8a8bd02d01b2fece3185c2ccf689ad7870411f27493a97e646e0aca46,false,489b87fe59e90484d2e208a53307d70371072c306c4821d3ae0be0915107d4b6,COMPLETE_FROZEN_INPUTS_UNAVAILABLE,NONE,false,false,ADJUSTED|RAW,REQUIRED_INPUT_UNAVAILABLE,2026-06-15,TATSILV
false,86b81a39d64b0435d725942ddbf7d7164ad6280e4fa39a42fd036348587c9e09|e5635ed199f1106ae2ed45fc34bb9bc968d81d228a0cff486a7f4ff90393dd9b,false,0324643205cae739c1a9a6e000f8e865aa1b7649c64f6fd593104aa23e93f14d,COMPLETE_FROZEN_INPUTS_UNAVAILABLE,NONE,false,false,ADJUSTED|RAW,REQUIRED_INPUT_UNAVAILABLE,2026-01-07,OLAELEC
false,86bff2cec6aa48887cddf45e722c8bdb2982e1df7c0a08f2c310f05a5277c1a5|db42348c40542fc6037696a5a5e55f51371dbc9f40d9d7c98eec724a11fdcaab,false,6e7c2513020ad190adbf847d5e963bed0412350b67f6ffc53d74b7a87d05f656,COMPLETE_FROZEN_INPUTS_UNAVAILABLE,NONE,false,false,ADJUSTED|RAW,REQUIRED_INPUT_UNAVAILABLE,2026-04-16,RPOWER
false,86e516908cc8b2c2e0e1c64d551e55112eee381efcf30ee44641fb49ac780de4|e93e11351f776869fd49d978b255d0c0155c4914a71eaa169d48030aecd56aeb,false,f99b1e2f834e6f06dfc75bc6bf66f878e3d07feeaef625a5c4e8baea5bb039d3,COMPLETE_FROZEN_INPUTS_UNAVAILABLE,NONE,false,false,ADJUSTED|RAW,REQUIRED_INPUT_UNAVAILABLE,2026-03-30,HDFCBANK
false,872d3cb72841ece981d866c566c54d9bb474acb448767d975afab4a76d081fcf|ce47e27dbb0509c8e1bcada19c630d2192f567ffd94cda370915b8dc23963791,false,4ba3211a5e877bdd9522d4a362766cdf9ca5c3350a4c9c9a17de3953b88859b0,COMPLETE_FROZEN_INPUTS_UNAVAILABLE,NONE,false,false,ADJUSTED|RAW,REQUIRED_INPUT_UNAVAILABLE,2026-06-01,HDFCBANK
false,872f7cb2530fbfefe64b27e5f3a11b9c88144304fe3a8d166062728827afc988|beef7944336632988d75d5c6bbc298d463a02b5c626e1fda743cccf54414fc67,false,44c3513400146a163afc76d306f01e940bf897097088b80037addee252f5c7ef,COMPLETE_FROZEN_INPUTS_UNAVAILABLE,NONE,false,false,ADJUSTED|RAW,REQUIRED_INPUT_UNAVAILABLE,2026-03-09,GOLDBEES
false,874a7389dac962682718dc853be150675956bd1855eff8bf90d2f64fd48f553f|a25a02f738eb5cc3e8333fceaaa09535e9aa1d588fecbcd847946413f0ed0c92,false,b86a3b5a3c1ad9d15892026de6490863d5f0f6b7b0dc063fbc6de083b7bb1e46,COMPLETE_FROZEN_INPUTS_UNAVAILABLE,NONE,false,false,ADJUSTED|RAW,REQUIRED_INPUT_UNAVAILABLE,2026-01-14,GOLDBEES
false,875529dfe2b2fd879f295212b6133980083784b0f0e8bc9d675bf280ae038709|ffca30efb9813792447c290ea1d717227c5348eb1e537126024405892fe73afe,false,e3a38250c18faf030a1bde5c6ea9bd5f91936804515bcea218d6fc6bb97d136b,COMPLETE_FROZEN_INPUTS_UNAVAILABLE,NONE,false,false,ADJUSTED|RAW,REQUIRED_INPUT_UNAVAILABLE,2026-06-01,CREATIVEYE
false,8771d214f17bc812ed38efff91f8e3217be89801839317e912435d0ccbb4f12b|a6e957bcb1b1a5ce8e548a641e8a956746ae83e0d0791dd6260d398daede8d38,false,e26543f39979068eefba55cb3d2e1d032149cd0c56fc7544096d735b6edc74e2,COMPLETE_FROZEN_INPUTS_UNAVAILABLE,NONE,false,false,ADJUSTED|RAW,REQUIRED_INPUT_UNAVAILABLE,2026-05-15,SAREGAMA
false,878165492d3d5357dfd55df60dfbfe123a417a4ca68c8bde08661cb7f6a33fb8|e3a331b11db5c61855a32fa85be8e85d49933838dc8b5fa3bfba11afcc79315a,false,39c9fe27d16d3de5642cf65a13401b0bc3f5d9ee455d7cba0e10449592481b22,COMPLETE_FROZEN_INPUTS_UNAVAILABLE,NONE,false,false,ADJUSTED|RAW,REQUIRED_INPUT_UNAVAILABLE,2026-03-04,RPOWER
false,879a9fabc85c822ed014cc6ccc5e73ed9cc969cc2761402b44f2cd9492a8aae6|ccb4f14332101bc4f382419d26af0e8893f69116f53e189aed2b68101b9c3937,false,9b21f3793bd5e20c040054e30877def53813c27167133f28785176320339621b,COMPLETE_FROZEN_INPUTS_UNAVAILABLE,NONE,false,false,ADJUSTED|RAW,REQUIRED_INPUT_UNAVAILABLE,2026-02-25,SAIL
false,87ba471fbb443cc5d6434ed28815469f4b17fb3887595dcc19213fddb3b1ebc2|e0f02201a0d70c801006f5c31d94ae637bfbf60abfecbd9a002cc323e9e644fd,false,b96a34cce9ba59f8ce9bad41a89cd8870fc88bade02986282d1d44d0c01da171,COMPLETE_FROZEN_INPUTS_UNAVAILABLE,NONE,false,false,ADJUSTED|RAW,REQUIRED_INPUT_UNAVAILABLE,2026-05-04,JPPOWER
false,88cd48988bd5bd714ffff7cc65fd0376d23154282ef4d0a819f24b5d5a5ac2d4|a6dbe067da0e9f3f242ecd9edd5e950e8ebece7faf49a8e0a2affcd11919ea49,false,20308c228f63b30bf84eadb53a364b731c363c3a787d9910daea54957126b633,COMPLETE_FROZEN_INPUTS_UNAVAILABLE,NONE,false,false,ADJUSTED|RAW,REQUIRED_INPUT_UNAVAILABLE,2026-01-22,MANAKSIA
false,890781906a73a548e5a2db410ba19e9198919489b191f669b957ba341fef0759|d0076d9c05eb0ac9e39846ffb3987b577385c7f4f06558be580a11ac08aa0ac7,false,3666664a904e3b4514f45ecaca127a6dd1184f3c8f0aae2460ac1527084ad35b,COMPLETE_FROZEN_INPUTS_UNAVAILABLE,NONE,false,false,ADJUSTED|RAW,REQUIRED_INPUT_UNAVAILABLE,2026-06-11,TATAGOLD
false,890a4b14d443922fc80792aa92aa169b8293df16e91b827bc4c28e1e47ded7bc|97e9c59fac6f2a3b189f1d2168873fbdd2b41dbe06796570787a35b12f8f2087,false,a99b0439af156fc2870b5215d5f94514504b922f1100091f0328fc47902d1c16,COMPLETE_FROZEN_INPUTS_UNAVAILABLE,NONE,false,false,ADJUSTED|RAW,REQUIRED_INPUT_UNAVAILABLE,2026-02-10,FILATFASH
false,891e567388685fb97f1a3eb7c89df70a2dc4795480f41d9c75b2029855e026cb|9328167c102d3c19f0bee9ee64a45925684db724c4d5b1396762987d059cca1f,false,37e9313859066287817f02a42136cca35c19dd3b6339c41365bcc0abb98f7a5c,COMPLETE_FROZEN_INPUTS_UNAVAILABLE,NONE,false,false,ADJUSTED|RAW,REQUIRED_INPUT_UNAVAILABLE,2026-07-10,JIOFIN
false,892a57284c77369deb3c4c51065794bf4b60d3bd2b9f8a61feb58d81d22fe82c|a0574950eb33d5d80ebdc5738888bc74eb07fe61b160a4a969ee062452273ab9,false,9469ff6771aff23e598a4bec8a3bca0f4f15447eabb2d1ff0d861c64e292b00c,COMPLETE_FROZEN_INPUTS_UNAVAILABLE,NONE,false,false,ADJUSTED|RAW,REQUIRED_INPUT_UNAVAILABLE,2026-03-06,IRCON
false,8931930bc448342f82aee35b5b093148a8496e1407a112af29b4a285d87a595a|ef1ba70861e49bb4c47237cb11cbc1979ac1565bb8ab07a042fdbbadfb2e74c5,false,0f1429d21ff677554675793d6d863d530ed307b34e1a812688d80f32f57705d2,COMPLETE_FROZEN_INPUTS_UNAVAILABLE,NONE,false,false,ADJUSTED|RAW,REQUIRED_INPUT_UNAVAILABLE,2026-01-22,MEDICO
false,895ad0f34183ff4f95593eb5f809330fdf4d2eb580f25b5c437dc6c52146ad21|d3cb2fbd4af4499299809f27aa8eae36e91d06bdc85e1fb845a4d8ed89d6636e,false,14a055a5df7f7e9f4fb43c61226e55a14cf272487fd4f68c0e6507fa72ba5ad6,COMPLETE_FROZEN_INPUTS_UNAVAILABLE,NONE,false,false,ADJUSTED|RAW,REQUIRED_INPUT_UNAVAILABLE,2026-06-15,MOTISONS
false,8981802000f3faf933a71e20f13bf1ee0bb23a2d27156d216db46d37f3fb4548|eba050df7abcee367a793713e1ea95e656155851d98fb54feab03fc67f1460bb,false,27bbe46d4de739fc42732039380fb97e86fadf17352047937103bda60f280808,COMPLETE_FROZEN_INPUTS_UNAVAILABLE,NONE,false,false,ADJUSTED|RAW,REQUIRED_INPUT_UNAVAILABLE,2026-06-12,GTLINFRA
false,89dc454d2686dfa9a5f5e6978d915bb6bddefb811894e9946959450e3527fe36|e9372084eb0afa5c2235b925522cc93b22d3ff4815ae64dea828dc337f3c611f,false,6f46156bca081c685bf3de924f10e5fd524ac431c1c98075332c2f7a87451171,COMPLETE_FROZEN_INPUTS_UNAVAILABLE,NONE,false,false,ADJUSTED|RAW,REQUIRED_INPUT_UNAVAILABLE,2026-05-19,GOLDBEES
false,8a6377e44cd40b5584caf42820a07b8cb38861a16b7f287b72837069240563fb|98dfc49b9712796c50af015bb7d8d62d45031360bea98e049222256af0fa768a,false,67c2bef2fca8cb190fa2579b90c09ddffc34990d07c1831169d3b5429e9071d2,COMPLETE_FROZEN_INPUTS_UNAVAILABLE,NONE,false,false,ADJUSTED|RAW,REQUIRED_INPUT_UNAVAILABLE,2026-03-17,HDFCBANK
false,8a826b474b120762fc673707c4029a96487a897e6a3d25f3737563536663be7c|c793eeeab7925210f21e7311021aad4be158fc230aeed67ca21d00b698087120,false,92699163df8bebe8e47cee3f84529f750af309cc5de4b18ee9f147ea1552227e,COMPLETE_FROZEN_INPUTS_UNAVAILABLE,NONE,false,false,ADJUSTED|RAW,REQUIRED_INPUT_UNAVAILABLE,2026-06-10,AKUMS
false,8ac24e2e6fbdfaa6386265d88cd78aa47c48dadf927a1362aa3f05f88c35e816|d38599f216b75793bc3f06702c0adeb392233adea872d5e6301abb7e4d7445c3,false,1a1a909be94ce6914d273f9da5c962fe7e34afee380fc15eb875375125ffaf41,COMPLETE_FROZEN_INPUTS_UNAVAILABLE,NONE,false,false,ADJUSTED|RAW,REQUIRED_INPUT_UNAVAILABLE,2026-03-05,YESBANK
false,8b494e1d3df5fd54da6dae260e14be66c3d140881edae2daa406e35faf26776c|dff14cd655a95d174d8f4a6b693583bfa1f5a418dd54478ea295f8cc17926f9b,false,c2200c9e21202d4c4db09513397cedca0036a7c186207376c1f1ad8a5bc3609f,COMPLETE_FROZEN_INPUTS_UNAVAILABLE,NONE,false,false,ADJUSTED|RAW,REQUIRED_INPUT_UNAVAILABLE,2026-05-15,NEPHROPLUS
false,8bc2b2ed83419b7fa8492fae3c609684cdaad577caebcbe1a2f30e9405140ff3|c6cfa25f6ac465fd5d3bd575b6ceb5063e9205fb79060dd90a85826e71838bbf,false,b7c3bf1e7dc4cd7c28de3ee8c558129bce03625cf1f46d62ad4f6562b5c876fb,COMPLETE_FROZEN_INPUTS_UNAVAILABLE,NONE,false,false,ADJUSTED|RAW,REQUIRED_INPUT_UNAVAILABLE,2026-06-09,YESBANK
false,8cab5a353e795a2fda5ef76f706c2dec6386d5aa5fc048e8ca221751e0495d84|c57f4bc153ec42b43ff5aaf84b94a08807a458a50c228efa8a4ac54261693810,false,2eac69d91bd30b70f9b9bd9b337c845f014aa56def095e61f5e3843d4c3c661c,COMPLETE_FROZEN_INPUTS_UNAVAILABLE,NONE,false,false,ADJUSTED|RAW,REQUIRED_INPUT_UNAVAILABLE,2026-05-18,GOLDBEES
false,8caf8d825c6042806816d8e6db65da79f70b51f0563a5cf7dd2a526d58ac4792|dc707b1a6e4b354f67d2ac84d2e06e51e3305acd550523f88171fdb3b983a806,false,e455ef7901c89daebf6bae5d33de6c15240884ec27c56891946e69033552b88e,COMPLETE_FROZEN_INPUTS_UNAVAILABLE,NONE,false,false,ADJUSTED|RAW,REQUIRED_INPUT_UNAVAILABLE,2026-05-29,HDFCBANK
false,8d44a7221fc332369b0c5c90efd3782e3719960850416e5d591d169c3f19d1d7|981156efb0d3d959dc363549e42164b8b98ba6aacb9bad40a6bf75e1fff8461a,false,7362dfe6ac8a78293dbcf99655596b3df34c90906c3f7977492e3b2b3d8bc81c,COMPLETE_FROZEN_INPUTS_UNAVAILABLE,NONE,false,false,ADJUSTED|RAW,REQUIRED_INPUT_UNAVAILABLE,2026-05-06,TATSILV
false,8d5f88a8fbe205ccc56966074eeb069f3c15a8db1557ec6641cf63d24be3e545|e343e7262d2e2a53f6cbd1f33e6084c9642eb8404b80d2b7534df5b4159be879,false,8bc85fe5c937063defd1d0a2037b2d3be034bdabbfbf7e341747a25c08274bf1,COMPLETE_FROZEN_INPUTS_UNAVAILABLE,NONE,false,false,ADJUSTED|RAW,REQUIRED_INPUT_UNAVAILABLE,2026-01-23,MONEYBOXX
false,8d637b23e44624434687599580fac53db859e8290d00dd89cb5a403cb7b06e48|c022fa73560b76c33d49fc035d791e600e9dce11125ada7eaddae495cc2fb6de,false,0bd32e484cd3bd69d6ff04a74ffa4a041e7733a9d0e52733ac5d4abec42ea77d,COMPLETE_FROZEN_INPUTS_UNAVAILABLE,NONE,false,false,ADJUSTED|RAW,REQUIRED_INPUT_UNAVAILABLE,2026-02-04,SILVERIETF
false,8db80d3025e8cadd03034f235c0c364b4ca96aae0cb2f2c48c08f8c40214ae6b|d0142bbd96d28ceed12f32af905b0dde4787d5894cdbd288d8176e2dc11a9488,false,2c3feea3e35e95cc6d1e588a57bcc98fa9d114797e6ca6d6e8cb725e6c6265b5,COMPLETE_FROZEN_INPUTS_UNAVAILABLE,NONE,false,false,ADJUSTED|RAW,REQUIRED_INPUT_UNAVAILABLE,2026-05-06,SILVERBEES
false,8e48e4218edb8d76b691d525d00f6ae6c1d99768b7295cc356a0b2f89f8a73aa|b511739772dce2f64376da6f641609fb4ae7aadf3dad4f44e003efcf5fee4d04,false,1b74f4fb7a5a0745a47c3c041483066b11ff8ac6ef80663f08fc8590d110875e,COMPLETE_FROZEN_INPUTS_UNAVAILABLE,NONE,false,false,ADJUSTED|RAW,REQUIRED_INPUT_UNAVAILABLE,2026-02-19,FILATFASH
false,8e9348398b5cc2fc34c5e213fa9fc5a68e079135287b827dc91f42eea6b01998|c455949f772de446fec5ec194ecec3495985f59c588cca446ae8ae005b601ede,false,3db0f77a510c4522216e4b7ae058d44d849a81c714b57518f11f44e9f312cf32,COMPLETE_FROZEN_INPUTS_UNAVAILABLE,NONE,false,false,ADJUSTED|RAW,REQUIRED_INPUT_UNAVAILABLE,2026-06-10,EASEMYTRIP
false,8ea5e1c6da12cd7723c693f2c050cd3e5aaf723ba8712002aa8a964e867ab04d|a7138180ffbf52d8b2c5348486f0226710c1e66af41f5b00e02f9e0fecb1f12f,false,7f5bd4e54065fa785b547873666b7e955f5a1ef18e26605bd8c67c51e767191f,COMPLETE_FROZEN_INPUTS_UNAVAILABLE,NONE,false,false,ADJUSTED|RAW,REQUIRED_INPUT_UNAVAILABLE,2026-03-10,OLAELEC
false,8ef2f934339f3fd5fb676235dc6141b2347c7813456edf1851a8ee407254fbc4|bb48b05fb63e8b405fa7df8f14644cdec5e0254f912ce14549cef219fdb0f5c4,false,6ebfafd355b55976b4da8f9c1aeb47aee88c55a94410b688c1494ebfc6a2ac3b,COMPLETE_FROZEN_INPUTS_UNAVAILABLE,NONE,false,false,ADJUSTED|RAW,REQUIRED_INPUT_UNAVAILABLE,2026-01-21,GROWW
false,8f2b25b9e22ebc3a511565a94b7b97d23d42b42eb75a7172698d47a64fd4472e|9522f10ecf2db27172b66e2ec70e6cef94b89a080477a26c92250d48abcd0e61,false,10b10228b026110291c956d69434bbf34618fd8c7cfc82c51034bbf0370bde3d,COMPLETE_FROZEN_INPUTS_UNAVAILABLE,NONE,false,false,ADJUSTED|RAW,REQUIRED_INPUT_UNAVAILABLE,2026-01-21,ETERNAL
false,8f63f30be2a134130aeb1ed0dd127b5d2cb1be6dcd679caea01fdef2f8224b22|97076596f7f854d5fe0318bb2d1c677a607d670d679e3f1e98944879456a1fc2,false,0e273ed462835e76b9c1b7e05544e478abba63965d640f1f461d066b2d0c98ed,COMPLETE_FROZEN_INPUTS_UNAVAILABLE,NONE,false,false,ADJUSTED|RAW,REQUIRED_INPUT_UNAVAILABLE,2026-01-02,LIQUIDCASE
false,907d873880894b29646db563799793b2547919e1a8757394d8ca8e750e22ca54|98b88320e09486f2c95d43d867648616446036784f47f016ecfe249fd94807a7,false,fd9a75b6506a7d2e719070deded4cceb57da5b6412a872af0db4bf9dabdf0537,COMPLETE_FROZEN_INPUTS_UNAVAILABLE,NONE,false,false,ADJUSTED|RAW,REQUIRED_INPUT_UNAVAILABLE,2026-01-02,GOLDBEES
false,90d3e0f3d26218cbf8499b48ee6de3449b4361042babbf79a7ccab2500c80d45|d30e85b215d715ffd5032283fb2150aa286bcf79e7700d4f014f7ac25121502b,false,106d9ffefb1a16cb627749c8c9fe2ea7c44828a807977852ebd09e1d8026da50,COMPLETE_FROZEN_INPUTS_UNAVAILABLE,NONE,false,false,ADJUSTED|RAW,REQUIRED_INPUT_UNAVAILABLE,2026-01-27,YESBANK
false,915ff913e24418568675b1ff4444658274177575a85f4262c2e8994b5c0a54d5|f73dc68df5178ff2b658823aa0fefdd709a61064ffe29df5d55390c9d1487498,false,959c4fdcfed5d8fc13f1a81da1c271d058accd97a363a4a22b025836bee88607,COMPLETE_FROZEN_INPUTS_UNAVAILABLE,NONE,false,false,ADJUSTED|RAW,REQUIRED_INPUT_UNAVAILABLE,2026-01-28,ONGC
false,9162f8652529e66fa677bfb4a113697e17efd1e2d493e73b43ab8ea591e4fe6a|f31ac0aff74be4f663939507d84c7a4c86a0703ac22494657f3577d3396a3e77,false,74f0443ae0a2737698053189aa9da9075f20699fd7366059603f2f49bfe9a95f,COMPLETE_FROZEN_INPUTS_UNAVAILABLE,NONE,false,false,ADJUSTED|RAW,REQUIRED_INPUT_UNAVAILABLE,2026-02-17,PNB
false,91674f76dfb863eadf9551104b89c35b79f193e8e46cef020114f5ba3044d7f5|dd361c110feff5383471174f1fa6684bda077fbfdaef3bc6e3a3a0cc412dcfa5,false,f6ac7b541ad84db49907e1ba50bc200b4852b0c6daa46befc8a267ac2818e00f,COMPLETE_FROZEN_INPUTS_UNAVAILABLE,NONE,false,false,ADJUSTED|RAW,REQUIRED_INPUT_UNAVAILABLE,2026-03-23,DCXINDIA
false,9230f5f2ee9febbee11894cba1db70a3caa7a54a2a2c9dbaa78f9362a746cec1|e1574898eae39b81f487eb38da5c96e6324890d41631ebaf8502e6b60e0907c6,false,ab6bd3d26dca5d10abda88b25e1a517c3ccb1cdec1280c888c03b96fa1657b44,COMPLETE_FROZEN_INPUTS_UNAVAILABLE,NONE,false,false,ADJUSTED|RAW,REQUIRED_INPUT_UNAVAILABLE,2026-05-29,PCJEWELLER
false,92c66daabd2e177a9651e7aa63fa4c894851cd7632791c329ee461d9dc0069a5|fa2cf46b11b8faec4c0fe9b610b6b692c31d4ca9b0eee66edc956d3ffd661f6f,false,abfec5167a5f3b2a59b01b0df6523847d54cf561f0d217466554b17906587ca9,COMPLETE_FROZEN_INPUTS_UNAVAILABLE,NONE,false,false,ADJUSTED|RAW,REQUIRED_INPUT_UNAVAILABLE,2026-01-29,HINDCOPPER
false,92dca41ec4f83076589720c8c607434003e04593c1b11df2bf0308d4a35bc66b|93f8c8287f2be3f58b2298224978c9cd92c2a233239ded1418669add6b970837,false,e1b7d73a95abd745d52f4308c405c438490545d5814d73401cd5bf5346840dea,COMPLETE_FROZEN_INPUTS_UNAVAILABLE,NONE,false,false,ADJUSTED|RAW,REQUIRED_INPUT_UNAVAILABLE,2026-05-22,WIPRO
false,92effbff28a175731a9cdb2097b8c27fa55ba78a9383824a3e7515c28282a90d|b41126fc4a55f8072bfc12fa95a798b910c4b12858bea0eda957c55c34bcf5ec,false,51503a8fd96650399060536f776fa3c64e8eba77b1e3767398f375a99d6bf3bd,COMPLETE_FROZEN_INPUTS_UNAVAILABLE,NONE,false,false,ADJUSTED|RAW,REQUIRED_INPUT_UNAVAILABLE,2026-05-12,VEDL
false,9321db34f6bc7f6e53fd78d5adbf5386ff4cf1972545bd3927b32c808a142c81|e8c1d88978fe5d780879f2d9114df5a0d1d7c51ab85778daf19f1a147f051447,false,a29c3a72c0f69f364e15a58103be01b757b010e967d3615f3280c977197c99d4,COMPLETE_FROZEN_INPUTS_UNAVAILABLE,NONE,false,false,ADJUSTED|RAW,REQUIRED_INPUT_UNAVAILABLE,2026-02-12,SJVN
false,932881fa619c8baccce61668b47e6c5067d1a045973749f4e3a0defa6ab05df9|d47644804b8cd42a986ac706c8edfe0caf3a91755c41f988208c6aa3f06a8687,false,459a7f202ff9b0aa9fd37771fcae6dbc75aeb08bf39d5c3270310f5c3b35906f,COMPLETE_FROZEN_INPUTS_UNAVAILABLE,NONE,false,false,ADJUSTED|RAW,REQUIRED_INPUT_UNAVAILABLE,2026-04-23,JPPOWER
false,935fef59b5341bdbe7bb153088cf6bbacd4d9fc5be9657ba7327c1667ef9b3e1|ec6471cee914cadb5245202f03bf5841309c852618b5ea75ebbaae9284e14324,false,863021b7c4c1431e83bc7abd5b8d177229f4d9b4ff05299ea1f2a4fbf73b098a,COMPLETE_FROZEN_INPUTS_UNAVAILABLE,NONE,false,false,ADJUSTED|RAW,REQUIRED_INPUT_UNAVAILABLE,2026-03-18,OLAELEC
false,93d2fe9f4eed95b96a2216e34a0a2d085c7c742f31b8a0ebdcad87dfbf9249f3|fb53a3692693343f7fc8e6f7b55e8e164a7bf0d8787b33770ba586f42229b09d,false,9f3c94996ac793f1528913d984543be1eba5e8adcbedc4cb0c7bc6e48757f40a,COMPLETE_FROZEN_INPUTS_UNAVAILABLE,NONE,false,false,ADJUSTED|RAW,REQUIRED_INPUT_UNAVAILABLE,2026-04-01,LIQUIDCASE
false,93f526e043f3d5eb8047c7b817309c604f6f9e59c84a1b6e5ce01439d5af8f83|deb17260c755faa935cd83a09869b1ee8e8284129a30bb60ec3a3ed0c99ac266,false,e1f86fd29b44e7405a7841e37efad1e7c3a1e11035b39381bf2a6c84a75c7445,COMPLETE_FROZEN_INPUTS_UNAVAILABLE,NONE,false,false,ADJUSTED|RAW,REQUIRED_INPUT_UNAVAILABLE,2026-03-05,HDFCBANK
false,940b56d6365bfbeede56b23c4d9585e5a6d03f3a95d3de4de0b1e948f10e42fa|aaf58b3188cc9d0e24edc49bcffd7c363fb2cf82adc64d4161cb1627ebf78bdd,false,63d2ed355fa736d926aff73ccdd593345d56f31aff5df3ff0c3ff6f5a4132d5e,COMPLETE_FROZEN_INPUTS_UNAVAILABLE,NONE,false,false,ADJUSTED|RAW,REQUIRED_INPUT_UNAVAILABLE,2026-05-06,VEDL
false,94331e5f2ff2b2f95211863211708e2f388f7a78c4dcf8d367e32b61dfed1f65|e33ced9438066b441e3d7e05ff7d7bc12470626a1e1baf243e2f59335ffc44c4,false,89ce770e05f4704b849246117b681d4983086b8e6be3a736fbc3fdd260b312c1,COMPLETE_FROZEN_INPUTS_UNAVAILABLE,NONE,false,false,ADJUSTED|RAW,REQUIRED_INPUT_UNAVAILABLE,2026-05-22,TATAGOLD
false,943f27e3ea316675f507cbb83d2d6091a9477f0077eda328ab17a8c7042408e7|a92097c0f432ba208987cbf4785919000e668a8e435598d2e5c0b2daef227b79,false,d8e67642507ea69d0d12fedbfb506ba39f4b45419fcfef9e7897f1bc6f6a4454,COMPLETE_FROZEN_INPUTS_UNAVAILABLE,NONE,false,false,ADJUSTED|RAW,REQUIRED_INPUT_UNAVAILABLE,2026-05-12,PARADEEP
false,946dce9c8dd136f221a8a63800b8c0ada6103ca2dd3f9dfe27b8c2c5c7cc7184|f197ff8c2becf986c77977b0f31a9607f4a51ab3e3301679c2ab2b02ecf031ba,false,9dc92f4cc21d008e28552d9869ba94fee37d4267ddd1380f388d4b86e305522c,COMPLETE_FROZEN_INPUTS_UNAVAILABLE,NONE,false,false,ADJUSTED|RAW,REQUIRED_INPUT_UNAVAILABLE,2026-05-25,OLAELEC
false,9496d76313468f67b0eaf40ca412382a4e8972cdbf6fb3a274173ec2a031e0ca|991e05977b98a30644cd3b80868472726e1ae9b8af1870c2bd4592a28e3e8427,false,f581697308e4053a3e4214df8bff49834f7d54106843b673a2a614ee5da02b86,COMPLETE_FROZEN_INPUTS_UNAVAILABLE,NONE,false,false,ADJUSTED|RAW,REQUIRED_INPUT_UNAVAILABLE,2026-06-30,GMRAIRPORT
false,94a09e1297252ddbe920d8c56b8db3571e0e5a2b5d8c8ceb0165c92f3980402c|cf547b3a603bc76cc2dc3dcc8b3545b85bbdd4362121f25aef0d86e2bf3f7351,false,74bd0a429957a3e6901c8d7be48a74239a1397c5a82d26be202e8803218021b4,COMPLETE_FROZEN_INPUTS_UNAVAILABLE,NONE,false,false,ADJUSTED|RAW,REQUIRED_INPUT_UNAVAILABLE,2026-05-04,LIQUIDCASE
false,94c9b5b858d935b725322d3a899428e91fabc0b1b5c5866992fe56384c436235|fd2515c8ce4ddc811763cf51b8187b33166d5c5cc49f0412c076aa9a6da40fe6,false,c691ad640c4fc79020f5046905162a179f2f3ffc294dd959638c516e3c77555a,COMPLETE_FROZEN_INPUTS_UNAVAILABLE,NONE,false,false,ADJUSTED|RAW,REQUIRED_INPUT_UNAVAILABLE,2026-05-27,EXIDEIND
false,94dcd7c535446a42add3e6bc6479f4373bfe029f646980e9e8dfe300aa42bcfc|a6fd447e3b1b19fc9207ae91798abce528dc7466c2c7dc83ebb4103d6cce3050,false,b122588c63c3f536ad7892837819074a17d1452dfb57242cbc1de2ed297f5db3,COMPLETE_FROZEN_INPUTS_UNAVAILABLE,NONE,false,false,ADJUSTED|RAW,REQUIRED_INPUT_UNAVAILABLE,2026-05-05,ITC
false,94fa48f98580c3a29e398179491cdaf4b30fb9936bc8ff1b8ae86611c35ece25|d997c314e986f618c0bf0311e509427b6314e6a46320880900515257cce8cd02,false,783d17216312efc8451cc39cfc31faf60231289411343f95d7725bd30e207a29,COMPLETE_FROZEN_INPUTS_UNAVAILABLE,NONE,false,false,ADJUSTED|RAW,REQUIRED_INPUT_UNAVAILABLE,2026-03-06,AXISBPSETF
false,9521fb0a36322ed263f7d583b0d0941d0e205d4c96b1f72d6e400775d5169ee0|b691ae789a7bac0f494cba4667b5135afc0bfc84dc04fca26881fe681e3274ef,false,ea1bee91087e6d523ebf468d13486461ff4a94d1d6c3fafc3be4cf529b56c9af,COMPLETE_FROZEN_INPUTS_UNAVAILABLE,NONE,false,false,ADJUSTED|RAW,REQUIRED_INPUT_UNAVAILABLE,2026-04-02,IFBAGRO
false,957f0130a70d19fb0849339245ceedb60856e741b8decefacb4442041b9d9793|b45ece53bccf85fe9796886cac6b22905681f4a1270b19599ade88d13fd402f7,false,73d5adf34c6fa172c901ccb94234b649b6b55250869a67cfad1d4160f7e40703,COMPLETE_FROZEN_INPUTS_UNAVAILABLE,NONE,false,false,ADJUSTED|RAW,REQUIRED_INPUT_UNAVAILABLE,2026-06-30,OLAELEC
false,9586ffc0952c4f2b6d20221ba9eadaf1d79618df2e40179de1ac37f975290069|b07d49c608d25fe2333f7d91a5b7ea5897ccaecb00d245b69205c1c32de21bcd,false,4ff8d4b7534d658efce7cc2233b3fbe6707a43582abdc297619f98bda4fbac57,COMPLETE_FROZEN_INPUTS_UNAVAILABLE,NONE,false,false,ADJUSTED|RAW,REQUIRED_INPUT_UNAVAILABLE,2026-07-10,YESBANK
false,962c91bdc41df550fe9a61b20618b05d57eccf47a94cc8561d5cc1a079eda6c5|eb0129c2357ae4e0b8066dd193ffb6bfe37fa2393679e75cbc7fda9a3ac61502,false,2d573b945e38e9ec350d072b5bf283c8e56a63a2340afd0ddaa87c925f5e63b4,COMPLETE_FROZEN_INPUTS_UNAVAILABLE,NONE,false,false,ADJUSTED|RAW,REQUIRED_INPUT_UNAVAILABLE,2026-02-16,GOLDBEES
false,9672c8b5f3ac7cf9873c613ebf122fb2d00a5dcc5979cabe6f3ea6be25e335c9|b26b65603d79748af88fbabd6eff98f3a693debfaab8586716fac3c3e062d5db,false,2c532d98e35af9744f95a2300e3dd6fc216a41063000050c1b1bf1b262704a79,COMPLETE_FROZEN_INPUTS_UNAVAILABLE,NONE,false,false,ADJUSTED|RAW,REQUIRED_INPUT_UNAVAILABLE,2026-05-14,EASEMYTRIP
false,9730bc643a6ca5e5b3e90e3ac845b5fe44a904dd5ebce72e286742f3531e4cf1|b350dddede60a7f9bd3d688c6fe1b49dbc4c42cd0c6e0297da1275d07b189345,false,98f19f33d52da8cf95d1047acb45e7d95b9929b9d77f06847eee186777552909,COMPLETE_FROZEN_INPUTS_UNAVAILABLE,NONE,false,false,ADJUSTED|RAW,REQUIRED_INPUT_UNAVAILABLE,2026-05-25,WIPRO
false,97661b0148c4cdc73bf6b3203f62c6965df1ccfb90173dbc82826776fc3e5b5e|e3384d4b7d4ad8befe76041a855cd0a781a2cfdab2280e5428e82a086be8c33c,false,ea8a9aecda864740c6025f0e1e50358bfc509d2a0b7e13b18ec0f3b72b326dfa,COMPLETE_FROZEN_INPUTS_UNAVAILABLE,NONE,false,false,ADJUSTED|RAW,REQUIRED_INPUT_UNAVAILABLE,2026-05-22,TATSILV
false,97e4310dc9d267f658f7392ec2a47f3d25ad8cad388887e4bdff886ad9ce50cc|aff50d10a2f74b8eb14cbcd056597af93d3fb9b0884824c9f31aa1e08bd03014,false,8fd9d641781c92c3064ec0db67a056a54fdfea522883932df0f4cbe139fa8797,COMPLETE_FROZEN_INPUTS_UNAVAILABLE,NONE,false,false,ADJUSTED|RAW,REQUIRED_INPUT_UNAVAILABLE,2026-04-27,JPPOWER
false,983d28da2201fce1b146654bbb3d23577be2bd3349d73c1ad097fc785d4a926e|cc6f7b4db590daeb4e716d1a263905f439aa8d77decd53f6fa684677056e568f,false,b476e10a19ef6dd5f126a151e4fa18e2f89100d03d4dd96874e1a7fa40e42ec4,COMPLETE_FROZEN_INPUTS_UNAVAILABLE,NONE,false,false,ADJUSTED|RAW,REQUIRED_INPUT_UNAVAILABLE,2026-01-21,HDFCGOLD
false,985e3d4bc8c6bf73da258017ea10292a47257bff0b3c08bf915b1146a20af933|c6a23214033fbd54ca9896d37a5eef2c21d23a9b6f37dcd6977994cdcfe153c6,false,31c69f30343fd5c78d95c6b345fa3f99ffecdc8beeeac167e7165baea2825d1c,COMPLETE_FROZEN_INPUTS_UNAVAILABLE,NONE,false,false,ADJUSTED|RAW,REQUIRED_INPUT_UNAVAILABLE,2026-05-25,FCL
false,986bc75abd020a6d0466c49cbe50264a013e38602175e5f0013a5d16262b9163|ac636a268ec1fe757c83ed4ea6c3fe989b3755f213ab2ec1b2ff5c4058273517,false,12ea5d04ff94629a645e15a8803989d68c5483237082942531ff2847cc28aabd,COMPLETE_FROZEN_INPUTS_UNAVAILABLE,NONE,false,false,ADJUSTED|RAW,REQUIRED_INPUT_UNAVAILABLE,2026-07-15,GABRIEL
false,9887551d83825dd05611d01222621ac725c692f7769e5860db923cae548a7e50|ddbe7e39b26eaade6393c7eedee6d19a659634d2ef9641804cf893d1d3d2bfe3,false,9308545b579f5e0e56cb8646a18d8b4646f60f346a692d6ec9a43b7ec0864800,COMPLETE_FROZEN_INPUTS_UNAVAILABLE,NONE,false,false,ADJUSTED|RAW,REQUIRED_INPUT_UNAVAILABLE,2026-06-18,MCLOUD
false,98a7f8e3346f8e2c0ef6dfc8ff17332dcb2f4308a097a3427a856754c0e67997|cb5817b0462559c310ed14e46313947e3a54705130d689b8fa9b49d3279bec1e,false,2478e95dc6c88434c19ea5abf171fa3e234ad3f80115e86defc6316d9fe6be9c,COMPLETE_FROZEN_INPUTS_UNAVAILABLE,NONE,false,false,ADJUSTED|RAW,REQUIRED_INPUT_UNAVAILABLE,2026-05-08,GTLINFRA
false,98c1e1456a48d09a4d8e6b98289b657ac4cd869dd5c7a5777fa50017c7241e2d|e4d53cfbf0b3bd8cf4c09843ee6e50b9725c8fa13f37153e1e7a7f69d37c39ef,false,54d6a386f4ee3d67e2033c7d0b9cf3a53636013cb85bc9058a06d9e232e460fb,COMPLETE_FROZEN_INPUTS_UNAVAILABLE,NONE,false,false,ADJUSTED|RAW,REQUIRED_INPUT_UNAVAILABLE,2026-01-19,YESBANK
false,98e0ec3fb316fa6a4106358b26b2358dbc421217ba0826a081c2afce72bc353e|a5f9fcc2983f1f63c08e5db27554631545ccf411cafb87582d8ecafc229a531a,false,f77e4e883e9afbee466ee2f410c66310e53d8d9c39d3a31cba8905307ed99ce3,COMPLETE_FROZEN_INPUTS_UNAVAILABLE,NONE,false,false,ADJUSTED|RAW,REQUIRED_INPUT_UNAVAILABLE,2026-01-22,VISHWARAJ
false,996d77bfb47d9a60a9228966a13c7ba5e6461bcbb7b789376439e98f0e8f8431|e16b135bf438e2148f58c30f777fe9499b5f0de7f6d0e6624febb5b02bab5785,false,fe4495788c2f15ffe546cb6a2377d16cb8035e11deebb7c8e4ab9d907d52f81a,COMPLETE_FROZEN_INPUTS_UNAVAILABLE,NONE,false,false,ADJUSTED|RAW,REQUIRED_INPUT_UNAVAILABLE,2026-05-07,TATSILV
false,9988b9e2a66a447b7de59c7173f437f20b1547b86debbe310c6d510b07147b57|cfdf8da4e3394a051a960532ca301d6720bfdfaa469378ee19394f348e99662e,false,dc025a1f0524318789c779bccf7dc7c8544be915d1866e4ea6a53360ff750b6e,COMPLETE_FROZEN_INPUTS_UNAVAILABLE,NONE,false,false,ADJUSTED|RAW,REQUIRED_INPUT_UNAVAILABLE,2026-03-09,IOC
false,99dbf64a1a9488121f7851046899b5168f674d3ef39f1090eb60a7cbe0f20c95|c01b6c1da9b9c1c1530433d8c684b34a7117ba6bddf815fe0192f7de8fd3b40b,false,c8d74e4258d258384db25ec666908e0c1ee98b6f45e9aa89cd05e6be1ba964e4,COMPLETE_FROZEN_INPUTS_UNAVAILABLE,NONE,false,false,ADJUSTED|RAW,REQUIRED_INPUT_UNAVAILABLE,2026-04-30,ICICIBANK
false,9a511773cefc9a8ae69f59b30b456e2fa40d0cbf70c755e6b69272291669d7f2|f31152199d74963b3d40c9ef1708fcb443eb7d6ecbf62dd892165f78d557cad2,false,ec444ebea0407d3076aa88d3b272fcd737c8dcc86a15552fc2397a83116c7793,COMPLETE_FROZEN_INPUTS_UNAVAILABLE,NONE,false,false,ADJUSTED|RAW,REQUIRED_INPUT_UNAVAILABLE,2026-06-17,IFCI
false,9abc1bc47dc4a3d09f963683df5cb54ea7ff3d195312d8f7ca199a70075c0aa2|e7fd2844e8d7f08067209d4527d143552eea0a80c0c7d5bf62880977e42eb027,false,f0f5e842cb75b65d4e7645f71b33efdcaa453be438942c80b1466583901cc955,COMPLETE_FROZEN_INPUTS_UNAVAILABLE,NONE,false,false,ADJUSTED|RAW,REQUIRED_INPUT_UNAVAILABLE,2026-07-06,LIQUIDCASE
false,9acfdda92b937d8fd1024ccd9194356f097363ae9effe76b04c75c3a0650cf91|9d4d3944316c022ffb954a38832b282f88c3239875601e856a83774c69d61546,false,83f19c4244fd4b11b0fc9b2c104cf1ff5312d639ce069081a59258a40d18f5bd,COMPLETE_FROZEN_INPUTS_UNAVAILABLE,NONE,false,false,ADJUSTED|RAW,REQUIRED_INPUT_UNAVAILABLE,2026-01-07,TATSILV
false,9b6a5d9bc09faef2e18be06f837c7b29ed40e2328aba67456311a42a5b6835fd|c9659868d297d373145ae88dbf91b9715fcab2bd4a855c41436ed67ff42d398e,false,f115d10c72845e9f17e146a29f343a2b5faacf8fc361cd1d9aed75477b2aa5a3,COMPLETE_FROZEN_INPUTS_UNAVAILABLE,NONE,false,false,ADJUSTED|RAW,REQUIRED_INPUT_UNAVAILABLE,2026-02-05,IFCI
false,9b83cbd1a76ba5efa3ec4ec8a738d1bbe1ac54e60da6c6019e4f6cc854c6e7c7|9e5093ab630cfce982d5770a63333b903c2ec0b289d15cda3d12add5644abbe0,false,cf5bc791b947bb21c5654f3d1c97e0317afe185dfc236fa46c048242e20d52b4,COMPLETE_FROZEN_INPUTS_UNAVAILABLE,NONE,false,false,ADJUSTED|RAW,REQUIRED_INPUT_UNAVAILABLE,2026-04-21,HDFCBANK
false,9bcf1cf7091c22d47a8e723d559e63e6608b73dc537e9a450ec6a79935f8e569|fb938da0dcd065ebde320252ff2a2098deb9ca94a0be920b58b31d6be9495ca7,false,9efdb4208a7a5e0da416df1039bb2df5644ac5823b31d1001e50656ea7eca0cb,COMPLETE_FROZEN_INPUTS_UNAVAILABLE,NONE,false,false,ADJUSTED|RAW,REQUIRED_INPUT_UNAVAILABLE,2026-01-21,GOLDCASE
false,9bfb95ca7f63a1b225830875cc131413c7f5edd2846992e0cb4d6c66162eebe8|d70fab9fecef0eaeed38a371242ea3f28b67f0288eb180a86c1b175991ac32b4,false,a32dee842783da590d28be57888262444b5af59b14499a1ef6c871e7a127c283,COMPLETE_FROZEN_INPUTS_UNAVAILABLE,NONE,false,false,ADJUSTED|RAW,REQUIRED_INPUT_UNAVAILABLE,2026-06-09,EASEMYTRIP
false,9c930c944dcd5bbcce177fe1f8937abc96dcf50b47f02639d829b6b6429f9c1d|b37963e04616810e3f0723f7385c7f8a6feefd66ae0c3303184a420fa322b9f7,false,ddcbbe05297605efd63d8aed2ffaa16d304af2f62a1a81809be4519d67ca993a,COMPLETE_FROZEN_INPUTS_UNAVAILABLE,NONE,false,false,ADJUSTED|RAW,REQUIRED_INPUT_UNAVAILABLE,2026-01-06,YESBANK
false,9cd2f6f342804589cc46b093b7dd633c97f1b82f75d6a47f7869add53aa31306|e173e09bb4ca8835d2c785a4c5f3c5c4a926cd88a97fd81efd2c7980e176f163,false,a586ed26f57341100639344474cdd86350031ae8bba61a52479a5fbbfbcd43bd,COMPLETE_FROZEN_INPUTS_UNAVAILABLE,NONE,false,false,ADJUSTED|RAW,REQUIRED_INPUT_UNAVAILABLE,2026-01-20,YESBANK
false,9cedb4956a54cd7fb7470103a6aef1d9f15a9c73843e1eecd875baa659fcb60f|fdee6cdf9b2f6e6bf5206394b3202a0998632048d9f0080ee08f782addba1f9b,false,e385b18d7864d8ab7da8afc7392fe7ec52826536968f6aeb6f4918abcebff38e,COMPLETE_FROZEN_INPUTS_UNAVAILABLE,NONE,false,false,ADJUSTED|RAW,REQUIRED_INPUT_UNAVAILABLE,2026-06-18,NHPC
false,9cf411766df298b39a08352fa8e334b2d966e333efb9c778ff9472eeb802d597|a479c161e7595341d3816f9256e56ec0f35810067a0875a84edaa9ded7da20e6,false,2f5cc2ab6c88641ac370546d1e9faec36b0aa68ab16df7b5af4c675ed35950d3,COMPLETE_FROZEN_INPUTS_UNAVAILABLE,NONE,false,false,ADJUSTED|RAW,REQUIRED_INPUT_UNAVAILABLE,2026-01-16,IFCI
false,9d205f079db21d05236af95640db784150d65560e39237e38beccfc076a9a454|df1888298ad16a40e2c01a87a5eaaed7105f479826b938d0f33ae5e32e6957a6,false,f97b9d0a7ff812dbdb058e6e212d7a100bede2fff9b2ca0f98f62fd243d601ee,COMPLETE_FROZEN_INPUTS_UNAVAILABLE,NONE,false,false,ADJUSTED|RAW,REQUIRED_INPUT_UNAVAILABLE,2026-02-02,TATSILV
false,9d524741a505632c8cccd738b52a596f0394049a04f337a3bd3017d78c805aa0|be5bce0d938a6f47dade6977f8b2144ae27e26925567cd04dd06bd7df385196d,false,a732302628bde0d36d8324b563b8f51822b2a1ef949fc0cdf71e4b843112dd5f,COMPLETE_FROZEN_INPUTS_UNAVAILABLE,NONE,false,false,ADJUSTED|RAW,REQUIRED_INPUT_UNAVAILABLE,2026-06-24,GMRAIRPORT
false,9d5b060a5b0afd0a1ccd67ac6346062c143c781c72e9c01f13c59eba2fd902d7|fc7b2e80e4bed58df4406356f6d9c68e08940b39f288b013460f4a57751a8ac1,false,26bd229521fbc47a6c1fa367fcc5be5cdbcbe48d62905c51bdd60ff96a164fb5,COMPLETE_FROZEN_INPUTS_UNAVAILABLE,NONE,false,false,ADJUSTED|RAW,REQUIRED_INPUT_UNAVAILABLE,2026-07-06,YESBANK
false,9d9ff14be8f126d1123951824f86eb283e8299ecc91f06fbd91b28d31f2a86b1|b322ecd441aed5d4148f101d0856131e9f2c8cf65d058bc94323467ba33352e7,false,bccc9f1220a3806b002feea6ed558ad04141c466162fae7205ce245f609a59a1,COMPLETE_FROZEN_INPUTS_UNAVAILABLE,NONE,false,false,ADJUSTED|RAW,REQUIRED_INPUT_UNAVAILABLE,2026-01-02,TATSILV
false,9db0095a89c6b9fb8b9fdcc55cb732b231fee2a6e9b397507b217ee602aaf45f|df22da20daea5eaabb29b25de06de463ee601b826cb33859f654d2d94530e284,false,6dd2424cda4824d518694886833883ebc0dec5782dd1683227211563426ee9e7,COMPLETE_FROZEN_INPUTS_UNAVAILABLE,NONE,false,false,ADJUSTED|RAW,REQUIRED_INPUT_UNAVAILABLE,2026-04-09,YESBANK
false,9dc30a5d9c1ff9e000d0eb401fba5787b45fb949aea03fe5b5aa1f1827829bdb|e735151f0b53d71c2220bcca0d2c777cdb2f0d55816a59f0a7af4215f27bade7,false,8d4d9bad3bf5520e8f5eb053f9f2eb06c7874f8d5b51b3ffac3ab2fe48b1451e,COMPLETE_FROZEN_INPUTS_UNAVAILABLE,NONE,false,false,ADJUSTED|RAW,REQUIRED_INPUT_UNAVAILABLE,2026-07-17,YESBANK
false,9dee9354216a7287654d3b856868e8fa215c7448ea48f2b62156df5e8863f86c|d93f44ad46b1faf35ed5f722cdebd5a701989aa52c8d47c2267f43d16a71ee27,false,c838a0a2b5258fa21dfd92db6974b95852b0f58ec0747759c708b5394ac4e3a7,COMPLETE_FROZEN_INPUTS_UNAVAILABLE,NONE,false,false,ADJUSTED|RAW,REQUIRED_INPUT_UNAVAILABLE,2026-07-02,OLAELEC
false,9e5ba18a4997f3d5d8d377f63fc70ebc5b0937547a262414c692b837725fd204|c00736a37c9b5bac95d19779dbdf2dc6fc5f2c8a9291b6306522d8e38e0a3eb3,false,d8c496888208b520df6f8bc469bf2246adc76dbcc32fd1c804afd7de49bfe68e,COMPLETE_FROZEN_INPUTS_UNAVAILABLE,NONE,false,false,ADJUSTED|RAW,REQUIRED_INPUT_UNAVAILABLE,2026-07-17,PCJEWELLER
false,9f1fb04018a2a8e5d7ffdbb7c45a896abc32b51df848f721fd02044d060fa7f9|c38b8c0420ae2500f1749c7867435ed962ed3b6300c1e3b070321c94747332b0,false,3552ecfd85424e1c83afbf75f10f261852413259aa92831e5af94a67bf881c46,COMPLETE_FROZEN_INPUTS_UNAVAILABLE,NONE,false,false,ADJUSTED|RAW,REQUIRED_INPUT_UNAVAILABLE,2026-05-29,IDFCFIRSTB
false,9f59a09f2a87dfd59b86992ec5f7fd8d27eba9845846fd6df0d538f55ff723d8|ae7d9d98950c73b8a199f9bb5fe7c52f8d0dcec8e99d1c2e7f7d31b7f27560da,false,cc0ccd57fb84a964a217cc6d9e10a5e300098709b73fd22f97fa063221c3155f,COMPLETE_FROZEN_INPUTS_UNAVAILABLE,NONE,false,false,ADJUSTED|RAW,REQUIRED_INPUT_UNAVAILABLE,2026-03-20,GOLDBEES
false,9fadc1a91fe5ff414b59194104352067b960cdda6390284477a5e5eaa9e39df4|d1d9270e0e7d60122c3ac5a8ed57b9c4deac94b43a029a94883522496f082fd7,false,a0c835d6750cf4f1ed13f263ce683beec1db8fd8de9fd52fee78cc1c6f4e3f0b,COMPLETE_FROZEN_INPUTS_UNAVAILABLE,NONE,false,false,ADJUSTED|RAW,REQUIRED_INPUT_UNAVAILABLE,2026-04-28,ETERNAL
false,9fe49c98eb7a74b93cfc73988758767c435a5011bf78341f6b9b4004fbf48990|afd8964cd4e8eb7ab9f1c29d9840cbae445c46be977fd9bbcd97d58965050d39,false,ba94fbe5516e8902c204f76d829ee4bd3ef1ef63b263f10ea1eda25fb973cfc3,COMPLETE_FROZEN_INPUTS_UNAVAILABLE,NONE,false,false,ADJUSTED|RAW,REQUIRED_INPUT_UNAVAILABLE,2026-06-05,RPOWER
false,a02c96f0d6190a526a01e68c185dc450e33efbd2f482d17a6e06f845cf79a6c8|c024e6db01a9ed40b7f7ce932c82ee756266f16710bb5b28eb686298d8d4056b,false,549bce53f20bfdaee76cf5d8a24b8a3b808d6b36cf9e249f0a151d62dd41d2a2,COMPLETE_FROZEN_INPUTS_UNAVAILABLE,NONE,false,false,ADJUSTED|RAW,REQUIRED_INPUT_UNAVAILABLE,2026-02-20,SILVERBEES
false,a035df671bac49a5a1dfa2d693fd3b1a57c773f7d0c22bb975c6367d1131a592|f33e0db93579ba9fd721aae7967f8373d8fa166a29b392412adea2cc06626969,false,b5852bf9768519deff201ecea27ef902f551546c7d91f80f9f2e4586e21a7fa8,COMPLETE_FROZEN_INPUTS_UNAVAILABLE,NONE,false,false,ADJUSTED|RAW,REQUIRED_INPUT_UNAVAILABLE,2026-04-22,ADANIPOWER
false,a03eb3ee1e68dcb0c5c5996ca5dc1f68ec22a33f7839045f6cdc0b385c6bc707|a4b16cff710127cc5a85dd3cd39df8c6766ae42fd3dc2bff7509c0458744c435,false,4bc0d99fa996391011ea87027f25d671c331a9889a8cd241d8d5b69a35369c33,COMPLETE_FROZEN_INPUTS_UNAVAILABLE,NONE,false,false,ADJUSTED|RAW,REQUIRED_INPUT_UNAVAILABLE,2026-05-22,YESBANK
false,a08f7cde1580980f7d876d9f62bb2462a9d49f2731ecaf1528f9eb22aea17e26|d8a3be09978aead37532d4b744f0854bf6cbfefa8c3ec84af5bc6c84d9b375ee,false,f7e8e4623f191b4c4a818a5a995a095ced2df8dfa3614c3b8522d97c934c7429,COMPLETE_FROZEN_INPUTS_UNAVAILABLE,NONE,false,false,ADJUSTED|RAW,REQUIRED_INPUT_UNAVAILABLE,2026-04-20,GOLDBEES
false,a147ef9b1d3c86a8d10f6fe3d191845dec38a9f094d17f954a7a73199b7dc0af|df562807126bd57a1106cf0bf95140b2868c5dd64e34410e425e09b7c9afae4f,false,c63f8cb9c624c3f72357733ed27f0546c5dd9ed823f43f3c12b434a7eebaa00f,COMPLETE_FROZEN_INPUTS_UNAVAILABLE,NONE,false,false,ADJUSTED|RAW,REQUIRED_INPUT_UNAVAILABLE,2026-04-17,OLAELEC
false,a1774294ebf220fb7685ffaedded4f0e7388b569384a8882d558fb7673298a4b|ad8fda4eb463dc01e68e0e931aeaa357ad979e61e1a814d9cb351ee6b4b04246,false,21873a61f9258201fb9fb64752b7c8a4eeab00a6141d3c0d1e1e808d7115a3a6,COMPLETE_FROZEN_INPUTS_UNAVAILABLE,NONE,false,false,ADJUSTED|RAW,REQUIRED_INPUT_UNAVAILABLE,2026-05-08,SCI
false,a1f1d353fec0707903e8309e67864ea90e129a0b26799228f9ee1ddc2b314434|d049a1f1508e1f60b76e691a9f024d413dfcaf0879b05b2da449123386396114,false,83cdc771e05d90242f745ec7838de6c05ed3051236467f4950089a8693ba1287,COMPLETE_FROZEN_INPUTS_UNAVAILABLE,NONE,false,false,ADJUSTED|RAW,REQUIRED_INPUT_UNAVAILABLE,2026-05-27,PINELABS
false,a1f42c113d21c962d3722b028fe867ac0d464336457f935d178a814081526389|ff376ad159770d434f289f320af6b99b37d6183c904c3e5ff8ec7a9a79b98b7e,false,68a5b5b18904c90a43da03e010f3be1bb31ddb3a11daf9058c7ba3f1de65bcbc,COMPLETE_FROZEN_INPUTS_UNAVAILABLE,NONE,false,false,ADJUSTED|RAW,REQUIRED_INPUT_UNAVAILABLE,2026-03-04,TATSILV
false,a23a59b726aa1f3284de4cd48168846c097f503691b6bcf9287096745edd4826|f98509bb75ce124fab0592f5a43ad486445813e383fe56be9ffe988f16172734,false,e059d6506e6d56bb35ce43d3c6c28aa9762a4bde2225077f856e844873c7d16c,COMPLETE_FROZEN_INPUTS_UNAVAILABLE,NONE,false,false,ADJUSTED|RAW,REQUIRED_INPUT_UNAVAILABLE,2026-03-18,MMTC
false,a2516da4df5a0bec5768ebe09473ffcab7391a27877e37c577017419eda70de4|ecce739ca5f10a0499df8ca095e3cadb9b65ce7b3c4914e7192be3486046c4c0,false,9bd832ee0fc9e2eccdbd4272e158a41a6907ec7e2155bb6fcde80e0e89926d1e,COMPLETE_FROZEN_INPUTS_UNAVAILABLE,NONE,false,false,ADJUSTED|RAW,REQUIRED_INPUT_UNAVAILABLE,2026-06-02,NMDC
false,a2524387eed76678d7684836614bec9878ab21deee9bc7bef1c57559909157a7|b940b92196bee8f887078fd380a9493d461133f732667cb52b124a6957f55ec2,false,bf2f5ffcf42bb2160d3f68862688576334f74f7cfc3ddd72e4152d55fd0bb4d3,COMPLETE_FROZEN_INPUTS_UNAVAILABLE,NONE,false,false,ADJUSTED|RAW,REQUIRED_INPUT_UNAVAILABLE,2026-03-19,DIFFNKG
false,a275cef5e6fcb1b3467cce9b5e244b639e998ece4af72025fd19b317cf9e4dca|a50343acd0f382511bdabe01200918553904d64acabb8d6d0b38df2acfc23e52,false,02fbcba04d9bc3e60b626b12550d0419883121ead1345867444c4dbe1dbaa199,COMPLETE_FROZEN_INPUTS_UNAVAILABLE,NONE,false,false,ADJUSTED|RAW,REQUIRED_INPUT_UNAVAILABLE,2026-02-02,MRPL
false,a2b91a07a15d9783a5ca00abcee4c4cf6c54a6d5573b6ccd912b584af8bc1786|da005f69130d64b8ef0151906fc16ad517fbc81e870f76d170a1186dbb1710b9,false,41b8891535660427010ea0d22445a1aca15ee32474ce1e2fcc96db6665f2a2d8,COMPLETE_FROZEN_INPUTS_UNAVAILABLE,NONE,false,false,ADJUSTED|RAW,REQUIRED_INPUT_UNAVAILABLE,2026-01-27,GOLDBEES
false,a3292e4753267faff275aa42bec56c217a662a222a3d2f804afc018bc3be790d|c3d12c8fb2c25ecedca59af3a9e2a22d9bc1f484ab6ebef6f609c7ee8688cd3f,false,4a28e4f1d80bd644afcc34f8cb973f595facba2d75ed3f9681e8afd45b901692,COMPLETE_FROZEN_INPUTS_UNAVAILABLE,NONE,false,false,ADJUSTED|RAW,REQUIRED_INPUT_UNAVAILABLE,2026-06-10,TATAGOLD
false,a38d57e0f13bb2f1a6796f500830ae78e54d2d4e9b59fc567f6c652fa29b8da2|f2943f3e05704c728f62d0f5c08f674049c6f14a378050dd76ba18bd71b67a29,false,97d614491d0bcc50808904374dfaad73ae9a7c4016d8d3ed987d8fe144d0e1f6,COMPLETE_FROZEN_INPUTS_UNAVAILABLE,NONE,false,false,ADJUSTED|RAW,REQUIRED_INPUT_UNAVAILABLE,2026-03-16,TATAGOLD
false,a39504cc1002612090185b84c8e5c1c1c7a9ccd93f7c37e5aabed781c9612650|e54cf5bb240a41f80a6e4fa11c87853e8fbba4ad5905f23301f855689e27216c,false,79eecf1b751178459ef3e8e0f5a73da9c368dcb1223b01967195785116012b39,COMPLETE_FROZEN_INPUTS_UNAVAILABLE,NONE,false,false,ADJUSTED|RAW,REQUIRED_INPUT_UNAVAILABLE,2026-01-06,SILVERBEES
false,a39c54fe56fca331abe99b2f4872ec135b6d7496d0b21c643a1fc2f96bec4c82|c416b7308dc0e5fa4bbfbb97e128544f0743113c46f5b1b53a4ac86d92952e6c,false,b83bd72647b3f532d746bb56f0d8f648330ee48a592ce87a1eb165306c372ed7,COMPLETE_FROZEN_INPUTS_UNAVAILABLE,NONE,false,false,ADJUSTED|RAW,REQUIRED_INPUT_UNAVAILABLE,2026-02-27,TEJASNET
false,a3d0ce78e6f0030abb2bd7e71e93f61834daf179ac82b8322f75d707ba717296|d1f604cf2956c142253057e31d93bc462982e456ec0b0c76c8969b5db2064532,false,04b58c94b06b8e886fc2bfa2a267dad41e59c3f461b174706ee23f86f3741388,COMPLETE_FROZEN_INPUTS_UNAVAILABLE,NONE,false,false,ADJUSTED|RAW,REQUIRED_INPUT_UNAVAILABLE,2026-03-20,TATASTEEL
false,a404e91e44b0b0c74ee4f7dc78b6f6c09fd7029498af4054f6f94fdb21c5ad5e|f1bfcafb80dfefde1f5ac3260f49d205e36b4131555f43167d5bbcf506177a8d,false,148e0029f0612cbed7296cd2e2a590cc86bd6daa8503936e49cc38436d58a641,COMPLETE_FROZEN_INPUTS_UNAVAILABLE,NONE,false,false,ADJUSTED|RAW,REQUIRED_INPUT_UNAVAILABLE,2026-01-30,GOLDBEES
false,a4856f3acfdc52b92607e6edd48658f75ed9dcb650e57a42442c80663255a0ad|db72812f0a413fe072170928324acef33caaee4d6aa72b569257a3405e69710b,false,d963451c7412d02973492de1293ba4568caa8dacb92e55857fcae86d183bd3bb,COMPLETE_FROZEN_INPUTS_UNAVAILABLE,NONE,false,false,ADJUSTED|RAW,REQUIRED_INPUT_UNAVAILABLE,2026-02-11,BCG
false,a4caf3db1c13b720baa4dba4c08a98fcfb2ef05daa1b61ecd789c2b281d7c9c6|c4250f22456fc101f0ca7c08378cd05395cb7a99751e1e74534d093b88b33667,false,d5b34b6757aa38249761a9ff779f9851d6b2abbf62d4cb5dbb5e2f06c07bac6c,COMPLETE_FROZEN_INPUTS_UNAVAILABLE,NONE,false,false,ADJUSTED|RAW,REQUIRED_INPUT_UNAVAILABLE,2026-04-07,GOLDBEES
false,a5340aaf63bf18c250fc6a3f159fef481f388c06715f86c052b846659f416cc4|a8584d47c4d74b5b660096ec25551d9d4fe7d40041d06d92891aedca47e54b4f,false,71cb27ec47949016dc643ad602235118bd6c86c37a0980fe79c670df40d1adcc,COMPLETE_FROZEN_INPUTS_UNAVAILABLE,NONE,false,false,ADJUSTED|RAW,REQUIRED_INPUT_UNAVAILABLE,2026-01-12,IEX
false,a5467bd2ead126901821f97c5062bbc5f32fdf5cf8c3366a170d9f57d13e5270|c3008f1bc784a049c1242b80613ae0074cb83ab9da878e6bc1d02722768bd6ee,false,ba63c91bae3c25a7b522bc11b6f0de3da3f50a816ef740cdf9aef82ea483d921,COMPLETE_FROZEN_INPUTS_UNAVAILABLE,NONE,false,false,ADJUSTED|RAW,REQUIRED_INPUT_UNAVAILABLE,2026-06-10,HDFCBANK
false,a550df6fcfaf4a8e21c6344c30b9f33857f1c3be70e20811a80ea5aa96daa8df|e0998271401f379d800aa5f9f30297deb79b492c44e52d9c60b1779b89956544,false,b6f9f35f114a8825e9cf8df92af7e361417887f795595d20c52470e6ca2e7ad2,COMPLETE_FROZEN_INPUTS_UNAVAILABLE,NONE,false,false,ADJUSTED|RAW,REQUIRED_INPUT_UNAVAILABLE,2026-03-12,NTPCGREEN
false,a613e86671a69d1d39a17fff4d4b9c25814c2e361ebf06f726e3a215a18899d0|ad7470a9e117272fdfb6e09e3be8cf45a766c92aef7feb40cbc5c1ffb40f58dd,false,d4eeb85e2e789995b26c18dccb156cc32dd5d519650553e23760f19b3e9a2302,COMPLETE_FROZEN_INPUTS_UNAVAILABLE,NONE,false,false,ADJUSTED|RAW,REQUIRED_INPUT_UNAVAILABLE,2026-01-08,TRIDENT
false,a63cc850db27797a38feb4f4e9de8972edb7df72d0c4d2540b32ccb7bd74c38d|c4ea118ba8ce1eaf4b944967159bb39e75a97e759f879cc9eb4d9d83fe49d0bb,false,473233afa43f50f2e7856861e71045610008c110e09aec1382f8d457859816fc,COMPLETE_FROZEN_INPUTS_UNAVAILABLE,NONE,false,false,ADJUSTED|RAW,REQUIRED_INPUT_UNAVAILABLE,2026-06-11,TATASTEEL
false,a65382675cfe9f1133cb73c5ab5980679fca111b4cf11a9089fe75b3185021bc|b9217f4927c29e3b23937dae3cb569f4befe403649ae808c7038f3d32667a769,false,5078cf12df81651c803eadd8012bc19123f35beae2fabce5973d016772a1dacd,COMPLETE_FROZEN_INPUTS_UNAVAILABLE,NONE,false,false,ADJUSTED|RAW,REQUIRED_INPUT_UNAVAILABLE,2026-02-06,TATSILV
false,a6db9656537fa26d589476c64615bf4d632295ec3120c877299ff72f033ddeda|ddf6d9b43f9c1d1a61ea1601b2e3d8f5abfc3f2ff5316179fa61ebb4de6a0ace,false,7511f503e1d972fc5c2fff3f38c1ecd34b28d871889e6f08bde5a11f5adbc4ad,COMPLETE_FROZEN_INPUTS_UNAVAILABLE,NONE,false,false,ADJUSTED|RAW,REQUIRED_INPUT_UNAVAILABLE,2026-01-27,HDFCBANK
false,a6e9c515dbd87eced6c06aac390387b1c4dcd9bcc820cec1eea756b470d6fe00|fc2154291979ed6dc6c8a1d46681a59f103950aea57dca5477409a855bb0afeb,false,228a3bdb96a10d34c126be06660f62314f1c888545349573ddb439d513913963,COMPLETE_FROZEN_INPUTS_UNAVAILABLE,NONE,false,false,ADJUSTED|RAW,REQUIRED_INPUT_UNAVAILABLE,2026-03-05,LIQUIDCASE
false,a73b5544d6e9703b4d540af41aa482cdf789f6aa7f4955c5f6b2a64a01cbb489|e44dd2ae299663871fd2581a29bf633c1c1698811498ec9bc3e734d7348f47fe,false,54887fa8dec83ea0dafaa6aae7dda32a4c30cf63550e67fb489a1ead31ef5e1a,COMPLETE_FROZEN_INPUTS_UNAVAILABLE,NONE,false,false,ADJUSTED|RAW,REQUIRED_INPUT_UNAVAILABLE,2026-04-20,TATAGOLD
false,a755e179ec3c952848b34870f12dc516a4e9169b778eed3e8a24b37f7a17a5bb|c13839a53ee6b5de30cb537685405de6ccde3844b736f5c452689f55a4fbf965,false,cb4d2c972cabd2d35ae6085ad45e4db41c0bb4a4c46a9c7df1a4c6a0e1778f7e,COMPLETE_FROZEN_INPUTS_UNAVAILABLE,NONE,false,false,ADJUSTED|RAW,REQUIRED_INPUT_UNAVAILABLE,2026-03-18,GOLDBEES
false,a7636a673daf567f384ac169fba4f53f3f9d37eccb7451aba1c1ac2961ea39eb|b066ff89818cb7b5d451b8b95359850eafa568d9b5824d5f2d8954e44eb1f3c8,false,aa01e2e11dc5ad5d0e905999c0317b7b1181f088ac5d5a537195aa462e3bc9eb,COMPLETE_FROZEN_INPUTS_UNAVAILABLE,NONE,false,false,ADJUSTED|RAW,REQUIRED_INPUT_UNAVAILABLE,2026-06-23,YESBANK
false,a7af9a331e1e54550138d49745c11e647fd6a10030e6434fce0c25921d1bde2c|e8ae19b35ec23dacad3b9aa2da7b2f23a353b1c7ccad6da0004fde40606aa697,false,89f27c6e520d825d7a3260fb7fc18f4a027be70b90d065a1b0a14ae0d75619cd,COMPLETE_FROZEN_INPUTS_UNAVAILABLE,NONE,false,false,ADJUSTED|RAW,REQUIRED_INPUT_UNAVAILABLE,2026-02-10,GOLDBEES
false,a7f31eac54778773c15b054b90639438d82577e1bc6628beb6373d495b1fdc41|fc8a1f26b4ef0cb8f08b1f593ccc83218e0fe14df9ac066871e265bb863c53a9,false,cc8fdb5a8a11ad866311da78478479e08d8e464d82f713ecde057db4f0ecb052,COMPLETE_FROZEN_INPUTS_UNAVAILABLE,NONE,false,false,ADJUSTED|RAW,REQUIRED_INPUT_UNAVAILABLE,2026-05-26,JPPOWER
false,a8096cf51b46b6b81d48bc43edf3e85a278b75b8c10367b5e0ad34b54749a607|f521589edf06f9a54881ce7842f45f78fb4ea54a0cc4a65b637b1e5a45fc80d3,false,883bf3738212eee86d9871e4b9f597f71bc750f9e276f542a5f99292f7f2d1fd,COMPLETE_FROZEN_INPUTS_UNAVAILABLE,NONE,false,false,ADJUSTED|RAW,REQUIRED_INPUT_UNAVAILABLE,2026-03-24,JPPOWER
false,a818a21813d7406e74b54812eed46cd9c66843f3b864c491e93dd806ce8866b5|b42f0aa3fe18d970e441c7448e44aaa9f8529bbf03b8d3d8aec57b3cd233a578,false,08581bdd01f0e06ba6d34a704e474a244245e75f6d635e2b6dd3f28221ea5e10,COMPLETE_FROZEN_INPUTS_UNAVAILABLE,NONE,false,false,ADJUSTED|RAW,REQUIRED_INPUT_UNAVAILABLE,2026-05-11,TATSILV
false,a81c598f90c0a0e67743e8231363326488896ebbc2089b8a57e6a7014662a6f2|dcab3654500b8fed8521d141bcce773b28b98ee9ae04f3974fbed0963bbe12f0,false,1a7f663c46289b3a093d54e53dad0abf7dd50dccb96b7835252af48359bfbf04,COMPLETE_FROZEN_INPUTS_UNAVAILABLE,NONE,false,false,ADJUSTED|RAW,REQUIRED_INPUT_UNAVAILABLE,2026-05-11,RAIN
false,a86e3db88a8d488bb9a4545776503c40c197eab5e199f889d970c6ee7987a373|b8e26409cdbc96dd1190542aa09a4b29f06cd1e2d8bea2237a3df5c5af7d56a9,false,a991255163208eb3607bfd9a5f51b397659157d8f2d72745a9eb26302249ef5c,COMPLETE_FROZEN_INPUTS_UNAVAILABLE,NONE,false,false,ADJUSTED|RAW,REQUIRED_INPUT_UNAVAILABLE,2026-04-06,TATSILV
false,a8732b3d090fc4ff34d029fff4c47eb84954152290af0a38fed48caec224b400|b9922123e0176e929a35bf353d217aa74d1bd433d60f57c02a5944aa2439be48,false,f2f678514198b9be78cf568319a698c30d8b57a451d30caa7e7a7d3ae3e3d037,COMPLETE_FROZEN_INPUTS_UNAVAILABLE,NONE,false,false,ADJUSTED|RAW,REQUIRED_INPUT_UNAVAILABLE,2026-03-16,TATSILV
false,a8ae5b6cae9fcb2d2c3c36713f770f96d1928b8700424b308dab3e1738e27cf6|cad3af9848eeb1741aa23cc7466596ab7a8082c09d6b79164f4f9817268375fb,false,320cc61ddf2705e789e5a5a7ff54c26c8e5d15c395f8ac15d56087dbe244c9e0,COMPLETE_FROZEN_INPUTS_UNAVAILABLE,NONE,false,false,ADJUSTED|RAW,REQUIRED_INPUT_UNAVAILABLE,2026-07-20,JPPOWER
false,a8c6723091c9262eca948484f62bceadc36f1c5b7b823a18ef35e29653572c31|dfe312570217da498326e0d5b7e99bc9126f92bd381149f9d3be705ef20b7367,false,30dc2606f384e69a448dcf50d9c7ff9b3517790243c6b27afe96819805e59121,COMPLETE_FROZEN_INPUTS_UNAVAILABLE,NONE,false,false,ADJUSTED|RAW,REQUIRED_INPUT_UNAVAILABLE,2026-06-03,IFCI
false,a8ddc9c79bfc118c83b2655cb9557768ef44c6d6da622fde1d67eb1874e4de00|d4ce63abf1049dc4c7df031e4ef701387c4b0b0d139f67dce5398d0f3ba2e901,false,82f4f5aba90ce6b61c052d5e0b0ecb9c0db1efcd33496aff33b201b50ca40478,COMPLETE_FROZEN_INPUTS_UNAVAILABLE,NONE,false,false,ADJUSTED|RAW,REQUIRED_INPUT_UNAVAILABLE,2026-03-30,YESBANK
false,a8fb1d21922ba05d1ffb6983aaa6373fcf42f17fae8d23468ebd95a127a49211|c7d94127e56ae46fcb849ba885cd334b6eade341b8d94deb85de935147ca20da,false,46403db2300a3afbcaf5bef1c47d9430aef93d2fdb5b1951a304a6ca8641162b,COMPLETE_FROZEN_INPUTS_UNAVAILABLE,NONE,false,false,ADJUSTED|RAW,REQUIRED_INPUT_UNAVAILABLE,2026-05-14,GOLDBEES
false,a9136d9879ffcf58b5cf49eaf9ebfc4faf202d4e7e967cc600c99fbdc33cbc61|e783382c1a074c52c3ec87f3181f9177834c5b5090954f9f56458eaa2d4a505f,false,8c8cdaf13695e9df8e8062ac5d277769f6b985cc58e96b48fb26a55dd68fe78f,COMPLETE_FROZEN_INPUTS_UNAVAILABLE,NONE,false,false,ADJUSTED|RAW,REQUIRED_INPUT_UNAVAILABLE,2026-07-03,AEGISVOPAK
false,a92124def961b3bc90909402568bb081ae05cb85f0946e35b910233bbf6be012|ddd42225ab28d422a531df1eac25ea11d0b68122145e4b4766f86750f08dbadb,false,743866f76211eabffb112fd94a2757f07012d53ca938edaf1a871a4cf68294c8,COMPLETE_FROZEN_INPUTS_UNAVAILABLE,NONE,false,false,ADJUSTED|RAW,REQUIRED_INPUT_UNAVAILABLE,2026-04-21,TATSILV
false,a9c0f8ccf389497ce3a9b33ac83242fd3dcec4161f103a6861e3b43594616cfc|e185a7ec5c4d0bc8af54b09c73dfd155ceb7966777ecabaaf196135693fe1a83,false,86b720b1f40666f835a3fa7f7a1e7ec8f228cbe4b644e414463be38cfda89c7c,COMPLETE_FROZEN_INPUTS_UNAVAILABLE,NONE,false,false,ADJUSTED|RAW,REQUIRED_INPUT_UNAVAILABLE,2026-03-23,LIQUIDCASE
false,aa0555ee9adc48743070b1c4a4bddd4c23d3549ad3fcc34028016f7fbf513f6b|d3d84c9e15e8f6cd1a73e5212933ab62f2097295e15422885d5f4485f6003a93,false,628a56659a2db3a73db336c632dbe93adf7eb96d33e066188b882166e5b7ea49,COMPLETE_FROZEN_INPUTS_UNAVAILABLE,NONE,false,false,ADJUSTED|RAW,REQUIRED_INPUT_UNAVAILABLE,2026-06-12,TATSILV
false,aa0d3feaf71af980a473360dd8a28f5f96d14752d7dd4851a71d5ebb9e29598f|b6febb2240d127698eaf2fad24f4b653e40c85729b753725b19d9367f5916f42,false,49b6f2c454ada33dfc0837937b9f55e0f5f5a2cb0c5dcff645ab97c6721245e2,COMPLETE_FROZEN_INPUTS_UNAVAILABLE,NONE,false,false,ADJUSTED|RAW,REQUIRED_INPUT_UNAVAILABLE,2026-05-21,PROTEAN
false,aaf8a1a84e21ff426831846fd9f7ec86662eee1fc027d35ef92cd8abb542a226|bae2c11403db077322f3cdee8d7752e3692304f95b57521bc36ad14f2ae6d400,false,52a10c01f42d17b4a3c20a5c14bcfa03e75567f6f257d03e41565438dae84a0f,COMPLETE_FROZEN_INPUTS_UNAVAILABLE,NONE,false,false,ADJUSTED|RAW,REQUIRED_INPUT_UNAVAILABLE,2026-06-10,OLAELEC
false,ac9147808fb0d4bd00378954cce81c5ffa414e99b031909084a64e5d69dc2d20|b1e2b2a6b87d410c706db6d2cbc050549b7c28bb61229d5b7c494b1bf366f0e1,false,337c60dd044d8483ac0dddd870726619040cb4485806ea41a645c56d43895119,COMPLETE_FROZEN_INPUTS_UNAVAILABLE,NONE,false,false,ADJUSTED|RAW,REQUIRED_INPUT_UNAVAILABLE,2026-03-17,ETERNAL
false,ac9349c69bc6c12338fb09a479f3b6ea1ff0ca2c11811d047552594a86c3b8c5|e107d4a0bca48efbf2d09a5f6e076e3e15fa4b2876ca58ee549ec9e7d91aff16,false,31b01cb608fe11cd039bd6a5922f68faef9bde3898ad50eefda995c41dfa4a13,COMPLETE_FROZEN_INPUTS_UNAVAILABLE,NONE,false,false,ADJUSTED|RAW,REQUIRED_INPUT_UNAVAILABLE,2026-01-21,JINDALSAW
false,acca31cb0c886cd3a41cc04d4f330dd630fc704e0497de3a08a7b640ead8d34d|da0e0f780aa377017d521e8ccc2c094a18b71fc4d0cfa62da6f97c60d0fa4a19,false,b776d18648c915e9a163da36a96d82341e10a4cd263835b1892094c2c3a5a4ef,COMPLETE_FROZEN_INPUTS_UNAVAILABLE,NONE,false,false,ADJUSTED|RAW,REQUIRED_INPUT_UNAVAILABLE,2026-07-08,KALYANKJIL
false,ace02d46965cc7b58048dad565fc4c5c22f24a60eb342e48e1281bd1d591220c|f2b241ebd327bbe5183c91755f60d22cee8a20851024e7e3cdb0412b861b457e,false,99c3b3ba76bd1ade8f98dd3eceb9567793b9cc4fb90eedf5713faefabb6cfce5,COMPLETE_FROZEN_INPUTS_UNAVAILABLE,NONE,false,false,ADJUSTED|RAW,REQUIRED_INPUT_UNAVAILABLE,2026-02-19,SILVERBEES
false,ace0651b8fac65a830953bec6f82589e37a2b0b0387e83243fefa5f5c2b70cac|e77dbbd3c7773d63438133c0cd25b70de8add4e5c17b39e2e0cf12f9b6cd3d50,false,bfde2be89acb82bb69e5da9cfca8201dbab4400abe9abc96d56f24c094f4164c,COMPLETE_FROZEN_INPUTS_UNAVAILABLE,NONE,false,false,ADJUSTED|RAW,REQUIRED_INPUT_UNAVAILABLE,2026-04-06,OLAELEC
false,ace6fea21ac3c2bfb3922165075be9024bd56281a4cc2f04d0f6acb9cabd0b39|ec51f7aff53e9306fb645c934361c296ecf80628b040d9fb8c4e1c346b3d299e,false,6fb5b32fac4657b7b368a0ac945519b25a00d0e7ac14c08ca51855951060fa92,COMPLETE_FROZEN_INPUTS_UNAVAILABLE,NONE,false,false,ADJUSTED|RAW,REQUIRED_INPUT_UNAVAILABLE,2026-03-24,SILVERBEES
false,ad49e27fb5aa0f6dddbf702560704660bcd3bdb6b3649525038f716acde5e92b|e95e2bcd8cfc7e984b5aa873f9692832222c7cf1724ff5d3fe7e0aac9344efc9,false,5506f568c60b0b35679a01a3587855307bace7a60acb52a5871a0238c321b814,COMPLETE_FROZEN_INPUTS_UNAVAILABLE,NONE,false,false,ADJUSTED|RAW,REQUIRED_INPUT_UNAVAILABLE,2026-02-05,SHEMAROO
false,ae2e2b17adeef8fa29b3d66e7253aacebc7ca24360714d0a9f73de323f8019cb|e405baff45504ef9ebb1c447012b1b8071acd0a9aa017a1599355f85eb7e14d9,false,4495b6034bd4c1dfb32213d83fc745d51b7cf997c3e5a11d2c1d6ed3744ebd3d,COMPLETE_FROZEN_INPUTS_UNAVAILABLE,NONE,false,false,ADJUSTED|RAW,REQUIRED_INPUT_UNAVAILABLE,2026-03-24,HDFCBANK
false,ae49fda132a05bb5cc11ac31f75c684254068a2be761005ee3274e613761842d|bbfa3356d7e1af4151fe63d5178016e4b106c634a55e8cf780449c12998c4784,false,bd6f553cdd047e949b14b26d4dc9e225033b36e607f6022eb745e9036593fe2c,COMPLETE_FROZEN_INPUTS_UNAVAILABLE,NONE,false,false,ADJUSTED|RAW,REQUIRED_INPUT_UNAVAILABLE,2026-03-06,RPOWER
false,ae76e7b811fceb9aab2e5a6cec986bdede7c794b3640b7c36686f3dcc8e0c896|bd7c71e78bb6aa0af02a6baa01722cb30cfd8f31d9a38beb80a478f76a9e42ea,false,08828241ef117ac7028709b24401fbea385bf2eebffc44f847bdfd66eb82446c,COMPLETE_FROZEN_INPUTS_UNAVAILABLE,NONE,false,false,ADJUSTED|RAW,REQUIRED_INPUT_UNAVAILABLE,2026-04-29,YESBANK
false,aeb3b90354a1a25b6521a32c48b15607506ed83069b50334de3f1e5e0c149a62|fa2d6f8f3d80a113f423f95607f102a1827b1f8b4e1be6fb48fdd7db7c745d68,false,11175ecd27d49add54502ffc8421584a5c30451d0ec30fedfffac86010a7b78f,COMPLETE_FROZEN_INPUTS_UNAVAILABLE,NONE,false,false,ADJUSTED|RAW,REQUIRED_INPUT_UNAVAILABLE,2026-04-17,CUPID
false,afd341e8bfb2af673d09a11d21fcbd054d031b2b664795a56996380af4b25168|c462e99eebb53e028595d676abf3d82a703427037c6e69b00d32a79aff8cbeda,false,4b2a67e0ece357d926495717d349e7f8f49070b8ef47f60c4f8ee22c81494664,COMPLETE_FROZEN_INPUTS_UNAVAILABLE,NONE,false,false,ADJUSTED|RAW,REQUIRED_INPUT_UNAVAILABLE,2026-06-22,RBA
false,b09f23153b044b1926db30e0630e2d79290468dbc9ea7ad56d1c940f2f3fd065|bd205d58f8a255c1fc858ee456d51d0a210f6f0a7815e4b29f7eedc0fcd7d13a,false,a675dfe7a1d5e281c0c005d17f00af6e399e7e192b148f8b955ee7eeb19c8a3d,COMPLETE_FROZEN_INPUTS_UNAVAILABLE,NONE,false,false,ADJUSTED|RAW,REQUIRED_INPUT_UNAVAILABLE,2026-01-27,TATAGOLD
false,b0e13b475034609baab55a3c9abcc8267d6fc8aa269fbaae967b6cc6303c683c|f55e5bea1697e02aa11c6944184576ea1eefb42ad139f72acb21d195271891e4,false,0989879e812ab19c17c7ea1b27b305c381e1c129ad3ea855081df752afef197f,COMPLETE_FROZEN_INPUTS_UNAVAILABLE,NONE,false,false,ADJUSTED|RAW,REQUIRED_INPUT_UNAVAILABLE,2026-06-17,JPPOWER
false,b110d15f725aae51d1f252bf195340b1dad24c7b3a0797ae4d29096955f369c9|f4cf24e593347c2be04fbc8604a2d7c117a02d4261a5ff27a4bc5cecd052b4b2,false,75d7fefa2dbf2dc7958612308814a8de3ca9414be763d34ecce2b8bb4fb9f7d1,COMPLETE_FROZEN_INPUTS_UNAVAILABLE,NONE,false,false,ADJUSTED|RAW,REQUIRED_INPUT_UNAVAILABLE,2026-01-16,GOLDBEES
false,b121b360571fd15051626b1157ae4883e5d21d5822a65cc55942163ba7d3ff6f|bb134a58a7b19fb2f1cd7c0e2de87d3223ad74bbeb913a2740092784a6709103,false,6b2112c597a654d20983c2bc28417a05a5106ed56f02c649b304051e48f15971,COMPLETE_FROZEN_INPUTS_UNAVAILABLE,NONE,false,false,ADJUSTED|RAW,REQUIRED_INPUT_UNAVAILABLE,2026-07-16,PAISALO
false,b13fab6a3e9459f33a5084e613cf4ab006d2f760aecab5a29ceecadb3cac2573|eef20d3d1753c3b082837925ab47a19feaab6e2e4ee2a5e9afef4d28c927954a,false,8dd0039247bc6729838e10813f7cee506872581d5a2eb18cc66a0fb2b7233c61,COMPLETE_FROZEN_INPUTS_UNAVAILABLE,NONE,false,false,ADJUSTED|RAW,REQUIRED_INPUT_UNAVAILABLE,2026-04-16,TATSILV
false,b15181d23191a222a54aef82d289455e5615d22fd3e16d2bec930e828b4fef82|ba413a91184ed2d881b2ef3f9ce4ef71d58d40f758775dffb8aa1c08d7b1f62d,false,7f766dad959b0793cf098786b850d3272d17bd9a593d47d3cb0d9cfa9e3e810f,COMPLETE_FROZEN_INPUTS_UNAVAILABLE,NONE,false,false,ADJUSTED|RAW,REQUIRED_INPUT_UNAVAILABLE,2026-06-29,NHPC
false,b19517278c0b737e2d94b5785d07bf9f093d6ce78ccc0a78738145fbeca72f55|e0aa032b56dd79cbd65feee191a4eca70a58854ba151acdb995398d36d4d5985,false,29e519c45a74bc4f6e0cf74976533f84b84eb7fa96c790214b56812a91468845,COMPLETE_FROZEN_INPUTS_UNAVAILABLE,NONE,false,false,ADJUSTED|RAW,REQUIRED_INPUT_UNAVAILABLE,2026-03-11,JINDALSAW
false,b1d83558859f23573c4250e00525240a81208728c82c4c7f37c480e96d566915|bc6f3f6d23a1c20f4210d3a662b783d5b13b286e477b0bae22246aa75d133739,false,7485d645e079e6d43895794016aa245e1dc482e6d0a6e3bba1b729a850edf4b2,COMPLETE_FROZEN_INPUTS_UNAVAILABLE,NONE,false,false,ADJUSTED|RAW,REQUIRED_INPUT_UNAVAILABLE,2026-02-16,YESBANK
false,b21e556410f710bc0945ce2e5e49ee8c6a397f5f716afbad80eec490b95012db|fe6800546545ae14271be8df4a4c53ed98cd93fb442c495646f1d97b802a37b2,false,6190f302bb1bc363ce71825e6260d64c32ca3ff387f4efb28f39e0e24067b323,COMPLETE_FROZEN_INPUTS_UNAVAILABLE,NONE,false,false,ADJUSTED|RAW,REQUIRED_INPUT_UNAVAILABLE,2026-06-22,NIACL
false,b2284aef52ac7d9c1d528f8b00f0924c642eca38bad9ac9ff13678f40f3fb9b5|de1eb413db7407c87dbdf57a95941f75c71137bbde3a6f34d00b47fab6075766,false,171dcf00bad035661157ecec4e1a54818cbd295e5b48ceb82729fd63afbf7515,COMPLETE_FROZEN_INPUTS_UNAVAILABLE,NONE,false,false,ADJUSTED|RAW,REQUIRED_INPUT_UNAVAILABLE,2026-03-23,GOLDBEES
false,b28cfc93d81167f55905b9ab13619043046cd32a0a9eebfe692385f256c7c67d|d4874409ac2ff747e19294cf30c75cc011bcc5b6ef4cd58e68ef57fcc0029a9b,false,42b107d03f606080b8ba57a8cb27158d2a459edec25414ecd1c737693f461906,COMPLETE_FROZEN_INPUTS_UNAVAILABLE,NONE,false,false,ADJUSTED|RAW,REQUIRED_INPUT_UNAVAILABLE,2026-05-11,OLAELEC
false,b317178781c79905cce213b2d693104f86030020ad8674afe873647938457249|c3af0a0e168c76949321ff69929810d7fa8f334a265a04910238bb2d6f889ed6,false,c5cce5010641861519a275441f68aec4c9151955c781737127ca46098b0f40a6,COMPLETE_FROZEN_INPUTS_UNAVAILABLE,NONE,false,false,ADJUSTED|RAW,REQUIRED_INPUT_UNAVAILABLE,2026-04-15,TATSILV
false,b31efaef9f4dc11637b551e52ad58e0b65bda6bfa326dea452c98f43add0803f|e5232dc30de2cba71875dcbf33fd3eeda18ebbf72a25cb8d25453b90fb2faf2e,false,6674cdfd3946a3a1262abe0f0b7cc60cc978060a6246f7969afa6775f4a9acf0,COMPLETE_FROZEN_INPUTS_UNAVAILABLE,NONE,false,false,ADJUSTED|RAW,REQUIRED_INPUT_UNAVAILABLE,2026-06-22,OLAELEC
false,b324943f8006fb52feffc763943f420bf42053eed1d27df1154337c4b634536b|cedc260275d158fb100aa5dd4a0c3dfcd9353d18099de02a29391405c7a51323,false,7d3608f6168a64c4801189d83a48a0173b4f14fa29835cae38da8e583a34525a,COMPLETE_FROZEN_INPUTS_UNAVAILABLE,NONE,false,false,ADJUSTED|RAW,REQUIRED_INPUT_UNAVAILABLE,2026-05-06,HDFCBANK
false,b38cb2acdd78e4c48e9e747c927ab5b1fed3522f64b300042729367592b7fbc6|dc0de72c55990a8cf425ca4ae8df4f2203e69eea58245621295d0a7a6a843186,false,c9a18b84ebae121004ddd6e55b043d61fc561ec895a9ca8287aea598dfe83c1a,COMPLETE_FROZEN_INPUTS_UNAVAILABLE,NONE,false,false,ADJUSTED|RAW,REQUIRED_INPUT_UNAVAILABLE,2026-06-24,YESBANK
false,b3e2086d51abe38af4f95624d90bf009144eeb45f07859803115b29bdd219967|d170c2170479bb2364d778660514bd55eb26516ad1d8551b15a7656c703e5489,false,4373ee2c5483aeb9bd4dbadf5f7703377028b82423ca0227ea7a6e574409c8ea,COMPLETE_FROZEN_INPUTS_UNAVAILABLE,NONE,false,false,ADJUSTED|RAW,REQUIRED_INPUT_UNAVAILABLE,2026-06-17,MOTISONS
false,b3eed885f78b1896f1cb44cbc9dd5e6ae41a1e834227a2044f710e9a70fe736c|ea280ddb371cad3f2320370f7d7c72c0d722f06462cbc932f7045546bd9642e6,false,a8f58758e3f154de5735ba7468b83a5154e53253df485b1efb0b25d5eefefc24,COMPLETE_FROZEN_INPUTS_UNAVAILABLE,NONE,false,false,ADJUSTED|RAW,REQUIRED_INPUT_UNAVAILABLE,2026-06-18,HDFCBANK
false,b417ab6f90c149015e0df4a5a10033c6dbc4e32fb3cf8800ae45af728a65cd9b|c70755266b8e851fd550dadb01d20669f6e02f00f3acc33254253cd176cae367,false,b0d8ad884a50834ff58da4e11503347b786444debdb7d78c11425530bc317940,COMPLETE_FROZEN_INPUTS_UNAVAILABLE,NONE,false,false,ADJUSTED|RAW,REQUIRED_INPUT_UNAVAILABLE,2026-06-25,MSUMI
false,b4378f1f1ab024e6d456c95b3194847573f714224f1426cfba2ee798a04a70ad|ec6eb2ec8347be3b6f6620dff659f4de88a61c1b7fc59e013ce6ba79ca084772,false,411d2105a53b094945fcf4d885383f6d50338febcc84460b31b84a6df0eb04d0,COMPLETE_FROZEN_INPUTS_UNAVAILABLE,NONE,false,false,ADJUSTED|RAW,REQUIRED_INPUT_UNAVAILABLE,2026-04-10,JPPOWER
false,b496d28233441aabec120fc398178bce9cf6007a3277a079d7bc7c82f9d18185|e0bb00c74945f1e15fc94dfa616046c0af0b0ee989ef13b6f04d29f2f879131c,false,fff5c516103353e525946c360201fd4f2063edf45c63e3398eb39b8753922a14,COMPLETE_FROZEN_INPUTS_UNAVAILABLE,NONE,false,false,ADJUSTED|RAW,REQUIRED_INPUT_UNAVAILABLE,2026-03-09,TATAGOLD
false,b49be0567bea306a2c6ab840ab246eb134ee3572f99d4f8853c82398b6bdbb52|df251e817f0c441e4b34b2655fa013131209602332f5374e34529c0c72d982c5,false,505ba100d5e165aa9ad69137b34df9a29ba6f98ac8a9b488f29e6d36a9e1311e,COMPLETE_FROZEN_INPUTS_UNAVAILABLE,NONE,false,false,ADJUSTED|RAW,REQUIRED_INPUT_UNAVAILABLE,2026-01-27,ASMS
false,b546bbfe6341d9205cee0b431895df720e9cf756923469ca8448990dc78b8d07|e9c7a762bdf7e41a81a6542128ba9f725b5bd32c9fee01d9ae810eb75247862b,false,c715d6b8ee3ad0396723a9f55f3a9fbbc7731a644d733fd5968b51723d3aa93a,COMPLETE_FROZEN_INPUTS_UNAVAILABLE,NONE,false,false,ADJUSTED|RAW,REQUIRED_INPUT_UNAVAILABLE,2026-07-20,CANBK
false,b58eb085571915e15bc95d1389f6ea76edb0e2aea075c2305157e534c65cd6be|df365d99d93be1d75d280ecca935baeed3c459f68c5312ee2c3214aabbc398c9,false,7f544eecee9fc644dc74aa5086fba6a2d4ccc5829a3817e5c8da99e4458245a4,COMPLETE_FROZEN_INPUTS_UNAVAILABLE,NONE,false,false,ADJUSTED|RAW,REQUIRED_INPUT_UNAVAILABLE,2026-05-07,HFCL
false,b59d6c158f425a8727d16ca3f7c73ef87ad37fa85502983aa4d27808fe29d615|dc00287c955bc08b8a62b254de35c6761139dcd71b4365ea889ccbeb36fee652,false,12e17f0ac55bd40df35c8ae4510b70f8d2224233a35bb699e66b8981b5cbf0f7,COMPLETE_FROZEN_INPUTS_UNAVAILABLE,NONE,false,false,ADJUSTED|RAW,REQUIRED_INPUT_UNAVAILABLE,2026-03-25,SAGILITY
false,b66a950a2ceb30f52fc9a3c85145e65f7503e979b3de131f43accff83b6544ad|e4bdd79e1ba103690043c422390498946f0e6e27c6ae575f46b6b3259147cf9f,false,d6ab224a1fd9292d7c4ddd3511c279c38d320b0fc2d9f62e110c6b362acee3dd,COMPLETE_FROZEN_INPUTS_UNAVAILABLE,NONE,false,false,ADJUSTED|RAW,REQUIRED_INPUT_UNAVAILABLE,2026-01-19,TATSILV
false,b7c7a923c6e96b1ed439dd73c5b044f4a7e09350fa9b3dd175d1e25da4b82596|f20733f62d46713720fc96a0d384804a4d3b06d595ba71417d82b47b762afa6f,false,b91f87825a376e0f5d515096ccb3111f9e03f611d9197e660201f2ce1cc64402,COMPLETE_FROZEN_INPUTS_UNAVAILABLE,NONE,false,false,ADJUSTED|RAW,REQUIRED_INPUT_UNAVAILABLE,2026-05-15,ATLANTAA
false,b8282f37a2fcadf0a860fa167776dddad7819cb582fc2e3f935060d44d8ae2cc|b97bba502e6914dc2497b7a07c5e066c6a100a3db21ff081a370d00c660154bb,false,5850e184b30f4d3edabfa1432e75bd870b1dfdf80826732003b5ad72a3aa2cf6,COMPLETE_FROZEN_INPUTS_UNAVAILABLE,NONE,false,false,ADJUSTED|RAW,REQUIRED_INPUT_UNAVAILABLE,2026-05-19,TATAGOLD
false,b9054e5eb6bb2d627dfea8ce9577cd17ab5c2badc97e8d291235a2440f65f781|cbf2881a56393efca1e5e41c30cadc4ec93fa52e1d4fdda8c96a6790cebf0024,false,9af62085dc5c316f90fed6feee0866bafd73c46b1ce27496b8b295358ef4ff09,COMPLETE_FROZEN_INPUTS_UNAVAILABLE,NONE,false,false,ADJUSTED|RAW,REQUIRED_INPUT_UNAVAILABLE,2026-01-06,IEX
false,b909802ddcc7423067494a61d30217c3ab1e09d3e233dfb8089200cfb17d7f10|d1287c8826e7a638490ec22b854df7e1a8f2a63ec5fc937c284f27ef1ccdf41e,false,b2336f7230bf6936f13f28cdfa36588eebf93c318a6e933648f5a19054fce243,COMPLETE_FROZEN_INPUTS_UNAVAILABLE,NONE,false,false,ADJUSTED|RAW,REQUIRED_INPUT_UNAVAILABLE,2026-02-16,LIQUIDCASE
false,b90af122686cc42c4b0c362cc0a942f0cc9006fcef28297dba97b26a2cec4aff|bf104ae72510cfc4882efce7728d01da713e5ec2192e9adf7ee4a4193a408624,false,d2043c6f1877252bcef66599c904a252f9c6a8a9fc9c9050bb47bf5fae156f48,COMPLETE_FROZEN_INPUTS_UNAVAILABLE,NONE,false,false,ADJUSTED|RAW,REQUIRED_INPUT_UNAVAILABLE,2026-01-23,TATSILV
false,ba06edcf5f31c62b92c97ed350b62a7e354ebf364d7cafda6aaac24c98cbe254|db8d35f464507b36c6d1be7ee1164f030f3e38299827b42f5275b57801d44ed0,false,ccc387b1cfa7343e8a63aeb9d7a60c7b333729af367db725768cd1b5b2204d97,COMPLETE_FROZEN_INPUTS_UNAVAILABLE,NONE,false,false,ADJUSTED|RAW,REQUIRED_INPUT_UNAVAILABLE,2026-01-08,SILVERBEES
false,ba23034e56b4b49f987fdaa49a7455548829ada783f9ede28affb083bf5a176f|e7ae0c37333b5581290f2f540a2a48bd611b27e36ecb91688fc88f0fbba567bd,false,159b47f0e080e4e3ff4f881de87fa6569449968e90ee3f8c0591ff56dea25b75,COMPLETE_FROZEN_INPUTS_UNAVAILABLE,NONE,false,false,ADJUSTED|RAW,REQUIRED_INPUT_UNAVAILABLE,2026-06-29,GMRAIRPORT
false,ba7c540994db004901e25754e052a90e6932468b830410852c8430db55d2cc54|bdfd3122b487c233fb0049de1fb4d90107c6d316d52a4c4a3eb5a17ad929b402,false,ffd93f74ac1b03b8814f42025131517ca16e14db27a487d55eac5332ed9ffce2,COMPLETE_FROZEN_INPUTS_UNAVAILABLE,NONE,false,false,ADJUSTED|RAW,REQUIRED_INPUT_UNAVAILABLE,2026-04-08,EASEMYTRIP
false,bb5ef4a2d5d4111a34155548d4f8946a0c332e853031b874355d95aaf9a315f7|c57265058fd655cdb07d90ab0479be79e311d72c269557f6ae61b6ed33108b26,false,ed14f5222d59e36750f88b99666a9de716aeb934381372d97502eefdfd26f79b,COMPLETE_FROZEN_INPUTS_UNAVAILABLE,NONE,false,false,ADJUSTED|RAW,REQUIRED_INPUT_UNAVAILABLE,2026-02-02,GOLDBEES
false,bb9a4e716f953d6ba57a79a49792fb2c1c0c9240e794079a8832876aeddecae6|fe94c3732e722c6729c11cdfa8707a4b30de2047cbc5159e4dac227e08a1e0ab,false,cf96c1d9d9373fc6698731a344c698907660121d01bc9dbca04a30f7edbe11e6,COMPLETE_FROZEN_INPUTS_UNAVAILABLE,NONE,false,false,ADJUSTED|RAW,REQUIRED_INPUT_UNAVAILABLE,2026-05-14,HFCL
false,bbf45ab23e84d25a2ab8f30184a6a466ea5b2a262a6f053ff6c2dda9a58b3579|dcf5aeb86f65e88ae54548c62a56146994f24b23d498b4f3c129dd421285d5d9,false,f1e296e18a66f459707f62a16018039e0f973515506fd429ab5619f0a723001a,COMPLETE_FROZEN_INPUTS_UNAVAILABLE,NONE,false,false,ADJUSTED|RAW,REQUIRED_INPUT_UNAVAILABLE,2026-02-04,GTLINFRA
false,bd7e5e37df02d4025563e2806f93812a57ca1967e061f886226e811ee6b6fb47|da74e625f628a5137dae46a2dd1cec7f54b238e3cc75c75941992dec1890946e,false,0c6c34c824decf3300121f59bc09da4f0a2a2bd7a522aa3b5525611ce8918ea0,COMPLETE_FROZEN_INPUTS_UNAVAILABLE,NONE,false,false,ADJUSTED|RAW,REQUIRED_INPUT_UNAVAILABLE,2026-04-30,OLAELEC
false,bd7ee110b65799c6b4321d14c4f0078f223a084260b6c0d4f6993ece1ff7211d|d8b06bc90b368be37e959cdce8176ccdc2010c9536eb7d41b86dc73e59e8a21e,false,7227fbd315ccf06228b5b703af923d1ec23882b4008df7a5aadac62a705fb1b5,COMPLETE_FROZEN_INPUTS_UNAVAILABLE,NONE,false,false,ADJUSTED|RAW,REQUIRED_INPUT_UNAVAILABLE,2026-01-29,SILVERCASE
false,bde475d33e8c928b5e3a8356561f7ba6bf4b2fd971e72e0d279280b871903a56|c38832f21a29489d78e31614331f504366ee226d76fefce976fa6894bd46deb0,false,f8487e6b4600157a11a8740d4cc81b3db0374b5e1eba27604d94d6ebd0b8360b,COMPLETE_FROZEN_INPUTS_UNAVAILABLE,NONE,false,false,ADJUSTED|RAW,REQUIRED_INPUT_UNAVAILABLE,2026-05-08,LIQUIDCASE
false,be04ce9cc6d0b893373b0b69a1b6f9c7536b5d38e62afa429dccf91a376960af|ec5236e4696fff640e9a695aee809454957cbdca82c22afcec2a98e5a5dab36b,false,b6a40230087b8e40807f873aaf1ae708fd03104be1b9a8c772ff779e54921322,COMPLETE_FROZEN_INPUTS_UNAVAILABLE,NONE,false,false,ADJUSTED|RAW,REQUIRED_INPUT_UNAVAILABLE,2026-05-22,CENTRALBK
false,be189afbce9eb1810f2138169e86870a361a9575cc74893b6629c993ab97fcbe|f62f3754eb83ddf0afdbc47bfdcdbc3f29e497191fdb3292e767fcd59ec11f55,false,6ab0697c9fd71e1951597b51fe3520dfab53bdf70fa4bb2a81cc96105dfabea1,COMPLETE_FROZEN_INPUTS_UNAVAILABLE,NONE,false,false,ADJUSTED|RAW,REQUIRED_INPUT_UNAVAILABLE,2026-07-09,CUPID
false,bead20d3565ddf55cc0fb1a47f8db098cf1f4a4250c7ed25618231b2f2b0c1a4|da0c1c91f0642a3c2c7daa7d0fdb4545e413fe40f5f868d5477ebbbeb3af6c53,false,895edd8ffcd40db0539e8540e76da77639ce8b72f91157a0241844d1d47c1d6d,COMPLETE_FROZEN_INPUTS_UNAVAILABLE,NONE,false,false,ADJUSTED|RAW,REQUIRED_INPUT_UNAVAILABLE,2026-02-16,EASEMYTRIP
false,bef597d6ad84948807f62d83764828c5a6f642a316e76011e7a7f05839d34712|eace04f7c690ab800867d2fb43446e98d72c2d9a9547710bc9d36f4172c2ac0c,false,dabc3335d32dbbd4c8c50bcd81c0dbcaa6addf844a4ada0bbf52e75f1f7f84ca,COMPLETE_FROZEN_INPUTS_UNAVAILABLE,NONE,false,false,ADJUSTED|RAW,REQUIRED_INPUT_UNAVAILABLE,2026-06-01,YESBANK
false,bf4ca4d9b8081900bbfe499577819d18974e4f271db57356403c87be71f46bb7|cdf74d6d5405738519cc20af2e24f06a3b304e011e9bf17dded42e9ad323835e,false,157fbb21cbd09d9eb0f176e47156c71e9437b09a940a3ae5dfe41e938a0980e1,COMPLETE_FROZEN_INPUTS_UNAVAILABLE,NONE,false,false,ADJUSTED|RAW,REQUIRED_INPUT_UNAVAILABLE,2026-01-13,JPPOWER
false,bf5d072cb8df0d06afb76a1b2a1a346db5992316c5fb126642c159c953068f74|dce538f268599d12d3cf5d3fc9fc18400a8c0a17d946643125ef1969f1875802,false,53e8b41acea3ecf3e7f2141b55991957991c33d641221c4ccf4e5795d1e275be,COMPLETE_FROZEN_INPUTS_UNAVAILABLE,NONE,false,false,ADJUSTED|RAW,REQUIRED_INPUT_UNAVAILABLE,2026-04-13,FILATFASH
false,c06765e75ae4f04550f06e40964ba1748a2b7536198d202777b2564ece09c51a|f18da1757808ab198145db6705fb66feeed62488402857045fe31dde0edba37b,false,8ccc8bb8c99a789d6d8dedb3cf90e98cc60c4fa531d1e1bec3ddb416704092e9,COMPLETE_FROZEN_INPUTS_UNAVAILABLE,NONE,false,false,ADJUSTED|RAW,REQUIRED_INPUT_UNAVAILABLE,2026-05-29,JPPOWER
false,c13320f02177c16dc07ab87cedbbf6aaa70b805590931ca72c85b106d6b1c0c4|f74399420f9dd69e14be502098b805decbd1adb655d6e04dcf2aa801fd84e56b,false,02ebf66c76d081ef868579d8657e872f2d86db0b29ce53fa79da17f428372850,COMPLETE_FROZEN_INPUTS_UNAVAILABLE,NONE,false,false,ADJUSTED|RAW,REQUIRED_INPUT_UNAVAILABLE,2026-06-01,NSLNISP
false,c2a2ba5b83f0ff1a1b1d44da9d3527c2697564eb685271df5b0dd0b49d173c52|c5ff0080a08594e404437b286ada417772d7597784176a9751ec2ae474758b8e,false,24252b60bf40be262b4baebbe6fafa823c983816c36f18951731ccb9b9d5a859,COMPLETE_FROZEN_INPUTS_UNAVAILABLE,NONE,false,false,ADJUSTED|RAW,REQUIRED_INPUT_UNAVAILABLE,2026-03-24,TATSILV
false,c3885e86717b5a535015df0d388e8a67f9d773764a1e45d2e5ebe1ece9ccb4c3|fbb0f86633ac444c423790db78ecfd42fdb7c6d4adbcf702c9f4339e9674ab89,false,1d3410a2afdeb3f2f76e44b3276b0197ca2ff1c01cc25666abc796a8e06b50d4,COMPLETE_FROZEN_INPUTS_UNAVAILABLE,NONE,false,false,ADJUSTED|RAW,REQUIRED_INPUT_UNAVAILABLE,2026-06-30,YESBANK
false,c3fac809b6287901cc2501487e693ab9c64ce4a969cfd61433f3b1adced14722|ef15c5d7f145b9d9ea5356f2b40f67173d0e504890e5e06354654315da5408c9,false,c53395b4b3c562657011169c380adcdd77b5544e61f4ba2e177ed92988fa5a70,COMPLETE_FROZEN_INPUTS_UNAVAILABLE,NONE,false,false,ADJUSTED|RAW,REQUIRED_INPUT_UNAVAILABLE,2026-06-30,TATSILV
false,c461f605e19d382da2869f28a6feea7656cf952e18579ed8d9aa4bcd251f5b74|d5ecdf00290a9644f6c8ed67f8fcf5bba92b637182cbb52a3f6cb852c8a2a42e,false,e22ac16c6d977e9c38664e92ab73255ef6b4ce6efa136be575f74fb87ba6e7a9,COMPLETE_FROZEN_INPUTS_UNAVAILABLE,NONE,false,false,ADJUSTED|RAW,REQUIRED_INPUT_UNAVAILABLE,2026-05-26,OLAELEC
false,c502789ddce03e9aa40380ad051e7fd826f47eca98d396b625af2c09d53eea8f|ddf36a740ef5f67981ce932269569e4091fb70ee09be33db5592354ec39bbc42,false,43ee99eb21707259363951a9cdfc65eedcd332f5afee862119365995f6d6bc8f,COMPLETE_FROZEN_INPUTS_UNAVAILABLE,NONE,false,false,ADJUSTED|RAW,REQUIRED_INPUT_UNAVAILABLE,2026-03-12,GOLDBEES
false,c5da71d3f97ac4dee2a9943bc47418c2d24a56805d4257fd3c827b2de81eb8fe|c93c973b7ac04b7b04edfa3047a415fc342b2f2e930dd3599f4f4242328938fd,false,ff775bfc3167cdc8796166def5daa58e7955dbd7d15240e71a15a62e0bbc944a,COMPLETE_FROZEN_INPUTS_UNAVAILABLE,NONE,false,false,ADJUSTED|RAW,REQUIRED_INPUT_UNAVAILABLE,2026-03-19,YESBANK
false,c61e4ccffe30628d4d6cfb9b1fa2e55565ebf7097c2347bfc7c0547bf11bc3d2|e578e2806f35c17dc1591ca011195d1a7463aa39a8d06f09878238949100c061,false,09231d5380e67bf069623916a1a65ce991b3ea3ca6e53c653f66c500ee332e06,COMPLETE_FROZEN_INPUTS_UNAVAILABLE,NONE,false,false,ADJUSTED|RAW,REQUIRED_INPUT_UNAVAILABLE,2026-05-19,APOLLO
false,c66c8c30ef52510d54ede5a9df147d6b5f90c5c693bfc2be5e20aefe45128749|eb099f46066fc522a7d68b62d901c9123698a3b0f3af3c07b4f2e3003f7abe59,false,6c09571c8444bb7c637a8302836f9330e2912c6b7477c97546f4c73389e237b6,COMPLETE_FROZEN_INPUTS_UNAVAILABLE,NONE,false,false,ADJUSTED|RAW,REQUIRED_INPUT_UNAVAILABLE,2026-07-15,DAMCAPITAL
false,c6cf834b31d005ba4dcf90b54903f23378a4d49c4a49bbe189a9db4798a973be|d422fc6ae9505b8656bd7685499135460fb203adf7d30b51c93ae4edc870a4b5,false,237130d83c64f7d02de56b48e89607cd3cecd27e6bee24646d0333eb52f92ed9,COMPLETE_FROZEN_INPUTS_UNAVAILABLE,NONE,false,false,ADJUSTED|RAW,REQUIRED_INPUT_UNAVAILABLE,2026-07-07,ITBEES
false,c6e0011a90d6a305a2b8b4317ea502ac02373fb5532da8f1bbd78fc23b8cbed8|d1c2e9e86c1d768c4092d1d2a7ff1ae156c3c8ff3e594228c4bd41fc4bb76020,false,05d0654f66d97142bdb95e27d0a77735a873dc062b2f868ef949d7075373958f,COMPLETE_FROZEN_INPUTS_UNAVAILABLE,NONE,false,false,ADJUSTED|RAW,REQUIRED_INPUT_UNAVAILABLE,2026-04-07,HDFCBANK
false,c70afd700bd1cdf09efe74e0acc5606a3d593baa981b8bff2f78d01a15f0c7c9|df4c3d60c9c2ba3af2223281f65ae4ffd98dd2c6e24d0cc07cd537ad1678d6f5,false,8bfe524299af1e2c3ae7655de3d58a94e20e34fa39e2f22b0337c33a27902c86,COMPLETE_FROZEN_INPUTS_UNAVAILABLE,NONE,false,false,ADJUSTED|RAW,REQUIRED_INPUT_UNAVAILABLE,2026-07-03,ELECTHERM
false,c76afdc85f6c1aaa97f78dd9490013e011000a768dc61a65b4289140f23f8664|e2014f6e4a8d79053e6e5e25ea8782887f57dd65b8d875818931b001b8aa6390,false,5df8e7cf85f6202cd54d78766bf9374f6821a4934dd0b27102cf216a6625d267,COMPLETE_FROZEN_INPUTS_UNAVAILABLE,NONE,false,false,ADJUSTED|RAW,REQUIRED_INPUT_UNAVAILABLE,2026-02-23,GOLDBEES
false,c7a1c684ac0419bc186a67abb7149cdda179bb570a27e1e058490526ab874349|d354dc489cd7e170ae380fcf26a437454309e6cc3e7e3b4bfdf37a8a6620d225,false,bed07b84490f9b283f6000fe72c2e255994f98c3d64eecd46adf25c7a82a7648,COMPLETE_FROZEN_INPUTS_UNAVAILABLE,NONE,false,false,ADJUSTED|RAW,REQUIRED_INPUT_UNAVAILABLE,2026-01-14,SILVERBEES
false,c7d80927d6942f59b489ade6ee2ceb0c6694942d01836f1784991e54f9f40c01|fe2e90ef886c54e52d26872811b3d0667d0ce9faf56d403a2b3c09de9422e60e,false,bc229160d93b9654445b17bfc73d475dca834cfec8dbed62a86a05719d75b4a3,COMPLETE_FROZEN_INPUTS_UNAVAILABLE,NONE,false,false,ADJUSTED|RAW,REQUIRED_INPUT_UNAVAILABLE,2026-05-29,GTLINFRA
false,c8832726f5c44c2bbb300a2b873cad800e3668b2aa26259c517c2ebcc5306513|ce2d8402b4ace14be808ea37c64c81413fd8f6c76883ecb2785c9607dae378c2,false,559543a282128eb1fda10b07f13ab7800d7c6b05111b6ee1986f5758477633ec,COMPLETE_FROZEN_INPUTS_UNAVAILABLE,NONE,false,false,ADJUSTED|RAW,REQUIRED_INPUT_UNAVAILABLE,2026-06-22,NHPC
false,c99e006b3b4224d20d26388a4e8d100606a825343ff56d247af97ab9c11e9434|d1eb6dc5c587979e726e25316dcbc3bc6f8777f722cdda1d11ea00ef9bca5e29,false,922e616324fe87177b52dffc5ef735ba1143d64205aa5465e89820c5c8f37f55,COMPLETE_FROZEN_INPUTS_UNAVAILABLE,NONE,false,false,ADJUSTED|RAW,REQUIRED_INPUT_UNAVAILABLE,2026-03-30,TATSILV
false,c9b7efe5f06f04362719a1fad552c046a6d5d1801982577ea3648067f324b91e|e80632dfdca3eca1afc06eebaff48a38bd6aa4b8a01865e4f007a8a7d5347e74,false,3f109237e28045ec152ff761f6213561ed8b186e5e28e11b581ffd7d07185583,COMPLETE_FROZEN_INPUTS_UNAVAILABLE,NONE,false,false,ADJUSTED|RAW,REQUIRED_INPUT_UNAVAILABLE,2026-02-18,GODFRYPHLP
false,ca6af9f0fec1aa1e4b3f00ebd320c522442a8a20dfb4791bf36e3a29213b9b0a|dd654c6325b465421b55af298f7b7f58ab8a32efd7293c700db7ca89c7fcce5e,false,a78cb09c0f8047d49aa5600bdabf39a5613906452d1df140dba3774e1d331db6,COMPLETE_FROZEN_INPUTS_UNAVAILABLE,NONE,false,false,ADJUSTED|RAW,REQUIRED_INPUT_UNAVAILABLE,2026-07-06,HDFCBANK
false,ca860a9f57d209ebec02ff199fb7ad248b26519cf101339a6d97ecb147b0cf3d|e99d1c2f12c9824189dea5982428a225686554d06245c0412a739110c5b3ae12,false,38e503d2a7793a62586e71aa38c7d457b7791aeb6277970f4cccdf4345d6c74a,COMPLETE_FROZEN_INPUTS_UNAVAILABLE,NONE,false,false,ADJUSTED|RAW,REQUIRED_INPUT_UNAVAILABLE,2026-05-05,YESBANK
false,cbc3882ef6d6e03e9266b414cc0026c08b34c076d37b547499d55478058c7e22|cf7326c922922a8c85714086e35d946ab246b5c3fd0c70ff8667a3ae6e84c5dd,false,5e109be8451ac2bc77fd3466dd3061a1c53fa344ecc7791efe465340a87fe68b,COMPLETE_FROZEN_INPUTS_UNAVAILABLE,NONE,false,false,ADJUSTED|RAW,REQUIRED_INPUT_UNAVAILABLE,2026-01-02,NMDC
false,cbcb239e4135e281b506396091057f4c36a26a941ed147384dfc287c8f8553ac|f98ff19c025814ba7cdb622d1acba43635b4bed3ba5694203a5d1dba1a2b6d9c,false,2fa39384bc353f4c0088ed6c3d360ee2d392e23344c847cc16048f492ef99362,COMPLETE_FROZEN_INPUTS_UNAVAILABLE,NONE,false,false,ADJUSTED|RAW,REQUIRED_INPUT_UNAVAILABLE,2026-04-22,RPOWER
false,cccec759bcbd10237d051981dab0420e0112dfac99b6199889d1a9a8efbe14e1|f398bc10e9e2ae6997cc904233fe1976a789cfff31b6cd9e7d89ad96d368ee0b,false,49654c5b40be5917700a2d902817ab546cc7ffa3c61a0a28402b0b58c51fcfd8,COMPLETE_FROZEN_INPUTS_UNAVAILABLE,NONE,false,false,ADJUSTED|RAW,REQUIRED_INPUT_UNAVAILABLE,2026-01-01,ITC
false,cdaded11678b1933cda8f43a30491a7d8550fc54dd6f7fe5b98e63b7f23e1c0b|e38a79a2a24dcada6429e616440153dc8f19c533d6903b396f8905b0591fdde9,false,a5e0ee7d066ab3dc57692ca8290cf99f6751fcd318017f5caecba6fc3398a8a1,COMPLETE_FROZEN_INPUTS_UNAVAILABLE,NONE,false,false,ADJUSTED|RAW,REQUIRED_INPUT_UNAVAILABLE,2026-06-25,SILVERBEES
false,cdcd83add956becf85e27a13293e284ffae8b81fa004705523ea76b3e8dc4218|f3e03db72078b9077d4c45d7035a15223df99d449435e6ac8743dd63c2e7af49,false,40bb550560de8dbf542f016484cd23cefb7b6b87cbebf4fb7dd25da018c88a13,COMPLETE_FROZEN_INPUTS_UNAVAILABLE,NONE,false,false,ADJUSTED|RAW,REQUIRED_INPUT_UNAVAILABLE,2026-02-26,DEEDEV
false,ce043729f0083f7937e55b75529f66e8ab3f20fa4d52856965a548e18668898c|d842bcb948f5ead2b30a605e38eb0f81431ce6e99a8d85fbeb1269b723d4bb16,false,cb4661dbc3d7211556ae36c6d679aa03907e9c681a77312ae148defbddae552d,COMPLETE_FROZEN_INPUTS_UNAVAILABLE,NONE,false,false,ADJUSTED|RAW,REQUIRED_INPUT_UNAVAILABLE,2026-07-08,YESBANK
false,ce11a1efed09c65ad9fa5d5c9e6fb02e8e81d35adc2bd1020966a04280629d39|cf0355993a312b58347f9eb676184d0347d23e860c01407c3cdfa1a930e121ff,false,704fcab46c013c48a6a6ffb7ba4e7916d45949b4e832c7e71133161a9bf93895,COMPLETE_FROZEN_INPUTS_UNAVAILABLE,NONE,false,false,ADJUSTED|RAW,REQUIRED_INPUT_UNAVAILABLE,2026-05-22,JPPOWER
false,cf5d25b9153b9a514bb763c638997e137a691d6b69d0e1bed726d5d84492b346|e3d904680d863607673e89ce42eecda4fae302e69dea5265286685ad45977ecf,false,88801cf9e7a95bd144fcf21a1175b1d07d733a417e809e7c0b037c2751b0ba3b,COMPLETE_FROZEN_INPUTS_UNAVAILABLE,NONE,false,false,ADJUSTED|RAW,REQUIRED_INPUT_UNAVAILABLE,2026-04-21,ETERNAL
false,cf7e7ec21216824cf7837d20e136b3f599d3cc18188fdc9aa620374d24bab22e|d87371af369ead7b29436601f4554a89476c2cd964bb3bb75fbad4799ae4d866,false,d2cf65bed430f1b451ebfd25cdb999e83af98ea651802942f1da2f241ea1e86f,COMPLETE_FROZEN_INPUTS_UNAVAILABLE,NONE,false,false,ADJUSTED|RAW,REQUIRED_INPUT_UNAVAILABLE,2026-01-02,IDBI
false,d03075e5ec1e98c75eb5009ee16618c5f32973f85c4225d4cf8f5ebbfda4f72f|e1818fb6e1f059c912b791404304ed057c58db83f08876c8c0c8a2e630366b73,false,48a292e0b6c34c6ac9cc2d76a6572c60a073a3842acd3ddb967fe795043c4b60,COMPLETE_FROZEN_INPUTS_UNAVAILABLE,NONE,false,false,ADJUSTED|RAW,REQUIRED_INPUT_UNAVAILABLE,2026-02-11,GOLDBEES
false,d0cc49cf982f96db37f431286a15acaab0416bf32f261a49eb950937a87c3e3d|e73082323d547a2f2d65b6072535fe2a9040abdf5957ee197253d253a0ab1e4e,false,e43ebbc9876a180512f54850ffce95e286744bbf5383411b2ef0df08e39d08c6,COMPLETE_FROZEN_INPUTS_UNAVAILABLE,NONE,false,false,ADJUSTED|RAW,REQUIRED_INPUT_UNAVAILABLE,2026-01-16,TATAGOLD
false,d1356b1ec28a64ba8f2c7f9009dfd908ced78622948e52b8ca9213480edb3d7b|db0d17f97cad93f20bc0488b51f31af53f21f3e5277885f9771fcf83bb4061e5,false,9a6f258f0c23a789355d33c707db9d3b3fb8cf5249649903bb8db01b6edec97c,COMPLETE_FROZEN_INPUTS_UNAVAILABLE,NONE,false,false,ADJUSTED|RAW,REQUIRED_INPUT_UNAVAILABLE,2026-04-10,NECLIFE
false,d39e2f197f37e14b869b9cac6e31b18de5c951d5286d36396288595b8b4c43c0|f4bad1bd59fe2ba51ce6648b90cd117ab0674ff1000e37ae7299a12e587ae7ee,false,3ae62d43dac77d05b3bd6e0522b81ebe9ab5c82a178baa17ace16581802fa2df,COMPLETE_FROZEN_INPUTS_UNAVAILABLE,NONE,false,false,ADJUSTED|RAW,REQUIRED_INPUT_UNAVAILABLE,2026-04-21,LEMONTREE
false,d3bfd46ba566261646223c350194e47c23e42c9aed21d4b212652ba72be00fb3|f2cc0266bc2fbdbc19e47e830f8754abcaff767e6ca3bb10aec562cbecba9ea3,false,b2da762f175019eb5c6fdf6ffceb572f02d6118a0e2ac91aa09f38e608624523,COMPLETE_FROZEN_INPUTS_UNAVAILABLE,NONE,false,false,ADJUSTED|RAW,REQUIRED_INPUT_UNAVAILABLE,2026-07-16,CYIENTDLM
false,d536b246f394df1aa331e805042fa6d31ec9f1ab0367b33581dc40105ff7d324|fd6313a9e0922e425e5ae398dd0e8ba8e3348ec9c770ee2a0da26ae91c87c987,false,8d66bc50fb5e59592b133784a1b58cfa4a2a002b0ae463d49910146ceb447439,COMPLETE_FROZEN_INPUTS_UNAVAILABLE,NONE,false,false,ADJUSTED|RAW,REQUIRED_INPUT_UNAVAILABLE,2026-04-17,WIPRO
false,d552b8975c4ca1fa1b30a0e1c297c10a816f13f85eeb598890a6a7f18280e43e|e2eada063dc7031366b2f300db3c49946dfd81f0281b5c39625018e0eb0787ac,false,f618760d7a9489a10d7f8764f04bfdae29b6efc4182b8db18401ce86093cf932,COMPLETE_FROZEN_INPUTS_UNAVAILABLE,NONE,false,false,ADJUSTED|RAW,REQUIRED_INPUT_UNAVAILABLE,2026-01-02,YESBANK
false,d60c9193dca1ea331b6828938d970be7fbfd0442c7efd866a7ee5ded1fa0721a|e356446b622f131040ba11552088401e55f99fc0aae9434805daa7732ecb4e1a,false,510468763df38618c0c949ecd3bcdf0db3c26e66d48a8fa1d34d7fc50955548f,COMPLETE_FROZEN_INPUTS_UNAVAILABLE,NONE,false,false,ADJUSTED|RAW,REQUIRED_INPUT_UNAVAILABLE,2026-02-03,SILVERCASE
false,d6d119a38055829e33016275f43f66f85b4880d0fc416593aa2d486bf28d4e0f|ef160d8dd9110c698d5473399c6612bd74c27e3de8cf673bd4515282ed53ee1e,false,3eca1375b8240afed589a30abd3c87dbc1950733239a2c91fa1a85752cebcd9c,COMPLETE_FROZEN_INPUTS_UNAVAILABLE,NONE,false,false,ADJUSTED|RAW,REQUIRED_INPUT_UNAVAILABLE,2026-02-20,NMDC
false,d7391743e7c91d4794fc7a92782ef50a31781dbb7214c6504ebc5e74f0cc54cb|f61a36ff4b40636abf9d529d1cce9082052ec25deb76d0ffc76fea3e980bf376,false,042b6b1b7a37196fe709c50e8dca178afa4600b1fa38c90fd37bfabb7ba571f6,COMPLETE_FROZEN_INPUTS_UNAVAILABLE,NONE,false,false,ADJUSTED|RAW,REQUIRED_INPUT_UNAVAILABLE,2026-07-01,RITES
false,d8036f356067d82bd2d5f4df1c494720485ab7c8050b7fa972e53d3bd4c34352|f5e6a5e7c4e7161af169468005f1f9abcaec97f34796df57e0a2179884ea4d1b,false,f3aaafab0b4dd74ae4e2ec56d529aeeaf75687b50de4ef3e110879e2770ac1e4,COMPLETE_FROZEN_INPUTS_UNAVAILABLE,NONE,false,false,ADJUSTED|RAW,REQUIRED_INPUT_UNAVAILABLE,2026-04-30,JPPOWER
false,d87406abe7a870e6ae75a2dae1cd67ede48a41631c66ca2ce31f1c1e180b6691|ee0c3f9277fdfeba73a6e073d09e19e2c6645e60ef4b66b78dae971d2472142b,false,826945ef78540498f0db1c045a237428aa72edd53a172ac35e9d3906f2c74772,COMPLETE_FROZEN_INPUTS_UNAVAILABLE,NONE,false,false,ADJUSTED|RAW,REQUIRED_INPUT_UNAVAILABLE,2026-05-07,JPPOWER
false,d87688fce4fd06403caba8490f472588d52352ccd94733abe571bb063ced1966|f916152eaf77945e96da5e62e5af8c91d7e66c41e9f4bed0ff1c63f803fabc08,false,f852307d072cb2fee8a4e7ecc3e90888d7dcb29d5762c95c3ecdb6f49df8a8ad,COMPLETE_FROZEN_INPUTS_UNAVAILABLE,NONE,false,false,ADJUSTED|RAW,REQUIRED_INPUT_UNAVAILABLE,2026-07-15,HFCL
false,d8bbdca688d2ae315af54fe58d23118ad0f223fed43187ccc3b1b4869734808b|e78a9157d09f27a32aaee68372db27883a5f580d5c64ab8a386fa46b95a94603,false,37a8e4e33e6ef5ff72f03da0e5d5736395e45a3ab29c2f7d16fb520a0e39688a,COMPLETE_FROZEN_INPUTS_UNAVAILABLE,NONE,false,false,ADJUSTED|RAW,REQUIRED_INPUT_UNAVAILABLE,2026-03-10,YESBANK
false,d95484102b98038e2ff64551c11b7f9d14fa3022c6e385b74d9e4297143dfe7b|f24fc43625a742638c16939a1b618b1b8a023eca8f71d1d8a10767a59e7ffa46,false,3282184962a18b1d855d30be5fdf9848fdbd51b31225a6b43d38a99e3cf88e8b,COMPLETE_FROZEN_INPUTS_UNAVAILABLE,NONE,false,false,ADJUSTED|RAW,REQUIRED_INPUT_UNAVAILABLE,2026-06-24,TATASTEEL
false,da7384c6e7cef8e05f5400e403d8387da1d68d83979cc70c4845acab5a477670|f87895ca1481f93d4fecdbde84c34922feb3cc4f96fd03741f03ecb1958a1b59,false,317639184f4ffd63a53236da1dc8029b6f74252024a5755c6ec2473b629f9704,COMPLETE_FROZEN_INPUTS_UNAVAILABLE,NONE,false,false,ADJUSTED|RAW,REQUIRED_INPUT_UNAVAILABLE,2026-02-26,TATSILV
false,dab01c85f01198fd4a9d69e05e9abf0ab62c66a36d349d7445c2f61d12623efd|fa43b7e2cb2b59c9fce3cbf9dcdc5000de8538de820274918567a1a651e3d234,false,99fcdb92e7f75cad2d7446a9c8941d6a5bd1c1ead4c38cb9f268039c3889d01e,COMPLETE_FROZEN_INPUTS_UNAVAILABLE,NONE,false,false,ADJUSTED|RAW,REQUIRED_INPUT_UNAVAILABLE,2026-02-27,JPPOWER
false,dc798872bcdb63dd126f431ce6c04dba3b78262fefaa87ef924e19024044213c|e912266e467feeacf1d3e0ee69041b18e2d82f36de369929c8f69f4df1b4206f,false,fe32c6fe540d2dbee317eb72b8432d41fc73e6c9eae010f1093f99979aaaeafd,COMPLETE_FROZEN_INPUTS_UNAVAILABLE,NONE,false,false,ADJUSTED|RAW,REQUIRED_INPUT_UNAVAILABLE,2026-02-05,ASMS
false,dced52602f560e12b179b615637a2bf86ddf1026fef7b29c5164bf85b76ccea2|f643c49f6e08a1f6067cd511d844ebbcb1fe3a6556b5eb4e33595436c8e1fe6e,false,b9497d9b42df218eb052edad4f266e9ef33d32c0ca200dd4c8d5c2818fb45d75,COMPLETE_FROZEN_INPUTS_UNAVAILABLE,NONE,false,false,ADJUSTED|RAW,REQUIRED_INPUT_UNAVAILABLE,2026-06-22,IDBI
false,dd69648028f546afd40258e84c03fdda6246df9ea9a5316d976b2c3894d49227|e3ad5f5e9973854de2e649089cdb82bded2fc43b3ee27a19cc8d3dede48611c3,false,16ae4c2e94bbfb46029abdf7e758938830482c9f0adcfc8d6629dfa5249f3826,COMPLETE_FROZEN_INPUTS_UNAVAILABLE,NONE,false,false,ADJUSTED|RAW,REQUIRED_INPUT_UNAVAILABLE,2026-02-20,GOLDBEES
false,def06d9f4a3bf7413659e2a420c0489b86bee2566a6652afdb85affcd755c3ba|ef8016824ee7725fa4c5edc67b3228d3d0ab7d44d80960a96b3a150fd6f5ed23,false,b097d47a0314e04a1f06a40e38d2eb35a7d40d6c09897dab6f00ee3070c37499,COMPLETE_FROZEN_INPUTS_UNAVAILABLE,NONE,false,false,ADJUSTED|RAW,REQUIRED_INPUT_UNAVAILABLE,2026-05-06,JPPOWER
false,df29f3742809587cfac5d4cc8b839db4f76a3a1465d02947483f99929c4ed5ab|ee5afea695620db531b37c31ddc2657bb428365dc7db92971a8de4eede6c3020,false,2c4efb233fa18a26545081dbdbb973e515dfec8100fb0eb151318d69fb7ffe6c,COMPLETE_FROZEN_INPUTS_UNAVAILABLE,NONE,false,false,ADJUSTED|RAW,REQUIRED_INPUT_UNAVAILABLE,2026-02-27,VMM
false,df4336a189324511df183b29463eb010c53c4a438bed212d0fdae2e1bb78d903|fc76b841dda09604d879cd7fff62ad5296a310c78378e5eb86e3b43a9132b875,false,6753f6105c409393edc2e26f8460fc2cb56f1757e003a76536de7ab3fb074c76,COMPLETE_FROZEN_INPUTS_UNAVAILABLE,NONE,false,false,ADJUSTED|RAW,REQUIRED_INPUT_UNAVAILABLE,2026-01-05,TATSILV
false,e0cd3b4b0485689ca69543b7d62b7352e6b07133e7bd16dc39787c018003f42c|e6ce60ad4b70c13336a9d3a9daff910334efa6c1b9338ef03411afa6fef3d3d0,false,6435db9e7280d1042af5817908f67439542ba9efac931ec152af39f96148e581,COMPLETE_FROZEN_INPUTS_UNAVAILABLE,NONE,false,false,ADJUSTED|RAW,REQUIRED_INPUT_UNAVAILABLE,2026-01-08,LIQUIDCASE
false,e2e436e660dbd9bc5abd7f917f9dd8fc5217b1b801e643e86b052315e63d117f|f3d21036cdd1587a88ca4b775d6d07190af1e3b291529a3eeac98b605c93c69d,false,04a51be5736e7103eb31d3672314dcd092286604926e71a5f2261ec7816b22b6,COMPLETE_FROZEN_INPUTS_UNAVAILABLE,NONE,false,false,ADJUSTED|RAW,REQUIRED_INPUT_UNAVAILABLE,2026-07-06,GVPIL
false,e4cf6f1c42f0330b26ad99ebf1c641e95e89102ea41113cd9a9e12125943fc55|f55d6b6185d11ad55942ea34b53f2bfae7a1eca70f759f35522872de1683251f,false,52e79e7e6c852f6436331d139cf15bf7580f47cf499eb70d1e5261c43c95b316,COMPLETE_FROZEN_INPUTS_UNAVAILABLE,NONE,false,false,ADJUSTED|RAW,REQUIRED_INPUT_UNAVAILABLE,2026-01-20,SILVERIETF
false,e4d74629d1ba3df5f492fee4b5fe7ac31f547d23a183b978c1f4f751ebc208a8|f7fbc1683a7295c8dcf78d4e2e9ad41659e30c7767c72205c96db99874cd87c6,false,78da19bbd5170765888911c6cc009ca3959164041ee224f96173767bd4885c6d,COMPLETE_FROZEN_INPUTS_UNAVAILABLE,NONE,false,false,ADJUSTED|RAW,REQUIRED_INPUT_UNAVAILABLE,2026-01-09,TATSILV
false,e50197cd083f957d996a879540a25fe35e2016a4377b4bcccc103ebbde8a9cf7|ee92509ac3cc9d3dfdf351c39bfbc5905d55382ccec12d4c90c2cbf0237a3a0b,false,ea4476f5738a6672072b70e45fb4ca3b01332bc37240759f4498dba3ae24420d,COMPLETE_FROZEN_INPUTS_UNAVAILABLE,NONE,false,false,ADJUSTED|RAW,REQUIRED_INPUT_UNAVAILABLE,2026-04-13,OLAELEC
false,e5ee78bf0b3d638ac66e35ec15dc0064144e2bb6596859357f0ebb5603823e66|fc00f873b88d600817867930d39308e9c96dd5674338426ae138a2f84449022b,false,fcc6cb9d7200467af3bbb9606be1485d1d1f1496e59b8b5e07cb393ef8130eb1,COMPLETE_FROZEN_INPUTS_UNAVAILABLE,NONE,false,false,ADJUSTED|RAW,REQUIRED_INPUT_UNAVAILABLE,2026-06-29,CANBK
false,e840e8c0af3b5dadf833bc712b7b8442c86f8dc7038eb9fc3f1f8f7848ae9b48|f124505f36870e5343ae3fdae9562a8984e6c1230e569b799efa5a33d0ca3fea,false,ba3137bb939335c5d1e942606c21631cee5ca971ffed45ec744bbcec948295cb,COMPLETE_FROZEN_INPUTS_UNAVAILABLE,NONE,false,false,ADJUSTED|RAW,REQUIRED_INPUT_UNAVAILABLE,2026-04-07,YESBANK
false,e9344c486f162d862ef9ccd22947e908877da6da4c17bbecedf7d3f071c01ad0|ed649225ea3d48c00200488fc52e53d59901223bae5f6d6c783882ef9eef28f1,false,7f3bf105198051a4813e70af69796c88edffb91a2df3c261316f28c863ca1e38,COMPLETE_FROZEN_INPUTS_UNAVAILABLE,NONE,false,false,ADJUSTED|RAW,REQUIRED_INPUT_UNAVAILABLE,2026-01-23,GOLDBEES
false,eb0516170eb3f6f601c6f295c559cbdabbcb9e9045a05fd95ea5d301e100bdb3|f3d4555e0fd80160bdc1923040c3b6585c23e63f25ec078f5f87b0b1b6efd127,false,db8921b9f0b5f769c11ba57f9a8df4ec6404662f689589e7b5bd2826964e50cb,COMPLETE_FROZEN_INPUTS_UNAVAILABLE,NONE,false,false,ADJUSTED|RAW,REQUIRED_INPUT_UNAVAILABLE,2026-04-13,LIQUIDCASE
false,ed1d4ad6e3eccd7cdf284547f7fb32e63f6e97ba8238f11e82b1cc4e49f47d93|ee61a2f5f3b6c5b4ca6df6eb683a25e3fd75999fdbb5514727dcf5af117f220b,false,759862c7563c472eadac3fc30018b5321b347bb3054eae6e604aea320852d858,COMPLETE_FROZEN_INPUTS_UNAVAILABLE,NONE,false,false,ADJUSTED|RAW,REQUIRED_INPUT_UNAVAILABLE,2026-03-04,FILATFASH
false,ef842ce6b83711a10d0afcb008d9d8e1a0155db042ec62ee3403ab68d8b67040|fe788817af7cd6d758fd73f0c718f680a01f4eea969a54251c208f760271c529,false,de7c132c5eeff7225ff37204e8647ed75b43b5edec8bfa08f8bc5e73e5ce2644,COMPLETE_FROZEN_INPUTS_UNAVAILABLE,NONE,false,false,ADJUSTED|RAW,REQUIRED_INPUT_UNAVAILABLE,2026-02-11,TATAGOLD
false,f008f85f9bf16e9dc2bb09b5fb11f53fcdb6422f9d0ea5e86a6377144990526a|f6deee0fe645e3838882bdea51c15d5cc48ea3d956991c546606cc2e82c767e6,false,b53ca0a554de1dfc65f9352f699e0e182ddd8ecab733473d1dda461b75e0f8d0,COMPLETE_FROZEN_INPUTS_UNAVAILABLE,NONE,false,false,ADJUSTED|RAW,REQUIRED_INPUT_UNAVAILABLE,2026-07-02,SKYGOLD
false,f1e50d9d292d76c6543a64720b71839dd2e60f495c8fdda8af9130dc79dc5a0b|ff7392029f8478b39f48dff477b29f5d09dfbe962eed56aab6e5a9ce2ee16cf3,false,2cff1c1d45cd3c8fbaf1bf5249820172647f917fcce57c093cd2c1b2ef3d2783,COMPLETE_FROZEN_INPUTS_UNAVAILABLE,NONE,false,false,ADJUSTED|RAW,REQUIRED_INPUT_UNAVAILABLE,2026-04-30,MEESHO
false,f28543e007f5404548df6a921b15a6a2f796ed357b3053a38323c8fa50a22aa4|f67571aaf3fd0819a5b623ba0b96e45fd7a593acc1c33f924467f3f2f1e13a07,false,80a68b845a5c6a7da33c29244ab666bff86b85270e6ee15e137991fdd6ed6654,COMPLETE_FROZEN_INPUTS_UNAVAILABLE,NONE,false,false,ADJUSTED|RAW,REQUIRED_INPUT_UNAVAILABLE,2026-04-10,BLUEJET
false,f39adc6d344f4427ee6dfc87c1da240917aaae7d715abbdc2f20d51db60954b6|fce0da1918aad0c68c63a57375c41a61ad45ad7c295dda48f7a06e4812633111,false,9aca27d4ada86581c65ac2fb3d378c8f11af752862ee5a3da00b4532c6a775b7,COMPLETE_FROZEN_INPUTS_UNAVAILABLE,NONE,false,false,ADJUSTED|RAW,REQUIRED_INPUT_UNAVAILABLE,2026-06-30,MOREPENLAB
false,f3cdd42ef5d9bbfbd428bd1ddcad8aa6c4b065f821d4d1803b1c3790e924e7c7|f480dfb0469e810e912d6a541ee7b717cb9ac9e1e4107c53746f2163a17e25a2,false,53855122952b9568bd0f10a3da25fa185ff5d33f7180d95154ac53a8677cc5d6,COMPLETE_FROZEN_INPUTS_UNAVAILABLE,NONE,false,false,ADJUSTED|RAW,REQUIRED_INPUT_UNAVAILABLE,2026-02-24,FILATFASH
false,f4abb18aec8e083583609d61a76ef54dc2dbde2850ddcbe1de3c57e340f29da0|fd81abde166dbf7ff773c285812eb21db1cba257d5ffb1338e292fff42ef7962,false,c915c0b5b19e57c31c802d65b8980f504c58e781639ff3b2780a736eb2ea6544,COMPLETE_FROZEN_INPUTS_UNAVAILABLE,NONE,false,false,ADJUSTED|RAW,REQUIRED_INPUT_UNAVAILABLE,2026-06-30,HDFCBANK
false,f4c256a9a4b29fdd18b15cd6b89dc19efd9d86528911c8480370cc2a3dba5e86|fdb14caf3297d6b561ba4ad485de462a9de20f541bf3b673bd921972eeb22651,false,fb7286970d453cda4f3c713f0a077915392f0c4eb94f8592bb6142a29ebee8f3,COMPLETE_FROZEN_INPUTS_UNAVAILABLE,NONE,false,false,ADJUSTED|RAW,REQUIRED_INPUT_UNAVAILABLE,2026-05-05,SILVERBEES
true,8a729d163e0f0058721e46ac509605fec137b6423de4bc0ab59a0a5ae5fe36ad,true,c0c15cb11d7cb930a5cc35aed8b14ee364fa1392a315c768ac83ddf0891f48eb,,RETAINED_DSI002A_FROZEN_SNAPSHOT,false,false,RAW,CANONICAL_POINT_IN_TIME_RECONSTRUCTION_PARITY_PROVEN,2026-07-26,BEL
